ISO-10303-21;
HEADER;
/* Generated by software containing ST-Developer
 * from STEP Tools, Inc. (www.steptools.com) 
 */

FILE_DESCRIPTION(
/* description */ (''),
/* implementation_level */ '2;1');

FILE_NAME(
/* name */ 'front wing.step',
/* time_stamp */ '2026-07-25T21:49:15+05:30',
/* author */ (''),
/* organization */ (''),
/* preprocessor_version */ 'ST-DEVELOPER v20.1',
/* originating_system */ 'Autodesk Translation Framework v15.8.0.0',
/* authorisation */ '');

FILE_SCHEMA (('AUTOMOTIVE_DESIGN { 1 0 10303 214 3 1 1 }'));
ENDSEC;

DATA;
#10=MECHANICAL_DESIGN_GEOMETRIC_PRESENTATION_REPRESENTATION('',(#39,#40,
#41,#42,#43,#44,#45,#46,#47,#48,#49,#50,#51,#52,#53,#54,#55,#56,#57,#58,
#59,#60),#6120);
#11=B_SPLINE_CURVE_WITH_KNOTS('',3,(#1642,#1643,#1644,#1645,#1646,#1647,
#1648,#1649,#1650,#1651,#1652,#1653,#1654,#1655,#1656,#1657,#1658,#1659,
#1660,#1661,#1662,#1663,#1664,#1665,#1666,#1667,#1668,#1669,#1670,#1671,
#1672,#1673,#1674,#1675,#1676,#1677,#1678,#1679,#1680,#1681,#1682,#1683,
#1684,#1685,#1686,#1687,#1688,#1689,#1690,#1691,#1692,#1693,#1694,#1695,
#1696,#1697,#1698,#1699,#1700,#1701,#1702,#1703,#1704,#1705,#1706,#1707,
#1708,#1709,#1710,#1711,#1712,#1713,#1714,#1715,#1716,#1717,#1718,#1719,
#1720,#1721,#1722,#1723,#1724,#1725,#1726,#1727,#1728,#1729,#1730,#1731,
#1732,#1733,#1734,#1735,#1736,#1737,#1738,#1739,#1740,#1741,#1742,#1743,
#1744,#1745,#1746,#1747,#1748,#1749,#1750,#1751,#1752,#1753,#1754,#1755,
#1756,#1757,#1758,#1759,#1760,#1761,#1762,#1763,#1764,#1765,#1766,#1767,
#1768,#1769,#1770,#1771,#1772,#1773,#1774,#1775,#1776,#1777,#1778,#1779,
#1780,#1781,#1782,#1783,#1784,#1785,#1786,#1787,#1788,#1789,#1790,#1791,
#1792,#1793,#1794,#1795,#1796,#1797,#1798,#1799,#1800,#1801,#1802,#1803,
#1804,#1805,#1806,#1807,#1808,#1809,#1810,#1811,#1812,#1813,#1814,#1815,
#1816,#1817,#1818,#1819,#1820,#1821,#1822,#1823,#1824,#1825,#1826,#1827,
#1828,#1829,#1830,#1831,#1832,#1833,#1834,#1835,#1836,#1837,#1838,#1839,
#1840,#1841,#1842,#1843,#1844,#1845,#1846,#1847,#1848,#1849,#1850,#1851,
#1852,#1853,#1854,#1855,#1856,#1857,#1858,#1859,#1860,#1861,#1862,#1863,
#1864,#1865,#1866,#1867,#1868,#1869,#1870,#1871,#1872,#1873,#1874,#1875,
#1876,#1877,#1878,#1879,#1880,#1881,#1882,#1883,#1884,#1885,#1886,#1887,
#1888,#1889,#1890,#1891,#1892,#1893,#1894,#1895,#1896,#1897,#1898,#1899,
#1900,#1901,#1902,#1903,#1904,#1905,#1906,#1907,#1908,#1909,#1910,#1911,
#1912,#1913,#1914,#1915,#1916,#1917,#1918,#1919,#1920,#1921,#1922,#1923,
#1924,#1925,#1926,#1927,#1928,#1929,#1930,#1931,#1932,#1933,#1934,#1935,
#1936,#1937,#1938,#1939,#1940,#1941,#1942,#1943,#1944,#1945,#1946,#1947,
#1948,#1949,#1950,#1951,#1952,#1953,#1954,#1955,#1956,#1957,#1958,#1959,
#1960,#1961,#1962,#1963,#1964,#1965,#1966,#1967,#1968,#1969,#1970,#1971,
#1972,#1973,#1974,#1975,#1976,#1977,#1978,#1979,#1980,#1981,#1982,#1983,
#1984,#1985,#1986,#1987,#1988,#1989,#1990,#1991,#1992,#1993,#1994,#1995,
#1996,#1997,#1998,#1999,#2000,#2001,#2002,#2003,#2004,#2005,#2006,#2007,
#2008,#2009,#2010,#2011,#2012,#2013,#2014,#2015,#2016,#2017,#2018,#2019,
#2020,#2021,#2022,#2023,#2024,#2025,#2026,#2027,#2028,#2029,#2030,#2031,
#2032),.UNSPECIFIED.,.F.,.F.,(4,3,3,3,3,3,3,3,3,3,3,3,3,3,3,3,3,3,3,3,3,
3,3,3,3,3,3,3,3,3,3,3,3,3,3,3,3,3,3,3,3,3,3,3,3,3,3,3,3,3,3,3,3,3,3,3,3,
3,3,3,3,3,3,3,3,3,3,3,3,3,3,3,3,3,3,3,3,3,3,3,3,3,3,3,3,3,3,3,3,3,3,3,3,
3,3,3,3,3,3,3,3,3,3,3,3,3,3,3,3,3,3,3,3,3,3,3,3,3,3,3,3,3,3,3,3,3,3,3,3,
3,4),(-1.,-0.984375,-0.971095516867643,-0.959332324877053,-0.948452645975497,
-0.938067086491445,-0.928116704042982,-0.918634846190073,-0.909187923235359,
-0.899412892465338,-0.888535001035414,-0.875508372371613,-0.864040078538574,
-0.854139547487527,-0.84506527993104,-0.836521119702465,-0.828356521718423,
-0.820480937392543,-0.812636100095584,-0.804427346715211,-0.795700870429835,
-0.786233099980652,-0.775405974171222,-0.76308429379397,-0.752213793973794,
-0.742879645183656,-0.73439746191744,-0.726263207216243,-0.718271852126178,
-0.71018473035206,-0.70171738253396,-0.692823035685281,-0.683485333223361,
-0.673452666833557,-0.662035699520523,-0.647937943457021,-0.63665470733258,
-0.626235915674862,-0.616133087055896,-0.606292673818862,-0.596723741017246,
-0.587399932563851,-0.578221808617541,-0.569187092857892,-0.560293544531987,
-0.551538957898675,-0.542921161681508,-0.534321326185354,-0.524966949292676,
-0.514300097122001,-0.498228219086938,-0.488733618293764,-0.480201498200592,
-0.472187672123485,-0.464574123396401,-0.457311830276835,-0.45016633292876,
-0.443069784902836,-0.435839213584128,-0.428385744796922,-0.420588206766216,
-0.412358745710435,-0.403586599280058,-0.39394964636434,-0.382439659087515,
-0.37048841974103,-0.360720790517485,-0.352045256108471,-0.344059240241004,
-0.336592113063142,-0.32948488002283,-0.322636293327342,-0.316000826037233,
-0.309565061244251,-0.303303400763103,-0.297178359820877,-0.291147818531181,
-0.285202048136686,-0.27937168192961,-0.27368331061833,-0.26811674255001,
-0.262522048562865,-0.256737739776519,-0.250713857543006,-0.2442222197782,
-0.236394280691188,-0.227438519539656,-0.220331065804042,-0.21394134396174,
-0.20805159684092,-0.202488612102051,-0.197170533706597,-0.192060211170231,
-0.187117346687855,-0.182311198905341,-0.17759087680749,-0.172939066997816,
-0.168350175919653,-0.163752876477213,-0.158909804903534,-0.153437944857226,
-0.147425255772967,-0.138211177287157,-0.132026502495228,-0.126656315326205,
-0.12169774381816,-0.117011966110146,-0.112540677718097,-0.108240691729691,
-0.104078493385624,-0.100015527890084,-0.0958961343441321,-0.0916388315972385,
-0.0872108737722468,-0.0825618713736311,-0.0773701854526037,-0.0718247347403446,
-0.0645763425381891,-0.0581943019131963,-0.0530110478194077,-0.048251550449159,
-0.0436097045981038,-0.0390479712460455,-0.0345586839088234,-0.029982236110684,
-0.0251921553504174,-0.0201093545833892,-0.0143648377316247,-0.00818293804711905,
-0.000849815199472721,0.),.UNSPECIFIED.);
#12=B_SPLINE_CURVE_WITH_KNOTS('',3,(#2036,#2037,#2038,#2039,#2040,#2041,
#2042,#2043,#2044,#2045,#2046,#2047,#2048,#2049,#2050,#2051,#2052,#2053,
#2054,#2055,#2056,#2057,#2058,#2059,#2060,#2061,#2062,#2063,#2064,#2065,
#2066,#2067,#2068,#2069,#2070,#2071,#2072,#2073,#2074,#2075,#2076,#2077,
#2078,#2079,#2080,#2081,#2082,#2083,#2084,#2085,#2086,#2087,#2088,#2089,
#2090,#2091,#2092,#2093,#2094,#2095,#2096,#2097,#2098,#2099,#2100,#2101,
#2102,#2103,#2104,#2105,#2106,#2107,#2108,#2109,#2110,#2111,#2112,#2113,
#2114,#2115,#2116,#2117,#2118,#2119,#2120,#2121,#2122,#2123,#2124,#2125,
#2126,#2127,#2128,#2129,#2130,#2131,#2132,#2133,#2134,#2135,#2136,#2137,
#2138,#2139,#2140,#2141,#2142,#2143,#2144,#2145,#2146,#2147,#2148,#2149,
#2150,#2151,#2152,#2153,#2154,#2155,#2156,#2157,#2158,#2159,#2160,#2161,
#2162,#2163,#2164,#2165,#2166,#2167,#2168,#2169,#2170,#2171,#2172,#2173,
#2174,#2175,#2176,#2177,#2178,#2179,#2180,#2181,#2182,#2183,#2184,#2185,
#2186,#2187,#2188,#2189,#2190,#2191,#2192,#2193,#2194,#2195,#2196,#2197,
#2198,#2199,#2200,#2201,#2202,#2203,#2204,#2205,#2206,#2207,#2208,#2209,
#2210,#2211,#2212,#2213,#2214,#2215,#2216,#2217,#2218,#2219,#2220,#2221,
#2222,#2223,#2224,#2225,#2226,#2227,#2228,#2229,#2230,#2231,#2232,#2233,
#2234,#2235,#2236,#2237,#2238,#2239,#2240,#2241,#2242,#2243,#2244,#2245,
#2246,#2247,#2248,#2249,#2250,#2251,#2252,#2253,#2254,#2255,#2256,#2257,
#2258,#2259,#2260,#2261,#2262,#2263,#2264,#2265,#2266,#2267,#2268,#2269,
#2270,#2271,#2272,#2273,#2274,#2275,#2276,#2277,#2278,#2279,#2280,#2281,
#2282,#2283,#2284,#2285,#2286,#2287,#2288,#2289,#2290,#2291,#2292,#2293,
#2294,#2295,#2296,#2297,#2298,#2299,#2300,#2301,#2302,#2303,#2304,#2305,
#2306,#2307,#2308,#2309,#2310,#2311,#2312,#2313,#2314,#2315,#2316,#2317,
#2318,#2319,#2320,#2321,#2322,#2323,#2324,#2325,#2326,#2327,#2328,#2329,
#2330,#2331,#2332,#2333,#2334,#2335,#2336,#2337,#2338,#2339,#2340,#2341,
#2342,#2343,#2344,#2345,#2346,#2347,#2348,#2349,#2350,#2351,#2352,#2353,
#2354,#2355,#2356,#2357,#2358,#2359,#2360,#2361,#2362,#2363,#2364,#2365,
#2366,#2367,#2368,#2369,#2370,#2371,#2372,#2373,#2374,#2375,#2376,#2377,
#2378,#2379,#2380,#2381,#2382,#2383,#2384,#2385,#2386,#2387,#2388,#2389,
#2390,#2391,#2392,#2393,#2394,#2395,#2396,#2397,#2398,#2399,#2400,#2401,
#2402,#2403,#2404,#2405,#2406,#2407,#2408,#2409,#2410,#2411,#2412,#2413,
#2414,#2415,#2416,#2417,#2418,#2419,#2420,#2421,#2422,#2423,#2424,#2425,
#2426),.UNSPECIFIED.,.F.,.F.,(4,3,3,3,3,3,3,3,3,3,3,3,3,3,3,3,3,3,3,3,3,
3,3,3,3,3,3,3,3,3,3,3,3,3,3,3,3,3,3,3,3,3,3,3,3,3,3,3,3,3,3,3,3,3,3,3,3,
3,3,3,3,3,3,3,3,3,3,3,3,3,3,3,3,3,3,3,3,3,3,3,3,3,3,3,3,3,3,3,3,3,3,3,3,
3,3,3,3,3,3,3,3,3,3,3,3,3,3,3,3,3,3,3,3,3,3,3,3,3,3,3,3,3,3,3,3,3,3,3,3,
3,4),(-1.,-0.984375,-0.971095516868227,-0.959332324878731,-0.948452645978022,
-0.938067086492518,-0.928116704042998,-0.918634846188787,-0.909187923231444,
-0.899412892460874,-0.888535001029685,-0.875508372363296,-0.864040078526652,
-0.854139547479444,-0.845065279920842,-0.83652111969275,-0.828356521707215,
-0.820480937380941,-0.812636100085434,-0.804427346704849,-0.795700870421406,
-0.786233099968956,-0.775405974156909,-0.763084293785291,-0.752213793971671,
-0.742879645185532,-0.734397461918884,-0.726263207215284,-0.718271852127179,
-0.710184730351658,-0.701717382529863,-0.692823035683039,-0.683485333213142,
-0.673452666815492,-0.662035699492789,-0.647937943431151,-0.636654707312012,
-0.626235915655585,-0.616133087036567,-0.606292673800279,-0.596723740999381,
-0.587399932546266,-0.57822180860023,-0.569187092840852,-0.560293544515213,
-0.551538957882163,-0.542921161665254,-0.534321326168761,-0.524966949274698,
-0.514300097100704,-0.498228219066307,-0.48873361827539,-0.480201498183438,
-0.472187672107543,-0.464574123381309,-0.457311830261943,-0.4501663329141,
-0.443069784887449,-0.435839213568618,-0.428385744780535,-0.42058820674837,
-0.412358745690888,-0.403586599257138,-0.393949646339872,-0.382439659055437,
-0.370488419709955,-0.360720790493,-0.352045256084138,-0.344059240217926,
-0.33659211304082,-0.329484880001752,-0.322636293306692,-0.316000826017393,
-0.309565061224852,-0.303303400743961,-0.297178359802198,-0.291147818512726,
-0.28520204811856,-0.279371681911875,-0.273683310601013,-0.268116742532858,
-0.262522048545252,-0.256737739758259,-0.250713857523845,-0.244222219756092,
-0.236394280660268,-0.227438519524239,-0.220331065789106,-0.213941343947806,
-0.208051596827804,-0.202488612089564,-0.197170533694759,-0.192060211158815,
-0.187117346676786,-0.182311198894254,-0.177590876796556,-0.172939066987029,
-0.168350175909013,-0.163752876465936,-0.158909804891505,-0.153437944843783,
-0.147425255756734,-0.138211177271938,-0.132026502483075,-0.126656315315224,
-0.121697743807886,-0.117011966100342,-0.112540677708783,-0.108240691720692,
-0.104078493376873,-0.100015527881444,-0.0958961343352096,-0.0916388315879904,
-0.0872108737625941,-0.0825618713634413,-0.0773701854414229,-0.071824734727408,
-0.064576342515841,-0.0581943018979698,-0.0530110478059818,-0.0482515504364051,
-0.043609704585627,-0.0390479712337772,-0.0345586838967029,-0.0299822360980462,
-0.0251921553371052,-0.0201093545691092,-0.0143648377161276,-0.00818293803037854,
-0.000849815180429992,0.),.UNSPECIFIED.);
#13=B_SPLINE_CURVE_WITH_KNOTS('',3,(#3088,#3089,#3090,#3091,#3092,#3093,
#3094,#3095,#3096,#3097,#3098,#3099,#3100,#3101,#3102,#3103,#3104,#3105,
#3106,#3107,#3108,#3109,#3110,#3111,#3112,#3113,#3114,#3115,#3116,#3117,
#3118,#3119,#3120,#3121,#3122,#3123,#3124,#3125,#3126,#3127,#3128,#3129,
#3130,#3131,#3132,#3133,#3134,#3135,#3136,#3137,#3138,#3139,#3140,#3141,
#3142,#3143,#3144,#3145,#3146,#3147,#3148,#3149,#3150,#3151,#3152,#3153,
#3154,#3155,#3156,#3157,#3158,#3159,#3160,#3161,#3162,#3163,#3164,#3165,
#3166,#3167,#3168,#3169,#3170,#3171,#3172,#3173,#3174,#3175,#3176,#3177,
#3178,#3179,#3180,#3181,#3182,#3183,#3184,#3185,#3186,#3187,#3188,#3189,
#3190,#3191,#3192,#3193,#3194,#3195,#3196,#3197,#3198,#3199,#3200,#3201,
#3202,#3203,#3204,#3205,#3206,#3207,#3208,#3209,#3210,#3211,#3212,#3213,
#3214,#3215,#3216,#3217,#3218,#3219,#3220,#3221,#3222,#3223,#3224,#3225,
#3226,#3227,#3228,#3229,#3230,#3231,#3232,#3233,#3234,#3235,#3236,#3237,
#3238,#3239,#3240,#3241,#3242,#3243,#3244,#3245,#3246,#3247,#3248,#3249,
#3250,#3251,#3252,#3253,#3254,#3255,#3256,#3257,#3258,#3259,#3260,#3261,
#3262,#3263,#3264,#3265,#3266,#3267,#3268,#3269,#3270,#3271,#3272,#3273,
#3274,#3275,#3276,#3277,#3278,#3279,#3280,#3281,#3282,#3283,#3284,#3285,
#3286,#3287,#3288,#3289,#3290,#3291,#3292,#3293,#3294,#3295,#3296,#3297,
#3298,#3299,#3300,#3301,#3302,#3303,#3304,#3305,#3306,#3307,#3308,#3309,
#3310,#3311,#3312,#3313,#3314,#3315,#3316,#3317,#3318,#3319,#3320,#3321,
#3322,#3323,#3324,#3325,#3326,#3327,#3328,#3329,#3330,#3331,#3332,#3333,
#3334,#3335,#3336,#3337,#3338,#3339,#3340,#3341,#3342,#3343,#3344,#3345,
#3346,#3347,#3348,#3349,#3350,#3351,#3352,#3353,#3354,#3355,#3356,#3357,
#3358,#3359,#3360,#3361,#3362,#3363,#3364,#3365,#3366,#3367,#3368,#3369,
#3370,#3371,#3372,#3373,#3374,#3375,#3376,#3377,#3378,#3379,#3380,#3381,
#3382,#3383,#3384,#3385,#3386,#3387,#3388,#3389,#3390,#3391,#3392,#3393,
#3394,#3395,#3396,#3397,#3398,#3399,#3400,#3401,#3402,#3403,#3404,#3405,
#3406,#3407,#3408,#3409,#3410,#3411,#3412,#3413,#3414,#3415,#3416,#3417,
#3418,#3419,#3420,#3421,#3422,#3423,#3424,#3425,#3426,#3427,#3428,#3429,
#3430,#3431,#3432,#3433,#3434,#3435,#3436,#3437,#3438,#3439,#3440,#3441,
#3442,#3443,#3444,#3445,#3446,#3447,#3448,#3449,#3450,#3451,#3452,#3453,
#3454,#3455,#3456,#3457,#3458,#3459,#3460,#3461,#3462,#3463,#3464,#3465,
#3466,#3467,#3468,#3469,#3470,#3471,#3472,#3473,#3474,#3475,#3476,#3477,
#3478,#3479,#3480,#3481,#3482,#3483,#3484,#3485,#3486,#3487,#3488,#3489,
#3490,#3491,#3492,#3493,#3494,#3495,#3496,#3497,#3498,#3499,#3500,#3501,
#3502,#3503,#3504,#3505,#3506,#3507,#3508,#3509,#3510,#3511,#3512,#3513,
#3514,#3515,#3516,#3517),.UNSPECIFIED.,.F.,.F.,(4,3,3,3,3,3,3,3,3,3,3,3,
3,3,3,3,3,3,3,3,3,3,3,3,3,3,3,3,3,3,3,3,3,3,3,3,3,3,3,3,3,3,3,3,3,3,3,3,
3,3,3,3,3,3,3,3,3,3,3,3,3,3,3,3,3,3,3,3,3,3,3,3,3,3,3,3,3,3,3,3,3,3,3,3,
3,3,3,3,3,3,3,3,3,3,3,3,3,3,3,3,3,3,3,3,3,3,3,3,3,3,3,3,3,3,3,3,3,3,3,3,
3,3,3,3,3,3,3,3,3,3,3,3,3,3,3,3,3,3,3,3,3,3,3,4),(-1.,-0.986047950561725,
-0.975595092285276,-0.966144207115521,-0.957339150861853,-0.948971560338523,
-0.940880782348979,-0.933035608156365,-0.925488628432342,-0.918159926370429,
-0.910751519562,-0.903077916216748,-0.894804713934278,-0.885404953112517,
-0.871570500720134,-0.862824559107308,-0.855081325268243,-0.847879399869022,
-0.841030944481887,-0.834452930803448,-0.827933767281546,-0.821465534724659,
-0.815405181040504,-0.809034828063625,-0.802503529065208,-0.795622297319496,
-0.788224781371091,-0.779946689868539,-0.769611776183746,-0.759484991019889,
-0.751485481662776,-0.744343410538825,-0.737739611203527,-0.73139613307873,
-0.725065778003511,-0.71871423335085,-0.71220565686189,-0.705363407805203,
-0.698072482846862,-0.690247612361096,-0.681580773279506,-0.670229645901144,
-0.659757307683939,-0.651495620738989,-0.643983135687638,-0.636896234566887,
-0.629987142736837,-0.62285496158197,-0.615410451206215,-0.607626540754815,
-0.599420020032013,-0.590551875729051,-0.580363308387164,-0.568274529086704,
-0.5586858126347,-0.549956346812283,-0.541363278893341,-0.532846425815265,
-0.524139053003411,-0.51524221987828,-0.506288392949589,-0.497345492204766,
-0.488427675591357,-0.479653129319821,-0.471155681760877,-0.462768482110388,
-0.454246898352903,-0.445121040353903,-0.433419166458642,-0.423612782475155,
-0.415228447489349,-0.407576402061596,-0.400388710307326,-0.393518184458904,
-0.386890382436171,-0.380473447655692,-0.374246151662514,-0.368146216859589,
-0.361872099684227,-0.355126710576961,-0.347572982340934,-0.337981451619323,
-0.328971802236671,-0.321913627059238,-0.315516964062154,-0.309478207798106,
-0.303693838991812,-0.298135161712172,-0.292806606131317,-0.287664972180535,
-0.282639723101899,-0.277589701775643,-0.272481263946394,-0.267302282626425,
-0.261923881347621,-0.256189163306326,-0.249903560243225,-0.242736723275345,
-0.234473196627469,-0.227145909232861,-0.2208776698503,-0.215130427551332,
-0.209720168336987,-0.204554563914139,-0.199578577893354,-0.194747155805424,
-0.190034495662911,-0.18542494749149,-0.180846313353665,-0.176084966539183,
-0.171066943735152,-0.165426465109293,-0.159338038740922,-0.151928997588329,
-0.145620332764682,-0.140028760122566,-0.134851759282913,-0.130005982656361,
-0.125426874411523,-0.121045161518069,-0.116800513035682,-0.112571410717429,
-0.108315851014556,-0.104032829776352,-0.0997104723428017,-0.0952270885242108,
-0.090474214282425,-0.0853166721972436,-0.0793947703894078,-0.0713129377223908,
-0.0644810283971974,-0.0590849858551982,-0.054213641895988,-0.0496342645647604,
-0.0450925894875647,-0.0405139197941022,-0.0358963774871127,-0.0311474789402589,
-0.026201169635042,-0.0209864341086559,-0.0151468314848571,-0.00883210546151447,
-0.00113459431974387,0.),.UNSPECIFIED.);
#14=B_SPLINE_CURVE_WITH_KNOTS('',3,(#3518,#3519,#3520,#3521,#3522,#3523,
#3524,#3525,#3526,#3527,#3528,#3529,#3530,#3531,#3532,#3533,#3534,#3535,
#3536,#3537,#3538,#3539,#3540,#3541,#3542,#3543,#3544,#3545,#3546,#3547,
#3548,#3549,#3550,#3551,#3552,#3553,#3554,#3555,#3556,#3557,#3558,#3559,
#3560,#3561,#3562,#3563,#3564,#3565,#3566,#3567,#3568,#3569,#3570,#3571,
#3572,#3573,#3574,#3575,#3576,#3577,#3578,#3579,#3580,#3581,#3582,#3583,
#3584,#3585,#3586,#3587,#3588,#3589,#3590,#3591,#3592,#3593,#3594,#3595,
#3596,#3597,#3598,#3599,#3600,#3601,#3602,#3603,#3604,#3605,#3606,#3607,
#3608,#3609,#3610,#3611,#3612,#3613,#3614,#3615,#3616,#3617,#3618,#3619,
#3620,#3621,#3622,#3623,#3624,#3625,#3626,#3627,#3628,#3629,#3630,#3631,
#3632,#3633,#3634,#3635,#3636,#3637,#3638,#3639,#3640,#3641,#3642,#3643,
#3644,#3645,#3646,#3647,#3648,#3649,#3650,#3651,#3652,#3653,#3654,#3655,
#3656,#3657,#3658,#3659,#3660,#3661,#3662,#3663,#3664,#3665,#3666,#3667,
#3668,#3669,#3670,#3671,#3672,#3673,#3674,#3675,#3676,#3677,#3678,#3679,
#3680,#3681,#3682,#3683,#3684,#3685,#3686,#3687,#3688,#3689,#3690,#3691,
#3692,#3693,#3694,#3695,#3696,#3697,#3698,#3699,#3700,#3701,#3702,#3703,
#3704,#3705,#3706,#3707,#3708,#3709,#3710,#3711,#3712,#3713,#3714,#3715,
#3716,#3717,#3718,#3719,#3720,#3721,#3722,#3723,#3724,#3725,#3726,#3727,
#3728,#3729,#3730,#3731,#3732,#3733,#3734,#3735,#3736,#3737,#3738,#3739,
#3740,#3741,#3742,#3743,#3744,#3745,#3746,#3747,#3748,#3749,#3750,#3751,
#3752,#3753,#3754,#3755,#3756,#3757,#3758,#3759,#3760,#3761,#3762,#3763,
#3764,#3765,#3766,#3767,#3768,#3769,#3770,#3771,#3772,#3773,#3774,#3775,
#3776,#3777,#3778,#3779,#3780,#3781,#3782,#3783,#3784,#3785,#3786,#3787,
#3788,#3789,#3790,#3791,#3792,#3793,#3794,#3795,#3796,#3797,#3798,#3799,
#3800,#3801,#3802,#3803,#3804,#3805,#3806,#3807,#3808,#3809,#3810,#3811,
#3812,#3813,#3814,#3815,#3816,#3817,#3818,#3819,#3820,#3821,#3822,#3823,
#3824,#3825,#3826,#3827,#3828,#3829,#3830,#3831,#3832,#3833,#3834,#3835,
#3836,#3837,#3838,#3839,#3840,#3841,#3842,#3843,#3844,#3845,#3846,#3847,
#3848,#3849,#3850,#3851,#3852,#3853,#3854,#3855,#3856,#3857,#3858,#3859,
#3860,#3861,#3862,#3863,#3864,#3865,#3866,#3867,#3868,#3869,#3870,#3871,
#3872,#3873,#3874,#3875,#3876,#3877,#3878,#3879,#3880,#3881,#3882,#3883,
#3884,#3885,#3886,#3887,#3888,#3889,#3890,#3891,#3892,#3893,#3894,#3895,
#3896,#3897,#3898,#3899,#3900,#3901,#3902,#3903,#3904,#3905,#3906,#3907,
#3908,#3909,#3910,#3911,#3912,#3913,#3914,#3915,#3916,#3917,#3918,#3919,
#3920,#3921,#3922,#3923,#3924,#3925,#3926,#3927,#3928,#3929,#3930,#3931,
#3932,#3933,#3934,#3935,#3936,#3937,#3938,#3939,#3940,#3941,#3942,#3943,
#3944,#3945,#3946,#3947),.UNSPECIFIED.,.F.,.F.,(4,3,3,3,3,3,3,3,3,3,3,3,
3,3,3,3,3,3,3,3,3,3,3,3,3,3,3,3,3,3,3,3,3,3,3,3,3,3,3,3,3,3,3,3,3,3,3,3,
3,3,3,3,3,3,3,3,3,3,3,3,3,3,3,3,3,3,3,3,3,3,3,3,3,3,3,3,3,3,3,3,3,3,3,3,
3,3,3,3,3,3,3,3,3,3,3,3,3,3,3,3,3,3,3,3,3,3,3,3,3,3,3,3,3,3,3,3,3,3,3,3,
3,3,3,3,3,3,3,3,3,3,3,3,3,3,3,3,3,3,3,3,3,3,3,4),(-1.,-0.986047950561725,
-0.975595092285276,-0.966144207115521,-0.957339150861853,-0.948971560338523,
-0.940880782348979,-0.933035608156365,-0.925488628432342,-0.918159926370429,
-0.910751519562,-0.903077916216748,-0.894804713934278,-0.885404953112517,
-0.871570500720134,-0.862824559107308,-0.855081325268243,-0.847879399869022,
-0.841030944481887,-0.834452930803448,-0.827933767281546,-0.821465534724659,
-0.815405181040504,-0.809034828063625,-0.802503529065208,-0.795622297319496,
-0.788224781371091,-0.779946689868539,-0.769611776183746,-0.759484991019889,
-0.751485481662776,-0.744343410538825,-0.737739611203527,-0.73139613307873,
-0.725065778003511,-0.71871423335085,-0.71220565686189,-0.705363407805203,
-0.698072482846862,-0.690247612361096,-0.681580773279506,-0.670229645901144,
-0.659757307683939,-0.651495620738989,-0.643983135687638,-0.636896234566887,
-0.629987142736837,-0.62285496158197,-0.615410451206215,-0.607626540754815,
-0.599420020032013,-0.590551875729051,-0.580363308387164,-0.568274529086704,
-0.5586858126347,-0.549956346812283,-0.541363278893341,-0.532846425815265,
-0.524139053003411,-0.51524221987828,-0.506288392949589,-0.497345492204766,
-0.488427675591357,-0.479653129319821,-0.471155681760877,-0.462768482110388,
-0.454246898352903,-0.445121040353903,-0.433419166458642,-0.423612782475155,
-0.415228447489349,-0.407576402061596,-0.400388710307326,-0.393518184458904,
-0.386890382436171,-0.380473447655692,-0.374246151662514,-0.368146216859589,
-0.361872099684227,-0.355126710576961,-0.347572982340934,-0.337981451619323,
-0.328971802236671,-0.321913627059238,-0.315516964062154,-0.309478207798106,
-0.303693838991812,-0.298135161712172,-0.292806606131317,-0.287664972180535,
-0.282639723101899,-0.277589701775643,-0.272481263946394,-0.267302282626425,
-0.261923881347621,-0.256189163306326,-0.249903560243225,-0.242736723275345,
-0.234473196627469,-0.227145909232861,-0.2208776698503,-0.215130427551332,
-0.209720168336987,-0.204554563914139,-0.199578577893354,-0.194747155805424,
-0.190034495662911,-0.18542494749149,-0.180846313353665,-0.176084966539183,
-0.171066943735152,-0.165426465109293,-0.159338038740922,-0.151928997588329,
-0.145620332764682,-0.140028760122566,-0.134851759282913,-0.130005982656361,
-0.125426874411523,-0.121045161518069,-0.116800513035682,-0.112571410717429,
-0.108315851014556,-0.104032829776352,-0.0997104723428017,-0.0952270885242108,
-0.090474214282425,-0.0853166721972436,-0.0793947703894078,-0.0713129377223908,
-0.0644810283971974,-0.0590849858551982,-0.054213641895988,-0.0496342645647604,
-0.0450925894875647,-0.0405139197941022,-0.0358963774871127,-0.0311474789402589,
-0.026201169635042,-0.0209864341086559,-0.0151468314848571,-0.00883210546151447,
-0.00113459431974387,0.),.UNSPECIFIED.);
#15=B_SPLINE_CURVE_WITH_KNOTS('',3,(#4080,#4081,#4082,#4083,#4084,#4085,
#4086,#4087,#4088,#4089,#4090,#4091,#4092,#4093,#4094,#4095,#4096,#4097,
#4098,#4099,#4100,#4101,#4102,#4103,#4104,#4105,#4106,#4107,#4108,#4109,
#4110,#4111,#4112,#4113,#4114,#4115,#4116,#4117,#4118,#4119,#4120,#4121,
#4122,#4123,#4124,#4125,#4126,#4127,#4128,#4129,#4130,#4131,#4132,#4133,
#4134,#4135,#4136,#4137,#4138,#4139,#4140,#4141,#4142,#4143,#4144,#4145,
#4146,#4147,#4148,#4149,#4150,#4151,#4152,#4153,#4154,#4155,#4156,#4157,
#4158,#4159,#4160,#4161,#4162,#4163,#4164,#4165,#4166,#4167,#4168,#4169,
#4170,#4171,#4172,#4173,#4174,#4175,#4176,#4177,#4178,#4179,#4180,#4181,
#4182,#4183,#4184,#4185,#4186,#4187,#4188,#4189,#4190,#4191,#4192,#4193,
#4194,#4195,#4196,#4197,#4198,#4199,#4200,#4201,#4202,#4203,#4204,#4205,
#4206,#4207,#4208,#4209,#4210,#4211,#4212,#4213,#4214,#4215,#4216,#4217,
#4218,#4219,#4220,#4221,#4222,#4223,#4224,#4225,#4226,#4227,#4228,#4229,
#4230,#4231,#4232,#4233,#4234,#4235,#4236,#4237,#4238,#4239,#4240,#4241,
#4242,#4243,#4244,#4245,#4246,#4247,#4248,#4249,#4250,#4251,#4252,#4253,
#4254,#4255,#4256,#4257,#4258,#4259,#4260,#4261,#4262,#4263,#4264,#4265,
#4266,#4267,#4268,#4269,#4270,#4271,#4272,#4273,#4274,#4275,#4276,#4277,
#4278,#4279,#4280,#4281,#4282,#4283,#4284,#4285,#4286,#4287,#4288,#4289,
#4290,#4291,#4292,#4293,#4294,#4295,#4296,#4297,#4298,#4299,#4300,#4301,
#4302,#4303,#4304,#4305,#4306,#4307,#4308,#4309,#4310,#4311,#4312,#4313,
#4314,#4315,#4316,#4317,#4318,#4319,#4320,#4321,#4322,#4323,#4324,#4325,
#4326,#4327,#4328,#4329,#4330,#4331,#4332,#4333,#4334,#4335,#4336,#4337,
#4338,#4339,#4340,#4341,#4342,#4343,#4344,#4345,#4346,#4347,#4348,#4349,
#4350,#4351,#4352,#4353,#4354,#4355,#4356,#4357,#4358,#4359,#4360,#4361,
#4362,#4363,#4364,#4365,#4366,#4367,#4368,#4369,#4370,#4371,#4372,#4373,
#4374,#4375,#4376,#4377,#4378,#4379,#4380,#4381,#4382,#4383,#4384,#4385,
#4386,#4387,#4388,#4389,#4390,#4391,#4392,#4393,#4394,#4395,#4396,#4397,
#4398,#4399,#4400,#4401,#4402,#4403,#4404,#4405,#4406,#4407,#4408,#4409,
#4410,#4411,#4412,#4413,#4414,#4415,#4416,#4417,#4418,#4419,#4420,#4421,
#4422,#4423,#4424,#4425,#4426,#4427,#4428,#4429,#4430,#4431,#4432,#4433,
#4434,#4435,#4436,#4437,#4438,#4439,#4440,#4441,#4442,#4443,#4444,#4445,
#4446,#4447,#4448,#4449,#4450,#4451,#4452,#4453,#4454,#4455,#4456,#4457,
#4458,#4459,#4460,#4461,#4462,#4463,#4464,#4465,#4466,#4467,#4468,#4469,
#4470),.UNSPECIFIED.,.F.,.F.,(4,3,3,3,3,3,3,3,3,3,3,3,3,3,3,3,3,3,3,3,3,
3,3,3,3,3,3,3,3,3,3,3,3,3,3,3,3,3,3,3,3,3,3,3,3,3,3,3,3,3,3,3,3,3,3,3,3,
3,3,3,3,3,3,3,3,3,3,3,3,3,3,3,3,3,3,3,3,3,3,3,3,3,3,3,3,3,3,3,3,3,3,3,3,
3,3,3,3,3,3,3,3,3,3,3,3,3,3,3,3,3,3,3,3,3,3,3,3,3,3,3,3,3,3,3,3,3,3,3,3,
3,4),(-1.,-0.984375,-0.971095516867643,-0.959332324877053,-0.948452645975497,
-0.938067086491445,-0.928116704042982,-0.918634846190073,-0.909187923235359,
-0.899412892465338,-0.888535001035414,-0.875508372371613,-0.864040078538574,
-0.854139547487527,-0.84506527993104,-0.836521119702465,-0.828356521718423,
-0.820480937392543,-0.812636100095584,-0.804427346715211,-0.795700870429835,
-0.786233099980652,-0.775405974171222,-0.76308429379397,-0.752213793973794,
-0.742879645183656,-0.73439746191744,-0.726263207216243,-0.718271852126178,
-0.71018473035206,-0.70171738253396,-0.692823035685281,-0.683485333223361,
-0.673452666833557,-0.662035699520523,-0.647937943457021,-0.63665470733258,
-0.626235915674862,-0.616133087055896,-0.606292673818862,-0.596723741017246,
-0.587399932563851,-0.578221808617541,-0.569187092857892,-0.560293544531987,
-0.551538957898675,-0.542921161681508,-0.534321326185354,-0.524966949292676,
-0.514300097122001,-0.498228219086938,-0.488733618293764,-0.480201498200592,
-0.472187672123485,-0.464574123396401,-0.457311830276835,-0.45016633292876,
-0.443069784902836,-0.435839213584128,-0.428385744796922,-0.420588206766216,
-0.412358745710435,-0.403586599280058,-0.39394964636434,-0.382439659087515,
-0.37048841974103,-0.360720790517485,-0.352045256108471,-0.344059240241004,
-0.336592113063142,-0.32948488002283,-0.322636293327342,-0.316000826037233,
-0.309565061244251,-0.303303400763103,-0.297178359820877,-0.291147818531181,
-0.285202048136686,-0.27937168192961,-0.27368331061833,-0.26811674255001,
-0.262522048562865,-0.256737739776519,-0.250713857543006,-0.2442222197782,
-0.236394280691188,-0.227438519539656,-0.220331065804042,-0.21394134396174,
-0.20805159684092,-0.202488612102051,-0.197170533706597,-0.192060211170231,
-0.187117346687855,-0.182311198905341,-0.17759087680749,-0.172939066997816,
-0.168350175919653,-0.163752876477213,-0.158909804903534,-0.153437944857226,
-0.147425255772967,-0.138211177287157,-0.132026502495228,-0.126656315326205,
-0.12169774381816,-0.117011966110146,-0.112540677718097,-0.108240691729691,
-0.104078493385624,-0.100015527890084,-0.0958961343441321,-0.0916388315972385,
-0.0872108737722468,-0.0825618713736311,-0.0773701854526037,-0.0718247347403446,
-0.0645763425381891,-0.0581943019131963,-0.0530110478194077,-0.048251550449159,
-0.0436097045981038,-0.0390479712460455,-0.0345586839088234,-0.029982236110684,
-0.0251921553504174,-0.0201093545833892,-0.0143648377316247,-0.00818293804711905,
-0.000849815199472721,0.),.UNSPECIFIED.);
#16=B_SPLINE_CURVE_WITH_KNOTS('',3,(#4935,#4936,#4937,#4938,#4939,#4940,
#4941,#4942,#4943,#4944,#4945,#4946,#4947,#4948,#4949,#4950,#4951,#4952,
#4953,#4954,#4955,#4956,#4957,#4958,#4959,#4960,#4961,#4962,#4963,#4964,
#4965,#4966,#4967,#4968,#4969,#4970,#4971,#4972,#4973,#4974,#4975,#4976,
#4977,#4978,#4979,#4980,#4981,#4982,#4983,#4984,#4985,#4986,#4987,#4988,
#4989,#4990,#4991,#4992,#4993,#4994,#4995,#4996,#4997,#4998,#4999,#5000,
#5001,#5002,#5003,#5004,#5005,#5006,#5007,#5008,#5009,#5010,#5011,#5012,
#5013,#5014,#5015,#5016,#5017,#5018,#5019,#5020,#5021,#5022,#5023,#5024,
#5025,#5026,#5027,#5028,#5029,#5030,#5031,#5032,#5033,#5034,#5035,#5036,
#5037,#5038,#5039,#5040,#5041,#5042,#5043,#5044,#5045,#5046,#5047,#5048,
#5049,#5050,#5051,#5052,#5053,#5054,#5055,#5056,#5057,#5058,#5059,#5060,
#5061,#5062,#5063,#5064,#5065,#5066,#5067,#5068,#5069,#5070,#5071,#5072,
#5073,#5074,#5075,#5076,#5077,#5078,#5079,#5080,#5081,#5082,#5083,#5084,
#5085,#5086,#5087,#5088,#5089,#5090,#5091,#5092,#5093,#5094,#5095,#5096,
#5097,#5098,#5099,#5100,#5101,#5102,#5103,#5104,#5105,#5106,#5107,#5108,
#5109,#5110,#5111,#5112,#5113,#5114,#5115,#5116,#5117,#5118,#5119,#5120,
#5121,#5122,#5123,#5124,#5125,#5126,#5127,#5128,#5129,#5130,#5131,#5132,
#5133,#5134,#5135,#5136,#5137,#5138,#5139,#5140,#5141,#5142,#5143,#5144,
#5145,#5146,#5147,#5148,#5149,#5150,#5151,#5152,#5153,#5154,#5155,#5156,
#5157,#5158,#5159,#5160,#5161,#5162,#5163,#5164,#5165,#5166,#5167,#5168,
#5169,#5170,#5171,#5172,#5173,#5174,#5175,#5176,#5177,#5178,#5179,#5180,
#5181,#5182,#5183,#5184,#5185,#5186,#5187,#5188,#5189,#5190,#5191,#5192,
#5193,#5194,#5195,#5196,#5197,#5198,#5199,#5200,#5201,#5202,#5203,#5204,
#5205,#5206,#5207,#5208,#5209,#5210,#5211,#5212,#5213,#5214,#5215,#5216,
#5217,#5218,#5219,#5220,#5221,#5222,#5223,#5224,#5225,#5226,#5227,#5228,
#5229,#5230,#5231,#5232,#5233,#5234,#5235,#5236,#5237,#5238,#5239,#5240,
#5241,#5242,#5243,#5244,#5245,#5246,#5247,#5248,#5249,#5250,#5251,#5252,
#5253,#5254,#5255,#5256,#5257,#5258,#5259,#5260,#5261,#5262,#5263,#5264,
#5265,#5266,#5267,#5268,#5269,#5270,#5271,#5272,#5273,#5274,#5275,#5276,
#5277,#5278,#5279,#5280,#5281,#5282,#5283,#5284,#5285,#5286,#5287,#5288,
#5289,#5290,#5291,#5292,#5293,#5294,#5295,#5296,#5297,#5298,#5299,#5300,
#5301,#5302,#5303,#5304,#5305,#5306,#5307,#5308,#5309,#5310,#5311,#5312,
#5313,#5314,#5315,#5316,#5317,#5318,#5319,#5320,#5321,#5322,#5323,#5324,
#5325),.UNSPECIFIED.,.F.,.F.,(4,3,3,3,3,3,3,3,3,3,3,3,3,3,3,3,3,3,3,3,3,
3,3,3,3,3,3,3,3,3,3,3,3,3,3,3,3,3,3,3,3,3,3,3,3,3,3,3,3,3,3,3,3,3,3,3,3,
3,3,3,3,3,3,3,3,3,3,3,3,3,3,3,3,3,3,3,3,3,3,3,3,3,3,3,3,3,3,3,3,3,3,3,3,
3,3,3,3,3,3,3,3,3,3,3,3,3,3,3,3,3,3,3,3,3,3,3,3,3,3,3,3,3,3,3,3,3,3,3,3,
3,4),(-1.,-0.984375,-0.971095516867888,-0.959332324877341,-0.948452645975504,
-0.938067086491635,-0.928116704042982,-0.918634846190069,-0.909187923235351,
-0.899412892465339,-0.888535001035418,-0.875508372371607,-0.864040078538591,
-0.85413954748753,-0.845065279931041,-0.836521119702457,-0.828356521718425,
-0.820480937392549,-0.812636100095614,-0.804427346715046,-0.795700870429618,
-0.786233099980268,-0.775405974170469,-0.763084293793419,-0.752213793973321,
-0.742879645183243,-0.734397461917068,-0.726263207215891,-0.718271852125845,
-0.71018473035177,-0.701717382533678,-0.692823035684958,-0.683485333223446,
-0.6734526668327,-0.662035699519104,-0.647937943456032,-0.636654707331807,
-0.626235915674103,-0.616133087055168,-0.606292673818177,-0.596723741016588,
-0.587399932563204,-0.578221808616904,-0.569187092857265,-0.56029354453137,
-0.551538957898067,-0.54292116168091,-0.534321326184723,-0.524966949291868,
-0.514300097120853,-0.498228219085827,-0.488733618292797,-0.4802014981997,
-0.472187672122638,-0.464574123395597,-0.457311830276051,-0.450166332927988,
-0.443069784902039,-0.435839213583315,-0.428385744796077,-0.420588206765321,
-0.412358745709482,-0.403586599279019,-0.393949646363195,-0.382439659083165,
-0.370488419736816,-0.360720790514006,-0.352045256105417,-0.34405924023782,
-0.336592113060563,-0.329484880020413,-0.32263629332496,-0.316000826035047,
-0.309565061242048,-0.303303400760955,-0.297178359818782,-0.291147818529107,
-0.285202048134686,-0.279371681927713,-0.273683310616473,-0.268116742548147,
-0.262522048560943,-0.256737739774529,-0.250713857540931,-0.244222219775864,
-0.2363942806879,-0.227438519538049,-0.220331065802485,-0.213941343960355,
-0.208051596839617,-0.202488612100819,-0.197170533705458,-0.192060211169131,
-0.187117346686785,-0.182311198904212,-0.177590876806386,-0.172939066996718,
-0.168350175918556,-0.163752876476014,-0.15890980490226,-0.153437944855777,
-0.147425255771117,-0.138211177285422,-0.132026502493832,-0.126656315324933,
-0.121697743816973,-0.117011966109016,-0.112540677717014,-0.108240691728647,
-0.104078493384612,-0.100015527889082,-0.0958961343430998,-0.0916388315961684,
-0.0872108737711314,-0.0825618713724538,-0.0773701854513143,-0.0718247347388532,
-0.0645763425356106,-0.0581943019114447,-0.0530110478178625,-0.0482515504477398,
-0.0436097045967831,-0.0390479712447651,-0.0345586839075296,-0.0299822361093499,
-0.0251921553490115,-0.0201093545818818,-0.0143648377300021,-0.00818293804535279,
-0.0008498151974555,0.),.UNSPECIFIED.);
#17=B_SPLINE_CURVE_WITH_KNOTS('',3,(#5330,#5331,#5332,#5333,#5334,#5335,
#5336,#5337,#5338,#5339,#5340,#5341,#5342,#5343,#5344,#5345,#5346,#5347,
#5348,#5349,#5350,#5351,#5352,#5353,#5354,#5355,#5356,#5357,#5358,#5359,
#5360,#5361,#5362,#5363,#5364,#5365,#5366,#5367,#5368,#5369,#5370,#5371,
#5372,#5373,#5374,#5375,#5376,#5377,#5378,#5379,#5380,#5381,#5382,#5383,
#5384,#5385,#5386,#5387,#5388,#5389,#5390,#5391,#5392,#5393,#5394,#5395,
#5396,#5397,#5398,#5399,#5400,#5401,#5402,#5403,#5404,#5405,#5406,#5407,
#5408,#5409,#5410,#5411,#5412,#5413,#5414,#5415,#5416,#5417,#5418,#5419,
#5420,#5421,#5422,#5423,#5424,#5425,#5426,#5427,#5428,#5429,#5430,#5431,
#5432,#5433,#5434,#5435,#5436,#5437,#5438,#5439,#5440,#5441,#5442,#5443,
#5444,#5445,#5446,#5447,#5448,#5449,#5450,#5451,#5452,#5453,#5454,#5455,
#5456,#5457,#5458,#5459,#5460,#5461,#5462,#5463,#5464,#5465,#5466,#5467,
#5468,#5469,#5470,#5471,#5472,#5473,#5474,#5475,#5476,#5477,#5478,#5479,
#5480,#5481,#5482,#5483,#5484,#5485,#5486,#5487,#5488,#5489,#5490,#5491,
#5492,#5493,#5494,#5495,#5496,#5497,#5498,#5499,#5500,#5501,#5502,#5503,
#5504,#5505,#5506,#5507,#5508,#5509,#5510,#5511,#5512,#5513,#5514,#5515,
#5516,#5517,#5518,#5519,#5520,#5521,#5522,#5523,#5524,#5525,#5526,#5527,
#5528,#5529,#5530,#5531,#5532,#5533,#5534,#5535,#5536,#5537,#5538,#5539,
#5540,#5541,#5542,#5543,#5544,#5545,#5546,#5547,#5548,#5549,#5550,#5551,
#5552,#5553,#5554,#5555,#5556,#5557,#5558,#5559,#5560,#5561,#5562,#5563,
#5564,#5565,#5566,#5567,#5568,#5569,#5570,#5571,#5572,#5573,#5574,#5575,
#5576,#5577,#5578,#5579,#5580,#5581,#5582,#5583,#5584,#5585,#5586,#5587,
#5588,#5589,#5590,#5591,#5592,#5593,#5594,#5595,#5596,#5597,#5598,#5599,
#5600,#5601,#5602,#5603,#5604,#5605,#5606,#5607,#5608,#5609,#5610,#5611,
#5612,#5613,#5614,#5615,#5616,#5617,#5618,#5619,#5620,#5621,#5622,#5623,
#5624,#5625,#5626,#5627,#5628,#5629,#5630,#5631,#5632,#5633,#5634,#5635,
#5636,#5637,#5638,#5639,#5640,#5641,#5642,#5643,#5644,#5645,#5646,#5647,
#5648,#5649,#5650,#5651,#5652,#5653,#5654,#5655,#5656,#5657,#5658,#5659,
#5660,#5661,#5662,#5663,#5664,#5665,#5666,#5667,#5668,#5669,#5670,#5671,
#5672,#5673,#5674,#5675,#5676,#5677,#5678,#5679,#5680,#5681,#5682,#5683,
#5684,#5685,#5686,#5687,#5688,#5689,#5690,#5691,#5692,#5693,#5694,#5695,
#5696,#5697,#5698,#5699,#5700,#5701,#5702,#5703,#5704,#5705,#5706,#5707,
#5708,#5709,#5710,#5711,#5712,#5713,#5714,#5715,#5716,#5717,#5718,#5719,
#5720),.UNSPECIFIED.,.F.,.F.,(4,3,3,3,3,3,3,3,3,3,3,3,3,3,3,3,3,3,3,3,3,
3,3,3,3,3,3,3,3,3,3,3,3,3,3,3,3,3,3,3,3,3,3,3,3,3,3,3,3,3,3,3,3,3,3,3,3,
3,3,3,3,3,3,3,3,3,3,3,3,3,3,3,3,3,3,3,3,3,3,3,3,3,3,3,3,3,3,3,3,3,3,3,3,
3,3,3,3,3,3,3,3,3,3,3,3,3,3,3,3,3,3,3,3,3,3,3,3,3,3,3,3,3,3,3,3,3,3,3,3,
3,4),(-1.,-0.984375,-0.971095516867888,-0.959332324877341,-0.948452645975504,
-0.938067086491635,-0.928116704042982,-0.918634846190069,-0.909187923235351,
-0.899412892465339,-0.888535001035418,-0.875508372371607,-0.864040078538591,
-0.85413954748753,-0.845065279931041,-0.836521119702457,-0.828356521718425,
-0.820480937392549,-0.812636100095614,-0.804427346715046,-0.795700870429618,
-0.786233099980268,-0.775405974170469,-0.763084293793419,-0.752213793973321,
-0.742879645183243,-0.734397461917068,-0.726263207215891,-0.718271852125845,
-0.71018473035177,-0.701717382533678,-0.692823035684958,-0.683485333223446,
-0.6734526668327,-0.662035699519104,-0.647937943456032,-0.636654707331807,
-0.626235915674103,-0.616133087055168,-0.606292673818177,-0.596723741016588,
-0.587399932563204,-0.578221808616904,-0.569187092857265,-0.56029354453137,
-0.551538957898067,-0.54292116168091,-0.534321326184723,-0.524966949291868,
-0.514300097120853,-0.498228219085827,-0.488733618292797,-0.4802014981997,
-0.472187672122638,-0.464574123395597,-0.457311830276051,-0.450166332927988,
-0.443069784902039,-0.435839213583315,-0.428385744796077,-0.420588206765321,
-0.412358745709482,-0.403586599279019,-0.393949646363195,-0.382439659083165,
-0.370488419736816,-0.360720790514006,-0.352045256105417,-0.34405924023782,
-0.336592113060563,-0.329484880020413,-0.32263629332496,-0.316000826035047,
-0.309565061242048,-0.303303400760955,-0.297178359818782,-0.291147818529107,
-0.285202048134686,-0.279371681927713,-0.273683310616473,-0.268116742548147,
-0.262522048560943,-0.256737739774529,-0.250713857540931,-0.244222219775864,
-0.2363942806879,-0.227438519538049,-0.220331065802485,-0.213941343960355,
-0.208051596839617,-0.202488612100819,-0.197170533705458,-0.192060211169131,
-0.187117346686785,-0.182311198904212,-0.177590876806386,-0.172939066996718,
-0.168350175918556,-0.163752876476014,-0.15890980490226,-0.153437944855777,
-0.147425255771117,-0.138211177285422,-0.132026502493832,-0.126656315324933,
-0.121697743816973,-0.117011966109016,-0.112540677717014,-0.108240691728647,
-0.104078493384612,-0.100015527889082,-0.0958961343430998,-0.0916388315961684,
-0.0872108737711314,-0.0825618713724538,-0.0773701854513143,-0.0718247347388532,
-0.0645763425356106,-0.0581943019114447,-0.0530110478178625,-0.0482515504477398,
-0.0436097045967831,-0.0390479712447651,-0.0345586839075296,-0.0299822361093499,
-0.0251921553490115,-0.0201093545818818,-0.0143648377300021,-0.00818293804535279,
-0.0008498151974555,0.),.UNSPECIFIED.);
#18=(
BOUNDED_SURFACE()
B_SPLINE_SURFACE(5,1,((#1510,#1511),(#1512,#1513),(#1514,#1515),(#1516,
#1517),(#1518,#1519),(#1520,#1521),(#1522,#1523),(#1524,#1525),(#1526,#1527),
(#1528,#1529),(#1530,#1531),(#1532,#1533),(#1534,#1535),(#1536,#1537),(#1538,
#1539),(#1540,#1541),(#1542,#1543),(#1544,#1545),(#1546,#1547),(#1548,#1549),
(#1550,#1551),(#1552,#1553),(#1554,#1555),(#1556,#1557),(#1558,#1559),(#1560,
#1561),(#1562,#1563),(#1564,#1565),(#1566,#1567),(#1568,#1569),(#1570,#1571),
(#1572,#1573),(#1574,#1575),(#1576,#1577),(#1578,#1579),(#1580,#1581),(#1582,
#1583),(#1584,#1585),(#1586,#1587),(#1588,#1589),(#1590,#1591),(#1592,#1593),
(#1594,#1595),(#1596,#1597),(#1598,#1599),(#1600,#1601),(#1602,#1603),(#1604,
#1605),(#1606,#1607),(#1608,#1609),(#1610,#1611),(#1612,#1613),(#1614,#1615),
(#1616,#1617),(#1618,#1619),(#1620,#1621),(#1622,#1623),(#1624,#1625),(#1626,
#1627),(#1628,#1629),(#1630,#1631),(#1632,#1633),(#1634,#1635),(#1636,#1637),
(#1638,#1639)),.UNSPECIFIED.,.F.,.F.,.F.)
B_SPLINE_SURFACE_WITH_KNOTS((6,1,1,1,1,1,1,1,1,1,1,1,1,1,1,1,1,1,1,1,1,
1,1,1,1,1,1,1,1,1,1,1,1,1,1,1,1,1,1,1,1,1,1,1,1,1,1,1,1,1,1,1,1,1,1,1,1,
1,1,1,6),(2,2),(-1.,-0.983333333333335,-0.966666666666668,-0.950000000000001,
-0.933333333333335,-0.916666666666668,-0.900000000000001,-0.883333333333334,
-0.866666666666668,-0.850000000000001,-0.833333333333334,-0.816666666666668,
-0.800000000000001,-0.783333333333334,-0.766666666666667,-0.750000000000001,
-0.733333333333334,-0.716666666666667,-0.700000000000001,-0.683333333333334,
-0.666666666666667,-0.65,-0.633333333333334,-0.616666666666667,-0.6,-0.583333333333333,
-0.566666666666667,-0.55,-0.533333333333333,-0.516666666666667,-0.5,-0.483333333333333,
-0.466666666666667,-0.45,-0.433333333333333,-0.416666666666667,-0.4,-0.383333333333333,
-0.366666666666667,-0.35,-0.333333333333333,-0.316666666666667,-0.3,-0.283333333333333,
-0.266666666666667,-0.25,-0.233333333333333,-0.216666666666667,-0.2,-0.183333333333333,
-0.166666666666667,-0.15,-0.133333333333333,-0.116666666666667,-0.1,-0.0833333333333333,
-0.0666666666666667,-0.05,-0.0333333333333333,-0.0166666666666667,0.),(0.,
2.99109197615968),.UNSPECIFIED.)
GEOMETRIC_REPRESENTATION_ITEM()
RATIONAL_B_SPLINE_SURFACE(((1.,1.),(1.,1.),(1.,1.),(1.,1.),(1.,1.),(1.,
1.),(1.,1.),(1.,1.),(1.,1.),(1.,1.),(1.,1.),(1.,1.),(1.,1.),(1.,1.),(1.,
1.),(1.,1.),(1.,1.),(1.,1.),(1.,1.),(1.,1.),(1.,1.),(1.,1.),(1.,1.),(1.,
1.),(1.,1.),(1.,1.),(1.,1.),(1.,1.),(1.,1.),(1.,1.),(1.,1.),(1.,1.),(1.,
1.),(1.,1.),(1.,1.),(1.,1.),(1.,1.),(1.,1.),(1.,1.),(1.,1.),(1.,1.),(1.,
1.),(1.,1.),(1.,1.),(1.,1.),(1.,1.),(1.,1.),(1.,1.),(1.,1.),(1.,1.),(1.,
1.),(1.,1.),(1.,1.),(1.,1.),(1.,1.),(1.,1.),(1.,1.),(1.,1.),(1.,1.),(1.,
1.),(1.,1.),(1.,1.),(1.,1.),(1.,1.),(1.,1.)))
REPRESENTATION_ITEM('')
SURFACE()
);
#19=(
BOUNDED_SURFACE()
B_SPLINE_SURFACE(5,1,((#2428,#2429),(#2430,#2431),(#2432,#2433),(#2434,
#2435),(#2436,#2437),(#2438,#2439),(#2440,#2441),(#2442,#2443),(#2444,#2445),
(#2446,#2447),(#2448,#2449),(#2450,#2451),(#2452,#2453),(#2454,#2455),(#2456,
#2457),(#2458,#2459),(#2460,#2461),(#2462,#2463),(#2464,#2465),(#2466,#2467),
(#2468,#2469),(#2470,#2471),(#2472,#2473),(#2474,#2475),(#2476,#2477),(#2478,
#2479),(#2480,#2481),(#2482,#2483),(#2484,#2485),(#2486,#2487),(#2488,#2489),
(#2490,#2491),(#2492,#2493),(#2494,#2495),(#2496,#2497),(#2498,#2499),(#2500,
#2501),(#2502,#2503),(#2504,#2505),(#2506,#2507),(#2508,#2509),(#2510,#2511),
(#2512,#2513),(#2514,#2515),(#2516,#2517),(#2518,#2519),(#2520,#2521),(#2522,
#2523),(#2524,#2525),(#2526,#2527),(#2528,#2529),(#2530,#2531),(#2532,#2533),
(#2534,#2535),(#2536,#2537),(#2538,#2539),(#2540,#2541),(#2542,#2543),(#2544,
#2545),(#2546,#2547),(#2548,#2549),(#2550,#2551),(#2552,#2553),(#2554,#2555),
(#2556,#2557)),.UNSPECIFIED.,.F.,.F.,.F.)
B_SPLINE_SURFACE_WITH_KNOTS((6,1,1,1,1,1,1,1,1,1,1,1,1,1,1,1,1,1,1,1,1,
1,1,1,1,1,1,1,1,1,1,1,1,1,1,1,1,1,1,1,1,1,1,1,1,1,1,1,1,1,1,1,1,1,1,1,1,
1,1,1,6),(2,2),(0.,0.0166666666666667,0.0333333333333333,0.05,0.0666666666666667,
0.0833333333333333,0.1,0.116666666666667,0.133333333333333,0.15,0.166666666666667,
0.183333333333333,0.2,0.216666666666667,0.233333333333333,0.25,0.266666666666667,
0.283333333333333,0.3,0.316666666666667,0.333333333333333,0.35,0.366666666666667,
0.383333333333333,0.4,0.416666666666667,0.433333333333333,0.45,0.466666666666667,
0.483333333333333,0.5,0.516666666666667,0.533333333333333,0.55,0.566666666666667,
0.583333333333333,0.6,0.616666666666667,0.633333333333334,0.65,0.666666666666667,
0.683333333333334,0.700000000000001,0.716666666666667,0.733333333333334,
0.750000000000001,0.766666666666667,0.783333333333334,0.800000000000001,
0.816666666666668,0.833333333333334,0.850000000000001,0.866666666666668,
0.883333333333334,0.900000000000001,0.916666666666668,0.933333333333335,
0.950000000000001,0.966666666666668,0.983333333333335,1.),(0.,2.99109197615968),
 .UNSPECIFIED.)
GEOMETRIC_REPRESENTATION_ITEM()
RATIONAL_B_SPLINE_SURFACE(((1.,1.),(1.,1.),(1.,1.),(1.,1.),(1.,1.),(1.,
1.),(1.,1.),(1.,1.),(1.,1.),(1.,1.),(1.,1.),(1.,1.),(1.,1.),(1.,1.),(1.,
1.),(1.,1.),(1.,1.),(1.,1.),(1.,1.),(1.,1.),(1.,1.),(1.,1.),(1.,1.),(1.,
1.),(1.,1.),(1.,1.),(1.,1.),(1.,1.),(1.,1.),(1.,1.),(1.,1.),(1.,1.),(1.,
1.),(1.,1.),(1.,1.),(1.,1.),(1.,1.),(1.,1.),(1.,1.),(1.,1.),(1.,1.),(1.,
1.),(1.,1.),(1.,1.),(1.,1.),(1.,1.),(1.,1.),(1.,1.),(1.,1.),(1.,1.),(1.,
1.),(1.,1.),(1.,1.),(1.,1.),(1.,1.),(1.,1.),(1.,1.),(1.,1.),(1.,1.),(1.,
1.),(1.,1.),(1.,1.),(1.,1.),(1.,1.),(1.,1.)))
REPRESENTATION_ITEM('')
SURFACE()
);
#20=(
BOUNDED_SURFACE()
B_SPLINE_SURFACE(5,1,((#2688,#2689),(#2690,#2691),(#2692,#2693),(#2694,
#2695),(#2696,#2697),(#2698,#2699),(#2700,#2701),(#2702,#2703),(#2704,#2705),
(#2706,#2707),(#2708,#2709),(#2710,#2711),(#2712,#2713),(#2714,#2715),(#2716,
#2717),(#2718,#2719),(#2720,#2721),(#2722,#2723),(#2724,#2725),(#2726,#2727),
(#2728,#2729),(#2730,#2731),(#2732,#2733),(#2734,#2735),(#2736,#2737),(#2738,
#2739),(#2740,#2741),(#2742,#2743),(#2744,#2745),(#2746,#2747),(#2748,#2749),
(#2750,#2751),(#2752,#2753),(#2754,#2755),(#2756,#2757),(#2758,#2759),(#2760,
#2761),(#2762,#2763),(#2764,#2765),(#2766,#2767),(#2768,#2769),(#2770,#2771),
(#2772,#2773),(#2774,#2775),(#2776,#2777),(#2778,#2779),(#2780,#2781),(#2782,
#2783),(#2784,#2785),(#2786,#2787),(#2788,#2789),(#2790,#2791),(#2792,#2793),
(#2794,#2795),(#2796,#2797),(#2798,#2799),(#2800,#2801),(#2802,#2803),(#2804,
#2805),(#2806,#2807),(#2808,#2809),(#2810,#2811),(#2812,#2813),(#2814,#2815),
(#2816,#2817)),.UNSPECIFIED.,.F.,.F.,.F.)
B_SPLINE_SURFACE_WITH_KNOTS((6,1,1,1,1,1,1,1,1,1,1,1,1,1,1,1,1,1,1,1,1,
1,1,1,1,1,1,1,1,1,1,1,1,1,1,1,1,1,1,1,1,1,1,1,1,1,1,1,1,1,1,1,1,1,1,1,1,
1,1,1,6),(2,2),(0.,0.0166666666666667,0.0333333333333333,0.05,0.0666666666666667,
0.0833333333333333,0.1,0.116666666666667,0.133333333333333,0.15,0.166666666666667,
0.183333333333333,0.2,0.216666666666667,0.233333333333333,0.25,0.266666666666667,
0.283333333333333,0.3,0.316666666666667,0.333333333333333,0.35,0.366666666666667,
0.383333333333333,0.4,0.416666666666667,0.433333333333333,0.45,0.466666666666667,
0.483333333333333,0.5,0.516666666666667,0.533333333333333,0.55,0.566666666666667,
0.583333333333333,0.6,0.616666666666667,0.633333333333334,0.65,0.666666666666667,
0.683333333333334,0.700000000000001,0.716666666666667,0.733333333333334,
0.750000000000001,0.766666666666667,0.783333333333334,0.800000000000001,
0.816666666666668,0.833333333333334,0.850000000000001,0.866666666666668,
0.883333333333334,0.900000000000001,0.916666666666668,0.933333333333335,
0.950000000000001,0.966666666666668,0.983333333333335,1.),(-0.1,0.1),
 .UNSPECIFIED.)
GEOMETRIC_REPRESENTATION_ITEM()
RATIONAL_B_SPLINE_SURFACE(((1.,1.),(1.,1.),(1.,1.),(1.,1.),(1.,1.),(1.,
1.),(1.,1.),(1.,1.),(1.,1.),(1.,1.),(1.,1.),(1.,1.),(1.,1.),(1.,1.),(1.,
1.),(1.,1.),(1.,1.),(1.,1.),(1.,1.),(1.,1.),(1.,1.),(1.,1.),(1.,1.),(1.,
1.),(1.,1.),(1.,1.),(1.,1.),(1.,1.),(1.,1.),(1.,1.),(1.,1.),(1.,1.),(1.,
1.),(1.,1.),(1.,1.),(1.,1.),(1.,1.),(1.,1.),(1.,1.),(1.,1.),(1.,1.),(1.,
1.),(1.,1.),(1.,1.),(1.,1.),(1.,1.),(1.,1.),(1.,1.),(1.,1.),(1.,1.),(1.,
1.),(1.,1.),(1.,1.),(1.,1.),(1.,1.),(1.,1.),(1.,1.),(1.,1.),(1.,1.),(1.,
1.),(1.,1.),(1.,1.),(1.,1.),(1.,1.),(1.,1.)))
REPRESENTATION_ITEM('')
SURFACE()
);
#21=(
BOUNDED_SURFACE()
B_SPLINE_SURFACE(5,1,((#2958,#2959),(#2960,#2961),(#2962,#2963),(#2964,
#2965),(#2966,#2967),(#2968,#2969),(#2970,#2971),(#2972,#2973),(#2974,#2975),
(#2976,#2977),(#2978,#2979),(#2980,#2981),(#2982,#2983),(#2984,#2985),(#2986,
#2987),(#2988,#2989),(#2990,#2991),(#2992,#2993),(#2994,#2995),(#2996,#2997),
(#2998,#2999),(#3000,#3001),(#3002,#3003),(#3004,#3005),(#3006,#3007),(#3008,
#3009),(#3010,#3011),(#3012,#3013),(#3014,#3015),(#3016,#3017),(#3018,#3019),
(#3020,#3021),(#3022,#3023),(#3024,#3025),(#3026,#3027),(#3028,#3029),(#3030,
#3031),(#3032,#3033),(#3034,#3035),(#3036,#3037),(#3038,#3039),(#3040,#3041),
(#3042,#3043),(#3044,#3045),(#3046,#3047),(#3048,#3049),(#3050,#3051),(#3052,
#3053),(#3054,#3055),(#3056,#3057),(#3058,#3059),(#3060,#3061),(#3062,#3063),
(#3064,#3065),(#3066,#3067),(#3068,#3069),(#3070,#3071),(#3072,#3073),(#3074,
#3075),(#3076,#3077),(#3078,#3079),(#3080,#3081),(#3082,#3083),(#3084,#3085),
(#3086,#3087)),.UNSPECIFIED.,.F.,.F.,.F.)
B_SPLINE_SURFACE_WITH_KNOTS((6,1,1,1,1,1,1,1,1,1,1,1,1,1,1,1,1,1,1,1,1,
1,1,1,1,1,1,1,1,1,1,1,1,1,1,1,1,1,1,1,1,1,1,1,1,1,1,1,1,1,1,1,1,1,1,1,1,
1,1,1,6),(2,2),(-1.,-0.983333333333335,-0.966666666666668,-0.950000000000001,
-0.933333333333335,-0.916666666666668,-0.900000000000001,-0.883333333333334,
-0.866666666666668,-0.850000000000001,-0.833333333333334,-0.816666666666668,
-0.800000000000001,-0.783333333333334,-0.766666666666667,-0.750000000000001,
-0.733333333333334,-0.716666666666667,-0.700000000000001,-0.683333333333334,
-0.666666666666667,-0.65,-0.633333333333334,-0.616666666666667,-0.6,-0.583333333333333,
-0.566666666666667,-0.55,-0.533333333333333,-0.516666666666667,-0.5,-0.483333333333333,
-0.466666666666667,-0.45,-0.433333333333333,-0.416666666666667,-0.4,-0.383333333333333,
-0.366666666666667,-0.35,-0.333333333333333,-0.316666666666667,-0.3,-0.283333333333333,
-0.266666666666667,-0.25,-0.233333333333333,-0.216666666666667,-0.2,-0.183333333333333,
-0.166666666666667,-0.15,-0.133333333333333,-0.116666666666667,-0.1,-0.0833333333333333,
-0.0666666666666667,-0.05,-0.0333333333333333,-0.0166666666666667,0.),(-0.1,
0.1),.UNSPECIFIED.)
GEOMETRIC_REPRESENTATION_ITEM()
RATIONAL_B_SPLINE_SURFACE(((1.,1.),(1.,1.),(1.,1.),(1.,1.),(1.,1.),(1.,
1.),(1.,1.),(1.,1.),(1.,1.),(1.,1.),(1.,1.),(1.,1.),(1.,1.),(1.,1.),(1.,
1.),(1.,1.),(1.,1.),(1.,1.),(1.,1.),(1.,1.),(1.,1.),(1.,1.),(1.,1.),(1.,
1.),(1.,1.),(1.,1.),(1.,1.),(1.,1.),(1.,1.),(1.,1.),(1.,1.),(1.,1.),(1.,
1.),(1.,1.),(1.,1.),(1.,1.),(1.,1.),(1.,1.),(1.,1.),(1.,1.),(1.,1.),(1.,
1.),(1.,1.),(1.,1.),(1.,1.),(1.,1.),(1.,1.),(1.,1.),(1.,1.),(1.,1.),(1.,
1.),(1.,1.),(1.,1.),(1.,1.),(1.,1.),(1.,1.),(1.,1.),(1.,1.),(1.,1.),(1.,
1.),(1.,1.),(1.,1.),(1.,1.),(1.,1.),(1.,1.)))
REPRESENTATION_ITEM('')
SURFACE()
);
#22=(
BOUNDED_SURFACE()
B_SPLINE_SURFACE(5,1,((#3948,#3949),(#3950,#3951),(#3952,#3953),(#3954,
#3955),(#3956,#3957),(#3958,#3959),(#3960,#3961),(#3962,#3963),(#3964,#3965),
(#3966,#3967),(#3968,#3969),(#3970,#3971),(#3972,#3973),(#3974,#3975),(#3976,
#3977),(#3978,#3979),(#3980,#3981),(#3982,#3983),(#3984,#3985),(#3986,#3987),
(#3988,#3989),(#3990,#3991),(#3992,#3993),(#3994,#3995),(#3996,#3997),(#3998,
#3999),(#4000,#4001),(#4002,#4003),(#4004,#4005),(#4006,#4007),(#4008,#4009),
(#4010,#4011),(#4012,#4013),(#4014,#4015),(#4016,#4017),(#4018,#4019),(#4020,
#4021),(#4022,#4023),(#4024,#4025),(#4026,#4027),(#4028,#4029),(#4030,#4031),
(#4032,#4033),(#4034,#4035),(#4036,#4037),(#4038,#4039),(#4040,#4041),(#4042,
#4043),(#4044,#4045),(#4046,#4047),(#4048,#4049),(#4050,#4051),(#4052,#4053),
(#4054,#4055),(#4056,#4057),(#4058,#4059),(#4060,#4061),(#4062,#4063),(#4064,
#4065),(#4066,#4067),(#4068,#4069),(#4070,#4071),(#4072,#4073),(#4074,#4075),
(#4076,#4077)),.UNSPECIFIED.,.F.,.F.,.F.)
B_SPLINE_SURFACE_WITH_KNOTS((6,1,1,1,1,1,1,1,1,1,1,1,1,1,1,1,1,1,1,1,1,
1,1,1,1,1,1,1,1,1,1,1,1,1,1,1,1,1,1,1,1,1,1,1,1,1,1,1,1,1,1,1,1,1,1,1,1,
1,1,1,6),(2,2),(-1.,-0.983333333333335,-0.966666666666668,-0.950000000000001,
-0.933333333333335,-0.916666666666668,-0.900000000000001,-0.883333333333334,
-0.866666666666668,-0.850000000000001,-0.833333333333334,-0.816666666666668,
-0.800000000000001,-0.783333333333334,-0.766666666666667,-0.750000000000001,
-0.733333333333334,-0.716666666666667,-0.700000000000001,-0.683333333333334,
-0.666666666666667,-0.65,-0.633333333333334,-0.616666666666667,-0.6,-0.583333333333333,
-0.566666666666667,-0.55,-0.533333333333333,-0.516666666666667,-0.5,-0.483333333333333,
-0.466666666666667,-0.45,-0.433333333333333,-0.416666666666667,-0.4,-0.383333333333333,
-0.366666666666667,-0.35,-0.333333333333333,-0.316666666666667,-0.3,-0.283333333333333,
-0.266666666666667,-0.25,-0.233333333333333,-0.216666666666667,-0.2,-0.183333333333333,
-0.166666666666667,-0.15,-0.133333333333333,-0.116666666666667,-0.1,-0.0833333333333333,
-0.0666666666666667,-0.05,-0.0333333333333333,-0.0166666666666667,0.),(0.,
2.99109197615968),.UNSPECIFIED.)
GEOMETRIC_REPRESENTATION_ITEM()
RATIONAL_B_SPLINE_SURFACE(((1.,1.),(1.,1.),(1.,1.),(1.,1.),(1.,1.),(1.,
1.),(1.,1.),(1.,1.),(1.,1.),(1.,1.),(1.,1.),(1.,1.),(1.,1.),(1.,1.),(1.,
1.),(1.,1.),(1.,1.),(1.,1.),(1.,1.),(1.,1.),(1.,1.),(1.,1.),(1.,1.),(1.,
1.),(1.,1.),(1.,1.),(1.,1.),(1.,1.),(1.,1.),(1.,1.),(1.,1.),(1.,1.),(1.,
1.),(1.,1.),(1.,1.),(1.,1.),(1.,1.),(1.,1.),(1.,1.),(1.,1.),(1.,1.),(1.,
1.),(1.,1.),(1.,1.),(1.,1.),(1.,1.),(1.,1.),(1.,1.),(1.,1.),(1.,1.),(1.,
1.),(1.,1.),(1.,1.),(1.,1.),(1.,1.),(1.,1.),(1.,1.),(1.,1.),(1.,1.),(1.,
1.),(1.,1.),(1.,1.),(1.,1.),(1.,1.),(1.,1.)))
REPRESENTATION_ITEM('')
SURFACE()
);
#23=(
BOUNDED_SURFACE()
B_SPLINE_SURFACE(5,1,((#4540,#4541),(#4542,#4543),(#4544,#4545),(#4546,
#4547),(#4548,#4549),(#4550,#4551),(#4552,#4553),(#4554,#4555),(#4556,#4557),
(#4558,#4559),(#4560,#4561),(#4562,#4563),(#4564,#4565),(#4566,#4567),(#4568,
#4569),(#4570,#4571),(#4572,#4573),(#4574,#4575),(#4576,#4577),(#4578,#4579),
(#4580,#4581),(#4582,#4583),(#4584,#4585),(#4586,#4587),(#4588,#4589),(#4590,
#4591),(#4592,#4593),(#4594,#4595),(#4596,#4597),(#4598,#4599),(#4600,#4601),
(#4602,#4603),(#4604,#4605),(#4606,#4607),(#4608,#4609),(#4610,#4611),(#4612,
#4613),(#4614,#4615),(#4616,#4617),(#4618,#4619),(#4620,#4621),(#4622,#4623),
(#4624,#4625),(#4626,#4627),(#4628,#4629),(#4630,#4631),(#4632,#4633),(#4634,
#4635),(#4636,#4637),(#4638,#4639),(#4640,#4641),(#4642,#4643),(#4644,#4645),
(#4646,#4647),(#4648,#4649),(#4650,#4651),(#4652,#4653),(#4654,#4655),(#4656,
#4657),(#4658,#4659),(#4660,#4661),(#4662,#4663),(#4664,#4665),(#4666,#4667),
(#4668,#4669)),.UNSPECIFIED.,.F.,.F.,.F.)
B_SPLINE_SURFACE_WITH_KNOTS((6,1,1,1,1,1,1,1,1,1,1,1,1,1,1,1,1,1,1,1,1,
1,1,1,1,1,1,1,1,1,1,1,1,1,1,1,1,1,1,1,1,1,1,1,1,1,1,1,1,1,1,1,1,1,1,1,1,
1,1,1,6),(2,2),(0.,0.0166666666666667,0.0333333333333333,0.05,0.0666666666666667,
0.0833333333333333,0.1,0.116666666666667,0.133333333333333,0.15,0.166666666666667,
0.183333333333333,0.2,0.216666666666667,0.233333333333333,0.25,0.266666666666667,
0.283333333333333,0.3,0.316666666666667,0.333333333333333,0.35,0.366666666666667,
0.383333333333333,0.4,0.416666666666667,0.433333333333333,0.45,0.466666666666667,
0.483333333333333,0.5,0.516666666666667,0.533333333333333,0.55,0.566666666666667,
0.583333333333333,0.6,0.616666666666667,0.633333333333334,0.65,0.666666666666667,
0.683333333333334,0.700000000000001,0.716666666666667,0.733333333333334,
0.750000000000001,0.766666666666667,0.783333333333334,0.800000000000001,
0.816666666666668,0.833333333333334,0.850000000000001,0.866666666666668,
0.883333333333334,0.900000000000001,0.916666666666668,0.933333333333335,
0.950000000000001,0.966666666666668,0.983333333333335,1.),(0.,2.99109197615968),
 .UNSPECIFIED.)
GEOMETRIC_REPRESENTATION_ITEM()
RATIONAL_B_SPLINE_SURFACE(((1.,1.),(1.,1.),(1.,1.),(1.,1.),(1.,1.),(1.,
1.),(1.,1.),(1.,1.),(1.,1.),(1.,1.),(1.,1.),(1.,1.),(1.,1.),(1.,1.),(1.,
1.),(1.,1.),(1.,1.),(1.,1.),(1.,1.),(1.,1.),(1.,1.),(1.,1.),(1.,1.),(1.,
1.),(1.,1.),(1.,1.),(1.,1.),(1.,1.),(1.,1.),(1.,1.),(1.,1.),(1.,1.),(1.,
1.),(1.,1.),(1.,1.),(1.,1.),(1.,1.),(1.,1.),(1.,1.),(1.,1.),(1.,1.),(1.,
1.),(1.,1.),(1.,1.),(1.,1.),(1.,1.),(1.,1.),(1.,1.),(1.,1.),(1.,1.),(1.,
1.),(1.,1.),(1.,1.),(1.,1.),(1.,1.),(1.,1.),(1.,1.),(1.,1.),(1.,1.),(1.,
1.),(1.,1.),(1.,1.),(1.,1.),(1.,1.),(1.,1.)))
REPRESENTATION_ITEM('')
SURFACE()
);
#24=(
BOUNDED_SURFACE()
B_SPLINE_SURFACE(5,1,((#4801,#4802),(#4803,#4804),(#4805,#4806),(#4807,
#4808),(#4809,#4810),(#4811,#4812),(#4813,#4814),(#4815,#4816),(#4817,#4818),
(#4819,#4820),(#4821,#4822),(#4823,#4824),(#4825,#4826),(#4827,#4828),(#4829,
#4830),(#4831,#4832),(#4833,#4834),(#4835,#4836),(#4837,#4838),(#4839,#4840),
(#4841,#4842),(#4843,#4844),(#4845,#4846),(#4847,#4848),(#4849,#4850),(#4851,
#4852),(#4853,#4854),(#4855,#4856),(#4857,#4858),(#4859,#4860),(#4861,#4862),
(#4863,#4864),(#4865,#4866),(#4867,#4868),(#4869,#4870),(#4871,#4872),(#4873,
#4874),(#4875,#4876),(#4877,#4878),(#4879,#4880),(#4881,#4882),(#4883,#4884),
(#4885,#4886),(#4887,#4888),(#4889,#4890),(#4891,#4892),(#4893,#4894),(#4895,
#4896),(#4897,#4898),(#4899,#4900),(#4901,#4902),(#4903,#4904),(#4905,#4906),
(#4907,#4908),(#4909,#4910),(#4911,#4912),(#4913,#4914),(#4915,#4916),(#4917,
#4918),(#4919,#4920),(#4921,#4922),(#4923,#4924),(#4925,#4926),(#4927,#4928),
(#4929,#4930)),.UNSPECIFIED.,.F.,.F.,.F.)
B_SPLINE_SURFACE_WITH_KNOTS((6,1,1,1,1,1,1,1,1,1,1,1,1,1,1,1,1,1,1,1,1,
1,1,1,1,1,1,1,1,1,1,1,1,1,1,1,1,1,1,1,1,1,1,1,1,1,1,1,1,1,1,1,1,1,1,1,1,
1,1,1,6),(2,2),(-1.,-0.983333333333335,-0.966666666666668,-0.950000000000001,
-0.933333333333335,-0.916666666666668,-0.900000000000001,-0.883333333333334,
-0.866666666666668,-0.850000000000001,-0.833333333333334,-0.816666666666668,
-0.800000000000001,-0.783333333333334,-0.766666666666667,-0.750000000000001,
-0.733333333333334,-0.716666666666667,-0.700000000000001,-0.683333333333334,
-0.666666666666667,-0.65,-0.633333333333334,-0.616666666666667,-0.6,-0.583333333333333,
-0.566666666666667,-0.55,-0.533333333333333,-0.516666666666667,-0.5,-0.483333333333333,
-0.466666666666667,-0.45,-0.433333333333333,-0.416666666666667,-0.4,-0.383333333333333,
-0.366666666666667,-0.35,-0.333333333333333,-0.316666666666667,-0.3,-0.283333333333333,
-0.266666666666667,-0.25,-0.233333333333333,-0.216666666666667,-0.2,-0.183333333333333,
-0.166666666666667,-0.15,-0.133333333333333,-0.116666666666667,-0.1,-0.0833333333333333,
-0.0666666666666667,-0.05,-0.0333333333333333,-0.0166666666666667,0.),(-10.,
10.),.UNSPECIFIED.)
GEOMETRIC_REPRESENTATION_ITEM()
RATIONAL_B_SPLINE_SURFACE(((1.,1.),(1.,1.),(1.,1.),(1.,1.),(1.,1.),(1.,
1.),(1.,1.),(1.,1.),(1.,1.),(1.,1.),(1.,1.),(1.,1.),(1.,1.),(1.,1.),(1.,
1.),(1.,1.),(1.,1.),(1.,1.),(1.,1.),(1.,1.),(1.,1.),(1.,1.),(1.,1.),(1.,
1.),(1.,1.),(1.,1.),(1.,1.),(1.,1.),(1.,1.),(1.,1.),(1.,1.),(1.,1.),(1.,
1.),(1.,1.),(1.,1.),(1.,1.),(1.,1.),(1.,1.),(1.,1.),(1.,1.),(1.,1.),(1.,
1.),(1.,1.),(1.,1.),(1.,1.),(1.,1.),(1.,1.),(1.,1.),(1.,1.),(1.,1.),(1.,
1.),(1.,1.),(1.,1.),(1.,1.),(1.,1.),(1.,1.),(1.,1.),(1.,1.),(1.,1.),(1.,
1.),(1.,1.),(1.,1.),(1.,1.),(1.,1.),(1.,1.)))
REPRESENTATION_ITEM('')
SURFACE()
);
#25=(
BOUNDED_SURFACE()
B_SPLINE_SURFACE(5,1,((#5721,#5722),(#5723,#5724),(#5725,#5726),(#5727,
#5728),(#5729,#5730),(#5731,#5732),(#5733,#5734),(#5735,#5736),(#5737,#5738),
(#5739,#5740),(#5741,#5742),(#5743,#5744),(#5745,#5746),(#5747,#5748),(#5749,
#5750),(#5751,#5752),(#5753,#5754),(#5755,#5756),(#5757,#5758),(#5759,#5760),
(#5761,#5762),(#5763,#5764),(#5765,#5766),(#5767,#5768),(#5769,#5770),(#5771,
#5772),(#5773,#5774),(#5775,#5776),(#5777,#5778),(#5779,#5780),(#5781,#5782),
(#5783,#5784),(#5785,#5786),(#5787,#5788),(#5789,#5790),(#5791,#5792),(#5793,
#5794),(#5795,#5796),(#5797,#5798),(#5799,#5800),(#5801,#5802),(#5803,#5804),
(#5805,#5806),(#5807,#5808),(#5809,#5810),(#5811,#5812),(#5813,#5814),(#5815,
#5816),(#5817,#5818),(#5819,#5820),(#5821,#5822),(#5823,#5824),(#5825,#5826),
(#5827,#5828),(#5829,#5830),(#5831,#5832),(#5833,#5834),(#5835,#5836),(#5837,
#5838),(#5839,#5840),(#5841,#5842),(#5843,#5844),(#5845,#5846),(#5847,#5848),
(#5849,#5850)),.UNSPECIFIED.,.F.,.F.,.F.)
B_SPLINE_SURFACE_WITH_KNOTS((6,1,1,1,1,1,1,1,1,1,1,1,1,1,1,1,1,1,1,1,1,
1,1,1,1,1,1,1,1,1,1,1,1,1,1,1,1,1,1,1,1,1,1,1,1,1,1,1,1,1,1,1,1,1,1,1,1,
1,1,1,6),(2,2),(0.,0.0166666666666667,0.0333333333333333,0.05,0.0666666666666667,
0.0833333333333333,0.1,0.116666666666667,0.133333333333333,0.15,0.166666666666667,
0.183333333333333,0.2,0.216666666666667,0.233333333333333,0.25,0.266666666666667,
0.283333333333333,0.3,0.316666666666667,0.333333333333333,0.35,0.366666666666667,
0.383333333333333,0.4,0.416666666666667,0.433333333333333,0.45,0.466666666666667,
0.483333333333333,0.5,0.516666666666667,0.533333333333333,0.55,0.566666666666667,
0.583333333333333,0.6,0.616666666666667,0.633333333333334,0.65,0.666666666666667,
0.683333333333334,0.700000000000001,0.716666666666667,0.733333333333334,
0.750000000000001,0.766666666666667,0.783333333333334,0.800000000000001,
0.816666666666668,0.833333333333334,0.850000000000001,0.866666666666668,
0.883333333333334,0.900000000000001,0.916666666666668,0.933333333333335,
0.950000000000001,0.966666666666668,0.983333333333335,1.),(-10.,10.),
 .UNSPECIFIED.)
GEOMETRIC_REPRESENTATION_ITEM()
RATIONAL_B_SPLINE_SURFACE(((1.,1.),(1.,1.),(1.,1.),(1.,1.),(1.,1.),(1.,
1.),(1.,1.),(1.,1.),(1.,1.),(1.,1.),(1.,1.),(1.,1.),(1.,1.),(1.,1.),(1.,
1.),(1.,1.),(1.,1.),(1.,1.),(1.,1.),(1.,1.),(1.,1.),(1.,1.),(1.,1.),(1.,
1.),(1.,1.),(1.,1.),(1.,1.),(1.,1.),(1.,1.),(1.,1.),(1.,1.),(1.,1.),(1.,
1.),(1.,1.),(1.,1.),(1.,1.),(1.,1.),(1.,1.),(1.,1.),(1.,1.),(1.,1.),(1.,
1.),(1.,1.),(1.,1.),(1.,1.),(1.,1.),(1.,1.),(1.,1.),(1.,1.),(1.,1.),(1.,
1.),(1.,1.),(1.,1.),(1.,1.),(1.,1.),(1.,1.),(1.,1.),(1.,1.),(1.,1.),(1.,
1.),(1.,1.),(1.,1.),(1.,1.),(1.,1.),(1.,1.)))
REPRESENTATION_ITEM('')
SURFACE()
);
#26=(
BOUNDED_CURVE()
B_SPLINE_CURVE(5,(#1380,#1381,#1382,#1383,#1384,#1385,#1386,#1387,#1388,
#1389,#1390,#1391,#1392,#1393,#1394,#1395,#1396,#1397,#1398,#1399,#1400,
#1401,#1402,#1403,#1404,#1405,#1406,#1407,#1408,#1409,#1410,#1411,#1412,
#1413,#1414,#1415,#1416,#1417,#1418,#1419,#1420,#1421,#1422,#1423,#1424,
#1425,#1426,#1427,#1428,#1429,#1430,#1431,#1432,#1433,#1434,#1435,#1436,
#1437,#1438,#1439,#1440,#1441,#1442,#1443,#1444),.UNSPECIFIED.,.F.,.F.)
B_SPLINE_CURVE_WITH_KNOTS((6,1,1,1,1,1,1,1,1,1,1,1,1,1,1,1,1,1,1,1,1,1,
1,1,1,1,1,1,1,1,1,1,1,1,1,1,1,1,1,1,1,1,1,1,1,1,1,1,1,1,1,1,1,1,1,1,1,1,
1,1,6),(-1.,-0.983333333333335,-0.966666666666668,-0.950000000000001,-0.933333333333335,
-0.916666666666668,-0.900000000000001,-0.883333333333334,-0.866666666666668,
-0.850000000000001,-0.833333333333334,-0.816666666666668,-0.800000000000001,
-0.783333333333334,-0.766666666666667,-0.750000000000001,-0.733333333333334,
-0.716666666666667,-0.700000000000001,-0.683333333333334,-0.666666666666667,
-0.65,-0.633333333333334,-0.616666666666667,-0.6,-0.583333333333333,-0.566666666666667,
-0.55,-0.533333333333333,-0.516666666666667,-0.5,-0.483333333333333,-0.466666666666667,
-0.45,-0.433333333333333,-0.416666666666667,-0.4,-0.383333333333333,-0.366666666666667,
-0.35,-0.333333333333333,-0.316666666666667,-0.3,-0.283333333333333,-0.266666666666667,
-0.25,-0.233333333333333,-0.216666666666667,-0.2,-0.183333333333333,-0.166666666666667,
-0.15,-0.133333333333333,-0.116666666666667,-0.1,-0.0833333333333333,-0.0666666666666667,
-0.05,-0.0333333333333333,-0.0166666666666667,0.),.UNSPECIFIED.)
CURVE()
GEOMETRIC_REPRESENTATION_ITEM()
RATIONAL_B_SPLINE_CURVE((1.,1.,1.,1.,1.,1.,1.,1.,1.,1.,1.,1.,1.,1.,1.,1.,
1.,1.,1.,1.,1.,1.,1.,1.,1.,1.,1.,1.,1.,1.,1.,1.,1.,1.,1.,1.,1.,1.,1.,1.,
1.,1.,1.,1.,1.,1.,1.,1.,1.,1.,1.,1.,1.,1.,1.,1.,1.,1.,1.,1.,1.,1.,1.,1.,
1.))
REPRESENTATION_ITEM('')
);
#27=(
BOUNDED_CURVE()
B_SPLINE_CURVE(5,(#1445,#1446,#1447,#1448,#1449,#1450,#1451,#1452,#1453,
#1454,#1455,#1456,#1457,#1458,#1459,#1460,#1461,#1462,#1463,#1464,#1465,
#1466,#1467,#1468,#1469,#1470,#1471,#1472,#1473,#1474,#1475,#1476,#1477,
#1478,#1479,#1480,#1481,#1482,#1483,#1484,#1485,#1486,#1487,#1488,#1489,
#1490,#1491,#1492,#1493,#1494,#1495,#1496,#1497,#1498,#1499,#1500,#1501,
#1502,#1503,#1504,#1505,#1506,#1507,#1508,#1509),.UNSPECIFIED.,.F.,.F.)
B_SPLINE_CURVE_WITH_KNOTS((6,1,1,1,1,1,1,1,1,1,1,1,1,1,1,1,1,1,1,1,1,1,
1,1,1,1,1,1,1,1,1,1,1,1,1,1,1,1,1,1,1,1,1,1,1,1,1,1,1,1,1,1,1,1,1,1,1,1,
1,1,6),(0.,0.0166666666666667,0.0333333333333333,0.05,0.0666666666666667,
0.0833333333333333,0.1,0.116666666666667,0.133333333333333,0.15,0.166666666666667,
0.183333333333333,0.2,0.216666666666667,0.233333333333333,0.25,0.266666666666667,
0.283333333333333,0.3,0.316666666666667,0.333333333333333,0.35,0.366666666666667,
0.383333333333333,0.4,0.416666666666667,0.433333333333333,0.45,0.466666666666667,
0.483333333333333,0.5,0.516666666666667,0.533333333333333,0.55,0.566666666666667,
0.583333333333333,0.6,0.616666666666667,0.633333333333334,0.65,0.666666666666667,
0.683333333333334,0.700000000000001,0.716666666666667,0.733333333333334,
0.750000000000001,0.766666666666667,0.783333333333334,0.800000000000001,
0.816666666666668,0.833333333333334,0.850000000000001,0.866666666666668,
0.883333333333334,0.900000000000001,0.916666666666668,0.933333333333335,
0.950000000000001,0.966666666666668,0.983333333333335,1.),.UNSPECIFIED.)
CURVE()
GEOMETRIC_REPRESENTATION_ITEM()
RATIONAL_B_SPLINE_CURVE((1.,1.,1.,1.,1.,1.,1.,1.,1.,1.,1.,1.,1.,1.,1.,1.,
1.,1.,1.,1.,1.,1.,1.,1.,1.,1.,1.,1.,1.,1.,1.,1.,1.,1.,1.,1.,1.,1.,1.,1.,
1.,1.,1.,1.,1.,1.,1.,1.,1.,1.,1.,1.,1.,1.,1.,1.,1.,1.,1.,1.,1.,1.,1.,1.,
1.))
REPRESENTATION_ITEM('')
);
#28=(
BOUNDED_CURVE()
B_SPLINE_CURVE(5,(#2558,#2559,#2560,#2561,#2562,#2563,#2564,#2565,#2566,
#2567,#2568,#2569,#2570,#2571,#2572,#2573,#2574,#2575,#2576,#2577,#2578,
#2579,#2580,#2581,#2582,#2583,#2584,#2585,#2586,#2587,#2588,#2589,#2590,
#2591,#2592,#2593,#2594,#2595,#2596,#2597,#2598,#2599,#2600,#2601,#2602,
#2603,#2604,#2605,#2606,#2607,#2608,#2609,#2610,#2611,#2612,#2613,#2614,
#2615,#2616,#2617,#2618,#2619,#2620,#2621,#2622),.UNSPECIFIED.,.F.,.F.)
B_SPLINE_CURVE_WITH_KNOTS((6,1,1,1,1,1,1,1,1,1,1,1,1,1,1,1,1,1,1,1,1,1,
1,1,1,1,1,1,1,1,1,1,1,1,1,1,1,1,1,1,1,1,1,1,1,1,1,1,1,1,1,1,1,1,1,1,1,1,
1,1,6),(0.,0.0166666666666667,0.0333333333333333,0.05,0.0666666666666667,
0.0833333333333333,0.1,0.116666666666667,0.133333333333333,0.15,0.166666666666667,
0.183333333333333,0.2,0.216666666666667,0.233333333333333,0.25,0.266666666666667,
0.283333333333333,0.3,0.316666666666667,0.333333333333333,0.35,0.366666666666667,
0.383333333333333,0.4,0.416666666666667,0.433333333333333,0.45,0.466666666666667,
0.483333333333333,0.5,0.516666666666667,0.533333333333333,0.55,0.566666666666667,
0.583333333333333,0.6,0.616666666666667,0.633333333333334,0.65,0.666666666666667,
0.683333333333334,0.700000000000001,0.716666666666667,0.733333333333334,
0.750000000000001,0.766666666666667,0.783333333333334,0.800000000000001,
0.816666666666668,0.833333333333334,0.850000000000001,0.866666666666668,
0.883333333333334,0.900000000000001,0.916666666666668,0.933333333333335,
0.950000000000001,0.966666666666668,0.983333333333335,1.),.UNSPECIFIED.)
CURVE()
GEOMETRIC_REPRESENTATION_ITEM()
RATIONAL_B_SPLINE_CURVE((1.,1.,1.,1.,1.,1.,1.,1.,1.,1.,1.,1.,1.,1.,1.,1.,
1.,1.,1.,1.,1.,1.,1.,1.,1.,1.,1.,1.,1.,1.,1.,1.,1.,1.,1.,1.,1.,1.,1.,1.,
1.,1.,1.,1.,1.,1.,1.,1.,1.,1.,1.,1.,1.,1.,1.,1.,1.,1.,1.,1.,1.,1.,1.,1.,
1.))
REPRESENTATION_ITEM('')
);
#29=(
BOUNDED_CURVE()
B_SPLINE_CURVE(5,(#2623,#2624,#2625,#2626,#2627,#2628,#2629,#2630,#2631,
#2632,#2633,#2634,#2635,#2636,#2637,#2638,#2639,#2640,#2641,#2642,#2643,
#2644,#2645,#2646,#2647,#2648,#2649,#2650,#2651,#2652,#2653,#2654,#2655,
#2656,#2657,#2658,#2659,#2660,#2661,#2662,#2663,#2664,#2665,#2666,#2667,
#2668,#2669,#2670,#2671,#2672,#2673,#2674,#2675,#2676,#2677,#2678,#2679,
#2680,#2681,#2682,#2683,#2684,#2685,#2686,#2687),.UNSPECIFIED.,.F.,.F.)
B_SPLINE_CURVE_WITH_KNOTS((6,1,1,1,1,1,1,1,1,1,1,1,1,1,1,1,1,1,1,1,1,1,
1,1,1,1,1,1,1,1,1,1,1,1,1,1,1,1,1,1,1,1,1,1,1,1,1,1,1,1,1,1,1,1,1,1,1,1,
1,1,6),(0.,0.0166666666666667,0.0333333333333333,0.05,0.0666666666666667,
0.0833333333333333,0.1,0.116666666666667,0.133333333333333,0.15,0.166666666666667,
0.183333333333333,0.2,0.216666666666667,0.233333333333333,0.25,0.266666666666667,
0.283333333333333,0.3,0.316666666666667,0.333333333333333,0.35,0.366666666666667,
0.383333333333333,0.4,0.416666666666667,0.433333333333333,0.45,0.466666666666667,
0.483333333333333,0.5,0.516666666666667,0.533333333333333,0.55,0.566666666666667,
0.583333333333333,0.6,0.616666666666667,0.633333333333334,0.65,0.666666666666667,
0.683333333333334,0.700000000000001,0.716666666666667,0.733333333333334,
0.750000000000001,0.766666666666667,0.783333333333334,0.800000000000001,
0.816666666666668,0.833333333333334,0.850000000000001,0.866666666666668,
0.883333333333334,0.900000000000001,0.916666666666668,0.933333333333335,
0.950000000000001,0.966666666666668,0.983333333333335,1.),.UNSPECIFIED.)
CURVE()
GEOMETRIC_REPRESENTATION_ITEM()
RATIONAL_B_SPLINE_CURVE((1.,1.,1.,1.,1.,1.,1.,1.,1.,1.,1.,1.,1.,1.,1.,1.,
1.,1.,1.,1.,1.,1.,1.,1.,1.,1.,1.,1.,1.,1.,1.,1.,1.,1.,1.,1.,1.,1.,1.,1.,
1.,1.,1.,1.,1.,1.,1.,1.,1.,1.,1.,1.,1.,1.,1.,1.,1.,1.,1.,1.,1.,1.,1.,1.,
1.))
REPRESENTATION_ITEM('')
);
#30=(
BOUNDED_CURVE()
B_SPLINE_CURVE(5,(#2822,#2823,#2824,#2825,#2826,#2827,#2828,#2829,#2830,
#2831,#2832,#2833,#2834,#2835,#2836,#2837,#2838,#2839,#2840,#2841,#2842,
#2843,#2844,#2845,#2846,#2847,#2848,#2849,#2850,#2851,#2852,#2853,#2854,
#2855,#2856,#2857,#2858,#2859,#2860,#2861,#2862,#2863,#2864,#2865,#2866,
#2867,#2868,#2869,#2870,#2871,#2872,#2873,#2874,#2875,#2876,#2877,#2878,
#2879,#2880,#2881,#2882,#2883,#2884,#2885,#2886),.UNSPECIFIED.,.F.,.F.)
B_SPLINE_CURVE_WITH_KNOTS((6,1,1,1,1,1,1,1,1,1,1,1,1,1,1,1,1,1,1,1,1,1,
1,1,1,1,1,1,1,1,1,1,1,1,1,1,1,1,1,1,1,1,1,1,1,1,1,1,1,1,1,1,1,1,1,1,1,1,
1,1,6),(0.,0.0166666666666667,0.0333333333333333,0.05,0.0666666666666667,
0.0833333333333333,0.1,0.116666666666667,0.133333333333333,0.15,0.166666666666667,
0.183333333333333,0.2,0.216666666666667,0.233333333333333,0.25,0.266666666666667,
0.283333333333333,0.3,0.316666666666667,0.333333333333333,0.35,0.366666666666667,
0.383333333333333,0.4,0.416666666666667,0.433333333333333,0.45,0.466666666666667,
0.483333333333333,0.5,0.516666666666667,0.533333333333333,0.55,0.566666666666667,
0.583333333333333,0.6,0.616666666666667,0.633333333333334,0.65,0.666666666666667,
0.683333333333334,0.700000000000001,0.716666666666667,0.733333333333334,
0.750000000000001,0.766666666666667,0.783333333333334,0.800000000000001,
0.816666666666668,0.833333333333334,0.850000000000001,0.866666666666668,
0.883333333333334,0.900000000000001,0.916666666666668,0.933333333333335,
0.950000000000001,0.966666666666668,0.983333333333335,1.),.UNSPECIFIED.)
CURVE()
GEOMETRIC_REPRESENTATION_ITEM()
RATIONAL_B_SPLINE_CURVE((1.,1.,1.,1.,1.,1.,1.,1.,1.,1.,1.,1.,1.,1.,1.,1.,
1.,1.,1.,1.,1.,1.,1.,1.,1.,1.,1.,1.,1.,1.,1.,1.,1.,1.,1.,1.,1.,1.,1.,1.,
1.,1.,1.,1.,1.,1.,1.,1.,1.,1.,1.,1.,1.,1.,1.,1.,1.,1.,1.,1.,1.,1.,1.,1.,
1.))
REPRESENTATION_ITEM('')
);
#31=(
BOUNDED_CURVE()
B_SPLINE_CURVE(5,(#2892,#2893,#2894,#2895,#2896,#2897,#2898,#2899,#2900,
#2901,#2902,#2903,#2904,#2905,#2906,#2907,#2908,#2909,#2910,#2911,#2912,
#2913,#2914,#2915,#2916,#2917,#2918,#2919,#2920,#2921,#2922,#2923,#2924,
#2925,#2926,#2927,#2928,#2929,#2930,#2931,#2932,#2933,#2934,#2935,#2936,
#2937,#2938,#2939,#2940,#2941,#2942,#2943,#2944,#2945,#2946,#2947,#2948,
#2949,#2950,#2951,#2952,#2953,#2954,#2955,#2956),.UNSPECIFIED.,.F.,.F.)
B_SPLINE_CURVE_WITH_KNOTS((6,1,1,1,1,1,1,1,1,1,1,1,1,1,1,1,1,1,1,1,1,1,
1,1,1,1,1,1,1,1,1,1,1,1,1,1,1,1,1,1,1,1,1,1,1,1,1,1,1,1,1,1,1,1,1,1,1,1,
1,1,6),(0.,0.0166666666666667,0.0333333333333333,0.05,0.0666666666666667,
0.0833333333333333,0.1,0.116666666666667,0.133333333333333,0.15,0.166666666666667,
0.183333333333333,0.2,0.216666666666667,0.233333333333333,0.25,0.266666666666667,
0.283333333333333,0.3,0.316666666666667,0.333333333333333,0.35,0.366666666666667,
0.383333333333333,0.4,0.416666666666667,0.433333333333333,0.45,0.466666666666667,
0.483333333333333,0.5,0.516666666666667,0.533333333333333,0.55,0.566666666666667,
0.583333333333333,0.6,0.616666666666667,0.633333333333334,0.65,0.666666666666667,
0.683333333333334,0.700000000000001,0.716666666666667,0.733333333333334,
0.750000000000001,0.766666666666667,0.783333333333334,0.800000000000001,
0.816666666666668,0.833333333333334,0.850000000000001,0.866666666666668,
0.883333333333334,0.900000000000001,0.916666666666668,0.933333333333335,
0.950000000000001,0.966666666666668,0.983333333333335,1.),.UNSPECIFIED.)
CURVE()
GEOMETRIC_REPRESENTATION_ITEM()
RATIONAL_B_SPLINE_CURVE((1.,1.,1.,1.,1.,1.,1.,1.,1.,1.,1.,1.,1.,1.,1.,1.,
1.,1.,1.,1.,1.,1.,1.,1.,1.,1.,1.,1.,1.,1.,1.,1.,1.,1.,1.,1.,1.,1.,1.,1.,
1.,1.,1.,1.,1.,1.,1.,1.,1.,1.,1.,1.,1.,1.,1.,1.,1.,1.,1.,1.,1.,1.,1.,1.,
1.))
REPRESENTATION_ITEM('')
);
#32=(
BOUNDED_CURVE()
B_SPLINE_CURVE(5,(#4474,#4475,#4476,#4477,#4478,#4479,#4480,#4481,#4482,
#4483,#4484,#4485,#4486,#4487,#4488,#4489,#4490,#4491,#4492,#4493,#4494,
#4495,#4496,#4497,#4498,#4499,#4500,#4501,#4502,#4503,#4504,#4505,#4506,
#4507,#4508,#4509,#4510,#4511,#4512,#4513,#4514,#4515,#4516,#4517,#4518,
#4519,#4520,#4521,#4522,#4523,#4524,#4525,#4526,#4527,#4528,#4529,#4530,
#4531,#4532,#4533,#4534,#4535,#4536,#4537,#4538),.UNSPECIFIED.,.F.,.F.)
B_SPLINE_CURVE_WITH_KNOTS((6,1,1,1,1,1,1,1,1,1,1,1,1,1,1,1,1,1,1,1,1,1,
1,1,1,1,1,1,1,1,1,1,1,1,1,1,1,1,1,1,1,1,1,1,1,1,1,1,1,1,1,1,1,1,1,1,1,1,
1,1,6),(-1.,-0.983333333333335,-0.966666666666668,-0.950000000000001,-0.933333333333335,
-0.916666666666668,-0.900000000000001,-0.883333333333334,-0.866666666666668,
-0.850000000000001,-0.833333333333334,-0.816666666666668,-0.800000000000001,
-0.783333333333334,-0.766666666666667,-0.750000000000001,-0.733333333333334,
-0.716666666666667,-0.700000000000001,-0.683333333333334,-0.666666666666667,
-0.65,-0.633333333333334,-0.616666666666667,-0.6,-0.583333333333333,-0.566666666666667,
-0.55,-0.533333333333333,-0.516666666666667,-0.5,-0.483333333333333,-0.466666666666667,
-0.45,-0.433333333333333,-0.416666666666667,-0.4,-0.383333333333333,-0.366666666666667,
-0.35,-0.333333333333333,-0.316666666666667,-0.3,-0.283333333333333,-0.266666666666667,
-0.25,-0.233333333333333,-0.216666666666667,-0.2,-0.183333333333333,-0.166666666666667,
-0.15,-0.133333333333333,-0.116666666666667,-0.1,-0.0833333333333333,-0.0666666666666667,
-0.05,-0.0333333333333333,-0.0166666666666667,0.),.UNSPECIFIED.)
CURVE()
GEOMETRIC_REPRESENTATION_ITEM()
RATIONAL_B_SPLINE_CURVE((1.,1.,1.,1.,1.,1.,1.,1.,1.,1.,1.,1.,1.,1.,1.,1.,
1.,1.,1.,1.,1.,1.,1.,1.,1.,1.,1.,1.,1.,1.,1.,1.,1.,1.,1.,1.,1.,1.,1.,1.,
1.,1.,1.,1.,1.,1.,1.,1.,1.,1.,1.,1.,1.,1.,1.,1.,1.,1.,1.,1.,1.,1.,1.,1.,
1.))
REPRESENTATION_ITEM('')
);
#33=(
BOUNDED_CURVE()
B_SPLINE_CURVE(5,(#4670,#4671,#4672,#4673,#4674,#4675,#4676,#4677,#4678,
#4679,#4680,#4681,#4682,#4683,#4684,#4685,#4686,#4687,#4688,#4689,#4690,
#4691,#4692,#4693,#4694,#4695,#4696,#4697,#4698,#4699,#4700,#4701,#4702,
#4703,#4704,#4705,#4706,#4707,#4708,#4709,#4710,#4711,#4712,#4713,#4714,
#4715,#4716,#4717,#4718,#4719,#4720,#4721,#4722,#4723,#4724,#4725,#4726,
#4727,#4728,#4729,#4730,#4731,#4732,#4733,#4734),.UNSPECIFIED.,.F.,.F.)
B_SPLINE_CURVE_WITH_KNOTS((6,1,1,1,1,1,1,1,1,1,1,1,1,1,1,1,1,1,1,1,1,1,
1,1,1,1,1,1,1,1,1,1,1,1,1,1,1,1,1,1,1,1,1,1,1,1,1,1,1,1,1,1,1,1,1,1,1,1,
1,1,6),(0.,0.0166666666666667,0.0333333333333333,0.05,0.0666666666666667,
0.0833333333333333,0.1,0.116666666666667,0.133333333333333,0.15,0.166666666666667,
0.183333333333333,0.2,0.216666666666667,0.233333333333333,0.25,0.266666666666667,
0.283333333333333,0.3,0.316666666666667,0.333333333333333,0.35,0.366666666666667,
0.383333333333333,0.4,0.416666666666667,0.433333333333333,0.45,0.466666666666667,
0.483333333333333,0.5,0.516666666666667,0.533333333333333,0.55,0.566666666666667,
0.583333333333333,0.6,0.616666666666667,0.633333333333334,0.65,0.666666666666667,
0.683333333333334,0.700000000000001,0.716666666666667,0.733333333333334,
0.750000000000001,0.766666666666667,0.783333333333334,0.800000000000001,
0.816666666666668,0.833333333333334,0.850000000000001,0.866666666666668,
0.883333333333334,0.900000000000001,0.916666666666668,0.933333333333335,
0.950000000000001,0.966666666666668,0.983333333333335,1.),.UNSPECIFIED.)
CURVE()
GEOMETRIC_REPRESENTATION_ITEM()
RATIONAL_B_SPLINE_CURVE((1.,1.,1.,1.,1.,1.,1.,1.,1.,1.,1.,1.,1.,1.,1.,1.,
1.,1.,1.,1.,1.,1.,1.,1.,1.,1.,1.,1.,1.,1.,1.,1.,1.,1.,1.,1.,1.,1.,1.,1.,
1.,1.,1.,1.,1.,1.,1.,1.,1.,1.,1.,1.,1.,1.,1.,1.,1.,1.,1.,1.,1.,1.,1.,1.,
1.))
REPRESENTATION_ITEM('')
);
#34=(
BOUNDED_CURVE()
B_SPLINE_CURVE(5,(#4735,#4736,#4737,#4738,#4739,#4740,#4741,#4742,#4743,
#4744,#4745,#4746,#4747,#4748,#4749,#4750,#4751,#4752,#4753,#4754,#4755,
#4756,#4757,#4758,#4759,#4760,#4761,#4762,#4763,#4764,#4765,#4766,#4767,
#4768,#4769,#4770,#4771,#4772,#4773,#4774,#4775,#4776,#4777,#4778,#4779,
#4780,#4781,#4782,#4783,#4784,#4785,#4786,#4787,#4788,#4789,#4790,#4791,
#4792,#4793,#4794,#4795,#4796,#4797,#4798,#4799),.UNSPECIFIED.,.F.,.F.)
B_SPLINE_CURVE_WITH_KNOTS((6,1,1,1,1,1,1,1,1,1,1,1,1,1,1,1,1,1,1,1,1,1,
1,1,1,1,1,1,1,1,1,1,1,1,1,1,1,1,1,1,1,1,1,1,1,1,1,1,1,1,1,1,1,1,1,1,1,1,
1,1,6),(0.,0.0166666666666667,0.0333333333333333,0.05,0.0666666666666667,
0.0833333333333333,0.1,0.116666666666667,0.133333333333333,0.15,0.166666666666667,
0.183333333333333,0.2,0.216666666666667,0.233333333333333,0.25,0.266666666666667,
0.283333333333333,0.3,0.316666666666667,0.333333333333333,0.35,0.366666666666667,
0.383333333333333,0.4,0.416666666666667,0.433333333333333,0.45,0.466666666666667,
0.483333333333333,0.5,0.516666666666667,0.533333333333333,0.55,0.566666666666667,
0.583333333333333,0.6,0.616666666666667,0.633333333333334,0.65,0.666666666666667,
0.683333333333334,0.700000000000001,0.716666666666667,0.733333333333334,
0.750000000000001,0.766666666666667,0.783333333333334,0.800000000000001,
0.816666666666668,0.833333333333334,0.850000000000001,0.866666666666668,
0.883333333333334,0.900000000000001,0.916666666666668,0.933333333333335,
0.950000000000001,0.966666666666668,0.983333333333335,1.),.UNSPECIFIED.)
CURVE()
GEOMETRIC_REPRESENTATION_ITEM()
RATIONAL_B_SPLINE_CURVE((1.,1.,1.,1.,1.,1.,1.,1.,1.,1.,1.,1.,1.,1.,1.,1.,
1.,1.,1.,1.,1.,1.,1.,1.,1.,1.,1.,1.,1.,1.,1.,1.,1.,1.,1.,1.,1.,1.,1.,1.,
1.,1.,1.,1.,1.,1.,1.,1.,1.,1.,1.,1.,1.,1.,1.,1.,1.,1.,1.,1.,1.,1.,1.,1.,
1.))
REPRESENTATION_ITEM('')
);
#35=(
BOUNDED_CURVE()
B_SPLINE_CURVE(5,(#5852,#5853,#5854,#5855,#5856,#5857,#5858,#5859,#5860,
#5861,#5862,#5863,#5864,#5865,#5866,#5867,#5868,#5869,#5870,#5871,#5872,
#5873,#5874,#5875,#5876,#5877,#5878,#5879,#5880,#5881,#5882,#5883,#5884,
#5885,#5886,#5887,#5888,#5889,#5890,#5891,#5892,#5893,#5894,#5895,#5896,
#5897,#5898,#5899,#5900,#5901,#5902,#5903,#5904,#5905,#5906,#5907,#5908,
#5909,#5910,#5911,#5912,#5913,#5914,#5915,#5916),.UNSPECIFIED.,.F.,.F.)
B_SPLINE_CURVE_WITH_KNOTS((6,1,1,1,1,1,1,1,1,1,1,1,1,1,1,1,1,1,1,1,1,1,
1,1,1,1,1,1,1,1,1,1,1,1,1,1,1,1,1,1,1,1,1,1,1,1,1,1,1,1,1,1,1,1,1,1,1,1,
1,1,6),(0.,0.0166666666666667,0.0333333333333333,0.05,0.0666666666666667,
0.0833333333333333,0.1,0.116666666666667,0.133333333333333,0.15,0.166666666666667,
0.183333333333333,0.2,0.216666666666667,0.233333333333333,0.25,0.266666666666667,
0.283333333333333,0.3,0.316666666666667,0.333333333333333,0.35,0.366666666666667,
0.383333333333333,0.4,0.416666666666667,0.433333333333333,0.45,0.466666666666667,
0.483333333333333,0.5,0.516666666666667,0.533333333333333,0.55,0.566666666666667,
0.583333333333333,0.6,0.616666666666667,0.633333333333334,0.65,0.666666666666667,
0.683333333333334,0.700000000000001,0.716666666666667,0.733333333333334,
0.750000000000001,0.766666666666667,0.783333333333334,0.800000000000001,
0.816666666666668,0.833333333333334,0.850000000000001,0.866666666666668,
0.883333333333334,0.900000000000001,0.916666666666668,0.933333333333335,
0.950000000000001,0.966666666666668,0.983333333333335,1.),.UNSPECIFIED.)
CURVE()
GEOMETRIC_REPRESENTATION_ITEM()
RATIONAL_B_SPLINE_CURVE((1.,1.,1.,1.,1.,1.,1.,1.,1.,1.,1.,1.,1.,1.,1.,1.,
1.,1.,1.,1.,1.,1.,1.,1.,1.,1.,1.,1.,1.,1.,1.,1.,1.,1.,1.,1.,1.,1.,1.,1.,
1.,1.,1.,1.,1.,1.,1.,1.,1.,1.,1.,1.,1.,1.,1.,1.,1.,1.,1.,1.,1.,1.,1.,1.,
1.))
REPRESENTATION_ITEM('')
);
#36=(
BOUNDED_CURVE()
B_SPLINE_CURVE(5,(#5919,#5920,#5921,#5922,#5923,#5924,#5925,#5926,#5927,
#5928,#5929,#5930,#5931,#5932,#5933,#5934,#5935,#5936,#5937,#5938,#5939,
#5940,#5941,#5942,#5943,#5944,#5945,#5946,#5947,#5948,#5949,#5950,#5951,
#5952,#5953,#5954,#5955,#5956,#5957,#5958,#5959,#5960,#5961,#5962,#5963,
#5964,#5965,#5966,#5967,#5968,#5969,#5970,#5971,#5972,#5973,#5974,#5975,
#5976,#5977,#5978,#5979,#5980,#5981,#5982,#5983),.UNSPECIFIED.,.F.,.F.)
B_SPLINE_CURVE_WITH_KNOTS((6,1,1,1,1,1,1,1,1,1,1,1,1,1,1,1,1,1,1,1,1,1,
1,1,1,1,1,1,1,1,1,1,1,1,1,1,1,1,1,1,1,1,1,1,1,1,1,1,1,1,1,1,1,1,1,1,1,1,
1,1,6),(0.,0.0166666666666667,0.0333333333333333,0.05,0.0666666666666667,
0.0833333333333333,0.1,0.116666666666667,0.133333333333333,0.15,0.166666666666667,
0.183333333333333,0.2,0.216666666666667,0.233333333333333,0.25,0.266666666666667,
0.283333333333333,0.3,0.316666666666667,0.333333333333333,0.35,0.366666666666667,
0.383333333333333,0.4,0.416666666666667,0.433333333333333,0.45,0.466666666666667,
0.483333333333333,0.5,0.516666666666667,0.533333333333333,0.55,0.566666666666667,
0.583333333333333,0.6,0.616666666666667,0.633333333333334,0.65,0.666666666666667,
0.683333333333334,0.700000000000001,0.716666666666667,0.733333333333334,
0.750000000000001,0.766666666666667,0.783333333333334,0.800000000000001,
0.816666666666668,0.833333333333334,0.850000000000001,0.866666666666668,
0.883333333333334,0.900000000000001,0.916666666666668,0.933333333333335,
0.950000000000001,0.966666666666668,0.983333333333335,1.),.UNSPECIFIED.)
CURVE()
GEOMETRIC_REPRESENTATION_ITEM()
RATIONAL_B_SPLINE_CURVE((1.,1.,1.,1.,1.,1.,1.,1.,1.,1.,1.,1.,1.,1.,1.,1.,
1.,1.,1.,1.,1.,1.,1.,1.,1.,1.,1.,1.,1.,1.,1.,1.,1.,1.,1.,1.,1.,1.,1.,1.,
1.,1.,1.,1.,1.,1.,1.,1.,1.,1.,1.,1.,1.,1.,1.,1.,1.,1.,1.,1.,1.,1.,1.,1.,
1.))
REPRESENTATION_ITEM('')
);
#37=(
BOUNDED_CURVE()
B_SPLINE_CURVE(5,(#5987,#5988,#5989,#5990,#5991,#5992,#5993,#5994,#5995,
#5996,#5997,#5998,#5999,#6000,#6001,#6002,#6003,#6004,#6005,#6006,#6007,
#6008,#6009,#6010,#6011,#6012,#6013,#6014,#6015,#6016,#6017,#6018,#6019,
#6020,#6021,#6022,#6023,#6024,#6025,#6026,#6027,#6028,#6029,#6030,#6031,
#6032,#6033,#6034,#6035,#6036,#6037,#6038,#6039,#6040,#6041,#6042,#6043,
#6044,#6045,#6046,#6047,#6048,#6049,#6050,#6051),.UNSPECIFIED.,.F.,.F.)
B_SPLINE_CURVE_WITH_KNOTS((6,1,1,1,1,1,1,1,1,1,1,1,1,1,1,1,1,1,1,1,1,1,
1,1,1,1,1,1,1,1,1,1,1,1,1,1,1,1,1,1,1,1,1,1,1,1,1,1,1,1,1,1,1,1,1,1,1,1,
1,1,6),(0.,0.0166666666666667,0.0333333333333333,0.05,0.0666666666666667,
0.0833333333333333,0.1,0.116666666666667,0.133333333333333,0.15,0.166666666666667,
0.183333333333333,0.2,0.216666666666667,0.233333333333333,0.25,0.266666666666667,
0.283333333333333,0.3,0.316666666666667,0.333333333333333,0.35,0.366666666666667,
0.383333333333333,0.4,0.416666666666667,0.433333333333333,0.45,0.466666666666667,
0.483333333333333,0.5,0.516666666666667,0.533333333333333,0.55,0.566666666666667,
0.583333333333333,0.6,0.616666666666667,0.633333333333334,0.65,0.666666666666667,
0.683333333333334,0.700000000000001,0.716666666666667,0.733333333333334,
0.750000000000001,0.766666666666667,0.783333333333334,0.800000000000001,
0.816666666666668,0.833333333333334,0.850000000000001,0.866666666666668,
0.883333333333334,0.900000000000001,0.916666666666668,0.933333333333335,
0.950000000000001,0.966666666666668,0.983333333333335,1.),.UNSPECIFIED.)
CURVE()
GEOMETRIC_REPRESENTATION_ITEM()
RATIONAL_B_SPLINE_CURVE((1.,1.,1.,1.,1.,1.,1.,1.,1.,1.,1.,1.,1.,1.,1.,1.,
1.,1.,1.,1.,1.,1.,1.,1.,1.,1.,1.,1.,1.,1.,1.,1.,1.,1.,1.,1.,1.,1.,1.,1.,
1.,1.,1.,1.,1.,1.,1.,1.,1.,1.,1.,1.,1.,1.,1.,1.,1.,1.,1.,1.,1.,1.,1.,1.,
1.))
REPRESENTATION_ITEM('')
);
#38=(
BOUNDED_CURVE()
B_SPLINE_CURVE(5,(#6052,#6053,#6054,#6055,#6056,#6057,#6058,#6059,#6060,
#6061,#6062,#6063,#6064,#6065,#6066,#6067,#6068,#6069,#6070,#6071,#6072,
#6073,#6074,#6075,#6076,#6077,#6078,#6079,#6080,#6081,#6082,#6083,#6084,
#6085,#6086,#6087,#6088,#6089,#6090,#6091,#6092,#6093,#6094,#6095,#6096,
#6097,#6098,#6099,#6100,#6101,#6102,#6103,#6104,#6105,#6106,#6107,#6108,
#6109,#6110,#6111,#6112,#6113,#6114,#6115,#6116),.UNSPECIFIED.,.F.,.F.)
B_SPLINE_CURVE_WITH_KNOTS((6,1,1,1,1,1,1,1,1,1,1,1,1,1,1,1,1,1,1,1,1,1,
1,1,1,1,1,1,1,1,1,1,1,1,1,1,1,1,1,1,1,1,1,1,1,1,1,1,1,1,1,1,1,1,1,1,1,1,
1,1,6),(-1.,-0.983333333333335,-0.966666666666668,-0.950000000000001,-0.933333333333335,
-0.916666666666668,-0.900000000000001,-0.883333333333334,-0.866666666666668,
-0.850000000000001,-0.833333333333334,-0.816666666666668,-0.800000000000001,
-0.783333333333334,-0.766666666666667,-0.750000000000001,-0.733333333333334,
-0.716666666666667,-0.700000000000001,-0.683333333333334,-0.666666666666667,
-0.65,-0.633333333333334,-0.616666666666667,-0.6,-0.583333333333333,-0.566666666666667,
-0.55,-0.533333333333333,-0.516666666666667,-0.5,-0.483333333333333,-0.466666666666667,
-0.45,-0.433333333333333,-0.416666666666667,-0.4,-0.383333333333333,-0.366666666666667,
-0.35,-0.333333333333333,-0.316666666666667,-0.3,-0.283333333333333,-0.266666666666667,
-0.25,-0.233333333333333,-0.216666666666667,-0.2,-0.183333333333333,-0.166666666666667,
-0.15,-0.133333333333333,-0.116666666666667,-0.1,-0.0833333333333333,-0.0666666666666667,
-0.05,-0.0333333333333333,-0.0166666666666667,0.),.UNSPECIFIED.)
CURVE()
GEOMETRIC_REPRESENTATION_ITEM()
RATIONAL_B_SPLINE_CURVE((1.,1.,1.,1.,1.,1.,1.,1.,1.,1.,1.,1.,1.,1.,1.,1.,
1.,1.,1.,1.,1.,1.,1.,1.,1.,1.,1.,1.,1.,1.,1.,1.,1.,1.,1.,1.,1.,1.,1.,1.,
1.,1.,1.,1.,1.,1.,1.,1.,1.,1.,1.,1.,1.,1.,1.,1.,1.,1.,1.,1.,1.,1.,1.,1.,
1.))
REPRESENTATION_ITEM('')
);
#39=STYLED_ITEM('',(#6136),#894);
#40=STYLED_ITEM('',(#6136),#895);
#41=STYLED_ITEM('',(#6136),#896);
#42=STYLED_ITEM('',(#6136),#897);
#43=STYLED_ITEM('',(#6136),#898);
#44=STYLED_ITEM('',(#6136),#899);
#45=STYLED_ITEM('',(#6136),#900);
#46=STYLED_ITEM('',(#6136),#901);
#47=STYLED_ITEM('',(#6136),#902);
#48=STYLED_ITEM('',(#6137),#903);
#49=STYLED_ITEM('',(#6138),#904);
#50=STYLED_ITEM('',(#6136),#905);
#51=STYLED_ITEM('',(#6136),#906);
#52=STYLED_ITEM('',(#6136),#907);
#53=STYLED_ITEM('',(#6138),#908);
#54=STYLED_ITEM('',(#6136),#909);
#55=STYLED_ITEM('',(#6136),#910);
#56=STYLED_ITEM('',(#6138),#911);
#57=STYLED_ITEM('',(#6138),#912);
#58=STYLED_ITEM('',(#6138),#913);
#59=STYLED_ITEM('',(#6138),#914);
#60=STYLED_ITEM('',(#6136),#915);
#61=FACE_OUTER_BOUND('',#102,.T.);
#62=FACE_OUTER_BOUND('',#103,.T.);
#63=FACE_OUTER_BOUND('',#104,.T.);
#64=FACE_OUTER_BOUND('',#105,.T.);
#65=FACE_OUTER_BOUND('',#106,.T.);
#66=FACE_OUTER_BOUND('',#107,.T.);
#67=FACE_OUTER_BOUND('',#108,.T.);
#68=FACE_OUTER_BOUND('',#109,.T.);
#69=FACE_OUTER_BOUND('',#110,.T.);
#70=FACE_OUTER_BOUND('',#111,.T.);
#71=FACE_OUTER_BOUND('',#112,.T.);
#72=FACE_OUTER_BOUND('',#113,.T.);
#73=FACE_OUTER_BOUND('',#114,.T.);
#74=FACE_OUTER_BOUND('',#115,.T.);
#75=FACE_OUTER_BOUND('',#116,.T.);
#76=FACE_OUTER_BOUND('',#117,.T.);
#77=FACE_OUTER_BOUND('',#118,.T.);
#78=FACE_OUTER_BOUND('',#119,.T.);
#79=FACE_OUTER_BOUND('',#120,.T.);
#80=FACE_OUTER_BOUND('',#121,.T.);
#81=FACE_OUTER_BOUND('',#122,.T.);
#82=FACE_OUTER_BOUND('',#123,.T.);
#83=FACE_OUTER_BOUND('',#124,.T.);
#84=FACE_OUTER_BOUND('',#125,.T.);
#85=FACE_OUTER_BOUND('',#126,.T.);
#86=FACE_OUTER_BOUND('',#127,.T.);
#87=FACE_OUTER_BOUND('',#128,.T.);
#88=FACE_OUTER_BOUND('',#129,.T.);
#89=FACE_OUTER_BOUND('',#130,.T.);
#90=FACE_OUTER_BOUND('',#131,.T.);
#91=FACE_OUTER_BOUND('',#132,.T.);
#92=FACE_OUTER_BOUND('',#133,.T.);
#93=FACE_OUTER_BOUND('',#134,.T.);
#94=FACE_OUTER_BOUND('',#135,.T.);
#95=FACE_OUTER_BOUND('',#136,.T.);
#96=FACE_OUTER_BOUND('',#137,.T.);
#97=FACE_OUTER_BOUND('',#138,.T.);
#98=FACE_OUTER_BOUND('',#139,.T.);
#99=FACE_OUTER_BOUND('',#140,.T.);
#100=FACE_OUTER_BOUND('',#141,.T.);
#101=FACE_OUTER_BOUND('',#142,.T.);
#102=EDGE_LOOP('',(#634,#635,#636,#637));
#103=EDGE_LOOP('',(#638,#639,#640,#641));
#104=EDGE_LOOP('',(#642,#643,#644,#645));
#105=EDGE_LOOP('',(#646,#647,#648,#649));
#106=EDGE_LOOP('',(#650,#651,#652,#653));
#107=EDGE_LOOP('',(#654,#655,#656,#657));
#108=EDGE_LOOP('',(#658,#659,#660,#661));
#109=EDGE_LOOP('',(#662,#663,#664,#665));
#110=EDGE_LOOP('',(#666,#667,#668,#669));
#111=EDGE_LOOP('',(#670,#671,#672,#673));
#112=EDGE_LOOP('',(#674,#675,#676,#677));
#113=EDGE_LOOP('',(#678,#679,#680,#681));
#114=EDGE_LOOP('',(#682,#683,#684,#685));
#115=EDGE_LOOP('',(#686,#687,#688,#689));
#116=EDGE_LOOP('',(#690,#691,#692,#693));
#117=EDGE_LOOP('',(#694,#695,#696,#697));
#118=EDGE_LOOP('',(#698,#699,#700,#701));
#119=EDGE_LOOP('',(#702,#703,#704,#705));
#120=EDGE_LOOP('',(#706,#707,#708,#709));
#121=EDGE_LOOP('',(#710,#711,#712,#713));
#122=EDGE_LOOP('',(#714,#715,#716,#717));
#123=EDGE_LOOP('',(#718,#719,#720,#721));
#124=EDGE_LOOP('',(#722,#723,#724,#725));
#125=EDGE_LOOP('',(#726,#727,#728,#729));
#126=EDGE_LOOP('',(#730,#731,#732,#733));
#127=EDGE_LOOP('',(#734,#735,#736,#737));
#128=EDGE_LOOP('',(#738,#739,#740,#741));
#129=EDGE_LOOP('',(#742,#743,#744,#745));
#130=EDGE_LOOP('',(#746,#747,#748,#749));
#131=EDGE_LOOP('',(#750,#751,#752,#753));
#132=EDGE_LOOP('',(#754,#755));
#133=EDGE_LOOP('',(#756,#757,#758,#759));
#134=EDGE_LOOP('',(#760,#761,#762,#763));
#135=EDGE_LOOP('',(#764,#765,#766,#767,#768,#769));
#136=EDGE_LOOP('',(#770,#771,#772,#773,#774,#775));
#137=EDGE_LOOP('',(#776,#777,#778,#779));
#138=EDGE_LOOP('',(#780,#781,#782,#783));
#139=EDGE_LOOP('',(#784,#785));
#140=EDGE_LOOP('',(#786,#787,#788,#789,#790));
#141=EDGE_LOOP('',(#791,#792,#793,#794,#795));
#142=EDGE_LOOP('',(#796,#797));
#143=LINE('',#1152,#261);
#144=LINE('',#1154,#262);
#145=LINE('',#1156,#263);
#146=LINE('',#1157,#264);
#147=LINE('',#1160,#265);
#148=LINE('',#1162,#266);
#149=LINE('',#1163,#267);
#150=LINE('',#1167,#268);
#151=LINE('',#1169,#269);
#152=LINE('',#1171,#270);
#153=LINE('',#1172,#271);
#154=LINE('',#1175,#272);
#155=LINE('',#1177,#273);
#156=LINE('',#1178,#274);
#157=LINE('',#1182,#275);
#158=LINE('',#1184,#276);
#159=LINE('',#1186,#277);
#160=LINE('',#1187,#278);
#161=LINE('',#1191,#279);
#162=LINE('',#1193,#280);
#163=LINE('',#1195,#281);
#164=LINE('',#1196,#282);
#165=LINE('',#1199,#283);
#166=LINE('',#1201,#284);
#167=LINE('',#1202,#285);
#168=LINE('',#1206,#286);
#169=LINE('',#1208,#287);
#170=LINE('',#1210,#288);
#171=LINE('',#1211,#289);
#172=LINE('',#1214,#290);
#173=LINE('',#1216,#291);
#174=LINE('',#1217,#292);
#175=LINE('',#1221,#293);
#176=LINE('',#1223,#294);
#177=LINE('',#1225,#295);
#178=LINE('',#1226,#296);
#179=LINE('',#1229,#297);
#180=LINE('',#1231,#298);
#181=LINE('',#1232,#299);
#182=LINE('',#1236,#300);
#183=LINE('',#1238,#301);
#184=LINE('',#1240,#302);
#185=LINE('',#1241,#303);
#186=LINE('',#1244,#304);
#187=LINE('',#1246,#305);
#188=LINE('',#1247,#306);
#189=LINE('',#1251,#307);
#190=LINE('',#1253,#308);
#191=LINE('',#1255,#309);
#192=LINE('',#1256,#310);
#193=LINE('',#1259,#311);
#194=LINE('',#1261,#312);
#195=LINE('',#1262,#313);
#196=LINE('',#1266,#314);
#197=LINE('',#1268,#315);
#198=LINE('',#1270,#316);
#199=LINE('',#1271,#317);
#200=LINE('',#1274,#318);
#201=LINE('',#1276,#319);
#202=LINE('',#1277,#320);
#203=LINE('',#1281,#321);
#204=LINE('',#1283,#322);
#205=LINE('',#1285,#323);
#206=LINE('',#1286,#324);
#207=LINE('',#1289,#325);
#208=LINE('',#1291,#326);
#209=LINE('',#1292,#327);
#210=LINE('',#1296,#328);
#211=LINE('',#1298,#329);
#212=LINE('',#1300,#330);
#213=LINE('',#1301,#331);
#214=LINE('',#1305,#332);
#215=LINE('',#1307,#333);
#216=LINE('',#1309,#334);
#217=LINE('',#1310,#335);
#218=LINE('',#1313,#336);
#219=LINE('',#1315,#337);
#220=LINE('',#1316,#338);
#221=LINE('',#1320,#339);
#222=LINE('',#1322,#340);
#223=LINE('',#1324,#341);
#224=LINE('',#1325,#342);
#225=LINE('',#1328,#343);
#226=LINE('',#1330,#344);
#227=LINE('',#1331,#345);
#228=LINE('',#1335,#346);
#229=LINE('',#1337,#347);
#230=LINE('',#1339,#348);
#231=LINE('',#1340,#349);
#232=LINE('',#1343,#350);
#233=LINE('',#1345,#351);
#234=LINE('',#1346,#352);
#235=LINE('',#1350,#353);
#236=LINE('',#1352,#354);
#237=LINE('',#1354,#355);
#238=LINE('',#1355,#356);
#239=LINE('',#1358,#357);
#240=LINE('',#1360,#358);
#241=LINE('',#1361,#359);
#242=LINE('',#1365,#360);
#243=LINE('',#1367,#361);
#244=LINE('',#1369,#362);
#245=LINE('',#1370,#363);
#246=LINE('',#1374,#364);
#247=LINE('',#1375,#365);
#248=LINE('',#1376,#366);
#249=LINE('',#2034,#367);
#250=LINE('',#2427,#368);
#251=LINE('',#2820,#369);
#252=LINE('',#2888,#370);
#253=LINE('',#2890,#371);
#254=LINE('',#2957,#372);
#255=LINE('',#4472,#373);
#256=LINE('',#4539,#374);
#257=LINE('',#4933,#375);
#258=LINE('',#5327,#376);
#259=LINE('',#5329,#377);
#260=LINE('',#5918,#378);
#261=VECTOR('',#966,80.);
#262=VECTOR('',#967,80.);
#263=VECTOR('',#968,80.);
#264=VECTOR('',#969,80.);
#265=VECTOR('',#972,80.);
#266=VECTOR('',#973,80.);
#267=VECTOR('',#974,80.);
#268=VECTOR('',#977,10.);
#269=VECTOR('',#978,10.);
#270=VECTOR('',#979,10.);
#271=VECTOR('',#980,10.);
#272=VECTOR('',#983,10.);
#273=VECTOR('',#984,10.);
#274=VECTOR('',#985,10.);
#275=VECTOR('',#988,10.);
#276=VECTOR('',#989,10.);
#277=VECTOR('',#990,10.);
#278=VECTOR('',#991,10.);
#279=VECTOR('',#994,80.);
#280=VECTOR('',#995,80.);
#281=VECTOR('',#996,80.);
#282=VECTOR('',#997,80.);
#283=VECTOR('',#1000,80.);
#284=VECTOR('',#1001,80.);
#285=VECTOR('',#1002,80.);
#286=VECTOR('',#1005,80.);
#287=VECTOR('',#1006,80.);
#288=VECTOR('',#1007,80.);
#289=VECTOR('',#1008,80.);
#290=VECTOR('',#1011,80.);
#291=VECTOR('',#1012,80.);
#292=VECTOR('',#1013,80.);
#293=VECTOR('',#1016,10.);
#294=VECTOR('',#1017,10.);
#295=VECTOR('',#1018,10.);
#296=VECTOR('',#1019,10.);
#297=VECTOR('',#1022,10.);
#298=VECTOR('',#1023,10.);
#299=VECTOR('',#1024,10.);
#300=VECTOR('',#1027,10.);
#301=VECTOR('',#1028,10.);
#302=VECTOR('',#1029,10.);
#303=VECTOR('',#1030,10.);
#304=VECTOR('',#1033,10.);
#305=VECTOR('',#1034,10.);
#306=VECTOR('',#1035,10.);
#307=VECTOR('',#1038,10.);
#308=VECTOR('',#1039,10.);
#309=VECTOR('',#1040,10.);
#310=VECTOR('',#1041,10.);
#311=VECTOR('',#1044,10.);
#312=VECTOR('',#1045,10.);
#313=VECTOR('',#1046,10.);
#314=VECTOR('',#1049,10.);
#315=VECTOR('',#1050,10.);
#316=VECTOR('',#1051,10.);
#317=VECTOR('',#1052,10.);
#318=VECTOR('',#1055,10.);
#319=VECTOR('',#1056,10.);
#320=VECTOR('',#1057,10.);
#321=VECTOR('',#1060,80.);
#322=VECTOR('',#1061,80.);
#323=VECTOR('',#1062,80.);
#324=VECTOR('',#1063,80.);
#325=VECTOR('',#1066,80.);
#326=VECTOR('',#1067,80.);
#327=VECTOR('',#1068,80.);
#328=VECTOR('',#1071,80.);
#329=VECTOR('',#1072,80.);
#330=VECTOR('',#1073,80.);
#331=VECTOR('',#1074,80.);
#332=VECTOR('',#1077,10.);
#333=VECTOR('',#1078,10.);
#334=VECTOR('',#1079,10.);
#335=VECTOR('',#1080,10.);
#336=VECTOR('',#1083,10.);
#337=VECTOR('',#1084,10.);
#338=VECTOR('',#1085,10.);
#339=VECTOR('',#1088,80.);
#340=VECTOR('',#1089,80.);
#341=VECTOR('',#1090,80.);
#342=VECTOR('',#1091,80.);
#343=VECTOR('',#1094,80.);
#344=VECTOR('',#1095,80.);
#345=VECTOR('',#1096,80.);
#346=VECTOR('',#1099,80.);
#347=VECTOR('',#1100,80.);
#348=VECTOR('',#1101,80.);
#349=VECTOR('',#1102,80.);
#350=VECTOR('',#1105,80.);
#351=VECTOR('',#1106,80.);
#352=VECTOR('',#1107,80.);
#353=VECTOR('',#1110,80.);
#354=VECTOR('',#1111,80.);
#355=VECTOR('',#1112,80.);
#356=VECTOR('',#1113,80.);
#357=VECTOR('',#1116,80.);
#358=VECTOR('',#1117,80.);
#359=VECTOR('',#1118,80.);
#360=VECTOR('',#1121,80.);
#361=VECTOR('',#1122,80.);
#362=VECTOR('',#1123,80.);
#363=VECTOR('',#1124,80.);
#364=VECTOR('',#1127,80.);
#365=VECTOR('',#1128,80.);
#366=VECTOR('',#1129,80.);
#367=VECTOR('',#1132,80.);
#368=VECTOR('',#1133,80.);
#369=VECTOR('',#1134,80.);
#370=VECTOR('',#1135,80.);
#371=VECTOR('',#1136,80.);
#372=VECTOR('',#1137,80.);
#373=VECTOR('',#1138,80.);
#374=VECTOR('',#1139,80.);
#375=VECTOR('',#1142,80.);
#376=VECTOR('',#1143,80.);
#377=VECTOR('',#1144,80.);
#378=VECTOR('',#1145,80.);
#379=VERTEX_POINT('',#1150);
#380=VERTEX_POINT('',#1151);
#381=VERTEX_POINT('',#1153);
#382=VERTEX_POINT('',#1155);
#383=VERTEX_POINT('',#1159);
#384=VERTEX_POINT('',#1161);
#385=VERTEX_POINT('',#1165);
#386=VERTEX_POINT('',#1166);
#387=VERTEX_POINT('',#1168);
#388=VERTEX_POINT('',#1170);
#389=VERTEX_POINT('',#1174);
#390=VERTEX_POINT('',#1176);
#391=VERTEX_POINT('',#1180);
#392=VERTEX_POINT('',#1181);
#393=VERTEX_POINT('',#1183);
#394=VERTEX_POINT('',#1185);
#395=VERTEX_POINT('',#1189);
#396=VERTEX_POINT('',#1190);
#397=VERTEX_POINT('',#1192);
#398=VERTEX_POINT('',#1194);
#399=VERTEX_POINT('',#1198);
#400=VERTEX_POINT('',#1200);
#401=VERTEX_POINT('',#1204);
#402=VERTEX_POINT('',#1205);
#403=VERTEX_POINT('',#1207);
#404=VERTEX_POINT('',#1209);
#405=VERTEX_POINT('',#1213);
#406=VERTEX_POINT('',#1215);
#407=VERTEX_POINT('',#1219);
#408=VERTEX_POINT('',#1220);
#409=VERTEX_POINT('',#1222);
#410=VERTEX_POINT('',#1224);
#411=VERTEX_POINT('',#1228);
#412=VERTEX_POINT('',#1230);
#413=VERTEX_POINT('',#1234);
#414=VERTEX_POINT('',#1235);
#415=VERTEX_POINT('',#1237);
#416=VERTEX_POINT('',#1239);
#417=VERTEX_POINT('',#1243);
#418=VERTEX_POINT('',#1245);
#419=VERTEX_POINT('',#1249);
#420=VERTEX_POINT('',#1250);
#421=VERTEX_POINT('',#1252);
#422=VERTEX_POINT('',#1254);
#423=VERTEX_POINT('',#1258);
#424=VERTEX_POINT('',#1260);
#425=VERTEX_POINT('',#1264);
#426=VERTEX_POINT('',#1265);
#427=VERTEX_POINT('',#1267);
#428=VERTEX_POINT('',#1269);
#429=VERTEX_POINT('',#1273);
#430=VERTEX_POINT('',#1275);
#431=VERTEX_POINT('',#1279);
#432=VERTEX_POINT('',#1280);
#433=VERTEX_POINT('',#1282);
#434=VERTEX_POINT('',#1284);
#435=VERTEX_POINT('',#1288);
#436=VERTEX_POINT('',#1290);
#437=VERTEX_POINT('',#1294);
#438=VERTEX_POINT('',#1295);
#439=VERTEX_POINT('',#1297);
#440=VERTEX_POINT('',#1299);
#441=VERTEX_POINT('',#1303);
#442=VERTEX_POINT('',#1304);
#443=VERTEX_POINT('',#1306);
#444=VERTEX_POINT('',#1308);
#445=VERTEX_POINT('',#1312);
#446=VERTEX_POINT('',#1314);
#447=VERTEX_POINT('',#1318);
#448=VERTEX_POINT('',#1319);
#449=VERTEX_POINT('',#1321);
#450=VERTEX_POINT('',#1323);
#451=VERTEX_POINT('',#1327);
#452=VERTEX_POINT('',#1329);
#453=VERTEX_POINT('',#1333);
#454=VERTEX_POINT('',#1334);
#455=VERTEX_POINT('',#1336);
#456=VERTEX_POINT('',#1338);
#457=VERTEX_POINT('',#1342);
#458=VERTEX_POINT('',#1344);
#459=VERTEX_POINT('',#1348);
#460=VERTEX_POINT('',#1349);
#461=VERTEX_POINT('',#1351);
#462=VERTEX_POINT('',#1353);
#463=VERTEX_POINT('',#1357);
#464=VERTEX_POINT('',#1359);
#465=VERTEX_POINT('',#1363);
#466=VERTEX_POINT('',#1364);
#467=VERTEX_POINT('',#1366);
#468=VERTEX_POINT('',#1368);
#469=VERTEX_POINT('',#1372);
#470=VERTEX_POINT('',#1373);
#471=VERTEX_POINT('',#1378);
#472=VERTEX_POINT('',#1379);
#473=VERTEX_POINT('',#1640);
#474=VERTEX_POINT('',#1641);
#475=VERTEX_POINT('',#2033);
#476=VERTEX_POINT('',#2035);
#477=VERTEX_POINT('',#2818);
#478=VERTEX_POINT('',#2819);
#479=VERTEX_POINT('',#2821);
#480=VERTEX_POINT('',#2887);
#481=VERTEX_POINT('',#2889);
#482=VERTEX_POINT('',#2891);
#483=VERTEX_POINT('',#4078);
#484=VERTEX_POINT('',#4079);
#485=VERTEX_POINT('',#4471);
#486=VERTEX_POINT('',#4473);
#487=VERTEX_POINT('',#4931);
#488=VERTEX_POINT('',#4932);
#489=VERTEX_POINT('',#4934);
#490=VERTEX_POINT('',#5326);
#491=VERTEX_POINT('',#5328);
#492=VERTEX_POINT('',#5851);
#493=VERTEX_POINT('',#5917);
#494=VERTEX_POINT('',#5985);
#495=VERTEX_POINT('',#5986);
#496=EDGE_CURVE('',#379,#380,#143,.T.);
#497=EDGE_CURVE('',#380,#381,#144,.T.);
#498=EDGE_CURVE('',#382,#381,#145,.T.);
#499=EDGE_CURVE('',#379,#382,#146,.T.);
#500=EDGE_CURVE('',#383,#380,#147,.T.);
#501=EDGE_CURVE('',#383,#384,#148,.T.);
#502=EDGE_CURVE('',#381,#384,#149,.T.);
#503=EDGE_CURVE('',#385,#386,#150,.T.);
#504=EDGE_CURVE('',#386,#387,#151,.T.);
#505=EDGE_CURVE('',#388,#387,#152,.T.);
#506=EDGE_CURVE('',#385,#388,#153,.T.);
#507=EDGE_CURVE('',#389,#386,#154,.T.);
#508=EDGE_CURVE('',#389,#390,#155,.T.);
#509=EDGE_CURVE('',#387,#390,#156,.T.);
#510=EDGE_CURVE('',#391,#392,#157,.T.);
#511=EDGE_CURVE('',#392,#393,#158,.T.);
#512=EDGE_CURVE('',#394,#393,#159,.T.);
#513=EDGE_CURVE('',#391,#394,#160,.T.);
#514=EDGE_CURVE('',#395,#396,#161,.T.);
#515=EDGE_CURVE('',#395,#397,#162,.T.);
#516=EDGE_CURVE('',#398,#397,#163,.T.);
#517=EDGE_CURVE('',#396,#398,#164,.T.);
#518=EDGE_CURVE('',#399,#396,#165,.T.);
#519=EDGE_CURVE('',#400,#398,#166,.T.);
#520=EDGE_CURVE('',#399,#400,#167,.T.);
#521=EDGE_CURVE('',#401,#402,#168,.T.);
#522=EDGE_CURVE('',#401,#403,#169,.T.);
#523=EDGE_CURVE('',#404,#403,#170,.T.);
#524=EDGE_CURVE('',#402,#404,#171,.T.);
#525=EDGE_CURVE('',#405,#402,#172,.T.);
#526=EDGE_CURVE('',#406,#404,#173,.T.);
#527=EDGE_CURVE('',#405,#406,#174,.T.);
#528=EDGE_CURVE('',#407,#408,#175,.T.);
#529=EDGE_CURVE('',#407,#409,#176,.T.);
#530=EDGE_CURVE('',#410,#409,#177,.T.);
#531=EDGE_CURVE('',#408,#410,#178,.T.);
#532=EDGE_CURVE('',#411,#408,#179,.T.);
#533=EDGE_CURVE('',#412,#410,#180,.T.);
#534=EDGE_CURVE('',#411,#412,#181,.T.);
#535=EDGE_CURVE('',#413,#414,#182,.T.);
#536=EDGE_CURVE('',#414,#415,#183,.T.);
#537=EDGE_CURVE('',#416,#415,#184,.T.);
#538=EDGE_CURVE('',#413,#416,#185,.T.);
#539=EDGE_CURVE('',#417,#414,#186,.T.);
#540=EDGE_CURVE('',#417,#418,#187,.T.);
#541=EDGE_CURVE('',#415,#418,#188,.T.);
#542=EDGE_CURVE('',#419,#420,#189,.T.);
#543=EDGE_CURVE('',#419,#421,#190,.T.);
#544=EDGE_CURVE('',#422,#421,#191,.T.);
#545=EDGE_CURVE('',#420,#422,#192,.T.);
#546=EDGE_CURVE('',#423,#420,#193,.T.);
#547=EDGE_CURVE('',#424,#422,#194,.T.);
#548=EDGE_CURVE('',#423,#424,#195,.T.);
#549=EDGE_CURVE('',#425,#426,#196,.T.);
#550=EDGE_CURVE('',#425,#427,#197,.T.);
#551=EDGE_CURVE('',#428,#427,#198,.T.);
#552=EDGE_CURVE('',#426,#428,#199,.T.);
#553=EDGE_CURVE('',#429,#426,#200,.T.);
#554=EDGE_CURVE('',#430,#428,#201,.T.);
#555=EDGE_CURVE('',#429,#430,#202,.T.);
#556=EDGE_CURVE('',#431,#432,#203,.T.);
#557=EDGE_CURVE('',#433,#432,#204,.T.);
#558=EDGE_CURVE('',#433,#434,#205,.T.);
#559=EDGE_CURVE('',#434,#431,#206,.T.);
#560=EDGE_CURVE('',#435,#433,#207,.T.);
#561=EDGE_CURVE('',#435,#436,#208,.T.);
#562=EDGE_CURVE('',#436,#434,#209,.T.);
#563=EDGE_CURVE('',#437,#438,#210,.T.);
#564=EDGE_CURVE('',#439,#438,#211,.T.);
#565=EDGE_CURVE('',#439,#440,#212,.T.);
#566=EDGE_CURVE('',#440,#437,#213,.T.);
#567=EDGE_CURVE('',#441,#442,#214,.T.);
#568=EDGE_CURVE('',#441,#443,#215,.T.);
#569=EDGE_CURVE('',#444,#443,#216,.T.);
#570=EDGE_CURVE('',#442,#444,#217,.T.);
#571=EDGE_CURVE('',#445,#442,#218,.T.);
#572=EDGE_CURVE('',#446,#444,#219,.T.);
#573=EDGE_CURVE('',#445,#446,#220,.T.);
#574=EDGE_CURVE('',#447,#448,#221,.T.);
#575=EDGE_CURVE('',#449,#448,#222,.T.);
#576=EDGE_CURVE('',#449,#450,#223,.T.);
#577=EDGE_CURVE('',#450,#447,#224,.T.);
#578=EDGE_CURVE('',#451,#449,#225,.T.);
#579=EDGE_CURVE('',#451,#452,#226,.T.);
#580=EDGE_CURVE('',#452,#450,#227,.T.);
#581=EDGE_CURVE('',#453,#454,#228,.T.);
#582=EDGE_CURVE('',#453,#455,#229,.T.);
#583=EDGE_CURVE('',#456,#455,#230,.T.);
#584=EDGE_CURVE('',#454,#456,#231,.T.);
#585=EDGE_CURVE('',#457,#454,#232,.T.);
#586=EDGE_CURVE('',#458,#456,#233,.T.);
#587=EDGE_CURVE('',#457,#458,#234,.T.);
#588=EDGE_CURVE('',#459,#460,#235,.T.);
#589=EDGE_CURVE('',#461,#460,#236,.T.);
#590=EDGE_CURVE('',#461,#462,#237,.T.);
#591=EDGE_CURVE('',#462,#459,#238,.T.);
#592=EDGE_CURVE('',#463,#461,#239,.T.);
#593=EDGE_CURVE('',#463,#464,#240,.T.);
#594=EDGE_CURVE('',#464,#462,#241,.T.);
#595=EDGE_CURVE('',#465,#466,#242,.T.);
#596=EDGE_CURVE('',#467,#466,#243,.T.);
#597=EDGE_CURVE('',#467,#468,#244,.T.);
#598=EDGE_CURVE('',#468,#465,#245,.T.);
#599=EDGE_CURVE('',#469,#470,#246,.T.);
#600=EDGE_CURVE('',#466,#470,#247,.T.);
#601=EDGE_CURVE('',#465,#469,#248,.T.);
#602=EDGE_CURVE('',#471,#472,#26,.T.);
#603=EDGE_CURVE('',#472,#471,#27,.T.);
#604=EDGE_CURVE('',#473,#474,#11,.T.);
#605=EDGE_CURVE('',#473,#475,#249,.T.);
#606=EDGE_CURVE('',#475,#476,#12,.T.);
#607=EDGE_CURVE('',#474,#476,#250,.T.);
#608=EDGE_CURVE('',#474,#473,#28,.T.);
#609=EDGE_CURVE('',#476,#475,#29,.T.);
#610=EDGE_CURVE('',#477,#478,#251,.T.);
#611=EDGE_CURVE('',#479,#478,#30,.T.);
#612=EDGE_CURVE('',#480,#479,#252,.T.);
#613=EDGE_CURVE('',#480,#481,#253,.T.);
#614=EDGE_CURVE('',#481,#482,#31,.T.);
#615=EDGE_CURVE('',#477,#482,#254,.T.);
#616=EDGE_CURVE('',#478,#479,#13,.T.);
#617=EDGE_CURVE('',#482,#481,#14,.T.);
#618=EDGE_CURVE('',#483,#484,#15,.T.);
#619=EDGE_CURVE('',#484,#485,#255,.T.);
#620=EDGE_CURVE('',#486,#485,#32,.T.);
#621=EDGE_CURVE('',#483,#486,#256,.T.);
#622=EDGE_CURVE('',#484,#483,#33,.T.);
#623=EDGE_CURVE('',#485,#486,#34,.T.);
#624=EDGE_CURVE('',#487,#488,#257,.T.);
#625=EDGE_CURVE('',#489,#488,#16,.T.);
#626=EDGE_CURVE('',#490,#489,#258,.T.);
#627=EDGE_CURVE('',#490,#491,#259,.T.);
#628=EDGE_CURVE('',#491,#487,#17,.T.);
#629=EDGE_CURVE('',#492,#489,#35,.T.);
#630=EDGE_CURVE('',#492,#493,#260,.T.);
#631=EDGE_CURVE('',#493,#491,#36,.T.);
#632=EDGE_CURVE('',#494,#495,#37,.T.);
#633=EDGE_CURVE('',#495,#494,#38,.T.);
#634=ORIENTED_EDGE('',*,*,#496,.T.);
#635=ORIENTED_EDGE('',*,*,#497,.T.);
#636=ORIENTED_EDGE('',*,*,#498,.F.);
#637=ORIENTED_EDGE('',*,*,#499,.F.);
#638=ORIENTED_EDGE('',*,*,#500,.F.);
#639=ORIENTED_EDGE('',*,*,#501,.T.);
#640=ORIENTED_EDGE('',*,*,#502,.F.);
#641=ORIENTED_EDGE('',*,*,#497,.F.);
#642=ORIENTED_EDGE('',*,*,#503,.T.);
#643=ORIENTED_EDGE('',*,*,#504,.T.);
#644=ORIENTED_EDGE('',*,*,#505,.F.);
#645=ORIENTED_EDGE('',*,*,#506,.F.);
#646=ORIENTED_EDGE('',*,*,#507,.F.);
#647=ORIENTED_EDGE('',*,*,#508,.T.);
#648=ORIENTED_EDGE('',*,*,#509,.F.);
#649=ORIENTED_EDGE('',*,*,#504,.F.);
#650=ORIENTED_EDGE('',*,*,#510,.T.);
#651=ORIENTED_EDGE('',*,*,#511,.T.);
#652=ORIENTED_EDGE('',*,*,#512,.F.);
#653=ORIENTED_EDGE('',*,*,#513,.F.);
#654=ORIENTED_EDGE('',*,*,#514,.F.);
#655=ORIENTED_EDGE('',*,*,#515,.T.);
#656=ORIENTED_EDGE('',*,*,#516,.F.);
#657=ORIENTED_EDGE('',*,*,#517,.F.);
#658=ORIENTED_EDGE('',*,*,#518,.T.);
#659=ORIENTED_EDGE('',*,*,#517,.T.);
#660=ORIENTED_EDGE('',*,*,#519,.F.);
#661=ORIENTED_EDGE('',*,*,#520,.F.);
#662=ORIENTED_EDGE('',*,*,#521,.F.);
#663=ORIENTED_EDGE('',*,*,#522,.T.);
#664=ORIENTED_EDGE('',*,*,#523,.F.);
#665=ORIENTED_EDGE('',*,*,#524,.F.);
#666=ORIENTED_EDGE('',*,*,#525,.T.);
#667=ORIENTED_EDGE('',*,*,#524,.T.);
#668=ORIENTED_EDGE('',*,*,#526,.F.);
#669=ORIENTED_EDGE('',*,*,#527,.F.);
#670=ORIENTED_EDGE('',*,*,#528,.F.);
#671=ORIENTED_EDGE('',*,*,#529,.T.);
#672=ORIENTED_EDGE('',*,*,#530,.F.);
#673=ORIENTED_EDGE('',*,*,#531,.F.);
#674=ORIENTED_EDGE('',*,*,#532,.T.);
#675=ORIENTED_EDGE('',*,*,#531,.T.);
#676=ORIENTED_EDGE('',*,*,#533,.F.);
#677=ORIENTED_EDGE('',*,*,#534,.F.);
#678=ORIENTED_EDGE('',*,*,#535,.T.);
#679=ORIENTED_EDGE('',*,*,#536,.T.);
#680=ORIENTED_EDGE('',*,*,#537,.F.);
#681=ORIENTED_EDGE('',*,*,#538,.F.);
#682=ORIENTED_EDGE('',*,*,#539,.F.);
#683=ORIENTED_EDGE('',*,*,#540,.T.);
#684=ORIENTED_EDGE('',*,*,#541,.F.);
#685=ORIENTED_EDGE('',*,*,#536,.F.);
#686=ORIENTED_EDGE('',*,*,#542,.F.);
#687=ORIENTED_EDGE('',*,*,#543,.T.);
#688=ORIENTED_EDGE('',*,*,#544,.F.);
#689=ORIENTED_EDGE('',*,*,#545,.F.);
#690=ORIENTED_EDGE('',*,*,#546,.T.);
#691=ORIENTED_EDGE('',*,*,#545,.T.);
#692=ORIENTED_EDGE('',*,*,#547,.F.);
#693=ORIENTED_EDGE('',*,*,#548,.F.);
#694=ORIENTED_EDGE('',*,*,#549,.F.);
#695=ORIENTED_EDGE('',*,*,#550,.T.);
#696=ORIENTED_EDGE('',*,*,#551,.F.);
#697=ORIENTED_EDGE('',*,*,#552,.F.);
#698=ORIENTED_EDGE('',*,*,#553,.T.);
#699=ORIENTED_EDGE('',*,*,#552,.T.);
#700=ORIENTED_EDGE('',*,*,#554,.F.);
#701=ORIENTED_EDGE('',*,*,#555,.F.);
#702=ORIENTED_EDGE('',*,*,#556,.T.);
#703=ORIENTED_EDGE('',*,*,#557,.F.);
#704=ORIENTED_EDGE('',*,*,#558,.T.);
#705=ORIENTED_EDGE('',*,*,#559,.T.);
#706=ORIENTED_EDGE('',*,*,#558,.F.);
#707=ORIENTED_EDGE('',*,*,#560,.F.);
#708=ORIENTED_EDGE('',*,*,#561,.T.);
#709=ORIENTED_EDGE('',*,*,#562,.T.);
#710=ORIENTED_EDGE('',*,*,#563,.T.);
#711=ORIENTED_EDGE('',*,*,#564,.F.);
#712=ORIENTED_EDGE('',*,*,#565,.T.);
#713=ORIENTED_EDGE('',*,*,#566,.T.);
#714=ORIENTED_EDGE('',*,*,#567,.F.);
#715=ORIENTED_EDGE('',*,*,#568,.T.);
#716=ORIENTED_EDGE('',*,*,#569,.F.);
#717=ORIENTED_EDGE('',*,*,#570,.F.);
#718=ORIENTED_EDGE('',*,*,#571,.T.);
#719=ORIENTED_EDGE('',*,*,#570,.T.);
#720=ORIENTED_EDGE('',*,*,#572,.F.);
#721=ORIENTED_EDGE('',*,*,#573,.F.);
#722=ORIENTED_EDGE('',*,*,#574,.T.);
#723=ORIENTED_EDGE('',*,*,#575,.F.);
#724=ORIENTED_EDGE('',*,*,#576,.T.);
#725=ORIENTED_EDGE('',*,*,#577,.T.);
#726=ORIENTED_EDGE('',*,*,#576,.F.);
#727=ORIENTED_EDGE('',*,*,#578,.F.);
#728=ORIENTED_EDGE('',*,*,#579,.T.);
#729=ORIENTED_EDGE('',*,*,#580,.T.);
#730=ORIENTED_EDGE('',*,*,#581,.F.);
#731=ORIENTED_EDGE('',*,*,#582,.T.);
#732=ORIENTED_EDGE('',*,*,#583,.F.);
#733=ORIENTED_EDGE('',*,*,#584,.F.);
#734=ORIENTED_EDGE('',*,*,#585,.T.);
#735=ORIENTED_EDGE('',*,*,#584,.T.);
#736=ORIENTED_EDGE('',*,*,#586,.F.);
#737=ORIENTED_EDGE('',*,*,#587,.F.);
#738=ORIENTED_EDGE('',*,*,#588,.T.);
#739=ORIENTED_EDGE('',*,*,#589,.F.);
#740=ORIENTED_EDGE('',*,*,#590,.T.);
#741=ORIENTED_EDGE('',*,*,#591,.T.);
#742=ORIENTED_EDGE('',*,*,#590,.F.);
#743=ORIENTED_EDGE('',*,*,#592,.F.);
#744=ORIENTED_EDGE('',*,*,#593,.T.);
#745=ORIENTED_EDGE('',*,*,#594,.T.);
#746=ORIENTED_EDGE('',*,*,#595,.T.);
#747=ORIENTED_EDGE('',*,*,#596,.F.);
#748=ORIENTED_EDGE('',*,*,#597,.T.);
#749=ORIENTED_EDGE('',*,*,#598,.T.);
#750=ORIENTED_EDGE('',*,*,#599,.T.);
#751=ORIENTED_EDGE('',*,*,#600,.F.);
#752=ORIENTED_EDGE('',*,*,#595,.F.);
#753=ORIENTED_EDGE('',*,*,#601,.T.);
#754=ORIENTED_EDGE('',*,*,#602,.T.);
#755=ORIENTED_EDGE('',*,*,#603,.T.);
#756=ORIENTED_EDGE('',*,*,#604,.F.);
#757=ORIENTED_EDGE('',*,*,#605,.T.);
#758=ORIENTED_EDGE('',*,*,#606,.T.);
#759=ORIENTED_EDGE('',*,*,#607,.F.);
#760=ORIENTED_EDGE('',*,*,#608,.F.);
#761=ORIENTED_EDGE('',*,*,#607,.T.);
#762=ORIENTED_EDGE('',*,*,#609,.T.);
#763=ORIENTED_EDGE('',*,*,#605,.F.);
#764=ORIENTED_EDGE('',*,*,#610,.T.);
#765=ORIENTED_EDGE('',*,*,#611,.F.);
#766=ORIENTED_EDGE('',*,*,#612,.F.);
#767=ORIENTED_EDGE('',*,*,#613,.T.);
#768=ORIENTED_EDGE('',*,*,#614,.T.);
#769=ORIENTED_EDGE('',*,*,#615,.F.);
#770=ORIENTED_EDGE('',*,*,#612,.T.);
#771=ORIENTED_EDGE('',*,*,#616,.F.);
#772=ORIENTED_EDGE('',*,*,#610,.F.);
#773=ORIENTED_EDGE('',*,*,#615,.T.);
#774=ORIENTED_EDGE('',*,*,#617,.T.);
#775=ORIENTED_EDGE('',*,*,#613,.F.);
#776=ORIENTED_EDGE('',*,*,#618,.T.);
#777=ORIENTED_EDGE('',*,*,#619,.T.);
#778=ORIENTED_EDGE('',*,*,#620,.F.);
#779=ORIENTED_EDGE('',*,*,#621,.F.);
#780=ORIENTED_EDGE('',*,*,#622,.T.);
#781=ORIENTED_EDGE('',*,*,#621,.T.);
#782=ORIENTED_EDGE('',*,*,#623,.F.);
#783=ORIENTED_EDGE('',*,*,#619,.F.);
#784=ORIENTED_EDGE('',*,*,#623,.T.);
#785=ORIENTED_EDGE('',*,*,#620,.T.);
#786=ORIENTED_EDGE('',*,*,#624,.T.);
#787=ORIENTED_EDGE('',*,*,#625,.F.);
#788=ORIENTED_EDGE('',*,*,#626,.F.);
#789=ORIENTED_EDGE('',*,*,#627,.T.);
#790=ORIENTED_EDGE('',*,*,#628,.T.);
#791=ORIENTED_EDGE('',*,*,#626,.T.);
#792=ORIENTED_EDGE('',*,*,#629,.F.);
#793=ORIENTED_EDGE('',*,*,#630,.T.);
#794=ORIENTED_EDGE('',*,*,#631,.T.);
#795=ORIENTED_EDGE('',*,*,#627,.F.);
#796=ORIENTED_EDGE('',*,*,#632,.T.);
#797=ORIENTED_EDGE('',*,*,#633,.T.);
#798=PLANE('',#929);
#799=PLANE('',#930);
#800=PLANE('',#931);
#801=PLANE('',#932);
#802=PLANE('',#933);
#803=PLANE('',#934);
#804=PLANE('',#935);
#805=PLANE('',#936);
#806=PLANE('',#937);
#807=PLANE('',#938);
#808=PLANE('',#939);
#809=PLANE('',#940);
#810=PLANE('',#941);
#811=PLANE('',#942);
#812=PLANE('',#943);
#813=PLANE('',#944);
#814=PLANE('',#945);
#815=PLANE('',#946);
#816=PLANE('',#947);
#817=PLANE('',#948);
#818=PLANE('',#949);
#819=PLANE('',#950);
#820=PLANE('',#951);
#821=PLANE('',#952);
#822=PLANE('',#953);
#823=PLANE('',#954);
#824=PLANE('',#955);
#825=PLANE('',#956);
#826=PLANE('',#957);
#827=PLANE('',#958);
#828=PLANE('',#959);
#829=PLANE('',#960);
#830=PLANE('',#961);
#831=ADVANCED_FACE('',(#61),#798,.T.);
#832=ADVANCED_FACE('',(#62),#799,.T.);
#833=ADVANCED_FACE('',(#63),#800,.T.);
#834=ADVANCED_FACE('',(#64),#801,.T.);
#835=ADVANCED_FACE('',(#65),#802,.T.);
#836=ADVANCED_FACE('',(#66),#803,.T.);
#837=ADVANCED_FACE('',(#67),#804,.T.);
#838=ADVANCED_FACE('',(#68),#805,.T.);
#839=ADVANCED_FACE('',(#69),#806,.T.);
#840=ADVANCED_FACE('',(#70),#807,.T.);
#841=ADVANCED_FACE('',(#71),#808,.T.);
#842=ADVANCED_FACE('',(#72),#809,.T.);
#843=ADVANCED_FACE('',(#73),#810,.T.);
#844=ADVANCED_FACE('',(#74),#811,.T.);
#845=ADVANCED_FACE('',(#75),#812,.T.);
#846=ADVANCED_FACE('',(#76),#813,.T.);
#847=ADVANCED_FACE('',(#77),#814,.T.);
#848=ADVANCED_FACE('',(#78),#815,.T.);
#849=ADVANCED_FACE('',(#79),#816,.T.);
#850=ADVANCED_FACE('',(#80),#817,.T.);
#851=ADVANCED_FACE('',(#81),#818,.T.);
#852=ADVANCED_FACE('',(#82),#819,.T.);
#853=ADVANCED_FACE('',(#83),#820,.T.);
#854=ADVANCED_FACE('',(#84),#821,.T.);
#855=ADVANCED_FACE('',(#85),#822,.T.);
#856=ADVANCED_FACE('',(#86),#823,.T.);
#857=ADVANCED_FACE('',(#87),#824,.T.);
#858=ADVANCED_FACE('',(#88),#825,.T.);
#859=ADVANCED_FACE('',(#89),#826,.T.);
#860=ADVANCED_FACE('',(#90),#827,.T.);
#861=ADVANCED_FACE('',(#91),#828,.T.);
#862=ADVANCED_FACE('',(#92),#18,.F.);
#863=ADVANCED_FACE('',(#93),#19,.F.);
#864=ADVANCED_FACE('',(#94),#20,.T.);
#865=ADVANCED_FACE('',(#95),#21,.T.);
#866=ADVANCED_FACE('',(#96),#22,.T.);
#867=ADVANCED_FACE('',(#97),#23,.T.);
#868=ADVANCED_FACE('',(#98),#829,.T.);
#869=ADVANCED_FACE('',(#99),#24,.T.);
#870=ADVANCED_FACE('',(#100),#25,.T.);
#871=ADVANCED_FACE('',(#101),#830,.T.);
#872=OPEN_SHELL('',(#831,#832));
#873=OPEN_SHELL('',(#833,#834));
#874=OPEN_SHELL('',(#835));
#875=OPEN_SHELL('',(#836,#837));
#876=OPEN_SHELL('',(#838,#839));
#877=OPEN_SHELL('',(#840,#841));
#878=OPEN_SHELL('',(#842,#843));
#879=OPEN_SHELL('',(#844,#845));
#880=OPEN_SHELL('',(#846,#847));
#881=OPEN_SHELL('',(#848,#849));
#882=OPEN_SHELL('',(#850));
#883=OPEN_SHELL('',(#851,#852));
#884=OPEN_SHELL('',(#853,#854));
#885=OPEN_SHELL('',(#855,#856));
#886=OPEN_SHELL('',(#857,#858));
#887=OPEN_SHELL('',(#859,#860));
#888=OPEN_SHELL('',(#861));
#889=OPEN_SHELL('',(#862,#863));
#890=OPEN_SHELL('',(#864,#865));
#891=OPEN_SHELL('',(#866,#867,#868));
#892=OPEN_SHELL('',(#869,#870));
#893=OPEN_SHELL('',(#871));
#894=SHELL_BASED_SURFACE_MODEL('Body2',(#872));
#895=SHELL_BASED_SURFACE_MODEL('Body3',(#873));
#896=SHELL_BASED_SURFACE_MODEL('Body4',(#874));
#897=SHELL_BASED_SURFACE_MODEL('Body5',(#875));
#898=SHELL_BASED_SURFACE_MODEL('Body6',(#876));
#899=SHELL_BASED_SURFACE_MODEL('Body7',(#877));
#900=SHELL_BASED_SURFACE_MODEL('Body8',(#878));
#901=SHELL_BASED_SURFACE_MODEL('Body9',(#879));
#902=SHELL_BASED_SURFACE_MODEL('Body10',(#880));
#903=SHELL_BASED_SURFACE_MODEL('Body12',(#881));
#904=SHELL_BASED_SURFACE_MODEL('Body13',(#882));
#905=SHELL_BASED_SURFACE_MODEL('Body14',(#883));
#906=SHELL_BASED_SURFACE_MODEL('Body15',(#884));
#907=SHELL_BASED_SURFACE_MODEL('Body16',(#885));
#908=SHELL_BASED_SURFACE_MODEL('Body17',(#886));
#909=SHELL_BASED_SURFACE_MODEL('Body18',(#887));
#910=SHELL_BASED_SURFACE_MODEL('Body22',(#888));
#911=SHELL_BASED_SURFACE_MODEL('Body25',(#889));
#912=SHELL_BASED_SURFACE_MODEL('Body25',(#890));
#913=SHELL_BASED_SURFACE_MODEL('Body25',(#891));
#914=SHELL_BASED_SURFACE_MODEL('Body25',(#892));
#915=SHELL_BASED_SURFACE_MODEL('Body27',(#893));
#916=DERIVED_UNIT_ELEMENT(#918,1.);
#917=DERIVED_UNIT_ELEMENT(#6122,-3.);
#918=(
MASS_UNIT()
NAMED_UNIT(*)
SI_UNIT(.KILO.,.GRAM.)
);
#919=DERIVED_UNIT((#916,#917));
#920=MEASURE_REPRESENTATION_ITEM('density measure',
POSITIVE_RATIO_MEASURE(7850.),#919);
#921=PROPERTY_DEFINITION_REPRESENTATION(#926,#923);
#922=PROPERTY_DEFINITION_REPRESENTATION(#927,#924);
#923=REPRESENTATION('material name',(#925),#6119);
#924=REPRESENTATION('density',(#920),#6119);
#925=DESCRIPTIVE_REPRESENTATION_ITEM('Steel','Steel');
#926=PROPERTY_DEFINITION('material property','material name',#6129);
#927=PROPERTY_DEFINITION('material property','density of part',#6129);
#928=AXIS2_PLACEMENT_3D('',#1148,#962,#963);
#929=AXIS2_PLACEMENT_3D('',#1149,#964,#965);
#930=AXIS2_PLACEMENT_3D('',#1158,#970,#971);
#931=AXIS2_PLACEMENT_3D('',#1164,#975,#976);
#932=AXIS2_PLACEMENT_3D('',#1173,#981,#982);
#933=AXIS2_PLACEMENT_3D('',#1179,#986,#987);
#934=AXIS2_PLACEMENT_3D('',#1188,#992,#993);
#935=AXIS2_PLACEMENT_3D('',#1197,#998,#999);
#936=AXIS2_PLACEMENT_3D('',#1203,#1003,#1004);
#937=AXIS2_PLACEMENT_3D('',#1212,#1009,#1010);
#938=AXIS2_PLACEMENT_3D('',#1218,#1014,#1015);
#939=AXIS2_PLACEMENT_3D('',#1227,#1020,#1021);
#940=AXIS2_PLACEMENT_3D('',#1233,#1025,#1026);
#941=AXIS2_PLACEMENT_3D('',#1242,#1031,#1032);
#942=AXIS2_PLACEMENT_3D('',#1248,#1036,#1037);
#943=AXIS2_PLACEMENT_3D('',#1257,#1042,#1043);
#944=AXIS2_PLACEMENT_3D('',#1263,#1047,#1048);
#945=AXIS2_PLACEMENT_3D('',#1272,#1053,#1054);
#946=AXIS2_PLACEMENT_3D('',#1278,#1058,#1059);
#947=AXIS2_PLACEMENT_3D('',#1287,#1064,#1065);
#948=AXIS2_PLACEMENT_3D('',#1293,#1069,#1070);
#949=AXIS2_PLACEMENT_3D('',#1302,#1075,#1076);
#950=AXIS2_PLACEMENT_3D('',#1311,#1081,#1082);
#951=AXIS2_PLACEMENT_3D('',#1317,#1086,#1087);
#952=AXIS2_PLACEMENT_3D('',#1326,#1092,#1093);
#953=AXIS2_PLACEMENT_3D('',#1332,#1097,#1098);
#954=AXIS2_PLACEMENT_3D('',#1341,#1103,#1104);
#955=AXIS2_PLACEMENT_3D('',#1347,#1108,#1109);
#956=AXIS2_PLACEMENT_3D('',#1356,#1114,#1115);
#957=AXIS2_PLACEMENT_3D('',#1362,#1119,#1120);
#958=AXIS2_PLACEMENT_3D('',#1371,#1125,#1126);
#959=AXIS2_PLACEMENT_3D('',#1377,#1130,#1131);
#960=AXIS2_PLACEMENT_3D('',#4800,#1140,#1141);
#961=AXIS2_PLACEMENT_3D('',#5984,#1146,#1147);
#962=DIRECTION('axis',(0.,0.,1.));
#963=DIRECTION('refdir',(1.,0.,0.));
#964=DIRECTION('center_axis',(0.,-0.611550082870924,-0.79120572302061));
#965=DIRECTION('ref_axis',(0.,0.79120572302061,-0.611550082870924));
#966=DIRECTION('',(0.,0.79120572302061,-0.611550082870924));
#967=DIRECTION('',(1.,0.,0.));
#968=DIRECTION('',(0.,0.79120572302061,-0.611550082870924));
#969=DIRECTION('',(1.,0.,0.));
#970=DIRECTION('center_axis',(0.,0.998792218278741,0.0491335395206972));
#971=DIRECTION('ref_axis',(0.,-0.0491335395206972,0.998792218278741));
#972=DIRECTION('',(0.,0.0491335395206972,-0.998792218278741));
#973=DIRECTION('',(1.,0.,0.));
#974=DIRECTION('',(0.,-0.0491335395206972,0.998792218278741));
#975=DIRECTION('center_axis',(0.,-0.589060609174126,-0.808088855707965));
#976=DIRECTION('ref_axis',(0.,0.808088855707965,-0.589060609174126));
#977=DIRECTION('',(0.,0.808088855707965,-0.589060609174126));
#978=DIRECTION('',(1.,0.,0.));
#979=DIRECTION('',(0.,0.808088855707965,-0.589060609174126));
#980=DIRECTION('',(1.,0.,0.));
#981=DIRECTION('center_axis',(0.,0.999932477421394,-0.0116206969633479));
#982=DIRECTION('ref_axis',(0.,0.0116206969633479,0.999932477421394));
#983=DIRECTION('',(0.,-0.0116206969633479,-0.999932477421394));
#984=DIRECTION('',(1.,0.,0.));
#985=DIRECTION('',(0.,0.0116206969633479,0.999932477421394));
#986=DIRECTION('center_axis',(0.,-1.,0.));
#987=DIRECTION('ref_axis',(0.,0.,-1.));
#988=DIRECTION('',(0.,0.,-1.));
#989=DIRECTION('',(1.,0.,0.));
#990=DIRECTION('',(0.,0.,-1.));
#991=DIRECTION('',(1.,0.,0.));
#992=DIRECTION('center_axis',(0.,1.,0.));
#993=DIRECTION('ref_axis',(0.,0.,1.));
#994=DIRECTION('',(0.,0.,-1.));
#995=DIRECTION('',(1.,0.,0.));
#996=DIRECTION('',(0.,0.,1.));
#997=DIRECTION('',(1.,0.,0.));
#998=DIRECTION('center_axis',(0.,-0.641775051053495,-0.766892941580038));
#999=DIRECTION('ref_axis',(0.,0.766892941580038,-0.641775051053495));
#1000=DIRECTION('',(0.,0.766892941580038,-0.641775051053495));
#1001=DIRECTION('',(0.,0.766892941580038,-0.641775051053495));
#1002=DIRECTION('',(1.,0.,0.));
#1003=DIRECTION('center_axis',(0.,0.999998427450477,0.0017734420130018));
#1004=DIRECTION('ref_axis',(0.,-0.0017734420130018,0.999998427450477));
#1005=DIRECTION('',(0.,0.0017734420130018,-0.999998427450477));
#1006=DIRECTION('',(1.,0.,0.));
#1007=DIRECTION('',(0.,-0.0017734420130018,0.999998427450477));
#1008=DIRECTION('',(1.,0.,0.));
#1009=DIRECTION('center_axis',(0.,-0.5841519920561,-0.811644287959257));
#1010=DIRECTION('ref_axis',(0.,0.811644287959257,-0.5841519920561));
#1011=DIRECTION('',(0.,0.811644287959257,-0.5841519920561));
#1012=DIRECTION('',(0.,0.811644287959257,-0.5841519920561));
#1013=DIRECTION('',(1.,0.,0.));
#1014=DIRECTION('center_axis',(0.,0.999920968822552,-0.012572036786846));
#1015=DIRECTION('ref_axis',(0.,0.012572036786846,0.999920968822552));
#1016=DIRECTION('',(0.,-0.012572036786846,-0.999920968822552));
#1017=DIRECTION('',(1.,0.,0.));
#1018=DIRECTION('',(0.,0.012572036786846,0.999920968822552));
#1019=DIRECTION('',(1.,0.,0.));
#1020=DIRECTION('center_axis',(0.,-0.504897834714692,-0.863179110324396));
#1021=DIRECTION('ref_axis',(0.,0.863179110324396,-0.504897834714692));
#1022=DIRECTION('',(0.,0.863179110324396,-0.504897834714692));
#1023=DIRECTION('',(0.,0.863179110324396,-0.504897834714692));
#1024=DIRECTION('',(1.,0.,0.));
#1025=DIRECTION('center_axis',(0.,-0.551688040156582,-0.834050541842753));
#1026=DIRECTION('ref_axis',(0.,0.834050541842753,-0.551688040156582));
#1027=DIRECTION('',(0.,0.834050541842753,-0.551688040156582));
#1028=DIRECTION('',(1.,0.,0.));
#1029=DIRECTION('',(0.,0.834050541842753,-0.551688040156582));
#1030=DIRECTION('',(1.,0.,0.));
#1031=DIRECTION('center_axis',(0.,0.999919523083769,0.0126865029037926));
#1032=DIRECTION('ref_axis',(0.,-0.0126865029037926,0.999919523083769));
#1033=DIRECTION('',(0.,0.0126865029037926,-0.999919523083769));
#1034=DIRECTION('',(1.,0.,0.));
#1035=DIRECTION('',(0.,-0.0126865029037926,0.999919523083769));
#1036=DIRECTION('center_axis',(0.,0.991588795352205,0.129428207636368));
#1037=DIRECTION('ref_axis',(0.,-0.129428207636368,0.991588795352205));
#1038=DIRECTION('',(0.,0.129428207636368,-0.991588795352205));
#1039=DIRECTION('',(1.,0.,0.));
#1040=DIRECTION('',(0.,-0.129428207636368,0.991588795352205));
#1041=DIRECTION('',(1.,0.,0.));
#1042=DIRECTION('center_axis',(0.,-0.440423851016567,-0.897789970681193));
#1043=DIRECTION('ref_axis',(0.,0.897789970681193,-0.440423851016567));
#1044=DIRECTION('',(0.,0.897789970681193,-0.440423851016567));
#1045=DIRECTION('',(0.,0.897789970681193,-0.440423851016567));
#1046=DIRECTION('',(1.,0.,0.));
#1047=DIRECTION('center_axis',(0.,0.994340896700659,-0.106236439833656));
#1048=DIRECTION('ref_axis',(0.,0.106236439833656,0.994340896700659));
#1049=DIRECTION('',(0.,-0.106236439833656,-0.994340896700659));
#1050=DIRECTION('',(1.,0.,0.));
#1051=DIRECTION('',(0.,0.106236439833656,0.994340896700659));
#1052=DIRECTION('',(1.,0.,0.));
#1053=DIRECTION('center_axis',(0.,-0.268898397656061,-0.963168547938523));
#1054=DIRECTION('ref_axis',(0.,0.963168547938523,-0.268898397656061));
#1055=DIRECTION('',(0.,0.963168547938523,-0.268898397656061));
#1056=DIRECTION('',(0.,0.963168547938523,-0.268898397656061));
#1057=DIRECTION('',(1.,0.,0.));
#1058=DIRECTION('center_axis',(0.,-0.551688040156582,-0.834050541842753));
#1059=DIRECTION('ref_axis',(0.,-0.834050541842753,0.551688040156582));
#1060=DIRECTION('',(-1.,0.,0.));
#1061=DIRECTION('',(0.,-0.834050541842753,0.551688040156582));
#1062=DIRECTION('',(1.,0.,0.));
#1063=DIRECTION('',(0.,-0.834050541842753,0.551688040156582));
#1064=DIRECTION('center_axis',(0.,0.999919523083769,0.0126865029037926));
#1065=DIRECTION('ref_axis',(0.,0.0126865029037926,-0.999919523083769));
#1066=DIRECTION('',(0.,0.0126865029037926,-0.999919523083769));
#1067=DIRECTION('',(1.,0.,0.));
#1068=DIRECTION('',(0.,0.0126865029037926,-0.999919523083769));
#1069=DIRECTION('center_axis',(0.,-0.999998427450477,-0.0017734420130018));
#1070=DIRECTION('ref_axis',(0.,-0.0017734420130018,0.999998427450477));
#1071=DIRECTION('',(-1.,0.,0.));
#1072=DIRECTION('',(0.,-0.0017734420130018,0.999998427450477));
#1073=DIRECTION('',(1.,0.,0.));
#1074=DIRECTION('',(0.,-0.0017734420130018,0.999998427450477));
#1075=DIRECTION('center_axis',(0.,-0.268898397656061,-0.963168547938523));
#1076=DIRECTION('ref_axis',(0.,-0.963168547938523,0.268898397656061));
#1077=DIRECTION('',(0.,0.963168547938523,-0.268898397656061));
#1078=DIRECTION('',(-1.,0.,0.));
#1079=DIRECTION('',(0.,-0.963168547938523,0.268898397656061));
#1080=DIRECTION('',(-1.,0.,0.));
#1081=DIRECTION('center_axis',(0.,0.994340896700659,-0.106236439833656));
#1082=DIRECTION('ref_axis',(0.,-0.106236439833656,-0.994340896700659));
#1083=DIRECTION('',(0.,-0.106236439833656,-0.994340896700659));
#1084=DIRECTION('',(0.,-0.106236439833656,-0.994340896700659));
#1085=DIRECTION('',(-1.,0.,0.));
#1086=DIRECTION('center_axis',(0.,-0.440423851016567,-0.897789970681193));
#1087=DIRECTION('ref_axis',(0.,-0.897789970681193,0.440423851016567));
#1088=DIRECTION('',(-1.,0.,0.));
#1089=DIRECTION('',(0.,-0.897789970681193,0.440423851016567));
#1090=DIRECTION('',(1.,0.,0.));
#1091=DIRECTION('',(0.,-0.897789970681193,0.440423851016567));
#1092=DIRECTION('center_axis',(0.,0.991588795352205,0.129428207636368));
#1093=DIRECTION('ref_axis',(0.,0.129428207636368,-0.991588795352205));
#1094=DIRECTION('',(0.,0.129428207636368,-0.991588795352205));
#1095=DIRECTION('',(1.,0.,0.));
#1096=DIRECTION('',(0.,0.129428207636368,-0.991588795352205));
#1097=DIRECTION('center_axis',(0.,-0.504897834714692,-0.863179110324396));
#1098=DIRECTION('ref_axis',(0.,-0.863179110324396,0.504897834714692));
#1099=DIRECTION('',(0.,0.863179110324396,-0.504897834714692));
#1100=DIRECTION('',(-1.,0.,0.));
#1101=DIRECTION('',(0.,-0.863179110324396,0.504897834714692));
#1102=DIRECTION('',(-1.,0.,0.));
#1103=DIRECTION('center_axis',(0.,0.999920968822552,-0.012572036786846));
#1104=DIRECTION('ref_axis',(0.,-0.012572036786846,-0.999920968822552));
#1105=DIRECTION('',(0.,-0.012572036786846,-0.999920968822552));
#1106=DIRECTION('',(0.,-0.012572036786846,-0.999920968822552));
#1107=DIRECTION('',(-1.,0.,0.));
#1108=DIRECTION('center_axis',(0.,-0.611550082870924,-0.79120572302061));
#1109=DIRECTION('ref_axis',(0.,-0.79120572302061,0.611550082870924));
#1110=DIRECTION('',(-1.,0.,0.));
#1111=DIRECTION('',(0.,-0.79120572302061,0.611550082870924));
#1112=DIRECTION('',(1.,0.,0.));
#1113=DIRECTION('',(0.,-0.79120572302061,0.611550082870924));
#1114=DIRECTION('center_axis',(0.,0.998792218278741,0.0491335395206972));
#1115=DIRECTION('ref_axis',(0.,0.0491335395206972,-0.998792218278741));
#1116=DIRECTION('',(0.,0.0491335395206972,-0.998792218278741));
#1117=DIRECTION('',(1.,0.,0.));
#1118=DIRECTION('',(0.,0.0491335395206972,-0.998792218278741));
#1119=DIRECTION('center_axis',(0.,0.999932477421394,-0.0116206969633479));
#1120=DIRECTION('ref_axis',(0.,-0.0116206969633479,-0.999932477421394));
#1121=DIRECTION('',(-1.,0.,0.));
#1122=DIRECTION('',(0.,-0.0116206969633479,-0.999932477421394));
#1123=DIRECTION('',(1.,0.,0.));
#1124=DIRECTION('',(0.,-0.0116206969633479,-0.999932477421394));
#1125=DIRECTION('center_axis',(0.,-0.589060609174126,-0.808088855707965));
#1126=DIRECTION('ref_axis',(0.,-0.808088855707965,0.589060609174126));
#1127=DIRECTION('',(-1.,0.,0.));
#1128=DIRECTION('',(0.,-0.808088855707965,0.589060609174126));
#1129=DIRECTION('',(0.,-0.808088855707965,0.589060609174126));
#1130=DIRECTION('center_axis',(1.,8.82435512466036E-19,-5.29431038534978E-18));
#1131=DIRECTION('ref_axis',(-5.29431038534978E-18,0.,-1.));
#1132=DIRECTION('',(0.984807753012208,0.173587208513831,0.00460115718286947));
#1133=DIRECTION('',(0.984807753012208,0.173587208513831,0.00460115718286947));
#1134=DIRECTION('',(1.,0.,0.));
#1135=DIRECTION('',(1.,0.,0.));
#1136=DIRECTION('',(-1.,0.,0.));
#1137=DIRECTION('',(-1.,0.,0.));
#1138=DIRECTION('',(-0.984807753012208,0.173587208513831,0.00460115718286947));
#1139=DIRECTION('',(-0.984807753012208,0.173587208513831,0.00460115718286947));
#1140=DIRECTION('center_axis',(-1.,-1.93421813042276E-16,9.31549716341976E-16));
#1141=DIRECTION('ref_axis',(9.31549716341976E-16,0.,1.));
#1142=DIRECTION('',(-1.,0.,0.));
#1143=DIRECTION('',(-1.,0.,0.));
#1144=DIRECTION('',(1.,0.,0.));
#1145=DIRECTION('',(1.,0.,0.));
#1146=DIRECTION('center_axis',(-1.,1.93421813042276E-16,-9.31549716341976E-16));
#1147=DIRECTION('ref_axis',(-9.31549716341976E-16,0.,1.));
#1148=CARTESIAN_POINT('',(0.,0.,0.));
#1149=CARTESIAN_POINT('Origin',(0.,6.12378111879031,2.84819013551757));
#1150=CARTESIAN_POINT('',(0.,6.12378111879031,2.84819013551757));
#1151=CARTESIAN_POINT('',(0.,28.4651984314124,-14.4202587791676));
#1152=CARTESIAN_POINT('',(0.,6.12378111879031,2.84819013551757));
#1153=CARTESIAN_POINT('',(8.,28.4651984314124,-14.4202587791676));
#1154=CARTESIAN_POINT('',(0.,28.4651984314124,-14.4202587791676));
#1155=CARTESIAN_POINT('',(8.,6.12378111879031,2.84819013551757));
#1156=CARTESIAN_POINT('',(8.,6.12378111879031,2.84819013551757));
#1157=CARTESIAN_POINT('',(0.,6.12378111879031,2.84819013551757));
#1158=CARTESIAN_POINT('Origin',(0.,28.4651984314124,-14.4202587791676));
#1159=CARTESIAN_POINT('',(0.,27.1105310380459,13.1175751332547));
#1160=CARTESIAN_POINT('',(0.,27.1105310380459,13.1175751332547));
#1161=CARTESIAN_POINT('',(8.,27.1105310380459,13.1175751332547));
#1162=CARTESIAN_POINT('',(0.,27.1105310380459,13.1175751332547));
#1163=CARTESIAN_POINT('',(8.,27.1105310380459,13.1175751332547));
#1164=CARTESIAN_POINT('Origin',(0.,3.18822921713193,2.59601206564585));
#1165=CARTESIAN_POINT('',(0.,3.18822921713193,2.59601206564585));
#1166=CARTESIAN_POINT('',(0.,6.08541666666667,0.484092080783051));
#1167=CARTESIAN_POINT('',(0.,3.18822921713193,2.59601206564585));
#1168=CARTESIAN_POINT('',(1.,6.08541666666667,0.484092080783051));
#1169=CARTESIAN_POINT('',(0.,6.08541666666667,0.484092080783051));
#1170=CARTESIAN_POINT('',(1.,3.18822921713193,2.59601206564585));
#1171=CARTESIAN_POINT('',(1.,3.18822921713193,2.59601206564585));
#1172=CARTESIAN_POINT('',(0.,3.18822921713193,2.59601206564585));
#1173=CARTESIAN_POINT('Origin',(0.,6.08541666666667,0.484092080783051));
#1174=CARTESIAN_POINT('',(0.,6.12378111879031,3.78525910870762));
#1175=CARTESIAN_POINT('',(0.,6.12378111879031,3.78525910870762));
#1176=CARTESIAN_POINT('',(1.,6.12378111879031,3.78525910870762));
#1177=CARTESIAN_POINT('',(0.,6.12378111879031,3.78525910870762));
#1178=CARTESIAN_POINT('',(1.,6.12378111879031,3.78525910870762));
#1179=CARTESIAN_POINT('Origin',(0.,3.18822921713193,2.92271738148263));
#1180=CARTESIAN_POINT('',(0.,3.18822921713193,2.92271738148263));
#1181=CARTESIAN_POINT('',(0.,3.18822921713193,0.703956347498848));
#1182=CARTESIAN_POINT('',(0.,3.18822921713193,2.92271738148263));
#1183=CARTESIAN_POINT('',(1.,3.18822921713193,0.703956347498848));
#1184=CARTESIAN_POINT('',(0.,3.18822921713193,0.703956347498848));
#1185=CARTESIAN_POINT('',(1.,3.18822921713193,2.92271738148263));
#1186=CARTESIAN_POINT('',(1.,3.18822921713193,2.92271738148263));
#1187=CARTESIAN_POINT('',(0.,3.18822921713193,2.92271738148263));
#1188=CARTESIAN_POINT('Origin',(0.,48.1501988351345,-12.8966368155012));
#1189=CARTESIAN_POINT('',(0.,48.1501988351345,13.6540577114758));
#1190=CARTESIAN_POINT('',(0.,48.1501988351345,-12.8966368155012));
#1191=CARTESIAN_POINT('',(0.,48.1501988351345,13.6540577114758));
#1192=CARTESIAN_POINT('',(8.,48.1501988351345,13.6540577114758));
#1193=CARTESIAN_POINT('',(0.,48.1501988351345,13.6540577114758));
#1194=CARTESIAN_POINT('',(8.,48.1501988351345,-12.8966368155012));
#1195=CARTESIAN_POINT('',(8.,48.1501988351345,13.6540577114758));
#1196=CARTESIAN_POINT('',(0.,48.1501988351345,-12.8966368155012));
#1197=CARTESIAN_POINT('Origin',(0.,27.1105310380459,4.71042818995483));
#1198=CARTESIAN_POINT('',(0.,27.1105310380459,4.71042818995483));
#1199=CARTESIAN_POINT('',(0.,27.1105310380459,4.71042818995483));
#1200=CARTESIAN_POINT('',(8.,27.1105310380459,4.71042818995483));
#1201=CARTESIAN_POINT('',(8.,27.1105310380459,4.71042818995483));
#1202=CARTESIAN_POINT('',(0.,27.1105310380459,4.71042818995483));
#1203=CARTESIAN_POINT('Origin',(0.,69.3591998040676,-11.3299253966306));
#1204=CARTESIAN_POINT('',(0.,69.3168655018012,12.5413009436111));
#1205=CARTESIAN_POINT('',(0.,69.3591998040676,-11.3299253966306));
#1206=CARTESIAN_POINT('',(0.,69.3168655018012,12.5413009436111));
#1207=CARTESIAN_POINT('',(8.,69.3168655018012,12.5413009436111));
#1208=CARTESIAN_POINT('',(0.,69.3168655018012,12.5413009436111));
#1209=CARTESIAN_POINT('',(8.,69.3591998040676,-11.3299253966306));
#1210=CARTESIAN_POINT('',(8.,69.3168655018012,12.5413009436111));
#1211=CARTESIAN_POINT('',(0.,69.3591998040676,-11.3299253966306));
#1212=CARTESIAN_POINT('Origin',(0.,48.1501988351345,3.93449566727263));
#1213=CARTESIAN_POINT('',(0.,48.1501988351345,3.93449566727263));
#1214=CARTESIAN_POINT('',(0.,48.1501988351345,3.93449566727263));
#1215=CARTESIAN_POINT('',(8.,48.1501988351345,3.93449566727263));
#1216=CARTESIAN_POINT('',(8.,48.1501988351345,3.93449566727263));
#1217=CARTESIAN_POINT('',(0.,48.1501988351345,3.93449566727263));
#1218=CARTESIAN_POINT('Origin',(0.,19.2907707929611,1.3338944503072));
#1219=CARTESIAN_POINT('',(0.,19.3145833333333,3.22783246868969));
#1220=CARTESIAN_POINT('',(0.,19.2907707929611,1.3338944503072));
#1221=CARTESIAN_POINT('',(0.,19.3145833333333,3.22783246868969));
#1222=CARTESIAN_POINT('',(1.,19.3145833333333,3.22783246868969));
#1223=CARTESIAN_POINT('',(0.,19.3145833333333,3.22783246868969));
#1224=CARTESIAN_POINT('',(1.,19.2907707929611,1.3338944503072));
#1225=CARTESIAN_POINT('',(1.,19.3145833333333,3.22783246868969));
#1226=CARTESIAN_POINT('',(0.,19.2907707929611,1.3338944503072));
#1227=CARTESIAN_POINT('Origin',(0.,16.66875,2.86758844858462));
#1228=CARTESIAN_POINT('',(0.,16.66875,2.86758844858462));
#1229=CARTESIAN_POINT('',(0.,16.66875,2.86758844858462));
#1230=CARTESIAN_POINT('',(1.,16.66875,2.86758844858462));
#1231=CARTESIAN_POINT('',(1.,16.66875,2.86758844858462));
#1232=CARTESIAN_POINT('',(0.,16.66875,2.86758844858462));
#1233=CARTESIAN_POINT('Origin',(0.,14.0229166666667,2.98397832698695));
#1234=CARTESIAN_POINT('',(0.,14.0229166666667,2.98397832698695));
#1235=CARTESIAN_POINT('',(0.,16.66875,1.23387502626537));
#1236=CARTESIAN_POINT('',(0.,14.0229166666667,2.98397832698695));
#1237=CARTESIAN_POINT('',(1.,16.66875,1.23387502626537));
#1238=CARTESIAN_POINT('',(0.,16.66875,1.23387502626537));
#1239=CARTESIAN_POINT('',(1.,14.0229166666667,2.98397832698695));
#1240=CARTESIAN_POINT('',(1.,14.0229166666667,2.98397832698695));
#1241=CARTESIAN_POINT('',(0.,14.0229166666667,2.98397832698695));
#1242=CARTESIAN_POINT('Origin',(0.,16.66875,1.23387502626537));
#1243=CARTESIAN_POINT('',(0.,16.6370002826055,3.73631108101737));
#1244=CARTESIAN_POINT('',(0.,16.6370002826055,3.73631108101737));
#1245=CARTESIAN_POINT('',(1.,16.6370002826055,3.73631108101737));
#1246=CARTESIAN_POINT('',(0.,16.6370002826055,3.73631108101737));
#1247=CARTESIAN_POINT('',(1.,16.6370002826055,3.73631108101737));
#1248=CARTESIAN_POINT('Origin',(0.,22.0212707122167,1.34580068895252));
#1249=CARTESIAN_POINT('',(0.,21.8572293281555,2.60257153805625));
#1250=CARTESIAN_POINT('',(0.,22.0212707122167,1.34580068895252));
#1251=CARTESIAN_POINT('',(0.,21.8572293281555,2.60257153805625));
#1252=CARTESIAN_POINT('',(1.,21.8572293281555,2.60257153805625));
#1253=CARTESIAN_POINT('',(0.,21.8572293281555,2.60257153805625));
#1254=CARTESIAN_POINT('',(1.,22.0212707122167,1.34580068895252));
#1255=CARTESIAN_POINT('',(1.,21.8572293281555,2.60257153805625));
#1256=CARTESIAN_POINT('',(0.,22.0212707122167,1.34580068895252));
#1257=CARTESIAN_POINT('Origin',(0.,19.3145833333333,2.67360531791407));
#1258=CARTESIAN_POINT('',(0.,19.3145833333333,2.67360531791407));
#1259=CARTESIAN_POINT('',(0.,19.3145833333333,2.67360531791407));
#1260=CARTESIAN_POINT('',(1.,19.3145833333333,2.67360531791407));
#1261=CARTESIAN_POINT('',(1.,19.3145833333333,2.67360531791407));
#1262=CARTESIAN_POINT('',(0.,19.3145833333333,2.67360531791407));
#1263=CARTESIAN_POINT('Origin',(0.,24.60625,1.22961028339071));
#1264=CARTESIAN_POINT('',(0.,24.664458656311,1.77442567444375));
#1265=CARTESIAN_POINT('',(0.,24.60625,1.22961028339071));
#1266=CARTESIAN_POINT('',(0.,24.664458656311,1.77442567444375));
#1267=CARTESIAN_POINT('',(1.,24.664458656311,1.77442567444375));
#1268=CARTESIAN_POINT('',(0.,24.664458656311,1.77442567444375));
#1269=CARTESIAN_POINT('',(1.,24.60625,1.22961028339071));
#1270=CARTESIAN_POINT('',(1.,24.664458656311,1.77442567444375));
#1271=CARTESIAN_POINT('',(0.,24.60625,1.22961028339071));
#1272=CARTESIAN_POINT('Origin',(0.,21.9392500201861,1.97418611350438));
#1273=CARTESIAN_POINT('',(0.,21.9392500201861,1.97418611350438));
#1274=CARTESIAN_POINT('',(0.,21.9392500201861,1.97418611350438));
#1275=CARTESIAN_POINT('',(1.,21.9392500201861,1.97418611350438));
#1276=CARTESIAN_POINT('',(1.,21.9392500201861,1.97418611350438));
#1277=CARTESIAN_POINT('',(0.,21.9392500201861,1.97418611350438));
#1278=CARTESIAN_POINT('Origin',(0.,90.4835321684679,-10.0663307385));
#1279=CARTESIAN_POINT('',(800.,69.3168655018012,3.93449566727263));
#1280=CARTESIAN_POINT('',(-800.,69.3168655018012,3.93449566727263));
#1281=CARTESIAN_POINT('',(0.,69.3168655018012,3.93449566727263));
#1282=CARTESIAN_POINT('',(-800.,90.4835321684679,-10.0663307385));
#1283=CARTESIAN_POINT('',(-800.,69.3168655018012,3.93449566727263));
#1284=CARTESIAN_POINT('',(800.,90.4835321684679,-10.0663307385));
#1285=CARTESIAN_POINT('',(0.,90.4835321684679,-10.0663307385));
#1286=CARTESIAN_POINT('',(800.,69.3168655018012,3.93449566727263));
#1287=CARTESIAN_POINT('Origin',(0.,90.2295344293118,9.95315769951597));
#1288=CARTESIAN_POINT('',(-800.,90.2295344293118,9.95315769951597));
#1289=CARTESIAN_POINT('',(-800.,90.2295344293118,9.95315769951597));
#1290=CARTESIAN_POINT('',(800.,90.2295344293118,9.95315769951597));
#1291=CARTESIAN_POINT('',(0.,90.2295344293118,9.95315769951597));
#1292=CARTESIAN_POINT('',(800.,90.2295344293118,9.95315769951597));
#1293=CARTESIAN_POINT('Origin',(0.,69.3591998040676,-11.3299253966306));
#1294=CARTESIAN_POINT('',(800.,69.3168655018012,12.5413009436111));
#1295=CARTESIAN_POINT('',(-800.,69.3168655018012,12.5413009436111));
#1296=CARTESIAN_POINT('',(0.,69.3168655018012,12.5413009436111));
#1297=CARTESIAN_POINT('',(-800.,69.3591998040676,-11.3299253966306));
#1298=CARTESIAN_POINT('',(-800.,69.3168655018012,12.5413009436111));
#1299=CARTESIAN_POINT('',(800.,69.3591998040676,-11.3299253966306));
#1300=CARTESIAN_POINT('',(0.,69.3591998040676,-11.3299253966306));
#1301=CARTESIAN_POINT('',(800.,69.3168655018012,12.5413009436111));
#1302=CARTESIAN_POINT('Origin',(0.,24.60625,1.22961028339071));
#1303=CARTESIAN_POINT('',(0.,21.9392500201861,1.97418611350438));
#1304=CARTESIAN_POINT('',(0.,24.60625,1.22961028339071));
#1305=CARTESIAN_POINT('',(0.,21.9392500201861,1.97418611350438));
#1306=CARTESIAN_POINT('',(-100.,21.9392500201861,1.97418611350438));
#1307=CARTESIAN_POINT('',(0.,21.9392500201861,1.97418611350438));
#1308=CARTESIAN_POINT('',(-100.,24.60625,1.22961028339071));
#1309=CARTESIAN_POINT('',(-100.,21.9392500201861,1.97418611350438));
#1310=CARTESIAN_POINT('',(0.,24.60625,1.22961028339071));
#1311=CARTESIAN_POINT('Origin',(0.,24.664458656311,1.77442567444375));
#1312=CARTESIAN_POINT('',(0.,24.664458656311,1.77442567444375));
#1313=CARTESIAN_POINT('',(0.,24.664458656311,1.77442567444375));
#1314=CARTESIAN_POINT('',(-100.,24.664458656311,1.77442567444375));
#1315=CARTESIAN_POINT('',(-100.,24.664458656311,1.77442567444375));
#1316=CARTESIAN_POINT('',(0.,24.664458656311,1.77442567444375));
#1317=CARTESIAN_POINT('Origin',(0.,133.303697866201,-9.17092543700283));
#1318=CARTESIAN_POINT('',(800.,111.650198835135,1.45151159468962));
#1319=CARTESIAN_POINT('',(-800.,111.650198835135,1.45151159468962));
#1320=CARTESIAN_POINT('',(0.,111.650198835135,1.45151159468962));
#1321=CARTESIAN_POINT('',(-800.,133.303697866201,-9.17092543700283));
#1322=CARTESIAN_POINT('',(-800.,111.650198835135,1.45151159468962));
#1323=CARTESIAN_POINT('',(800.,133.303697866201,-9.17092543700283));
#1324=CARTESIAN_POINT('',(0.,133.303697866201,-9.17092543700283));
#1325=CARTESIAN_POINT('',(800.,111.650198835135,1.45151159468962));
#1326=CARTESIAN_POINT('Origin',(0.,131.991366793712,0.883241355827005));
#1327=CARTESIAN_POINT('',(-800.,131.991366793712,0.883241355827005));
#1328=CARTESIAN_POINT('',(-800.,131.991366793712,0.883241355827005));
#1329=CARTESIAN_POINT('',(800.,131.991366793712,0.883241355827005));
#1330=CARTESIAN_POINT('',(0.,131.991366793712,0.883241355827005));
#1331=CARTESIAN_POINT('',(800.,131.991366793712,0.883241355827005));
#1332=CARTESIAN_POINT('Origin',(0.,111.459698512157,-9.26617534616535));
#1333=CARTESIAN_POINT('',(0.,90.4835321684679,3.003376640054));
#1334=CARTESIAN_POINT('',(0.,111.459698512157,-9.26617534616535));
#1335=CARTESIAN_POINT('',(0.,90.4835321684679,3.003376640054));
#1336=CARTESIAN_POINT('',(-800.,90.4835321684679,3.003376640054));
#1337=CARTESIAN_POINT('',(0.,90.4835321684679,3.003376640054));
#1338=CARTESIAN_POINT('',(-800.,111.459698512157,-9.26617534616535));
#1339=CARTESIAN_POINT('',(-800.,90.4835321684679,3.003376640054));
#1340=CARTESIAN_POINT('',(0.,111.459698512157,-9.26617534616535));
#1341=CARTESIAN_POINT('Origin',(0.,111.650198835135,5.88532880089452));
#1342=CARTESIAN_POINT('',(0.,111.650198835135,5.88532880089452));
#1343=CARTESIAN_POINT('',(0.,111.650198835135,5.88532880089452));
#1344=CARTESIAN_POINT('',(-800.,111.650198835135,5.88532880089452));
#1345=CARTESIAN_POINT('',(-800.,111.650198835135,5.88532880089452));
#1346=CARTESIAN_POINT('',(0.,111.650198835135,5.88532880089452));
#1347=CARTESIAN_POINT('Origin',(0.,28.4651984314124,-14.4202587791676));
#1348=CARTESIAN_POINT('',(800.,6.12378111879031,2.84819013551757));
#1349=CARTESIAN_POINT('',(-800.,6.12378111879031,2.84819013551757));
#1350=CARTESIAN_POINT('',(0.,6.12378111879031,2.84819013551757));
#1351=CARTESIAN_POINT('',(-800.,28.4651984314124,-14.4202587791676));
#1352=CARTESIAN_POINT('',(-800.,6.12378111879031,2.84819013551757));
#1353=CARTESIAN_POINT('',(800.,28.4651984314124,-14.4202587791676));
#1354=CARTESIAN_POINT('',(0.,28.4651984314124,-14.4202587791676));
#1355=CARTESIAN_POINT('',(800.,6.12378111879031,2.84819013551757));
#1356=CARTESIAN_POINT('Origin',(0.,27.1105310380459,13.1175751332547));
#1357=CARTESIAN_POINT('',(-800.,27.1105310380459,13.1175751332547));
#1358=CARTESIAN_POINT('',(-800.,27.1105310380459,13.1175751332547));
#1359=CARTESIAN_POINT('',(800.,27.1105310380459,13.1175751332547));
#1360=CARTESIAN_POINT('',(0.,27.1105310380459,13.1175751332547));
#1361=CARTESIAN_POINT('',(800.,27.1105310380459,13.1175751332547));
#1362=CARTESIAN_POINT('Origin',(0.,6.12378111879031,10.344741921038));
#1363=CARTESIAN_POINT('',(800.,5.81686550180118,-16.0645943023586));
#1364=CARTESIAN_POINT('',(-800.,5.81686550180118,-16.0645943023586));
#1365=CARTESIAN_POINT('',(0.,5.81686550180118,-16.0645943023586));
#1366=CARTESIAN_POINT('',(-800.,6.12378111879031,10.344741921038));
#1367=CARTESIAN_POINT('',(-800.,6.12378111879031,10.344741921038));
#1368=CARTESIAN_POINT('',(800.,6.12378111879031,10.344741921038));
#1369=CARTESIAN_POINT('',(0.,6.12378111879031,10.344741921038));
#1370=CARTESIAN_POINT('',(800.,6.12378111879031,10.344741921038));
#1371=CARTESIAN_POINT('Origin',(0.,5.81686550180118,-16.0645943023586));
#1372=CARTESIAN_POINT('',(800.,-17.3606340944767,0.830765576543857));
#1373=CARTESIAN_POINT('',(-800.,-17.3606340944767,0.830765576543857));
#1374=CARTESIAN_POINT('',(0.,-17.3606340944767,0.830765576543857));
#1375=CARTESIAN_POINT('',(-800.,-17.3606340944767,0.830765576543857));
#1376=CARTESIAN_POINT('',(800.,-17.3606340944767,0.830765576543857));
#1377=CARTESIAN_POINT('Origin',(8.,61.6628245722647,-4.85382588698697));
#1378=CARTESIAN_POINT('',(8.,174.388197543224,-13.0867587577198));
#1379=CARTESIAN_POINT('',(8.,-36.4953011653386,-13.5100920973613));
#1380=CARTESIAN_POINT('Ctrl Pts',(8.,174.388197543224,-13.0867587577198));
#1381=CARTESIAN_POINT('Ctrl Pts',(8.,173.705580311897,-12.8005392360454));
#1382=CARTESIAN_POINT('Ctrl Pts',(8.,172.329645799811,-12.2306754946784));
#1383=CARTESIAN_POINT('Ctrl Pts',(8.,170.233644328871,-11.3836058550875));
#1384=CARTESIAN_POINT('Ctrl Pts',(8.,167.374743391179,-10.269638024248));
#1385=CARTESIAN_POINT('Ctrl Pts',(8.,163.695504608598,-8.90321545597421));
#1386=CARTESIAN_POINT('Ctrl Pts',(8.,159.915198575494,-7.56356942476232));
#1387=CARTESIAN_POINT('Ctrl Pts',(8.,156.043268308517,-6.25214554833364));
#1388=CARTESIAN_POINT('Ctrl Pts',(8.,152.095393297979,-4.97126738351596));
#1389=CARTESIAN_POINT('Ctrl Pts',(8.,148.09597299762,-3.72447926791222));
#1390=CARTESIAN_POINT('Ctrl Pts',(8.,144.075841446534,-2.51617318262242));
#1391=CARTESIAN_POINT('Ctrl Pts',(8.,140.066825756872,-1.35074087161356));
#1392=CARTESIAN_POINT('Ctrl Pts',(8.,136.097285051596,-0.231873720689209));
#1393=CARTESIAN_POINT('Ctrl Pts',(8.,132.187167891735,0.838213110863222));
#1394=CARTESIAN_POINT('Ctrl Pts',(8.,128.34343204115,1.85949617558779));
#1395=CARTESIAN_POINT('Ctrl Pts',(8.,124.554827462804,2.83497295353557));
#1396=CARTESIAN_POINT('Ctrl Pts',(8.,120.797979770851,3.7694583691052));
#1397=CARTESIAN_POINT('Ctrl Pts',(8.,117.043886165961,4.6683133977657));
#1398=CARTESIAN_POINT('Ctrl Pts',(8.,113.264542370552,5.53613432175739));
#1399=CARTESIAN_POINT('Ctrl Pts',(8.,109.438843955492,6.37560852336829));
#1400=CARTESIAN_POINT('Ctrl Pts',(8.,105.560474733478,7.18592207321599));
#1401=CARTESIAN_POINT('Ctrl Pts',(8.,101.637587903575,7.96301120913302));
#1402=CARTESIAN_POINT('Ctrl Pts',(8.,97.6866485260683,8.70112223146966));
#1403=CARTESIAN_POINT('Ctrl Pts',(8.,93.7279614385037,9.39399889259018));
#1404=CARTESIAN_POINT('Ctrl Pts',(8.,89.7806226383949,10.0361884107003));
#1405=CARTESIAN_POINT('Ctrl Pts',(8.,85.8574636858045,10.6243779088383));
#1406=CARTESIAN_POINT('Ctrl Pts',(8.,81.9607313714361,11.1584887121834));
#1407=CARTESIAN_POINT('Ctrl Pts',(8.,78.0853562288986,11.6403540323288));
#1408=CARTESIAN_POINT('Ctrl Pts',(8.,74.2214834916897,12.0726474610896));
#1409=CARTESIAN_POINT('Ctrl Pts',(8.,70.3573414890395,12.4576614160629));
#1410=CARTESIAN_POINT('Ctrl Pts',(8.,66.4818122368095,12.7962802019155));
#1411=CARTESIAN_POINT('Ctrl Pts',(8.,62.5875119771892,13.0865345777813));
#1412=CARTESIAN_POINT('Ctrl Pts',(8.,58.6712778224835,13.3243697384347));
#1413=CARTESIAN_POINT('Ctrl Pts',(8.,54.7337354841695,13.5051331399415));
#1414=CARTESIAN_POINT('Ctrl Pts',(8.,50.7792339447565,13.6249057690435));
#1415=CARTESIAN_POINT('Ctrl Pts',(8.,46.8155049643492,13.6817191664438));
#1416=CARTESIAN_POINT('Ctrl Pts',(8.,42.8537598627693,13.6772617687075));
#1417=CARTESIAN_POINT('Ctrl Pts',(8.,38.9075584319943,13.6169199911638));
#1418=CARTESIAN_POINT('Ctrl Pts',(8.,34.989201083066,13.5063551257174));
#1419=CARTESIAN_POINT('Ctrl Pts',(8.,31.1066711445274,13.3488399918652));
#1420=CARTESIAN_POINT('Ctrl Pts',(8.,27.2602868475888,13.1422391186083));
#1421=CARTESIAN_POINT('Ctrl Pts',(8.,23.4396120399643,12.8762500619349));
#1422=CARTESIAN_POINT('Ctrl Pts',(8.,19.6198397150285,12.5292062829367));
#1423=CARTESIAN_POINT('Ctrl Pts',(8.,15.7703353598009,12.0744149555804));
#1424=CARTESIAN_POINT('Ctrl Pts',(8.,11.8633393708056,11.486599527629));
#1425=CARTESIAN_POINT('Ctrl Pts',(8.,7.88318060359241,10.7487798423003));
#1426=CARTESIAN_POINT('Ctrl Pts',(8.,3.8340032134728,9.85790319089499));
#1427=CARTESIAN_POINT('Ctrl Pts',(8.,-0.24862581687783,8.83371859582227));
#1428=CARTESIAN_POINT('Ctrl Pts',(8.,-4.30165488030713,7.71465660659444));
#1429=CARTESIAN_POINT('Ctrl Pts',(8.,-8.25014512723938,6.54398449178994));
#1430=CARTESIAN_POINT('Ctrl Pts',(8.,-12.0195343249919,5.35870058588133));
#1431=CARTESIAN_POINT('Ctrl Pts',(8.,-15.5490892342828,4.17751979474996));
#1432=CARTESIAN_POINT('Ctrl Pts',(8.,-18.8052885243097,2.98869701515252));
#1433=CARTESIAN_POINT('Ctrl Pts',(8.,-21.7941416996744,1.7392847999678));
#1434=CARTESIAN_POINT('Ctrl Pts',(8.,-24.5422907487483,0.361185370739194));
#1435=CARTESIAN_POINT('Ctrl Pts',(8.,-27.0781230136416,-1.20236069954381));
#1436=CARTESIAN_POINT('Ctrl Pts',(8.,-29.415089321684,-2.97385914840521));
#1437=CARTESIAN_POINT('Ctrl Pts',(8.,-31.5287267244977,-4.90874954991736));
#1438=CARTESIAN_POINT('Ctrl Pts',(8.,-33.3593207647594,-6.90259496960987));
#1439=CARTESIAN_POINT('Ctrl Pts',(8.,-34.8361992291384,-8.83216476704085));
#1440=CARTESIAN_POINT('Ctrl Pts',(8.,-35.8939731618699,-10.5836283648473));
#1441=CARTESIAN_POINT('Ctrl Pts',(8.,-36.3759516215581,-11.7915270159042));
#1442=CARTESIAN_POINT('Ctrl Pts',(8.,-36.5277571953728,-12.5800873276616));
#1443=CARTESIAN_POINT('Ctrl Pts',(8.,-36.5357621408144,-13.0535691253532));
#1444=CARTESIAN_POINT('Ctrl Pts',(8.,-36.5164678315322,-13.2772587652896));
#1445=CARTESIAN_POINT('Ctrl Pts',(8.,-36.4741344991451,-13.742925429433));
#1446=CARTESIAN_POINT('Ctrl Pts',(8.,-36.4113837480139,-13.9272975340714));
#1447=CARTESIAN_POINT('Ctrl Pts',(8.,-36.233647137012,-14.2807523614976));
#1448=CARTESIAN_POINT('Ctrl Pts',(8.,-35.8102734603887,-14.7650573235625));
#1449=CARTESIAN_POINT('Ctrl Pts',(8.,-34.9326479887751,-15.3190807084803));
#1450=CARTESIAN_POINT('Ctrl Pts',(8.,-33.3381765740467,-15.8627587737702));
#1451=CARTESIAN_POINT('Ctrl Pts',(8.,-31.3321291201911,-16.2716342364756));
#1452=CARTESIAN_POINT('Ctrl Pts',(8.,-29.04746718592,-16.5683742513592));
#1453=CARTESIAN_POINT('Ctrl Pts',(8.,-26.6117910028087,-16.7773096194773));
#1454=CARTESIAN_POINT('Ctrl Pts',(8.,-24.1041740152214,-16.9188959641976));
#1455=CARTESIAN_POINT('Ctrl Pts',(8.,-21.5123179544266,-17.004036695529));
#1456=CARTESIAN_POINT('Ctrl Pts',(8.,-18.7717334831654,-17.0373026976573));
#1457=CARTESIAN_POINT('Ctrl Pts',(8.,-15.8006444361609,-17.019627922564));
#1458=CARTESIAN_POINT('Ctrl Pts',(8.,-12.5349811613397,-16.9511038057077));
#1459=CARTESIAN_POINT('Ctrl Pts',(8.,-8.96730627344193,-16.8339838512957));
#1460=CARTESIAN_POINT('Ctrl Pts',(8.,-5.13631198289336,-16.6725040655272));
#1461=CARTESIAN_POINT('Ctrl Pts',(8.,-1.11011700434468,-16.4722834194153));
#1462=CARTESIAN_POINT('Ctrl Pts',(8.,3.02851693511525,-16.2398734832414));
#1463=CARTESIAN_POINT('Ctrl Pts',(8.,7.19693359580081,-15.9822579993993));
#1464=CARTESIAN_POINT('Ctrl Pts',(8.,11.329277785252,-15.7063508461953));
#1465=CARTESIAN_POINT('Ctrl Pts',(8.,15.3859081545988,-15.4185766889652));
#1466=CARTESIAN_POINT('Ctrl Pts',(8.,19.3470584703804,-15.1246439224727));
#1467=CARTESIAN_POINT('Ctrl Pts',(8.,23.2098523444315,-14.8292869059306));
#1468=CARTESIAN_POINT('Ctrl Pts',(8.,26.9839801293902,-14.5359946141092));
#1469=CARTESIAN_POINT('Ctrl Pts',(8.,30.6880505654433,-14.2467989691874));
#1470=CARTESIAN_POINT('Ctrl Pts',(8.,34.3454844435281,-13.9618943634638));
#1471=CARTESIAN_POINT('Ctrl Pts',(8.,37.9814916366201,-13.6799658819976));
#1472=CARTESIAN_POINT('Ctrl Pts',(8.,41.6206914750834,-13.3989749892037));
#1473=CARTESIAN_POINT('Ctrl Pts',(8.,45.2844761735841,-13.1168239425176));
#1474=CARTESIAN_POINT('Ctrl Pts',(8.,48.9886314481341,-12.8320322111147));
#1475=CARTESIAN_POINT('Ctrl Pts',(8.,52.7404653056185,-12.5444980596556));
#1476=CARTESIAN_POINT('Ctrl Pts',(8.,56.537286025839,-12.2559481152302));
#1477=CARTESIAN_POINT('Ctrl Pts',(8.,60.3697194001095,-11.9692113476143));
#1478=CARTESIAN_POINT('Ctrl Pts',(8.,64.2242050834094,-11.6876959614839));
#1479=CARTESIAN_POINT('Ctrl Pts',(8.,68.0858864064747,-11.4147623764326));
#1480=CARTESIAN_POINT('Ctrl Pts',(8.,71.9411406411864,-11.1531996917635));
#1481=CARTESIAN_POINT('Ctrl Pts',(8.,75.7807395771505,-10.9045072505609));
#1482=CARTESIAN_POINT('Ctrl Pts',(8.,79.6002434694614,-10.6690436514252));
#1483=CARTESIAN_POINT('Ctrl Pts',(8.,83.3990969015489,-10.4465798612418));
#1484=CARTESIAN_POINT('Ctrl Pts',(8.,87.1801463097331,-10.2367298332294));
#1485=CARTESIAN_POINT('Ctrl Pts',(8.,90.9489779405515,-10.0394172735664));
#1486=CARTESIAN_POINT('Ctrl Pts',(8.,94.713366075911,-9.85536025362893));
#1487=CARTESIAN_POINT('Ctrl Pts',(8.,98.4825970319327,-9.68645166207687));
#1488=CARTESIAN_POINT('Ctrl Pts',(8.,102.265983283761,-9.53522254131346));
#1489=CARTESIAN_POINT('Ctrl Pts',(8.,106.071496863468,-9.40441141870244));
#1490=CARTESIAN_POINT('Ctrl Pts',(8.,109.904262831075,-9.29646195792964));
#1491=CARTESIAN_POINT('Ctrl Pts',(8.,113.765319256748,-9.21312233389305));
#1492=CARTESIAN_POINT('Ctrl Pts',(8.,117.649724595779,-9.15481975520845));
#1493=CARTESIAN_POINT('Ctrl Pts',(8.,121.54736271796,-9.12095174234863));
#1494=CARTESIAN_POINT('Ctrl Pts',(8.,125.445525679024,-9.1107802296503));
#1495=CARTESIAN_POINT('Ctrl Pts',(8.,129.330953395287,-9.12414180143591));
#1496=CARTESIAN_POINT('Ctrl Pts',(8.,133.192109226281,-9.16224085748085));
#1497=CARTESIAN_POINT('Ctrl Pts',(8.,137.021323914444,-9.22839352536583));
#1498=CARTESIAN_POINT('Ctrl Pts',(8.,140.81709148081,-9.32883824524675));
#1499=CARTESIAN_POINT('Ctrl Pts',(8.,144.582587970809,-9.47179424141918));
#1500=CARTESIAN_POINT('Ctrl Pts',(8.,148.324119472677,-9.66649213739976));
#1501=CARTESIAN_POINT('Ctrl Pts',(8.,152.049554921967,-9.92218141364438));
#1502=CARTESIAN_POINT('Ctrl Pts',(8.,155.766877818616,-10.2472271338563));
#1503=CARTESIAN_POINT('Ctrl Pts',(8.,159.482422352801,-10.6479709150138));
#1504=CARTESIAN_POINT('Ctrl Pts',(8.,163.200268329317,-11.1284426868059));
#1505=CARTESIAN_POINT('Ctrl Pts',(8.,166.922902843289,-11.691001723675));
#1506=CARTESIAN_POINT('Ctrl Pts',(8.,169.905815055891,-12.207582175829));
#1507=CARTESIAN_POINT('Ctrl Pts',(8.,172.145884916516,-12.6325725676663));
#1508=CARTESIAN_POINT('Ctrl Pts',(8.,173.640546391508,-12.9325827994326));
#1509=CARTESIAN_POINT('Ctrl Pts',(8.,174.388197543224,-13.0867587577198));
#1510=CARTESIAN_POINT('Ctrl Pts',(800.,174.388197543224,-13.0867587577198));
#1511=CARTESIAN_POINT('Ctrl Pts',(1035.65204544757,215.925422067198,-11.9857600112614));
#1512=CARTESIAN_POINT('Ctrl Pts',(800.,173.640546391508,-12.9325827994326));
#1513=CARTESIAN_POINT('Ctrl Pts',(1035.65204544757,215.177770915482,-11.8315840529742));
#1514=CARTESIAN_POINT('Ctrl Pts',(800.,172.145884916516,-12.6325725676663));
#1515=CARTESIAN_POINT('Ctrl Pts',(1035.65204544757,213.68310944049,-11.5315738212078));
#1516=CARTESIAN_POINT('Ctrl Pts',(800.,169.905815055891,-12.207582175829));
#1517=CARTESIAN_POINT('Ctrl Pts',(1035.65204544757,211.443039579865,-11.1065834293706));
#1518=CARTESIAN_POINT('Ctrl Pts',(800.,166.922902843289,-11.691001723675));
#1519=CARTESIAN_POINT('Ctrl Pts',(1035.65204544757,208.460127367263,-10.5900029772165));
#1520=CARTESIAN_POINT('Ctrl Pts',(800.,163.200268329317,-11.1284426868059));
#1521=CARTESIAN_POINT('Ctrl Pts',(1035.65204544757,204.737492853291,-10.0274439403475));
#1522=CARTESIAN_POINT('Ctrl Pts',(800.,159.482422352801,-10.6479709150138));
#1523=CARTESIAN_POINT('Ctrl Pts',(1035.65204544757,201.019646876775,-9.54697216855537));
#1524=CARTESIAN_POINT('Ctrl Pts',(800.,155.766877818616,-10.2472271338563));
#1525=CARTESIAN_POINT('Ctrl Pts',(1035.65204544757,197.30410234259,-9.14622838739786));
#1526=CARTESIAN_POINT('Ctrl Pts',(800.,152.049554921967,-9.92218141364438));
#1527=CARTESIAN_POINT('Ctrl Pts',(1035.65204544757,193.586779445941,-8.82118266718595));
#1528=CARTESIAN_POINT('Ctrl Pts',(800.,148.324119472677,-9.66649213739976));
#1529=CARTESIAN_POINT('Ctrl Pts',(1035.65204544757,189.861343996651,-8.56549339094133));
#1530=CARTESIAN_POINT('Ctrl Pts',(800.,144.582587970809,-9.47179424141918));
#1531=CARTESIAN_POINT('Ctrl Pts',(1035.65204544757,186.119812494783,-8.37079549496075));
#1532=CARTESIAN_POINT('Ctrl Pts',(800.,140.81709148081,-9.32883824524675));
#1533=CARTESIAN_POINT('Ctrl Pts',(1035.65204544757,182.354316004784,-8.22783949878833));
#1534=CARTESIAN_POINT('Ctrl Pts',(800.,137.021323914444,-9.22839352536583));
#1535=CARTESIAN_POINT('Ctrl Pts',(1035.65204544757,178.558548438418,-8.1273947789074));
#1536=CARTESIAN_POINT('Ctrl Pts',(800.,133.192109226281,-9.16224085748085));
#1537=CARTESIAN_POINT('Ctrl Pts',(1035.65204544757,174.729333750255,-8.06124211102242));
#1538=CARTESIAN_POINT('Ctrl Pts',(800.,129.330953395287,-9.12414180143591));
#1539=CARTESIAN_POINT('Ctrl Pts',(1035.65204544757,170.868177919261,-8.02314305497748));
#1540=CARTESIAN_POINT('Ctrl Pts',(800.,125.445525679024,-9.1107802296503));
#1541=CARTESIAN_POINT('Ctrl Pts',(1035.65204544757,166.982750202998,-8.00978148319187));
#1542=CARTESIAN_POINT('Ctrl Pts',(800.,121.54736271796,-9.12095174234863));
#1543=CARTESIAN_POINT('Ctrl Pts',(1035.65204544757,163.084587241934,-8.0199529958902));
#1544=CARTESIAN_POINT('Ctrl Pts',(800.,117.649724595779,-9.15481975520845));
#1545=CARTESIAN_POINT('Ctrl Pts',(1035.65204544757,159.186949119753,-8.05382100875003));
#1546=CARTESIAN_POINT('Ctrl Pts',(800.,113.765319256748,-9.21312233389305));
#1547=CARTESIAN_POINT('Ctrl Pts',(1035.65204544757,155.302543780722,-8.11212358743462));
#1548=CARTESIAN_POINT('Ctrl Pts',(800.,109.904262831075,-9.29646195792963));
#1549=CARTESIAN_POINT('Ctrl Pts',(1035.65204544757,151.441487355049,-8.19546321147121));
#1550=CARTESIAN_POINT('Ctrl Pts',(800.,106.071496863468,-9.40441141870244));
#1551=CARTESIAN_POINT('Ctrl Pts',(1035.65204544757,147.608721387442,-8.30341267224401));
#1552=CARTESIAN_POINT('Ctrl Pts',(800.,102.265983283761,-9.53522254131346));
#1553=CARTESIAN_POINT('Ctrl Pts',(1035.65204544757,143.803207807735,-8.43422379485503));
#1554=CARTESIAN_POINT('Ctrl Pts',(800.,98.4825970319327,-9.68645166207687));
#1555=CARTESIAN_POINT('Ctrl Pts',(1035.65204544757,140.019821555907,-8.58545291561845));
#1556=CARTESIAN_POINT('Ctrl Pts',(800.,94.713366075911,-9.85536025362893));
#1557=CARTESIAN_POINT('Ctrl Pts',(1035.65204544757,136.250590599885,-8.7543615071705));
#1558=CARTESIAN_POINT('Ctrl Pts',(800.,90.9489779405515,-10.0394172735664));
#1559=CARTESIAN_POINT('Ctrl Pts',(1035.65204544757,132.486202464526,-8.93841852710801));
#1560=CARTESIAN_POINT('Ctrl Pts',(800.,87.1801463097331,-10.2367298332294));
#1561=CARTESIAN_POINT('Ctrl Pts',(1035.65204544757,128.717370833707,-9.135731086771));
#1562=CARTESIAN_POINT('Ctrl Pts',(800.,83.3990969015489,-10.4465798612418));
#1563=CARTESIAN_POINT('Ctrl Pts',(1035.65204544757,124.936321425523,-9.34558111478338));
#1564=CARTESIAN_POINT('Ctrl Pts',(800.,79.6002434694614,-10.6690436514252));
#1565=CARTESIAN_POINT('Ctrl Pts',(1035.65204544757,121.137467993436,-9.56804490496678));
#1566=CARTESIAN_POINT('Ctrl Pts',(800.,75.7807395771505,-10.9045072505609));
#1567=CARTESIAN_POINT('Ctrl Pts',(1035.65204544757,117.317964101125,-9.80350850410247));
#1568=CARTESIAN_POINT('Ctrl Pts',(800.,71.9411406411864,-11.1531996917635));
#1569=CARTESIAN_POINT('Ctrl Pts',(1035.65204544757,113.478365165161,-10.052200945305));
#1570=CARTESIAN_POINT('Ctrl Pts',(800.,68.0858864064747,-11.4147623764326));
#1571=CARTESIAN_POINT('Ctrl Pts',(1035.65204544757,109.623110930449,-10.3137636299742));
#1572=CARTESIAN_POINT('Ctrl Pts',(800.,64.2242050834094,-11.6876959614839));
#1573=CARTESIAN_POINT('Ctrl Pts',(1035.65204544757,105.761429607384,-10.5866972150255));
#1574=CARTESIAN_POINT('Ctrl Pts',(800.,60.3697194001095,-11.9692113476143));
#1575=CARTESIAN_POINT('Ctrl Pts',(1035.65204544757,101.906943924084,-10.8682126011559));
#1576=CARTESIAN_POINT('Ctrl Pts',(800.,56.537286025839,-12.2559481152302));
#1577=CARTESIAN_POINT('Ctrl Pts',(1035.65204544757,98.0745105498133,-11.1549493687718));
#1578=CARTESIAN_POINT('Ctrl Pts',(800.,52.7404653056185,-12.5444980596556));
#1579=CARTESIAN_POINT('Ctrl Pts',(1035.65204544757,94.2776898295927,-11.4434993131971));
#1580=CARTESIAN_POINT('Ctrl Pts',(800.,48.9886314481341,-12.8320322111147));
#1581=CARTESIAN_POINT('Ctrl Pts',(1035.65204544757,90.5258559721083,-11.7310334646563));
#1582=CARTESIAN_POINT('Ctrl Pts',(800.,45.2844761735841,-13.1168239425176));
#1583=CARTESIAN_POINT('Ctrl Pts',(1035.65204544757,86.8217006975583,-12.0158251960592));
#1584=CARTESIAN_POINT('Ctrl Pts',(800.,41.6206914750834,-13.3989749892037));
#1585=CARTESIAN_POINT('Ctrl Pts',(1035.65204544757,83.1579159990576,-12.2979762427453));
#1586=CARTESIAN_POINT('Ctrl Pts',(800.,37.9814916366201,-13.6799658819976));
#1587=CARTESIAN_POINT('Ctrl Pts',(1035.65204544757,79.5187161605943,-12.5789671355392));
#1588=CARTESIAN_POINT('Ctrl Pts',(800.,34.3454844435281,-13.9618943634638));
#1589=CARTESIAN_POINT('Ctrl Pts',(1035.65204544757,75.8827089675023,-12.8608956170054));
#1590=CARTESIAN_POINT('Ctrl Pts',(800.,30.6880505654433,-14.2467989691874));
#1591=CARTESIAN_POINT('Ctrl Pts',(1035.65204544757,72.2252750894176,-13.145800222729));
#1592=CARTESIAN_POINT('Ctrl Pts',(800.,26.9839801293902,-14.5359946141092));
#1593=CARTESIAN_POINT('Ctrl Pts',(1035.65204544757,68.5212046533644,-13.4349958676508));
#1594=CARTESIAN_POINT('Ctrl Pts',(800.,23.2098523444315,-14.8292869059306));
#1595=CARTESIAN_POINT('Ctrl Pts',(1035.65204544757,64.7470768684058,-13.7282881594721));
#1596=CARTESIAN_POINT('Ctrl Pts',(800.,19.3470584703804,-15.1246439224727));
#1597=CARTESIAN_POINT('Ctrl Pts',(1035.65204544757,60.8842829943546,-14.0236451760143));
#1598=CARTESIAN_POINT('Ctrl Pts',(800.,15.3859081545988,-15.4185766889652));
#1599=CARTESIAN_POINT('Ctrl Pts',(1035.65204544757,56.923132678573,-14.3175779425067));
#1600=CARTESIAN_POINT('Ctrl Pts',(800.,11.329277785252,-15.7063508461953));
#1601=CARTESIAN_POINT('Ctrl Pts',(1035.65204544757,52.8665023092262,-14.6053520997368));
#1602=CARTESIAN_POINT('Ctrl Pts',(800.,7.19693359580081,-15.9822579993993));
#1603=CARTESIAN_POINT('Ctrl Pts',(1035.65204544757,48.734158119775,-14.8812592529408));
#1604=CARTESIAN_POINT('Ctrl Pts',(800.,3.02851693511524,-16.2398734832414));
#1605=CARTESIAN_POINT('Ctrl Pts',(1035.65204544757,44.5657414590895,-15.138874736783));
#1606=CARTESIAN_POINT('Ctrl Pts',(800.,-1.11011700434467,-16.4722834194153));
#1607=CARTESIAN_POINT('Ctrl Pts',(1035.65204544757,40.4271075196295,-15.3712846729569));
#1608=CARTESIAN_POINT('Ctrl Pts',(800.,-5.13631198289335,-16.6725040655272));
#1609=CARTESIAN_POINT('Ctrl Pts',(1035.65204544757,36.4009125410809,-15.5715053190688));
#1610=CARTESIAN_POINT('Ctrl Pts',(800.,-8.96730627344192,-16.8339838512957));
#1611=CARTESIAN_POINT('Ctrl Pts',(1035.65204544757,32.5699182505323,-15.7329851048373));
#1612=CARTESIAN_POINT('Ctrl Pts',(800.,-12.5349811613397,-16.9511038057077));
#1613=CARTESIAN_POINT('Ctrl Pts',(1035.65204544757,29.0022433626346,-15.8501050592493));
#1614=CARTESIAN_POINT('Ctrl Pts',(800.,-15.8006444361609,-17.019627922564));
#1615=CARTESIAN_POINT('Ctrl Pts',(1035.65204544757,25.7365800878133,-15.9186291761056));
#1616=CARTESIAN_POINT('Ctrl Pts',(800.,-18.7717334831654,-17.0373026976573));
#1617=CARTESIAN_POINT('Ctrl Pts',(1035.65204544757,22.7654910408088,-15.9363039511989));
#1618=CARTESIAN_POINT('Ctrl Pts',(800.,-21.5123179544266,-17.004036695529));
#1619=CARTESIAN_POINT('Ctrl Pts',(1035.65204544757,20.0249065695476,-15.9030379490706));
#1620=CARTESIAN_POINT('Ctrl Pts',(800.,-24.1041740152214,-16.9188959641976));
#1621=CARTESIAN_POINT('Ctrl Pts',(1035.65204544757,17.4330505087529,-15.8178972177392));
#1622=CARTESIAN_POINT('Ctrl Pts',(800.,-26.6117910028087,-16.7773096194773));
#1623=CARTESIAN_POINT('Ctrl Pts',(1035.65204544757,14.9254335211655,-15.6763108730189));
#1624=CARTESIAN_POINT('Ctrl Pts',(800.,-29.04746718592,-16.5683742513592));
#1625=CARTESIAN_POINT('Ctrl Pts',(1035.65204544757,12.4897573380542,-15.4673755049008));
#1626=CARTESIAN_POINT('Ctrl Pts',(800.,-31.3321291201911,-16.2716342364756));
#1627=CARTESIAN_POINT('Ctrl Pts',(1035.65204544757,10.2050954037831,-15.1706354900171));
#1628=CARTESIAN_POINT('Ctrl Pts',(800.,-33.3381765740467,-15.8627587737702));
#1629=CARTESIAN_POINT('Ctrl Pts',(1035.65204544757,8.19904794992748,-14.7617600273118));
#1630=CARTESIAN_POINT('Ctrl Pts',(800.,-34.932647988775,-15.3190807084803));
#1631=CARTESIAN_POINT('Ctrl Pts',(1035.65204544757,6.60457653519918,-14.2180819620219));
#1632=CARTESIAN_POINT('Ctrl Pts',(800.,-35.8102734603887,-14.7650573235625));
#1633=CARTESIAN_POINT('Ctrl Pts',(1035.65204544757,5.72695106358553,-13.6640585771041));
#1634=CARTESIAN_POINT('Ctrl Pts',(800.,-36.233647137012,-14.2807523614976));
#1635=CARTESIAN_POINT('Ctrl Pts',(1035.65204544757,5.30357738696221,-13.1797536150392));
#1636=CARTESIAN_POINT('Ctrl Pts',(800.,-36.4113837480139,-13.9272975340714));
#1637=CARTESIAN_POINT('Ctrl Pts',(1035.65204544757,5.12584077596035,-12.826298787613));
#1638=CARTESIAN_POINT('Ctrl Pts',(800.,-36.4741344991451,-13.742925429433));
#1639=CARTESIAN_POINT('Ctrl Pts',(1035.65204544757,5.06309002482917,-12.6419266829746));
#1640=CARTESIAN_POINT('',(800.,174.388197543224,-13.0867587577198));
#1641=CARTESIAN_POINT('',(800.,-36.4741346810221,-13.7429234287853));
#1642=CARTESIAN_POINT('Ctrl Pts',(800.,174.388197543224,-13.0867587577198));
#1643=CARTESIAN_POINT('Ctrl Pts',(800.,173.219992618667,-12.8458588228961));
#1644=CARTESIAN_POINT('Ctrl Pts',(800.,172.052727958895,-12.6171787516799));
#1645=CARTESIAN_POINT('Ctrl Pts',(800.,170.886396676146,-12.4007176363179));
#1646=CARTESIAN_POINT('Ctrl Pts',(800.,169.895146974002,-12.2167501655813));
#1647=CARTESIAN_POINT('Ctrl Pts',(800.,168.904572596398,-12.0416100115739));
#1648=CARTESIAN_POINT('Ctrl Pts',(800.,167.914642555025,-11.8752749165929));
#1649=CARTESIAN_POINT('Ctrl Pts',(800.,167.037745689548,-11.727932460751));
#1650=CARTESIAN_POINT('Ctrl Pts',(800.,166.161354704286,-11.5874995103559));
#1651=CARTESIAN_POINT('Ctrl Pts',(800.,165.285417445848,-11.4539314766264));
#1652=CARTESIAN_POINT('Ctrl Pts',(800.,164.475270326144,-11.3303955078476));
#1653=CARTESIAN_POINT('Ctrl Pts',(800.,163.665511587015,-11.2127322584161));
#1654=CARTESIAN_POINT('Ctrl Pts',(800.,162.856068302976,-11.1008750198629));
#1655=CARTESIAN_POINT('Ctrl Pts',(800.,162.083387284407,-10.994097971089));
#1656=CARTESIAN_POINT('Ctrl Pts',(800.,161.310993868682,-10.8926117380002));
#1657=CARTESIAN_POINT('Ctrl Pts',(800.,160.538791463898,-10.7963246721492));
#1658=CARTESIAN_POINT('Ctrl Pts',(800.,159.798945982581,-10.704072239189));
#1659=CARTESIAN_POINT('Ctrl Pts',(800.,159.059275912509,-10.6165925092155));
#1660=CARTESIAN_POINT('Ctrl Pts',(800.,158.3196638148,-10.5337711494545));
#1661=CARTESIAN_POINT('Ctrl Pts',(800.,157.614877158298,-10.454849523627));
#1662=CARTESIAN_POINT('Ctrl Pts',(800.,156.910143338522,-10.380158080259));
#1663=CARTESIAN_POINT('Ctrl Pts',(800.,156.205328598461,-10.3095644780389));
#1664=CARTESIAN_POINT('Ctrl Pts',(800.,155.503110673451,-10.2392309704485));
#1665=CARTESIAN_POINT('Ctrl Pts',(800.,154.800812620494,-10.1729654030846));
#1666=CARTESIAN_POINT('Ctrl Pts',(800.,154.098265483435,-10.110598969232));
#1667=CARTESIAN_POINT('Ctrl Pts',(800.,153.371317680954,-10.0460664423079));
#1668=CARTESIAN_POINT('Ctrl Pts',(800.,152.644102964704,-9.98570862616798));
#1669=CARTESIAN_POINT('Ctrl Pts',(800.,151.916395783134,-9.9292962291745));
#1670=CARTESIAN_POINT('Ctrl Pts',(800.,151.106585573822,-9.86651914496532));
#1671=CARTESIAN_POINT('Ctrl Pts',(800.,150.296164744379,-9.80862799494586));
#1672=CARTESIAN_POINT('Ctrl Pts',(800.,149.484780148947,-9.75525215152756));
#1673=CARTESIAN_POINT('Ctrl Pts',(800.,148.513120715103,-9.69133284360778));
#1674=CARTESIAN_POINT('Ctrl Pts',(800.,147.540075427485,-9.63388796947911));
#1675=CARTESIAN_POINT('Ctrl Pts',(800.,146.565016441957,-9.58221249775015));
#1676=CARTESIAN_POINT('Ctrl Pts',(800.,145.70660071221,-9.53671880102757));
#1677=CARTESIAN_POINT('Ctrl Pts',(800.,144.846621890178,-9.4956943798001));
#1678=CARTESIAN_POINT('Ctrl Pts',(800.,143.984681601627,-9.45863874394053));
#1679=CARTESIAN_POINT('Ctrl Pts',(800.,143.240572084101,-9.42664876541494));
#1680=CARTESIAN_POINT('Ctrl Pts',(800.,142.495000186007,-9.39761573135872));
#1681=CARTESIAN_POINT('Ctrl Pts',(800.,141.74774925804,-9.37122101640469));
#1682=CARTESIAN_POINT('Ctrl Pts',(800.,141.062861263928,-9.3470291115124));
#1683=CARTESIAN_POINT('Ctrl Pts',(800.,140.376562477313,-9.32505310411262));
#1684=CARTESIAN_POINT('Ctrl Pts',(800.,139.688727698736,-9.30505915317046));
#1685=CARTESIAN_POINT('Ctrl Pts',(800.,139.041075365106,-9.28623322376199));
#1686=CARTESIAN_POINT('Ctrl Pts',(800.,138.392061028252,-9.2691642763729));
#1687=CARTESIAN_POINT('Ctrl Pts',(800.,137.741622600172,-9.25367240380554));
#1688=CARTESIAN_POINT('Ctrl Pts',(800.,137.120078980135,-9.23886873578565));
#1689=CARTESIAN_POINT('Ctrl Pts',(800.,136.497234799084,-9.22550494775446));
#1690=CARTESIAN_POINT('Ctrl Pts',(800.,135.873078837087,-9.21344162410404));
#1691=CARTESIAN_POINT('Ctrl Pts',(800.,135.271016993894,-9.20180532273992));
#1692=CARTESIAN_POINT('Ctrl Pts',(800.,134.667734450779,-9.19137890294681));
#1693=CARTESIAN_POINT('Ctrl Pts',(800.,134.063264433963,-9.18205633530404));
#1694=CARTESIAN_POINT('Ctrl Pts',(800.,133.461154325483,-9.17277016385044));
#1695=CARTESIAN_POINT('Ctrl Pts',(800.,132.85786570434,-9.1645790407572));
#1696=CARTESIAN_POINT('Ctrl Pts',(800.,132.253478941092,-9.15740026313536));
#1697=CARTESIAN_POINT('Ctrl Pts',(800.,131.621055131896,-9.14988846743591));
#1698=CARTESIAN_POINT('Ctrl Pts',(800.,130.987429175886,-9.14348514650525));
#1699=CARTESIAN_POINT('Ctrl Pts',(800.,130.35274660606,-9.13812155340696));
#1700=CARTESIAN_POINT('Ctrl Pts',(800.,129.678034851707,-9.1324196805637));
#1701=CARTESIAN_POINT('Ctrl Pts',(800.,129.002129378277,-9.12789286534678));
#1702=CARTESIAN_POINT('Ctrl Pts',(800.,128.325259198082,-9.12448671282007));
#1703=CARTESIAN_POINT('Ctrl Pts',(800.,127.590890447122,-9.12079121544138));
#1704=CARTESIAN_POINT('Ctrl Pts',(800.,126.855386668247,-9.11841488313839));
#1705=CARTESIAN_POINT('Ctrl Pts',(800.,126.119095145244,-9.11732010561259));
#1706=CARTESIAN_POINT('Ctrl Pts',(800.,125.277088994508,-9.11606814306568));
#1707=CARTESIAN_POINT('Ctrl Pts',(800.,124.434053769842,-9.11649209674422));
#1708=CARTESIAN_POINT('Ctrl Pts',(800.,123.590565580278,-9.11857681723114));
#1709=CARTESIAN_POINT('Ctrl Pts',(800.,122.630643985504,-9.12094930832137));
#1710=CARTESIAN_POINT('Ctrl Pts',(800.,121.670139816917,-9.12547340403781));
#1711=CARTESIAN_POINT('Ctrl Pts',(800.,120.709929335333,-9.13217210840581));
#1712=CARTESIAN_POINT('Ctrl Pts',(800.,119.86280722635,-9.13808187577505));
#1713=CARTESIAN_POINT('Ctrl Pts',(800.,119.015916358443,-9.14568566314351));
#1714=CARTESIAN_POINT('Ctrl Pts',(800.,118.169828534441,-9.15501353563063));
#1715=CARTESIAN_POINT('Ctrl Pts',(800.,117.44332011538,-9.16302307991383));
#1716=CARTESIAN_POINT('Ctrl Pts',(800.,116.717404345973,-9.17230437678512));
#1717=CARTESIAN_POINT('Ctrl Pts',(800.,115.992402758583,-9.18287597787808));
#1718=CARTESIAN_POINT('Ctrl Pts',(800.,115.333574999266,-9.19248266616899));
#1719=CARTESIAN_POINT('Ctrl Pts',(800.,114.675502571212,-9.20315515910886));
#1720=CARTESIAN_POINT('Ctrl Pts',(800.,114.018383826374,-9.2149014605599));
#1721=CARTESIAN_POINT('Ctrl Pts',(800.,113.388219271838,-9.22616594339421));
#1722=CARTESIAN_POINT('Ctrl Pts',(800.,112.758932083545,-9.23841811212551));
#1723=CARTESIAN_POINT('Ctrl Pts',(800.,112.130649725815,-9.25165594459052));
#1724=CARTESIAN_POINT('Ctrl Pts',(800.,111.513404802723,-9.2646612196571));
#1725=CARTESIAN_POINT('Ctrl Pts',(800.,110.897129802256,-9.27861788486747));
#1726=CARTESIAN_POINT('Ctrl Pts',(800.,110.281896580621,-9.29351377958974));
#1727=CARTESIAN_POINT('Ctrl Pts',(800.,109.659290536118,-9.30858818351696));
#1728=CARTESIAN_POINT('Ctrl Pts',(800.,109.037751516421,-9.32462449847965));
#1729=CARTESIAN_POINT('Ctrl Pts',(800.,108.417300620092,-9.34159853025195));
#1730=CARTESIAN_POINT('Ctrl Pts',(800.,107.767678456607,-9.35937061714589));
#1731=CARTESIAN_POINT('Ctrl Pts',(800.,107.119248902293,-9.37817053751746));
#1732=CARTESIAN_POINT('Ctrl Pts',(800.,106.471979407014,-9.39795887255311));
#1733=CARTESIAN_POINT('Ctrl Pts',(800.,105.792068823529,-9.41874511154387));
#1734=CARTESIAN_POINT('Ctrl Pts',(800.,105.11343794025,-9.44062179774804));
#1735=CARTESIAN_POINT('Ctrl Pts',(800.,104.435992389673,-9.46353316379692));
#1736=CARTESIAN_POINT('Ctrl Pts',(800.,103.724778278838,-9.48758659040602));
#1737=CARTESIAN_POINT('Ctrl Pts',(800.,103.014870357519,-9.51278025602704));
#1738=CARTESIAN_POINT('Ctrl Pts',(800.,102.306102627356,-9.53904129771602));
#1739=CARTESIAN_POINT('Ctrl Pts',(800.,101.544584447313,-9.56725683268179));
#1740=CARTESIAN_POINT('Ctrl Pts',(800.,100.784382093948,-9.596704248341));
#1741=CARTESIAN_POINT('Ctrl Pts',(800.,100.025230123398,-9.62728716280437));
#1742=CARTESIAN_POINT('Ctrl Pts',(800.,99.1613308471095,-9.66208988834106));
#1743=CARTESIAN_POINT('Ctrl Pts',(800.,98.2987910615087,-9.69836237586487));
#1744=CARTESIAN_POINT('Ctrl Pts',(800.,97.4371535041079,-9.7359631122838));
#1745=CARTESIAN_POINT('Ctrl Pts',(800.,96.3731970464662,-9.78239278097848));
#1746=CARTESIAN_POINT('Ctrl Pts',(800.,95.3106135416605,-9.8308452908752));
#1747=CARTESIAN_POINT('Ctrl Pts',(800.,94.2484728278044,-9.88108098845733));
#1748=CARTESIAN_POINT('Ctrl Pts',(800.,93.3983811949347,-9.92128747487559));
#1749=CARTESIAN_POINT('Ctrl Pts',(800.,92.5485702003656,-9.96263622805304));
#1750=CARTESIAN_POINT('Ctrl Pts',(800.,91.6985686542755,-10.0050313960606));
#1751=CARTESIAN_POINT('Ctrl Pts',(800.,90.9136884195824,-10.0441785359319));
#1752=CARTESIAN_POINT('Ctrl Pts',(800.,90.1286445058829,-10.0842177944673));
#1753=CARTESIAN_POINT('Ctrl Pts',(800.,89.3430970503536,-10.125101219733));
#1754=CARTESIAN_POINT('Ctrl Pts',(800.,88.5813723152785,-10.1647448034023));
#1755=CARTESIAN_POINT('Ctrl Pts',(800.,87.8191736778776,-10.2051826031261));
#1756=CARTESIAN_POINT('Ctrl Pts',(800.,87.0562322883375,-10.2463940648215));
#1757=CARTESIAN_POINT('Ctrl Pts',(800.,86.3131078791382,-10.286535081608));
#1758=CARTESIAN_POINT('Ctrl Pts',(800.,85.5692784985329,-10.3274105256818));
#1759=CARTESIAN_POINT('Ctrl Pts',(800.,84.824540727276,-10.3690172712831));
#1760=CARTESIAN_POINT('Ctrl Pts',(800.,84.1003490174031,-10.4094761568158));
#1761=CARTESIAN_POINT('Ctrl Pts',(800.,83.3752981670229,-10.4506269429635));
#1762=CARTESIAN_POINT('Ctrl Pts',(800.,82.6492475808757,-10.4924758492201));
#1763=CARTESIAN_POINT('Ctrl Pts',(800.,81.9417960047116,-10.5332527251802));
#1764=CARTESIAN_POINT('Ctrl Pts',(800.,81.2333950554486,-10.5746927254532));
#1765=CARTESIAN_POINT('Ctrl Pts',(800.,80.5239621213803,-10.6168052490626));
#1766=CARTESIAN_POINT('Ctrl Pts',(800.,79.8256140769068,-10.6582597644905));
#1767=CARTESIAN_POINT('Ctrl Pts',(800.,79.1262658041797,-10.7003662167065));
#1768=CARTESIAN_POINT('Ctrl Pts',(800.,78.4258885084881,-10.7431329293823));
#1769=CARTESIAN_POINT('Ctrl Pts',(800.,77.7364546080417,-10.7852314121725));
#1770=CARTESIAN_POINT('Ctrl Pts',(800.,77.0460234661302,-10.8279699024649));
#1771=CARTESIAN_POINT('Ctrl Pts',(800.,76.3546190807066,-10.8713521648796));
#1772=CARTESIAN_POINT('Ctrl Pts',(800.,75.6740178888052,-10.914056579444));
#1773=CARTESIAN_POINT('Ctrl Pts',(800.,74.9924734913452,-10.9573850096724));
#1774=CARTESIAN_POINT('Ctrl Pts',(800.,74.3100608171589,-11.0013339030573));
#1775=CARTESIAN_POINT('Ctrl Pts',(800.,73.6383108410067,-11.044596094983));
#1776=CARTESIAN_POINT('Ctrl Pts',(800.,72.9657192427833,-11.0884597363545));
#1777=CARTESIAN_POINT('Ctrl Pts',(800.,72.2924115661917,-11.1329112351171));
#1778=CARTESIAN_POINT('Ctrl Pts',(800.,71.6296243220468,-11.1766681792114));
#1779=CARTESIAN_POINT('Ctrl Pts',(800.,70.9661431251908,-11.2209949038046));
#1780=CARTESIAN_POINT('Ctrl Pts',(800.,70.3021435856748,-11.2658655658417));
#1781=CARTESIAN_POINT('Ctrl Pts',(800.,69.6395279162552,-11.3106427109955));
#1782=CARTESIAN_POINT('Ctrl Pts',(800.,68.976396241553,-11.35596158465));
#1783=CARTESIAN_POINT('Ctrl Pts',(800.,68.3129777289356,-11.4017822662654));
#1784=CARTESIAN_POINT('Ctrl Pts',(800.,67.5913515062737,-11.4516232109557));
#1785=CARTESIAN_POINT('Ctrl Pts',(800.,66.8693858122941,-11.5020580392013));
#1786=CARTESIAN_POINT('Ctrl Pts',(800.,66.14744297989,-11.5530158380014));
#1787=CARTESIAN_POINT('Ctrl Pts',(800.,65.3242072307553,-11.6111233221214));
#1788=CARTESIAN_POINT('Ctrl Pts',(800.,64.5010028521615,-11.6699106067786));
#1789=CARTESIAN_POINT('Ctrl Pts',(800.,63.6784388252038,-11.7292486071916));
#1790=CARTESIAN_POINT('Ctrl Pts',(800.,62.4390714367966,-11.818653905983));
#1791=CARTESIAN_POINT('Ctrl Pts',(800.,61.2011674518954,-11.9093095058984));
#1792=CARTESIAN_POINT('Ctrl Pts',(800.,59.9668876776142,-12.000719644042));
#1793=CARTESIAN_POINT('Ctrl Pts',(800.,59.2377262380909,-12.0547209728369));
#1794=CARTESIAN_POINT('Ctrl Pts',(800.,58.5098304680384,-12.1089845832502));
#1795=CARTESIAN_POINT('Ctrl Pts',(800.,57.7836150151111,-12.1634072535761));
#1796=CARTESIAN_POINT('Ctrl Pts',(800.,57.1310170183268,-12.2123130231948));
#1797=CARTESIAN_POINT('Ctrl Pts',(800.,56.4797765345249,-12.2613470339743));
#1798=CARTESIAN_POINT('Ctrl Pts',(800.,55.8301557788654,-12.3104387946042));
#1799=CARTESIAN_POINT('Ctrl Pts',(800.,55.2199970264001,-12.3565484165048));
#1800=CARTESIAN_POINT('Ctrl Pts',(800.,54.6112675363233,-12.4027088830652));
#1801=CARTESIAN_POINT('Ctrl Pts',(800.,54.0041420404913,-12.4488679557602));
#1802=CARTESIAN_POINT('Ctrl Pts',(800.,53.4273414584102,-12.4927214591654));
#1803=CARTESIAN_POINT('Ctrl Pts',(800.,52.8519888550764,-12.5365736396122));
#1804=CARTESIAN_POINT('Ctrl Pts',(800.,52.2781905808974,-12.5803865946943));
#1805=CARTESIAN_POINT('Ctrl Pts',(800.,51.7308648320302,-12.6221782129851));
#1806=CARTESIAN_POINT('Ctrl Pts',(800.,51.1849535395584,-12.6639340726017));
#1807=CARTESIAN_POINT('Ctrl Pts',(800.,50.6405053320696,-12.7056286234473));
#1808=CARTESIAN_POINT('Ctrl Pts',(800.,50.1048132085591,-12.7466526220096));
#1809=CARTESIAN_POINT('Ctrl Pts',(800.,49.5705379034012,-12.787617171529));
#1810=CARTESIAN_POINT('Ctrl Pts',(800.,49.0376772694558,-12.828506497666));
#1811=CARTESIAN_POINT('Ctrl Pts',(800.,48.5084669296135,-12.8691157166671));
#1812=CARTESIAN_POINT('Ctrl Pts',(800.,47.9806520493184,-12.9096507228591));
#1813=CARTESIAN_POINT('Ctrl Pts',(800.,47.4541773173352,-12.9501056913593));
#1814=CARTESIAN_POINT('Ctrl Pts',(800.,46.917759740339,-12.9913246803478));
#1815=CARTESIAN_POINT('Ctrl Pts',(800.,46.3827333253864,-13.0324606249722));
#1816=CARTESIAN_POINT('Ctrl Pts',(800.,45.8489848002911,-13.0735169588341));
#1817=CARTESIAN_POINT('Ctrl Pts',(800.,45.2987823616926,-13.1158389399707));
#1818=CARTESIAN_POINT('Ctrl Pts',(800.,44.7499377710623,-13.1580763735318));
#1819=CARTESIAN_POINT('Ctrl Pts',(800.,44.2022699649449,-13.2002424734941));
#1820=CARTESIAN_POINT('Ctrl Pts',(800.,43.6293205546348,-13.244355057507));
#1821=CARTESIAN_POINT('Ctrl Pts',(800.,43.0576588545031,-13.2883896806723));
#1822=CARTESIAN_POINT('Ctrl Pts',(800.,42.4870181559792,-13.3323704344679));
#1823=CARTESIAN_POINT('Ctrl Pts',(800.,41.8847683962662,-13.3787873803218));
#1824=CARTESIAN_POINT('Ctrl Pts',(800.,41.2836555560323,-13.4251444844546));
#1825=CARTESIAN_POINT('Ctrl Pts',(800.,40.683305682383,-13.4714776996008));
#1826=CARTESIAN_POINT('Ctrl Pts',(800.,40.0433662057376,-13.5208663223913));
#1827=CARTESIAN_POINT('Ctrl Pts',(800.,39.4042932947705,-13.570228023654));
#1828=CARTESIAN_POINT('Ctrl Pts',(800.,38.7655724210554,-13.6196117545));
#1829=CARTESIAN_POINT('Ctrl Pts',(800.,38.0638829274824,-13.6738640053879));
#1830=CARTESIAN_POINT('Ctrl Pts',(800.,37.362617778195,-13.7281432456072));
#1831=CARTESIAN_POINT('Ctrl Pts',(800.,36.6610289793083,-13.782515731082));
#1832=CARTESIAN_POINT('Ctrl Pts',(800.,35.8230796586701,-13.847456031351));
#1833=CARTESIAN_POINT('Ctrl Pts',(800.,34.98466715114,-13.9125305496234));
#1834=CARTESIAN_POINT('Ctrl Pts',(800.,34.1444411255857,-13.9778409283984));
#1835=CARTESIAN_POINT('Ctrl Pts',(800.,33.2720038157058,-14.0456550753454));
#1836=CARTESIAN_POINT('Ctrl Pts',(800.,32.3976064572962,-14.1137251919451));
#1837=CARTESIAN_POINT('Ctrl Pts',(800.,31.5197173226781,-14.18213126791));
#1838=CARTESIAN_POINT('Ctrl Pts',(800.,30.8022272517551,-14.2380388744177));
#1839=CARTESIAN_POINT('Ctrl Pts',(800.,30.0824031739933,-14.2941706231137));
#1840=CARTESIAN_POINT('Ctrl Pts',(800.,29.3594342171379,-14.3505419402073));
#1841=CARTESIAN_POINT('Ctrl Pts',(800.,28.7172986570853,-14.4006105177438));
#1842=CARTESIAN_POINT('Ctrl Pts',(800.,28.0726813800068,-14.4508678189382));
#1843=CARTESIAN_POINT('Ctrl Pts',(800.,27.4250507702663,-14.5013036016549));
#1844=CARTESIAN_POINT('Ctrl Pts',(800.,26.8288928759156,-14.5477308235497));
#1845=CARTESIAN_POINT('Ctrl Pts',(800.,26.2301811577991,-14.5943091094365));
#1846=CARTESIAN_POINT('Ctrl Pts',(800.,25.6285415525446,-14.6410141963857));
#1847=CARTESIAN_POINT('Ctrl Pts',(800.,25.0659932778818,-14.6846846360505));
#1848=CARTESIAN_POINT('Ctrl Pts',(800.,24.500884823028,-14.7284657133739));
#1849=CARTESIAN_POINT('Ctrl Pts',(800.,23.9329537486556,-14.7723257458756));
#1850=CARTESIAN_POINT('Ctrl Pts',(800.,23.3923953250136,-14.8140718504644));
#1851=CARTESIAN_POINT('Ctrl Pts',(800.,22.8492795068305,-14.8558893473224));
#1852=CARTESIAN_POINT('Ctrl Pts',(800.,22.3034256928087,-14.8977422431361));
#1853=CARTESIAN_POINT('Ctrl Pts',(800.,21.7774365846442,-14.9380720288363));
#1854=CARTESIAN_POINT('Ctrl Pts',(800.,21.2489049286703,-14.978434610826));
#1855=CARTESIAN_POINT('Ctrl Pts',(800.,20.7177162983627,-15.0187909584306));
#1856=CARTESIAN_POINT('Ctrl Pts',(800.,20.2030575902228,-15.0578914672487));
#1857=CARTESIAN_POINT('Ctrl Pts',(800.,19.6859045289883,-15.0969860688707));
#1858=CARTESIAN_POINT('Ctrl Pts',(800.,19.1662008887948,-15.1360336395384));
#1859=CARTESIAN_POINT('Ctrl Pts',(800.,18.6621383647693,-15.1739060258478));
#1860=CARTESIAN_POINT('Ctrl Pts',(800.,18.1556763194198,-15.2117341207096));
#1861=CARTESIAN_POINT('Ctrl Pts',(800.,17.6468114405854,-15.2494757629357));
#1862=CARTESIAN_POINT('Ctrl Pts',(800.,17.1517126909363,-15.2861963947834));
#1863=CARTESIAN_POINT('Ctrl Pts',(800.,16.6543392050335,-15.3228351471046));
#1864=CARTESIAN_POINT('Ctrl Pts',(800.,16.1547363972075,-15.3593493822227));
#1865=CARTESIAN_POINT('Ctrl Pts',(800.,15.6660341333275,-15.3950669344192));
#1866=CARTESIAN_POINT('Ctrl Pts',(800.,15.1751986210998,-15.4306653110675));
#1867=CARTESIAN_POINT('Ctrl Pts',(800.,14.6823216059216,-15.4661014431799));
#1868=CARTESIAN_POINT('Ctrl Pts',(800.,14.197048900186,-15.5009908520617));
#1869=CARTESIAN_POINT('Ctrl Pts',(800.,13.7097971131058,-15.5357229588851));
#1870=CARTESIAN_POINT('Ctrl Pts',(800.,13.220703854514,-15.5702539772442));
#1871=CARTESIAN_POINT('Ctrl Pts',(800.,12.7384857454943,-15.6042995955044));
#1872=CARTESIAN_POINT('Ctrl Pts',(800.,12.2544774955025,-15.6381497166221));
#1873=CARTESIAN_POINT('Ctrl Pts',(800.,11.7688612103249,-15.6717600978413));
#1874=CARTESIAN_POINT('Ctrl Pts',(800.,11.2926704745834,-15.7047181197401));
#1875=CARTESIAN_POINT('Ctrl Pts',(800.,10.8149334726994,-15.7374455964942));
#1876=CARTESIAN_POINT('Ctrl Pts',(800.,10.335871263895,-15.7698989311379));
#1877=CARTESIAN_POINT('Ctrl Pts',(800.,9.86847631337303,-15.8015618852623));
#1878=CARTESIAN_POINT('Ctrl Pts',(800.,9.39981978603384,-15.8329638693298));
#1879=CARTESIAN_POINT('Ctrl Pts',(800.,8.93015590867193,-15.8640628768569));
#1880=CARTESIAN_POINT('Ctrl Pts',(800.,8.4705487910103,-15.8944959714606));
#1881=CARTESIAN_POINT('Ctrl Pts',(800.,8.00997687906265,-15.9246389103755));
#1882=CARTESIAN_POINT('Ctrl Pts',(800.,7.5487277532005,-15.9544511009808));
#1883=CARTESIAN_POINT('Ctrl Pts',(800.,7.0851480970524,-15.9844139221439));
#1884=CARTESIAN_POINT('Ctrl Pts',(800.,6.62088417893577,-16.0140426325661));
#1885=CARTESIAN_POINT('Ctrl Pts',(800.,6.156281544771,-16.0432949543151));
#1886=CARTESIAN_POINT('Ctrl Pts',(800.,5.67593264541504,-16.0735386927756));
#1887=CARTESIAN_POINT('Ctrl Pts',(800.,5.19522186902554,-16.1033800798702));
#1888=CARTESIAN_POINT('Ctrl Pts',(800.,4.71458778986977,-16.1327714797368));
#1889=CARTESIAN_POINT('Ctrl Pts',(800.,4.21404689601534,-16.1633802072468));
#1890=CARTESIAN_POINT('Ctrl Pts',(800.,3.71358941158016,-16.1935008779583));
#1891=CARTESIAN_POINT('Ctrl Pts',(800.,3.21376802318664,-16.2230790262584));
#1892=CARTESIAN_POINT('Ctrl Pts',(800.,2.6751354147167,-16.2549539230567));
#1893=CARTESIAN_POINT('Ctrl Pts',(800.,2.13724186812849,-16.2861987356703));
#1894=CARTESIAN_POINT('Ctrl Pts',(800.,1.60084129902716,-16.3167450007647));
#1895=CARTESIAN_POINT('Ctrl Pts',(800.,0.954022863789111,-16.3535792036514));
#1896=CARTESIAN_POINT('Ctrl Pts',(800.,0.309376331708712,-16.3893975451098));
#1897=CARTESIAN_POINT('Ctrl Pts',(800.,-0.33169766785542,-16.424080844326));
#1898=CARTESIAN_POINT('Ctrl Pts',(800.,-1.06513536540717,-16.4637611918957));
#1899=CARTESIAN_POINT('Ctrl Pts',(800.,-1.79389101002467,-16.5019555689669));
#1900=CARTESIAN_POINT('Ctrl Pts',(800.,-2.51582978072494,-16.538490061714));
#1901=CARTESIAN_POINT('Ctrl Pts',(800.,-3.08877342291004,-16.5674844947454));
#1902=CARTESIAN_POINT('Ctrl Pts',(800.,-3.6574215000273,-16.5954335302645));
#1903=CARTESIAN_POINT('Ctrl Pts',(800.,-4.22073569089268,-16.6222539290733));
#1904=CARTESIAN_POINT('Ctrl Pts',(800.,-4.72716473332382,-16.646365923954));
#1905=CARTESIAN_POINT('Ctrl Pts',(800.,-5.22928195928125,-16.6695657229743));
#1906=CARTESIAN_POINT('Ctrl Pts',(800.,-5.72637553998844,-16.6917959464584));
#1907=CARTESIAN_POINT('Ctrl Pts',(800.,-6.18457318270369,-16.7122867280592));
#1908=CARTESIAN_POINT('Ctrl Pts',(800.,-6.63850221375769,-16.7319537368765));
#1909=CARTESIAN_POINT('Ctrl Pts',(800.,-7.08765103144731,-16.7507547504375));
#1910=CARTESIAN_POINT('Ctrl Pts',(800.,-7.51188113284773,-16.7685126862827));
#1911=CARTESIAN_POINT('Ctrl Pts',(800.,-7.9318464390095,-16.7854980535538));
#1912=CARTESIAN_POINT('Ctrl Pts',(800.,-8.34716312993735,-16.8016777505429));
#1913=CARTESIAN_POINT('Ctrl Pts',(800.,-8.74419580663386,-16.8171451481795));
#1914=CARTESIAN_POINT('Ctrl Pts',(800.,-9.13697994405951,-16.8318762518539));
#1915=CARTESIAN_POINT('Ctrl Pts',(800.,-9.52522822667934,-16.8458444653691));
#1916=CARTESIAN_POINT('Ctrl Pts',(800.,-9.89830921587148,-16.8592669971581));
#1917=CARTESIAN_POINT('Ctrl Pts',(800.,-10.2672016194108,-16.8719850767218));
#1918=CARTESIAN_POINT('Ctrl Pts',(800.,-10.6316989045504,-16.8839773337547));
#1919=CARTESIAN_POINT('Ctrl Pts',(800.,-10.9842521283084,-16.8955766214571));
#1920=CARTESIAN_POINT('Ctrl Pts',(800.,-11.3326933865167,-16.9064968718802));
#1921=CARTESIAN_POINT('Ctrl Pts',(800.,-11.6768847425643,-16.9167209328951));
#1922=CARTESIAN_POINT('Ctrl Pts',(800.,-12.0115559698511,-16.9266622024464));
#1923=CARTESIAN_POINT('Ctrl Pts',(800.,-12.3422089917717,-16.9359452587334));
#1924=CARTESIAN_POINT('Ctrl Pts',(800.,-12.6687664426743,-16.9445564903154));
#1925=CARTESIAN_POINT('Ctrl Pts',(800.,-12.9894924006488,-16.9530139470075));
#1926=CARTESIAN_POINT('Ctrl Pts',(800.,-13.3062676559582,-16.9608233594741));
#1927=CARTESIAN_POINT('Ctrl Pts',(800.,-13.6190693822136,-16.9679739807243));
#1928=CARTESIAN_POINT('Ctrl Pts',(800.,-13.9273310026103,-16.975020815535));
#1929=CARTESIAN_POINT('Ctrl Pts',(800.,-14.2317335253796,-16.9814278458219));
#1930=CARTESIAN_POINT('Ctrl Pts',(800.,-14.5323057785979,-16.9871868685581));
#1931=CARTESIAN_POINT('Ctrl Pts',(800.,-14.8288125980016,-16.992867996793));
#1932=CARTESIAN_POINT('Ctrl Pts',(800.,-15.1215919884654,-16.9979185297627));
#1933=CARTESIAN_POINT('Ctrl Pts',(800.,-15.4107224162259,-17.0023326125178));
#1934=CARTESIAN_POINT('Ctrl Pts',(800.,-15.7003826264368,-17.0067547833305));
#1935=CARTESIAN_POINT('Ctrl Pts',(800.,-15.9863803969448,-17.0105381726725));
#1936=CARTESIAN_POINT('Ctrl Pts',(800.,-16.268847801124,-17.0136789345602));
#1937=CARTESIAN_POINT('Ctrl Pts',(800.,-16.5664159436388,-17.0169876019222));
#1938=CARTESIAN_POINT('Ctrl Pts',(800.,-16.8600664886836,-17.0195831423753));
#1939=CARTESIAN_POINT('Ctrl Pts',(800.,-17.1500112942492,-17.0214629360457));
#1940=CARTESIAN_POINT('Ctrl Pts',(800.,-17.4776003816853,-17.0235867881764));
#1941=CARTESIAN_POINT('Ctrl Pts',(800.,-17.8004590629246,-17.0247970551613));
#1942=CARTESIAN_POINT('Ctrl Pts',(800.,-18.1189623837564,-17.025091290261));
#1943=CARTESIAN_POINT('Ctrl Pts',(800.,-18.4689460135017,-17.0254146070412));
#1944=CARTESIAN_POINT('Ctrl Pts',(800.,-18.8136720519242,-17.0246320526959));
#1945=CARTESIAN_POINT('Ctrl Pts',(800.,-19.1537064992993,-17.0227397030108));
#1946=CARTESIAN_POINT('Ctrl Pts',(800.,-19.6747885047195,-17.0198397927915));
#1947=CARTESIAN_POINT('Ctrl Pts',(800.,-20.1848566451686,-17.0143356503909));
#1948=CARTESIAN_POINT('Ctrl Pts',(800.,-20.6860803987857,-17.0061947061));
#1949=CARTESIAN_POINT('Ctrl Pts',(800.,-21.0225118627553,-17.0007303405625));
#1950=CARTESIAN_POINT('Ctrl Pts',(800.,-21.3549622365827,-16.9940775646875));
#1951=CARTESIAN_POINT('Ctrl Pts',(800.,-21.6840673795763,-16.9862160376909));
#1952=CARTESIAN_POINT('Ctrl Pts',(800.,-21.9698311869911,-16.9793898305214));
#1953=CARTESIAN_POINT('Ctrl Pts',(800.,-22.2530735679949,-16.971652224999));
#1954=CARTESIAN_POINT('Ctrl Pts',(800.,-22.5341730904891,-16.9629825487058));
#1955=CARTESIAN_POINT('Ctrl Pts',(800.,-22.7937268153956,-16.9549773882712));
#1956=CARTESIAN_POINT('Ctrl Pts',(800.,-23.0514540232654,-16.9461775549459));
#1957=CARTESIAN_POINT('Ctrl Pts',(800.,-23.3076105579642,-16.9365603870023));
#1958=CARTESIAN_POINT('Ctrl Pts',(800.,-23.5496747448185,-16.9274723036519));
#1959=CARTESIAN_POINT('Ctrl Pts',(800.,-23.7903366357302,-16.9176543426927));
#1960=CARTESIAN_POINT('Ctrl Pts',(800.,-24.0297676750883,-16.9070814806758));
#1961=CARTESIAN_POINT('Ctrl Pts',(800.,-24.2582388689197,-16.896992586547));
#1962=CARTESIAN_POINT('Ctrl Pts',(800.,-24.4855895580733,-16.8862163237798));
#1963=CARTESIAN_POINT('Ctrl Pts',(800.,-24.7119232103229,-16.874725396744));
#1964=CARTESIAN_POINT('Ctrl Pts',(800.,-24.9295856485383,-16.8636747059999));
#1965=CARTESIAN_POINT('Ctrl Pts',(800.,-25.1463077048543,-16.8519630697235));
#1966=CARTESIAN_POINT('Ctrl Pts',(800.,-25.3621348821905,-16.8395608485993));
#1967=CARTESIAN_POINT('Ctrl Pts',(800.,-25.5710461490029,-16.8275560410568));
#1968=CARTESIAN_POINT('Ctrl Pts',(800.,-25.7791191512982,-16.8149042050087));
#1969=CARTESIAN_POINT('Ctrl Pts',(800.,-25.986347774181,-16.8015732196554));
#1970=CARTESIAN_POINT('Ctrl Pts',(800.,-26.1886357659729,-16.7885600643383));
#1971=CARTESIAN_POINT('Ctrl Pts',(800.,-26.3901193513788,-16.7748997681874));
#1972=CARTESIAN_POINT('Ctrl Pts',(800.,-26.5907441577233,-16.760557235159));
#1973=CARTESIAN_POINT('Ctrl Pts',(800.,-26.7941553196739,-16.7460155074345));
#1974=CARTESIAN_POINT('Ctrl Pts',(800.,-26.9966837886536,-16.7307724615292));
#1975=CARTESIAN_POINT('Ctrl Pts',(800.,-27.1982183172481,-16.7147858204033));
#1976=CARTESIAN_POINT('Ctrl Pts',(800.,-27.4064998258265,-16.6982639779477));
#1977=CARTESIAN_POINT('Ctrl Pts',(800.,-27.613719540936,-16.6809478840135));
#1978=CARTESIAN_POINT('Ctrl Pts',(800.,-27.8196983186367,-16.6627851892865));
#1979=CARTESIAN_POINT('Ctrl Pts',(800.,-28.0339338087408,-16.6438944382593));
#1980=CARTESIAN_POINT('Ctrl Pts',(800.,-28.2468266513106,-16.6240878098947));
#1981=CARTESIAN_POINT('Ctrl Pts',(800.,-28.4581184857147,-16.6033009584003));
#1982=CARTESIAN_POINT('Ctrl Pts',(800.,-28.6799580523448,-16.5814764229651));
#1983=CARTESIAN_POINT('Ctrl Pts',(800.,-28.9000324830557,-16.5585712970545));
#1984=CARTESIAN_POINT('Ctrl Pts',(800.,-29.117985310928,-16.5345060134933));
#1985=CARTESIAN_POINT('Ctrl Pts',(800.,-29.361380028954,-16.5076315610544));
#1986=CARTESIAN_POINT('Ctrl Pts',(800.,-29.6021289198782,-16.4793102270577));
#1987=CARTESIAN_POINT('Ctrl Pts',(800.,-29.8396669843839,-16.4494258954302));
#1988=CARTESIAN_POINT('Ctrl Pts',(800.,-30.093391044167,-16.4175052263777));
#1989=CARTESIAN_POINT('Ctrl Pts',(800.,-30.3434507088823,-16.3838011065159));
#1990=CARTESIAN_POINT('Ctrl Pts',(800.,-30.5890925537278,-16.3481683543316));
#1991=CARTESIAN_POINT('Ctrl Pts',(800.,-30.9101680668083,-16.3015932107633));
#1992=CARTESIAN_POINT('Ctrl Pts',(800.,-31.2236942708974,-16.2517223547112));
#1993=CARTESIAN_POINT('Ctrl Pts',(800.,-31.527897161541,-16.1982322097182));
#1994=CARTESIAN_POINT('Ctrl Pts',(800.,-31.7957407263182,-16.1511353820547));
#1995=CARTESIAN_POINT('Ctrl Pts',(800.,-32.0563509120792,-16.1012322097645));
#1996=CARTESIAN_POINT('Ctrl Pts',(800.,-32.3085191037889,-16.04831122989));
#1997=CARTESIAN_POINT('Ctrl Pts',(800.,-32.513320653764,-16.0053307943679));
#1998=CARTESIAN_POINT('Ctrl Pts',(800.,-32.7125527954647,-15.9603598153747));
#1999=CARTESIAN_POINT('Ctrl Pts',(800.,-32.9056031528381,-15.9132937924414));
#2000=CARTESIAN_POINT('Ctrl Pts',(800.,-33.0828706862483,-15.8700756502616));
#2001=CARTESIAN_POINT('Ctrl Pts',(800.,-33.2549252923274,-15.8250909819877));
#2002=CARTESIAN_POINT('Ctrl Pts',(800.,-33.421335889804,-15.77826733436));
#2003=CARTESIAN_POINT('Ctrl Pts',(800.,-33.5836329311464,-15.7326011352713));
#2004=CARTESIAN_POINT('Ctrl Pts',(800.,-33.7405613834676,-15.6851857460904));
#2005=CARTESIAN_POINT('Ctrl Pts',(800.,-33.8917703390807,-15.6359628067516));
#2006=CARTESIAN_POINT('Ctrl Pts',(800.,-34.0403696157657,-15.5875893942615));
#2007=CARTESIAN_POINT('Ctrl Pts',(800.,-34.1834450091156,-15.5374702857711));
#2008=CARTESIAN_POINT('Ctrl Pts',(800.,-34.3207130717236,-15.4855587350658));
#2009=CARTESIAN_POINT('Ctrl Pts',(800.,-34.4558011463023,-15.4344716045278));
#2010=CARTESIAN_POINT('Ctrl Pts',(800.,-34.5852647839293,-15.3816485119278));
#2011=CARTESIAN_POINT('Ctrl Pts',(800.,-34.7088837917661,-15.3270533491301));
#2012=CARTESIAN_POINT('Ctrl Pts',(800.,-34.8349028887243,-15.2713982097268));
#2013=CARTESIAN_POINT('Ctrl Pts',(800.,-34.9548479648573,-15.2139014947381));
#2014=CARTESIAN_POINT('Ctrl Pts',(800.,-35.0685417359274,-15.1545341770687));
#2015=CARTESIAN_POINT('Ctrl Pts',(800.,-35.1875428410174,-15.0923955362057));
#2016=CARTESIAN_POINT('Ctrl Pts',(800.,-35.2996957103504,-15.0282076247021));
#2017=CARTESIAN_POINT('Ctrl Pts',(800.,-35.4048566699318,-14.9619469211798));
#2018=CARTESIAN_POINT('Ctrl Pts',(800.,-35.5164439756106,-14.8916370513586));
#2019=CARTESIAN_POINT('Ctrl Pts',(800.,-35.6201591625384,-14.8189933840141));
#2020=CARTESIAN_POINT('Ctrl Pts',(800.,-35.7158903010926,-14.7439976390246));
#2021=CARTESIAN_POINT('Ctrl Pts',(800.,-35.8240844176574,-14.6592384008312));
#2022=CARTESIAN_POINT('Ctrl Pts',(800.,-35.9220807075395,-14.5714748552888));
#2023=CARTESIAN_POINT('Ctrl Pts',(800.,-36.0097859674346,-14.4806919445377));
#2024=CARTESIAN_POINT('Ctrl Pts',(800.,-36.10416903436,-14.3829968969276));
#2025=CARTESIAN_POINT('Ctrl Pts',(800.,-36.1866350988927,-14.2818053390806));
#2026=CARTESIAN_POINT('Ctrl Pts',(800.,-36.2571307710272,-14.1771089082299));
#2027=CARTESIAN_POINT('Ctrl Pts',(800.,-36.340754487097,-14.0529154032684));
#2028=CARTESIAN_POINT('Ctrl Pts',(800.,-36.4075352706855,-13.9237902895725));
#2029=CARTESIAN_POINT('Ctrl Pts',(800.,-36.4574575012587,-13.7897313406338));
#2030=CARTESIAN_POINT('Ctrl Pts',(800.,-36.4632428496312,-13.7741956221139));
#2031=CARTESIAN_POINT('Ctrl Pts',(800.,-36.4688018449361,-13.7585936511211));
#2032=CARTESIAN_POINT('Ctrl Pts',(800.,-36.4741344991451,-13.742925429433));
#2033=CARTESIAN_POINT('',(1035.65204544757,215.925422067198,-11.9857600112614));
#2034=CARTESIAN_POINT('',(800.,174.388197543224,-13.0867587577198));
#2035=CARTESIAN_POINT('',(1035.64948242335,5.0626382531817,-12.6419386577761));
#2036=CARTESIAN_POINT('Ctrl Pts',(1035.65204544757,215.925422067198,-11.9857600112614));
#2037=CARTESIAN_POINT('Ctrl Pts',(1035.65204544757,214.757217142642,-11.7448600764376));
#2038=CARTESIAN_POINT('Ctrl Pts',(1035.65204544757,213.589952482869,-11.5161800052215));
#2039=CARTESIAN_POINT('Ctrl Pts',(1035.65204544757,212.42362120012,-11.2997188898595));
#2040=CARTESIAN_POINT('Ctrl Pts',(1035.65204544757,211.43237149802,-11.1157514191309));
#2041=CARTESIAN_POINT('Ctrl Pts',(1035.65204544757,210.441797120459,-10.9406112651309));
#2042=CARTESIAN_POINT('Ctrl Pts',(1035.65204544757,209.45186707913,-10.7742761701565));
#2043=CARTESIAN_POINT('Ctrl Pts',(1035.65204544757,208.574970213734,-10.6269337143275));
#2044=CARTESIAN_POINT('Ctrl Pts',(1035.65204544757,207.698579228554,-10.4865007639441));
#2045=CARTESIAN_POINT('Ctrl Pts',(1035.65204544757,206.822641970197,-10.3529327302251));
#2046=CARTESIAN_POINT('Ctrl Pts',(1035.65204544757,206.012494850555,-10.2293967614541));
#2047=CARTESIAN_POINT('Ctrl Pts',(1035.65204544757,205.20273611149,-10.1117335120295));
#2048=CARTESIAN_POINT('Ctrl Pts',(1035.65204544757,204.393292827514,-9.99987627348236));
#2049=CARTESIAN_POINT('Ctrl Pts',(1035.65204544757,203.620611808837,-9.89309922469097));
#2050=CARTESIAN_POINT('Ctrl Pts',(1035.65204544757,202.848218393003,-9.79161299158613));
#2051=CARTESIAN_POINT('Ctrl Pts',(1035.65204544757,202.076015988111,-9.69532592572066));
#2052=CARTESIAN_POINT('Ctrl Pts',(1035.65204544757,201.336170506716,-9.60307349274959));
#2053=CARTESIAN_POINT('Ctrl Pts',(1035.65204544757,200.596500436565,-9.51559376276628));
#2054=CARTESIAN_POINT('Ctrl Pts',(1035.65204544757,199.856888338778,-9.4327724029965));
#2055=CARTESIAN_POINT('Ctrl Pts',(1035.65204544757,199.15210168218,-9.35385077715813));
#2056=CARTESIAN_POINT('Ctrl Pts',(1035.65204544757,198.447367862306,-9.27915933378041));
#2057=CARTESIAN_POINT('Ctrl Pts',(1035.65204544757,197.742553122148,-9.20856573155175));
#2058=CARTESIAN_POINT('Ctrl Pts',(1035.65204544757,197.040335196943,-9.13823222394289));
#2059=CARTESIAN_POINT('Ctrl Pts',(1035.65204544757,196.33803714379,-9.07196665656274));
#2060=CARTESIAN_POINT('Ctrl Pts',(1035.65204544757,195.635490006536,-9.00960022269605));
#2061=CARTESIAN_POINT('Ctrl Pts',(1035.65204544757,194.908542204014,-8.94506769577163));
#2062=CARTESIAN_POINT('Ctrl Pts',(1035.65204544757,194.181327487723,-8.88470987963183));
#2063=CARTESIAN_POINT('Ctrl Pts',(1035.65204544757,193.453620306111,-8.82829748263878));
#2064=CARTESIAN_POINT('Ctrl Pts',(1035.65204544757,192.643810096704,-8.76552039842631));
#2065=CARTESIAN_POINT('Ctrl Pts',(1035.65204544757,191.833389267167,-8.70762924840454));
#2066=CARTESIAN_POINT('Ctrl Pts',(1035.65204544757,191.02200467164,-8.6542534049848));
#2067=CARTESIAN_POINT('Ctrl Pts',(1035.65204544757,190.050345237601,-8.59033409705801));
#2068=CARTESIAN_POINT('Ctrl Pts',(1035.65204544757,189.077299949788,-8.53288922292461));
#2069=CARTESIAN_POINT('Ctrl Pts',(1035.65204544757,188.102240964064,-8.48121375119275));
#2070=CARTESIAN_POINT('Ctrl Pts',(1035.65204544757,187.243825234045,-8.43572005446235));
#2071=CARTESIAN_POINT('Ctrl Pts',(1035.65204544757,186.383846411739,-8.39469563322951));
#2072=CARTESIAN_POINT('Ctrl Pts',(1035.65204544757,185.521906122913,-8.35763999736653));
#2073=CARTESIAN_POINT('Ctrl Pts',(1035.65204544757,184.777796605672,-8.32565001886048));
#2074=CARTESIAN_POINT('Ctrl Pts',(1035.65204544757,184.032224707864,-8.29661698482109));
#2075=CARTESIAN_POINT('Ctrl Pts',(1035.65204544757,183.284973780184,-8.27022226988161));
#2076=CARTESIAN_POINT('Ctrl Pts',(1035.65204544757,182.60008578591,-8.24603036498764));
#2077=CARTESIAN_POINT('Ctrl Pts',(1035.65204544757,181.913786999132,-8.22405435758698));
#2078=CARTESIAN_POINT('Ctrl Pts',(1035.65204544757,181.225952220392,-8.20406040664463));
#2079=CARTESIAN_POINT('Ctrl Pts',(1035.65204544757,180.578299886795,-8.18523447724141));
#2080=CARTESIAN_POINT('Ctrl Pts',(1035.65204544757,179.929285549974,-8.16816552985716));
#2081=CARTESIAN_POINT('Ctrl Pts',(1035.65204544757,179.278847121927,-8.15267365729427));
#2082=CARTESIAN_POINT('Ctrl Pts',(1035.65204544757,178.657303501774,-8.1378699892751));
#2083=CARTESIAN_POINT('Ctrl Pts',(1035.65204544757,178.034459320605,-8.12450620124498));
#2084=CARTESIAN_POINT('Ctrl Pts',(1035.65204544757,177.410303358491,-8.11244287759593));
#2085=CARTESIAN_POINT('Ctrl Pts',(1035.65204544757,176.808241515264,-8.10080657623468));
#2086=CARTESIAN_POINT('Ctrl Pts',(1035.65204544757,176.204958972115,-8.09038015644439));
#2087=CARTESIAN_POINT('Ctrl Pts',(1035.65204544757,175.600488955266,-8.08105758880442));
#2088=CARTESIAN_POINT('Ctrl Pts',(1035.65204544757,174.998378846893,-8.07177141735578));
#2089=CARTESIAN_POINT('Ctrl Pts',(1035.65204544757,174.395090225859,-8.06358029426696));
#2090=CARTESIAN_POINT('Ctrl Pts',(1035.65204544757,173.79070346272,-8.05640151664907));
#2091=CARTESIAN_POINT('Ctrl Pts',(1035.65204544757,173.158279653505,-8.04888972095217));
#2092=CARTESIAN_POINT('Ctrl Pts',(1035.65204544757,172.524653697476,-8.04248640002402));
#2093=CARTESIAN_POINT('Ctrl Pts',(1035.65204544757,171.889971127631,-8.03712280692823));
#2094=CARTESIAN_POINT('Ctrl Pts',(1035.65204544757,171.215259373425,-8.03142093408902));
#2095=CARTESIAN_POINT('Ctrl Pts',(1035.65204544757,170.539353900141,-8.02689411887556));
#2096=CARTESIAN_POINT('Ctrl Pts',(1035.65204544757,169.862483720095,-8.02348796635177));
#2097=CARTESIAN_POINT('Ctrl Pts',(1035.65204544757,169.12811496888,-8.01979246897417));
#2098=CARTESIAN_POINT('Ctrl Pts',(1035.65204544757,168.392611189749,-8.01741613667311));
#2099=CARTESIAN_POINT('Ctrl Pts',(1035.65204544757,167.65631966649,-8.01632135915011));
#2100=CARTESIAN_POINT('Ctrl Pts',(1035.65204544757,166.814313515548,-8.01506939660652));
#2101=CARTESIAN_POINT('Ctrl Pts',(1035.65204544757,165.971278290677,-8.01549335028916));
#2102=CARTESIAN_POINT('Ctrl Pts',(1035.65204544757,165.127790100907,-8.01757807078098));
#2103=CARTESIAN_POINT('Ctrl Pts',(1035.65204544757,164.167868506571,-8.01995056187513));
#2104=CARTESIAN_POINT('Ctrl Pts',(1035.65204544757,163.207364338423,-8.02447465759354));
#2105=CARTESIAN_POINT('Ctrl Pts',(1035.65204544757,162.247153857278,-8.03117336196154));
#2106=CARTESIAN_POINT('Ctrl Pts',(1035.65204544757,161.400031748807,-8.03708312932992));
#2107=CARTESIAN_POINT('Ctrl Pts',(1035.65204544757,160.553140881411,-8.0446869166955));
#2108=CARTESIAN_POINT('Ctrl Pts',(1035.65204544757,159.70705305792,-8.05401478917767));
#2109=CARTESIAN_POINT('Ctrl Pts',(1035.65204544757,158.98054463917,-8.06202433345802));
#2110=CARTESIAN_POINT('Ctrl Pts',(1035.65204544757,158.254628870074,-8.07130563032537));
#2111=CARTESIAN_POINT('Ctrl Pts',(1035.65204544757,157.529627282994,-8.08187723141328));
#2112=CARTESIAN_POINT('Ctrl Pts',(1035.65204544757,156.870799523643,-8.0914839197042));
#2113=CARTESIAN_POINT('Ctrl Pts',(1035.65204544757,156.212727095556,-8.1021564126442));
#2114=CARTESIAN_POINT('Ctrl Pts',(1035.65204544757,155.555608350684,-8.11390271409546));
#2115=CARTESIAN_POINT('Ctrl Pts',(1035.65204544757,154.925443795962,-8.12516719693275));
#2116=CARTESIAN_POINT('Ctrl Pts',(1035.65204544757,154.296156607483,-8.13741936566762));
#2117=CARTESIAN_POINT('Ctrl Pts',(1035.65204544757,153.667874249567,-8.15065719813677));
#2118=CARTESIAN_POINT('Ctrl Pts',(1035.65204544757,153.050629326627,-8.16366247320039));
#2119=CARTESIAN_POINT('Ctrl Pts',(1035.65204544757,152.434354326311,-8.17761913840733));
#2120=CARTESIAN_POINT('Ctrl Pts',(1035.65204544757,151.819121104827,-8.19251503312572));
#2121=CARTESIAN_POINT('Ctrl Pts',(1035.65204544757,151.196515060215,-8.20758943705531));
#2122=CARTESIAN_POINT('Ctrl Pts',(1035.65204544757,150.57497604041,-8.22362575202072));
#2123=CARTESIAN_POINT('Ctrl Pts',(1035.65204544757,149.954525143973,-8.24059978379605));
#2124=CARTESIAN_POINT('Ctrl Pts',(1035.65204544757,149.304902980205,-8.25837187069785));
#2125=CARTESIAN_POINT('Ctrl Pts',(1035.65204544757,148.656473425608,-8.27717179107816));
#2126=CARTESIAN_POINT('Ctrl Pts',(1035.65204544757,148.009203930049,-8.2969601261234));
#2127=CARTESIAN_POINT('Ctrl Pts',(1035.65204544757,147.329293346707,-8.31774636511083));
#2128=CARTESIAN_POINT('Ctrl Pts',(1035.65204544757,146.65066246357,-8.3396230513112));
#2129=CARTESIAN_POINT('Ctrl Pts',(1035.65204544757,145.973216913135,-8.36253441735582));
#2130=CARTESIAN_POINT('Ctrl Pts',(1035.65204544757,145.262002801693,-8.38658784398601));
#2131=CARTESIAN_POINT('Ctrl Pts',(1035.65204544757,144.552094879769,-8.41178150963006));
#2132=CARTESIAN_POINT('Ctrl Pts',(1035.65204544757,143.843327149003,-8.43804255134381));
#2133=CARTESIAN_POINT('Ctrl Pts',(1035.65204544757,143.081808968367,-8.46625808633415));
#2134=CARTESIAN_POINT('Ctrl Pts',(1035.65204544757,142.321606614411,-8.49570550201977));
#2135=CARTESIAN_POINT('Ctrl Pts',(1035.65204544757,141.562454643271,-8.52628841651114));
#2136=CARTESIAN_POINT('Ctrl Pts',(1035.65204544757,140.698555366256,-8.56109114208197));
#2137=CARTESIAN_POINT('Ctrl Pts',(1035.65204544757,139.836015579929,-8.59736362964216));
#2138=CARTESIAN_POINT('Ctrl Pts',(1035.65204544757,138.974378021803,-8.63496436609939));
#2139=CARTESIAN_POINT('Ctrl Pts',(1035.65204544757,137.910421564307,-8.6813940347959));
#2140=CARTESIAN_POINT('Ctrl Pts',(1035.65204544757,136.847838059645,-8.72984654469341));
#2141=CARTESIAN_POINT('Ctrl Pts',(1035.65204544757,135.785697345931,-8.78008224227545));
#2142=CARTESIAN_POINT('Ctrl Pts',(1035.65204544757,134.935605713462,-8.82028872868007));
#2143=CARTESIAN_POINT('Ctrl Pts',(1035.65204544757,134.085794719293,-8.86163748184254));
#2144=CARTESIAN_POINT('Ctrl Pts',(1035.65204544757,133.235793173602,-8.90403264983398));
#2145=CARTESIAN_POINT('Ctrl Pts',(1035.65204544757,132.450912939005,-8.94317978970398));
#2146=CARTESIAN_POINT('Ctrl Pts',(1035.65204544757,131.665869025401,-8.98321904823775));
#2147=CARTESIAN_POINT('Ctrl Pts',(1035.65204544757,130.880321569967,-9.02410247350151));
#2148=CARTESIAN_POINT('Ctrl Pts',(1035.65204544757,130.118596834887,-9.06374605717403));
#2149=CARTESIAN_POINT('Ctrl Pts',(1035.65204544757,129.356398197479,-9.10418385690101));
#2150=CARTESIAN_POINT('Ctrl Pts',(1035.65204544757,128.593456807933,-9.1453953185996));
#2151=CARTESIAN_POINT('Ctrl Pts',(1035.65204544757,127.850332398787,-9.18553633538596));
#2152=CARTESIAN_POINT('Ctrl Pts',(1035.65204544757,127.106503018235,-9.22641177945952));
#2153=CARTESIAN_POINT('Ctrl Pts',(1035.65204544757,126.361765247031,-9.26801852506035));
#2154=CARTESIAN_POINT('Ctrl Pts',(1035.65204544757,125.637573537209,-9.30847741059274));
#2155=CARTESIAN_POINT('Ctrl Pts',(1035.65204544757,124.91252268688,-9.34962819673995));
#2156=CARTESIAN_POINT('Ctrl Pts',(1035.65204544757,124.186472100783,-9.39147710299611));
#2157=CARTESIAN_POINT('Ctrl Pts',(1035.65204544757,123.479020524637,-9.43225397895747));
#2158=CARTESIAN_POINT('Ctrl Pts',(1035.65204544757,122.770619575391,-9.47369397923181));
#2159=CARTESIAN_POINT('Ctrl Pts',(1035.65204544757,122.06118664134,-9.51580650284244));
#2160=CARTESIAN_POINT('Ctrl Pts',(1035.65204544757,121.362838596884,-9.55726101827165));
#2161=CARTESIAN_POINT('Ctrl Pts',(1035.65204544757,120.663490324174,-9.59936747048884));
#2162=CARTESIAN_POINT('Ctrl Pts',(1035.65204544757,119.963113028499,-9.64213418316586));
#2163=CARTESIAN_POINT('Ctrl Pts',(1035.65204544757,119.27367912807,-9.6842326659573));
#2164=CARTESIAN_POINT('Ctrl Pts',(1035.65204544757,118.583247986175,-9.72697115625081));
#2165=CARTESIAN_POINT('Ctrl Pts',(1035.65204544757,117.891843600769,-9.7703534186666));
#2166=CARTESIAN_POINT('Ctrl Pts',(1035.65204544757,117.211242408884,-9.81305783323215));
#2167=CARTESIAN_POINT('Ctrl Pts',(1035.65204544757,116.529698011441,-9.85638626346167));
#2168=CARTESIAN_POINT('Ctrl Pts',(1035.65204544757,115.847285337272,-9.90033515684754));
#2169=CARTESIAN_POINT('Ctrl Pts',(1035.65204544757,115.175535361137,-9.94359734877425));
#2170=CARTESIAN_POINT('Ctrl Pts',(1035.65204544757,114.50294376293,-9.9874609901467));
#2171=CARTESIAN_POINT('Ctrl Pts',(1035.65204544757,113.829636086356,-10.0319124889101));
#2172=CARTESIAN_POINT('Ctrl Pts',(1035.65204544757,113.166848842228,-10.0756694330054));
#2173=CARTESIAN_POINT('Ctrl Pts',(1035.65204544757,112.50336764539,-10.1199961575993));
#2174=CARTESIAN_POINT('Ctrl Pts',(1035.65204544757,111.839368105892,-10.1648668196371));
#2175=CARTESIAN_POINT('Ctrl Pts',(1035.65204544757,111.176752436444,-10.2096439647948));
#2176=CARTESIAN_POINT('Ctrl Pts',(1035.65204544757,110.513620761714,-10.2549628384531));
#2177=CARTESIAN_POINT('Ctrl Pts',(1035.65204544757,109.85020224907,-10.3007835200722));
#2178=CARTESIAN_POINT('Ctrl Pts',(1035.65204544757,109.1285760263,-10.3506244647719));
#2179=CARTESIAN_POINT('Ctrl Pts',(1035.65204544757,108.406610332213,-10.4010592930272));
#2180=CARTESIAN_POINT('Ctrl Pts',(1035.65204544757,107.684667499702,-10.4520170918368));
#2181=CARTESIAN_POINT('Ctrl Pts',(1035.65204544757,106.861431750311,-10.5101245759771));
#2182=CARTESIAN_POINT('Ctrl Pts',(1035.65204544757,106.038227371462,-10.5689118606549));
#2183=CARTESIAN_POINT('Ctrl Pts',(1035.65204544757,105.215663344251,-10.6282498610886));
#2184=CARTESIAN_POINT('Ctrl Pts',(1035.65204544757,103.976295955899,-10.7176551598796));
#2185=CARTESIAN_POINT('Ctrl Pts',(1035.65204544757,102.738391971056,-10.8083107597938));
#2186=CARTESIAN_POINT('Ctrl Pts',(1035.65204544757,101.504112196835,-10.8997208979356));
#2187=CARTESIAN_POINT('Ctrl Pts',(1035.65204544757,100.774950757491,-10.9537222267188));
#2188=CARTESIAN_POINT('Ctrl Pts',(1035.65204544757,100.047054987617,-11.00798583712));
#2189=CARTESIAN_POINT('Ctrl Pts',(1035.65204544757,99.3208395348694,-11.0624085074336));
#2190=CARTESIAN_POINT('Ctrl Pts',(1035.65204544757,98.6682415381841,-11.1113142770459));
#2191=CARTESIAN_POINT('Ctrl Pts',(1035.65204544757,98.0170010544815,-11.1603482878188));
#2192=CARTESIAN_POINT('Ctrl Pts',(1035.65204544757,97.3673802989213,-11.2094400484419));
#2193=CARTESIAN_POINT('Ctrl Pts',(1035.65204544757,96.7572215465544,-11.2555496703357));
#2194=CARTESIAN_POINT('Ctrl Pts',(1035.65204544757,96.148492056576,-11.3017101368892));
#2195=CARTESIAN_POINT('Ctrl Pts',(1035.65204544757,95.5413665608422,-11.3478692095773));
#2196=CARTESIAN_POINT('Ctrl Pts',(1035.65204544757,94.9645659788316,-11.3917227129776));
#2197=CARTESIAN_POINT('Ctrl Pts',(1035.65204544757,94.3892133755682,-11.4355748934193));
#2198=CARTESIAN_POINT('Ctrl Pts',(1035.65204544757,93.8154151014594,-11.4793878484964));
#2199=CARTESIAN_POINT('Ctrl Pts',(1035.65204544757,93.2680893526131,-11.5211794667859));
#2200=CARTESIAN_POINT('Ctrl Pts',(1035.65204544757,92.7221780601623,-11.5629353264011));
#2201=CARTESIAN_POINT('Ctrl Pts',(1035.65204544757,92.1777298526945,-11.6046298772453));
#2202=CARTESIAN_POINT('Ctrl Pts',(1035.65204544757,91.6420377292073,-11.6456538758061));
#2203=CARTESIAN_POINT('Ctrl Pts',(1035.65204544757,91.1077624240727,-11.6866184253239));
#2204=CARTESIAN_POINT('Ctrl Pts',(1035.65204544757,90.5749017901504,-11.7275077514593));
#2205=CARTESIAN_POINT('Ctrl Pts',(1035.65204544757,90.0456914502596,-11.7681169704642));
#2206=CARTESIAN_POINT('Ctrl Pts',(1035.65204544757,89.5178765699162,-11.80865197666));
#2207=CARTESIAN_POINT('Ctrl Pts',(1035.65204544757,88.9914018378847,-11.8491069451641));
#2208=CARTESIAN_POINT('Ctrl Pts',(1035.65204544757,88.4549842608854,-11.8903259341529));
#2209=CARTESIAN_POINT('Ctrl Pts',(1035.65204544757,87.9199578459295,-11.9314618787776));
#2210=CARTESIAN_POINT('Ctrl Pts',(1035.65204544757,87.3862093208307,-11.9725182126399));
#2211=CARTESIAN_POINT('Ctrl Pts',(1035.65204544757,86.836006882173,-12.0148401937811));
#2212=CARTESIAN_POINT('Ctrl Pts',(1035.65204544757,86.2871622914836,-12.0570776273468));
#2213=CARTESIAN_POINT('Ctrl Pts',(1035.65204544757,85.7394944853069,-12.0992437273138));
#2214=CARTESIAN_POINT('Ctrl Pts',(1035.65204544757,85.166545074895,-12.1433563113346));
#2215=CARTESIAN_POINT('Ctrl Pts',(1035.65204544757,84.5948833746614,-12.1873909345078));
#2216=CARTESIAN_POINT('Ctrl Pts',(1035.65204544757,84.0242426760353,-12.2313716883115));
#2217=CARTESIAN_POINT('Ctrl Pts',(1035.65204544757,83.4219929162027,-12.2777886341747));
#2218=CARTESIAN_POINT('Ctrl Pts',(1035.65204544757,82.8208800758489,-12.3241457383169));
#2219=CARTESIAN_POINT('Ctrl Pts',(1035.65204544757,82.2205302020791,-12.3704789534725));
#2220=CARTESIAN_POINT('Ctrl Pts',(1035.65204544757,81.5805907251915,-12.4198675762819));
#2221=CARTESIAN_POINT('Ctrl Pts',(1035.65204544757,80.9415178139819,-12.4692292775636));
#2222=CARTESIAN_POINT('Ctrl Pts',(1035.65204544757,80.3027969400231,-12.5186130084287));
#2223=CARTESIAN_POINT('Ctrl Pts',(1035.65204544757,79.6011074463394,-12.5728652593254));
#2224=CARTESIAN_POINT('Ctrl Pts',(1035.65204544757,78.8998422969397,-12.6271444995537));
#2225=CARTESIAN_POINT('Ctrl Pts',(1035.65204544757,78.1982534979387,-12.6815169850378));
#2226=CARTESIAN_POINT('Ctrl Pts',(1035.65204544757,77.3603041767445,-12.7464572853502));
#2227=CARTESIAN_POINT('Ctrl Pts',(1035.65204544757,76.521891668655,-12.8115318036666));
#2228=CARTESIAN_POINT('Ctrl Pts',(1035.65204544757,75.681665642535,-12.876842182486));
#2229=CARTESIAN_POINT('Ctrl Pts',(1035.65204544757,74.8092283327178,-12.9446563294286));
#2230=CARTESIAN_POINT('Ctrl Pts',(1035.65204544757,73.934830974367,-13.0127264460242));
#2231=CARTESIAN_POINT('Ctrl Pts',(1035.65204544757,73.0569418398045,-13.0811325219851));
#2232=CARTESIAN_POINT('Ctrl Pts',(1035.65204544757,72.3394517693507,-13.1370401284566));
#2233=CARTESIAN_POINT('Ctrl Pts',(1035.65204544757,71.6196276920586,-13.193171877116));
#2234=CARTESIAN_POINT('Ctrl Pts',(1035.65204544757,70.8966587356753,-13.2495431941728));
#2235=CARTESIAN_POINT('Ctrl Pts',(1035.65204544757,70.2545231756199,-13.2996117717095));
#2236=CARTESIAN_POINT('Ctrl Pts',(1035.65204544757,69.6099058985372,-13.3498690729041));
#2237=CARTESIAN_POINT('Ctrl Pts',(1035.65204544757,68.9622752887912,-13.4003048556209));
#2238=CARTESIAN_POINT('Ctrl Pts',(1035.65204544757,68.3661173945187,-13.4467320775093));
#2239=CARTESIAN_POINT('Ctrl Pts',(1035.65204544757,67.7674056764798,-13.4933103633896));
#2240=CARTESIAN_POINT('Ctrl Pts',(1035.65204544757,67.165766071303,-13.5400154503322));
#2241=CARTESIAN_POINT('Ctrl Pts',(1035.65204544757,66.6032177966813,-13.5836858899932));
#2242=CARTESIAN_POINT('Ctrl Pts',(1035.65204544757,66.0381093418683,-13.6274669673128));
#2243=CARTESIAN_POINT('Ctrl Pts',(1035.65204544757,65.4701782675366,-13.6713269998105));
#2244=CARTESIAN_POINT('Ctrl Pts',(1035.65204544757,64.9296198439731,-13.7130731043925));
#2245=CARTESIAN_POINT('Ctrl Pts',(1035.65204544757,64.3865040258688,-13.7548906012435));
#2246=CARTESIAN_POINT('Ctrl Pts',(1035.65204544757,63.8406502119263,-13.79674349705));
#2247=CARTESIAN_POINT('Ctrl Pts',(1035.65204544757,63.314661103779,-13.8370732827479));
#2248=CARTESIAN_POINT('Ctrl Pts',(1035.65204544757,62.7861294478223,-13.8774358647352));
#2249=CARTESIAN_POINT('Ctrl Pts',(1035.65204544757,62.2549408175319,-13.9177922123372));
#2250=CARTESIAN_POINT('Ctrl Pts',(1035.65204544757,61.7402821094394,-13.9568927211505));
#2251=CARTESIAN_POINT('Ctrl Pts',(1035.65204544757,61.2231290482526,-13.9959873227675));
#2252=CARTESIAN_POINT('Ctrl Pts',(1035.65204544757,60.7034254081075,-14.0350348934302));
#2253=CARTESIAN_POINT('Ctrl Pts',(1035.65204544757,60.1993628841017,-14.0729072797368));
#2254=CARTESIAN_POINT('Ctrl Pts',(1035.65204544757,59.6929008387722,-14.1107353745955));
#2255=CARTESIAN_POINT('Ctrl Pts',(1035.65204544757,59.1840359599582,-14.1484770168186));
#2256=CARTESIAN_POINT('Ctrl Pts',(1035.65204544757,58.6889372103153,-14.1851976486642));
#2257=CARTESIAN_POINT('Ctrl Pts',(1035.65204544757,58.1915637244189,-14.2218364009834));
#2258=CARTESIAN_POINT('Ctrl Pts',(1035.65204544757,57.6919609165998,-14.2583506360992));
#2259=CARTESIAN_POINT('Ctrl Pts',(1035.65204544757,57.2032586527434,-14.2940681882922));
#2260=CARTESIAN_POINT('Ctrl Pts',(1035.65204544757,56.7124231405399,-14.3296665649369));
#2261=CARTESIAN_POINT('Ctrl Pts',(1035.65204544757,56.2195461253865,-14.3651026970457));
#2262=CARTESIAN_POINT('Ctrl Pts',(1035.65204544757,55.7342734196568,-14.3999921059252));
#2263=CARTESIAN_POINT('Ctrl Pts',(1035.65204544757,55.2470216325829,-14.4347242127462));
#2264=CARTESIAN_POINT('Ctrl Pts',(1035.65204544757,54.757928373998,-14.4692552311028));
#2265=CARTESIAN_POINT('Ctrl Pts',(1035.65204544757,54.275710264994,-14.5033008493599));
#2266=CARTESIAN_POINT('Ctrl Pts',(1035.65204544757,53.7917020150184,-14.5371509704744));
#2267=CARTESIAN_POINT('Ctrl Pts',(1035.65204544757,53.3060857298579,-14.5707613516902));
#2268=CARTESIAN_POINT('Ctrl Pts',(1035.65204544757,52.8298949941387,-14.6037193735854));
#2269=CARTESIAN_POINT('Ctrl Pts',(1035.65204544757,52.3521579922779,-14.6364468503357));
#2270=CARTESIAN_POINT('Ctrl Pts',(1035.65204544757,51.8730957834975,-14.6689001849756));
#2271=CARTESIAN_POINT('Ctrl Pts',(1035.65204544757,51.405700833002,-14.700563139096));
#2272=CARTESIAN_POINT('Ctrl Pts',(1035.65204544757,50.9370443056903,-14.7319651231595));
#2273=CARTESIAN_POINT('Ctrl Pts',(1035.65204544757,50.4673804283567,-14.7630641306825));
#2274=CARTESIAN_POINT('Ctrl Pts',(1035.65204544757,50.0077733107028,-14.7934972252834));
#2275=CARTESIAN_POINT('Ctrl Pts',(1035.65204544757,49.5472013987637,-14.8236401641956));
#2276=CARTESIAN_POINT('Ctrl Pts',(1035.65204544757,49.0859522729112,-14.8534523547979));
#2277=CARTESIAN_POINT('Ctrl Pts',(1035.65204544757,48.6223726167207,-14.8834151759614));
#2278=CARTESIAN_POINT('Ctrl Pts',(1035.65204544757,48.1581086985625,-14.9130438863839));
#2279=CARTESIAN_POINT('Ctrl Pts',(1035.65204544757,47.6935060643573,-14.9422962081329));
#2280=CARTESIAN_POINT('Ctrl Pts',(1035.65204544757,47.2131571649455,-14.9725399465943));
#2281=CARTESIAN_POINT('Ctrl Pts',(1035.65204544757,46.7324463885012,-15.0023813336896));
#2282=CARTESIAN_POINT('Ctrl Pts',(1035.65204544757,46.2518123092922,-15.0317727335567));
#2283=CARTESIAN_POINT('Ctrl Pts',(1035.65204544757,45.7512714153635,-15.0623814610683));
#2284=CARTESIAN_POINT('Ctrl Pts',(1035.65204544757,45.2508139308556,-15.0925021317811));
#2285=CARTESIAN_POINT('Ctrl Pts',(1035.65204544757,44.7509925423914,-15.1220802800822));
#2286=CARTESIAN_POINT('Ctrl Pts',(1035.65204544757,44.2123599336813,-15.1539551768913));
#2287=CARTESIAN_POINT('Ctrl Pts',(1035.65204544757,43.6744663868557,-15.1851999895148));
#2288=CARTESIAN_POINT('Ctrl Pts',(1035.65204544757,43.138065817521,-15.2157462546184));
#2289=CARTESIAN_POINT('Ctrl Pts',(1035.65204544757,42.4912473815672,-15.2525804575408));
#2290=CARTESIAN_POINT('Ctrl Pts',(1035.65204544757,41.8466008487798,-15.2883987990322));
#2291=CARTESIAN_POINT('Ctrl Pts',(1035.65204544757,41.2055268485223,-15.3230820982785));
#2292=CARTESIAN_POINT('Ctrl Pts',(1035.65204544757,40.4720891522724,-15.3627624457693));
#2293=CARTESIAN_POINT('Ctrl Pts',(1035.65204544757,39.743333508948,-15.4009568227662));
#2294=CARTESIAN_POINT('Ctrl Pts',(1035.65204544757,39.0213947395208,-15.4374913154442));
#2295=CARTESIAN_POINT('Ctrl Pts',(1035.65204544757,38.4484510973932,-15.4664857484691));
#2296=CARTESIAN_POINT('Ctrl Pts',(1035.65204544757,37.8798030203351,-15.4944347839817));
#2297=CARTESIAN_POINT('Ctrl Pts',(1035.65204544757,37.3164888295303,-15.5212551827839));
#2298=CARTESIAN_POINT('Ctrl Pts',(1035.65204544757,36.8100597871986,-15.5453671776566));
#2299=CARTESIAN_POINT('Ctrl Pts',(1035.65204544757,36.307942561341,-15.5685669766691));
#2300=CARTESIAN_POINT('Ctrl Pts',(1035.65204544757,35.8108489807335,-15.5907972001454));
#2301=CARTESIAN_POINT('Ctrl Pts',(1035.65204544757,35.3526513381021,-15.6112879817395));
#2302=CARTESIAN_POINT('Ctrl Pts',(1035.65204544757,34.8987223071321,-15.6309549905501));
#2303=CARTESIAN_POINT('Ctrl Pts',(1035.65204544757,34.4495734895261,-15.6497560041047));
#2304=CARTESIAN_POINT('Ctrl Pts',(1035.65204544757,34.0253433881938,-15.6675139399442));
#2305=CARTESIAN_POINT('Ctrl Pts',(1035.65204544757,33.6053780821001,-15.6844993072098));
#2306=CARTESIAN_POINT('Ctrl Pts',(1035.65204544757,33.1900613912401,-15.7006790041934));
#2307=CARTESIAN_POINT('Ctrl Pts',(1035.65204544757,32.793028714612,-15.7161464018247));
#2308=CARTESIAN_POINT('Ctrl Pts',(1035.65204544757,32.4002445772545,-15.7308775054938));
#2309=CARTESIAN_POINT('Ctrl Pts',(1035.65204544757,32.0119962947023,-15.7448457190039));
#2310=CARTESIAN_POINT('Ctrl Pts',(1035.65204544757,31.6389153055603,-15.7582682507885));
#2311=CARTESIAN_POINT('Ctrl Pts',(1035.65204544757,31.270022902071,-15.770986330348));
#2312=CARTESIAN_POINT('Ctrl Pts',(1035.65204544757,30.9055256169811,-15.7829785873766));
#2313=CARTESIAN_POINT('Ctrl Pts',(1035.65204544757,30.5529723932668,-15.7945778750751));
#2314=CARTESIAN_POINT('Ctrl Pts',(1035.65204544757,30.2045311351021,-15.8054981254943));
#2315=CARTESIAN_POINT('Ctrl Pts',(1035.65204544757,29.8603397790976,-15.8157221865053));
#2316=CARTESIAN_POINT('Ctrl Pts',(1035.65204544757,29.525668551828,-15.8256634560537));
#2317=CARTESIAN_POINT('Ctrl Pts',(1035.65204544757,29.195015529925,-15.8349465123376));
#2318=CARTESIAN_POINT('Ctrl Pts',(1035.65204544757,28.86845807904,-15.8435577439166));
#2319=CARTESIAN_POINT('Ctrl Pts',(1035.65204544757,28.5477321210945,-15.8520152006054));
#2320=CARTESIAN_POINT('Ctrl Pts',(1035.65204544757,28.2309568658139,-15.8598246130686));
#2321=CARTESIAN_POINT('Ctrl Pts',(1035.65204544757,27.918155139587,-15.8669752343155));
#2322=CARTESIAN_POINT('Ctrl Pts',(1035.65204544757,27.6098935192181,-15.874022069123));
#2323=CARTESIAN_POINT('Ctrl Pts',(1035.65204544757,27.3054909964765,-15.8804290994067));
#2324=CARTESIAN_POINT('Ctrl Pts',(1035.65204544757,27.0049187432854,-15.8861881221397));
#2325=CARTESIAN_POINT('Ctrl Pts',(1035.65204544757,26.7084119239087,-15.8918692503714));
#2326=CARTESIAN_POINT('Ctrl Pts',(1035.65204544757,26.4156325334714,-15.8969197833381));
#2327=CARTESIAN_POINT('Ctrl Pts',(1035.65204544757,26.1265021057371,-15.90133386609));
#2328=CARTESIAN_POINT('Ctrl Pts',(1035.65204544757,25.836841895503,-15.9057560369004));
#2329=CARTESIAN_POINT('Ctrl Pts',(1035.65204544757,25.5508441249726,-15.9095394262399));
#2330=CARTESIAN_POINT('Ctrl Pts',(1035.65204544757,25.2683767207716,-15.9126801881249));
#2331=CARTESIAN_POINT('Ctrl Pts',(1035.65204544757,24.9708085782288,-15.915988855484));
#2332=CARTESIAN_POINT('Ctrl Pts',(1035.65204544757,24.6771580331569,-15.9185843959341));
#2333=CARTESIAN_POINT('Ctrl Pts',(1035.65204544757,24.3872132275646,-15.9204641896013));
#2334=CARTESIAN_POINT('Ctrl Pts',(1035.65204544757,24.0596241400647,-15.9225880417285));
#2335=CARTESIAN_POINT('Ctrl Pts',(1035.65204544757,23.7367654587631,-15.9237983087094));
#2336=CARTESIAN_POINT('Ctrl Pts',(1035.65204544757,23.4182621378705,-15.9240925438047));
#2337=CARTESIAN_POINT('Ctrl Pts',(1035.65204544757,23.0682785079862,-15.9244158605801));
#2338=CARTESIAN_POINT('Ctrl Pts',(1035.65204544757,22.7235524694284,-15.923633306229));
#2339=CARTESIAN_POINT('Ctrl Pts',(1035.65204544757,22.3835180219207,-15.9217409565371));
#2340=CARTESIAN_POINT('Ctrl Pts',(1035.65204544757,21.8624360165967,-15.9188410463089));
#2341=CARTESIAN_POINT('Ctrl Pts',(1035.65204544757,21.3523678762376,-15.9133369038999));
#2342=CARTESIAN_POINT('Ctrl Pts',(1035.65204544757,20.8511441227049,-15.9051959596013));
#2343=CARTESIAN_POINT('Ctrl Pts',(1035.65204544757,20.5147126589217,-15.8997315940606));
#2344=CARTESIAN_POINT('Ctrl Pts',(1035.65204544757,20.1822622852751,-15.8930788181836));
#2345=CARTESIAN_POINT('Ctrl Pts',(1035.65204544757,19.8531571424578,-15.8852172911862));
#2346=CARTESIAN_POINT('Ctrl Pts',(1035.65204544757,19.5673933351168,-15.878391084014));
#2347=CARTESIAN_POINT('Ctrl Pts',(1035.65204544757,19.2841509541848,-15.8706534784894));
#2348=CARTESIAN_POINT('Ctrl Pts',(1035.65204544757,19.0030514317607,-15.8619838021942));
#2349=CARTESIAN_POINT('Ctrl Pts',(1035.65204544757,18.7434977068993,-15.8539786417572));
#2350=CARTESIAN_POINT('Ctrl Pts',(1035.65204544757,18.4857704990735,-15.8451788084297));
#2351=CARTESIAN_POINT('Ctrl Pts',(1035.65204544757,18.2296139644177,-15.8355616404841));
#2352=CARTESIAN_POINT('Ctrl Pts',(1035.65204544757,17.9875497775939,-15.8264735571314));
#2353=CARTESIAN_POINT('Ctrl Pts',(1035.65204544757,17.746887886712,-15.81665559617));
#2354=CARTESIAN_POINT('Ctrl Pts',(1035.65204544757,17.507456847383,-15.806082734151));
#2355=CARTESIAN_POINT('Ctrl Pts',(1035.65204544757,17.2789856535816,-15.7959938400203));
#2356=CARTESIAN_POINT('Ctrl Pts',(1035.65204544757,17.0516349644574,-15.7852175772513));
#2357=CARTESIAN_POINT('Ctrl Pts',(1035.65204544757,16.8253013122369,-15.7737266502137));
#2358=CARTESIAN_POINT('Ctrl Pts',(1035.65204544757,16.6076388740415,-15.7626759594676));
#2359=CARTESIAN_POINT('Ctrl Pts',(1035.65204544757,16.3909168177453,-15.7509643231892));
#2360=CARTESIAN_POINT('Ctrl Pts',(1035.65204544757,16.1750896404287,-15.738562102063));
#2361=CARTESIAN_POINT('Ctrl Pts',(1035.65204544757,15.9661783736323,-15.7265572945184));
#2362=CARTESIAN_POINT('Ctrl Pts',(1035.65204544757,15.7581053713529,-15.7139054584682));
#2363=CARTESIAN_POINT('Ctrl Pts',(1035.65204544757,15.5508767484861,-15.7005744731129));
#2364=CARTESIAN_POINT('Ctrl Pts',(1035.65204544757,15.3485887567031,-15.6875613177934));
#2365=CARTESIAN_POINT('Ctrl Pts',(1035.65204544757,15.1471051713064,-15.67390102164));
#2366=CARTESIAN_POINT('Ctrl Pts',(1035.65204544757,14.946480364971,-15.659558488609));
#2367=CARTESIAN_POINT('Ctrl Pts',(1035.65204544757,14.7430692030101,-15.6450167608807));
#2368=CARTESIAN_POINT('Ctrl Pts',(1035.65204544757,14.5405407340206,-15.6297737149713));
#2369=CARTESIAN_POINT('Ctrl Pts',(1035.65204544757,14.3390062054166,-15.613787073841));
#2370=CARTESIAN_POINT('Ctrl Pts',(1035.65204544757,14.1307246968267,-15.5972652313808));
#2371=CARTESIAN_POINT('Ctrl Pts',(1035.65204544757,13.9235049817062,-15.5799491374418));
#2372=CARTESIAN_POINT('Ctrl Pts',(1035.65204544757,13.7175262039952,-15.5617864427097));
#2373=CARTESIAN_POINT('Ctrl Pts',(1035.65204544757,13.5032907138772,-15.542895691677));
#2374=CARTESIAN_POINT('Ctrl Pts',(1035.65204544757,13.2903978712941,-15.5230890633065));
#2375=CARTESIAN_POINT('Ctrl Pts',(1035.65204544757,13.0791060368777,-15.5023022118059));
#2376=CARTESIAN_POINT('Ctrl Pts',(1035.65204544757,12.8572664702293,-15.4804776763637));
#2377=CARTESIAN_POINT('Ctrl Pts',(1035.65204544757,12.6371920395013,-15.4575725504457));
#2378=CARTESIAN_POINT('Ctrl Pts',(1035.65204544757,12.419239211613,-15.4335072668766));
#2379=CARTESIAN_POINT('Ctrl Pts',(1035.65204544757,12.175844493551,-15.4066328144269));
#2380=CARTESIAN_POINT('Ctrl Pts',(1035.65204544757,11.9350956025928,-15.3783114804187));
#2381=CARTESIAN_POINT('Ctrl Pts',(1035.65204544757,11.6975575380556,-15.3484271487787));
#2382=CARTESIAN_POINT('Ctrl Pts',(1035.65204544757,11.443833478207,-15.3165064797089));
#2383=CARTESIAN_POINT('Ctrl Pts',(1035.65204544757,11.1937738134299,-15.2828023598284));
#2384=CARTESIAN_POINT('Ctrl Pts',(1035.65204544757,10.9481319685273,-15.2471696076238));
#2385=CARTESIAN_POINT('Ctrl Pts',(1035.65204544757,10.6270564550569,-15.2005944639833));
#2386=CARTESIAN_POINT('Ctrl Pts',(1035.65204544757,10.3135302506005,-15.1507236078497));
#2387=CARTESIAN_POINT('Ctrl Pts',(1035.65204544757,10.0093273596194,-15.097233462765));
#2388=CARTESIAN_POINT('Ctrl Pts',(1035.65204544757,9.74148379519183,-15.0501366351344));
#2389=CARTESIAN_POINT('Ctrl Pts',(1035.65204544757,9.4808736097685,-15.0002334628826));
#2390=CARTESIAN_POINT('Ctrl Pts',(1035.65204544757,9.22870541838044,-14.9473124830528));
#2391=CARTESIAN_POINT('Ctrl Pts',(1035.65204544757,9.02390386850918,-14.9043320475339));
#2392=CARTESIAN_POINT('Ctrl Pts',(1035.65204544757,8.82467172691027,-14.8593610685451));
#2393=CARTESIAN_POINT('Ctrl Pts',(1035.65204544757,8.63162136963595,-14.8122950456172));
#2394=CARTESIAN_POINT('Ctrl Pts',(1035.65204544757,8.45435383628017,-14.7690769034336));
#2395=CARTESIAN_POINT('Ctrl Pts',(1035.65204544757,8.28229923025535,-14.7240922351561));
#2396=CARTESIAN_POINT('Ctrl Pts',(1035.65204544757,8.11588863283245,-14.6772685875252));
#2397=CARTESIAN_POINT('Ctrl Pts',(1035.65204544757,7.95359159152918,-14.6316023884296));
#2398=CARTESIAN_POINT('Ctrl Pts',(1035.65204544757,7.79666313924756,-14.5841869992419));
#2399=CARTESIAN_POINT('Ctrl Pts',(1035.65204544757,7.6454541836742,-14.5349640598962));
#2400=CARTESIAN_POINT('Ctrl Pts',(1035.65204544757,7.49685490702616,-14.4865906473988));
#2401=CARTESIAN_POINT('Ctrl Pts',(1035.65204544757,7.35377951371359,-14.4364715389011));
#2402=CARTESIAN_POINT('Ctrl Pts',(1035.65204544757,7.2165114511431,-14.3845599881886));
#2403=CARTESIAN_POINT('Ctrl Pts',(1035.65204544757,7.08142337659956,-14.3334728576427));
#2404=CARTESIAN_POINT('Ctrl Pts',(1035.65204544757,6.95195973900801,-14.2806497650349));
#2405=CARTESIAN_POINT('Ctrl Pts',(1035.65204544757,6.82834073120687,-14.2260546022295));
#2406=CARTESIAN_POINT('Ctrl Pts',(1035.65204544757,6.70232163426657,-14.1703994628102));
#2407=CARTESIAN_POINT('Ctrl Pts',(1035.65204544757,6.58237655815336,-14.1129027478049));
#2408=CARTESIAN_POINT('Ctrl Pts',(1035.65204544757,6.46868278710489,-14.0535354301185));
#2409=CARTESIAN_POINT('Ctrl Pts',(1035.65204544757,6.34968168203427,-13.9913967892359));
#2410=CARTESIAN_POINT('Ctrl Pts',(1035.65204544757,6.23752881272303,-13.9272088777121));
#2411=CARTESIAN_POINT('Ctrl Pts',(1035.65204544757,6.13236785316561,-13.8609481741689));
#2412=CARTESIAN_POINT('Ctrl Pts',(1035.65204544757,6.02078054750678,-13.7906383043221));
#2413=CARTESIAN_POINT('Ctrl Pts',(1035.65204544757,5.91706536060234,-13.717994636951));
#2414=CARTESIAN_POINT('Ctrl Pts',(1035.65204544757,5.82133422207472,-13.6429988919341));
#2415=CARTESIAN_POINT('Ctrl Pts',(1035.65204544757,5.7131401055377,-13.5582396537078));
#2416=CARTESIAN_POINT('Ctrl Pts',(1035.65204544757,5.61514381568795,-13.4704761081312));
#2417=CARTESIAN_POINT('Ctrl Pts',(1035.65204544757,5.52743855582983,-13.3796931973446));
#2418=CARTESIAN_POINT('Ctrl Pts',(1035.65204544757,5.43305548894511,-13.2819981496972));
#2419=CARTESIAN_POINT('Ctrl Pts',(1035.65204544757,5.35058942445815,-13.1808065918117));
#2420=CARTESIAN_POINT('Ctrl Pts',(1035.65204544757,5.28009375237434,-13.0761101609209));
#2421=CARTESIAN_POINT('Ctrl Pts',(1035.65204544757,5.19647003635514,-12.951916655898));
#2422=CARTESIAN_POINT('Ctrl Pts',(1035.65204544757,5.12968925282795,-12.8227915421374));
#2423=CARTESIAN_POINT('Ctrl Pts',(1035.65204544757,5.07976702232663,-12.688732593131));
#2424=CARTESIAN_POINT('Ctrl Pts',(1035.65204544757,5.07398167409382,-12.6731968749562));
#2425=CARTESIAN_POINT('Ctrl Pts',(1035.65204544757,5.06842267891861,-12.6575949043116));
#2426=CARTESIAN_POINT('Ctrl Pts',(1035.65204544757,5.06309002482915,-12.6419266829746));
#2427=CARTESIAN_POINT('',(800.,-36.4741344991451,-13.742925429433));
#2428=CARTESIAN_POINT('Ctrl Pts',(800.,-36.5164678315322,-13.2772587652896));
#2429=CARTESIAN_POINT('Ctrl Pts',(1035.65204544757,5.02075669244206,-12.1762600188312));
#2430=CARTESIAN_POINT('Ctrl Pts',(800.,-36.5357621408144,-13.0535691253532));
#2431=CARTESIAN_POINT('Ctrl Pts',(1035.65204544757,5.00146238315981,-11.9525703788948));
#2432=CARTESIAN_POINT('Ctrl Pts',(800.,-36.5277571953728,-12.5800873276616));
#2433=CARTESIAN_POINT('Ctrl Pts',(1035.65204544757,5.00946732860138,-11.4790885812032));
#2434=CARTESIAN_POINT('Ctrl Pts',(800.,-36.3759516215581,-11.7915270159042));
#2435=CARTESIAN_POINT('Ctrl Pts',(1035.65204544757,5.16127290241609,-10.6905282694458));
#2436=CARTESIAN_POINT('Ctrl Pts',(800.,-35.8939731618699,-10.5836283648473));
#2437=CARTESIAN_POINT('Ctrl Pts',(1035.65204544757,5.6432513621043,-9.48262961838886));
#2438=CARTESIAN_POINT('Ctrl Pts',(800.,-34.8361992291384,-8.83216476704085));
#2439=CARTESIAN_POINT('Ctrl Pts',(1035.65204544757,6.70102529483586,-7.73116602058242));
#2440=CARTESIAN_POINT('Ctrl Pts',(800.,-33.3593207647594,-6.90259496960987));
#2441=CARTESIAN_POINT('Ctrl Pts',(1035.65204544757,8.17790375921483,-5.80159622315144));
#2442=CARTESIAN_POINT('Ctrl Pts',(800.,-31.5287267244977,-4.90874954991736));
#2443=CARTESIAN_POINT('Ctrl Pts',(1035.65204544757,10.0084977994765,-3.80775080345894));
#2444=CARTESIAN_POINT('Ctrl Pts',(800.,-29.415089321684,-2.97385914840521));
#2445=CARTESIAN_POINT('Ctrl Pts',(1035.65204544757,12.1221352022902,-1.87286040194678));
#2446=CARTESIAN_POINT('Ctrl Pts',(800.,-27.0781230136416,-1.20236069954381));
#2447=CARTESIAN_POINT('Ctrl Pts',(1035.65204544757,14.4591015103326,-0.101361953085377));
#2448=CARTESIAN_POINT('Ctrl Pts',(800.,-24.5422907487483,0.361185370739194));
#2449=CARTESIAN_POINT('Ctrl Pts',(1035.65204544757,16.9949337752259,1.46218411719762));
#2450=CARTESIAN_POINT('Ctrl Pts',(800.,-21.7941416996744,1.7392847999678));
#2451=CARTESIAN_POINT('Ctrl Pts',(1035.65204544757,19.7430828242998,2.84028354642623));
#2452=CARTESIAN_POINT('Ctrl Pts',(800.,-18.8052885243097,2.98869701515252));
#2453=CARTESIAN_POINT('Ctrl Pts',(1035.65204544757,22.7319359996645,4.08969576161095));
#2454=CARTESIAN_POINT('Ctrl Pts',(800.,-15.5490892342828,4.17751979474997));
#2455=CARTESIAN_POINT('Ctrl Pts',(1035.65204544757,25.9881352896914,5.27851854120839));
#2456=CARTESIAN_POINT('Ctrl Pts',(800.,-12.0195343249919,5.35870058588133));
#2457=CARTESIAN_POINT('Ctrl Pts',(1035.65204544757,29.5176901989823,6.45969933233975));
#2458=CARTESIAN_POINT('Ctrl Pts',(800.,-8.25014512723939,6.54398449178994));
#2459=CARTESIAN_POINT('Ctrl Pts',(1035.65204544757,33.2870793967349,7.64498323824838));
#2460=CARTESIAN_POINT('Ctrl Pts',(800.,-4.30165488030713,7.71465660659444));
#2461=CARTESIAN_POINT('Ctrl Pts',(1035.65204544757,37.2355696436671,8.81565535305287));
#2462=CARTESIAN_POINT('Ctrl Pts',(800.,-0.24862581687783,8.83371859582227));
#2463=CARTESIAN_POINT('Ctrl Pts',(1035.65204544757,41.2885987070964,9.93471734228071));
#2464=CARTESIAN_POINT('Ctrl Pts',(800.,3.83400321347281,9.85790319089498));
#2465=CARTESIAN_POINT('Ctrl Pts',(1035.65204544757,45.371227737447,10.9589019373534));
#2466=CARTESIAN_POINT('Ctrl Pts',(800.,7.88318060359241,10.7487798423003));
#2467=CARTESIAN_POINT('Ctrl Pts',(1035.65204544757,49.4204051275666,11.8497785887587));
#2468=CARTESIAN_POINT('Ctrl Pts',(800.,11.8633393708056,11.486599527629));
#2469=CARTESIAN_POINT('Ctrl Pts',(1035.65204544757,53.4005638947798,12.5875982740874));
#2470=CARTESIAN_POINT('Ctrl Pts',(800.,15.7703353598009,12.0744149555804));
#2471=CARTESIAN_POINT('Ctrl Pts',(1035.65204544757,57.3075598837751,13.1754137020389));
#2472=CARTESIAN_POINT('Ctrl Pts',(800.,19.6198397150285,12.5292062829367));
#2473=CARTESIAN_POINT('Ctrl Pts',(1035.65204544757,61.1570642390027,13.6302050293951));
#2474=CARTESIAN_POINT('Ctrl Pts',(800.,23.4396120399643,12.8762500619349));
#2475=CARTESIAN_POINT('Ctrl Pts',(1035.65204544757,64.9768365639385,13.9772488083933));
#2476=CARTESIAN_POINT('Ctrl Pts',(800.,27.2602868475888,13.1422391186083));
#2477=CARTESIAN_POINT('Ctrl Pts',(1035.65204544757,68.797511371563,14.2432378650667));
#2478=CARTESIAN_POINT('Ctrl Pts',(800.,31.1066711445274,13.3488399918652));
#2479=CARTESIAN_POINT('Ctrl Pts',(1035.65204544757,72.6438956685017,14.4498387383237));
#2480=CARTESIAN_POINT('Ctrl Pts',(800.,34.989201083066,13.5063551257174));
#2481=CARTESIAN_POINT('Ctrl Pts',(1035.65204544757,76.5264256070402,14.6073538721758));
#2482=CARTESIAN_POINT('Ctrl Pts',(800.,38.9075584319943,13.6169199911638));
#2483=CARTESIAN_POINT('Ctrl Pts',(1035.65204544757,80.4447829559685,14.7179187376222));
#2484=CARTESIAN_POINT('Ctrl Pts',(800.,42.8537598627693,13.6772617687075));
#2485=CARTESIAN_POINT('Ctrl Pts',(1035.65204544757,84.3909843867435,14.7782605151659));
#2486=CARTESIAN_POINT('Ctrl Pts',(800.,46.8155049643492,13.6817191664438));
#2487=CARTESIAN_POINT('Ctrl Pts',(1035.65204544757,88.3527294883235,14.7827179129022));
#2488=CARTESIAN_POINT('Ctrl Pts',(800.,50.7792339447565,13.6249057690435));
#2489=CARTESIAN_POINT('Ctrl Pts',(1035.65204544757,92.3164584687307,14.7259045155019));
#2490=CARTESIAN_POINT('Ctrl Pts',(800.,54.7337354841695,13.5051331399415));
#2491=CARTESIAN_POINT('Ctrl Pts',(1035.65204544757,96.2709600081438,14.6061318864));
#2492=CARTESIAN_POINT('Ctrl Pts',(800.,58.6712778224835,13.3243697384347));
#2493=CARTESIAN_POINT('Ctrl Pts',(1035.65204544757,100.208502346458,14.4253684848931));
#2494=CARTESIAN_POINT('Ctrl Pts',(800.,62.5875119771892,13.0865345777813));
#2495=CARTESIAN_POINT('Ctrl Pts',(1035.65204544757,104.124736501163,14.1875333242397));
#2496=CARTESIAN_POINT('Ctrl Pts',(800.,66.4818122368095,12.7962802019155));
#2497=CARTESIAN_POINT('Ctrl Pts',(1035.65204544757,108.019036760784,13.8972789483739));
#2498=CARTESIAN_POINT('Ctrl Pts',(800.,70.3573414890395,12.4576614160629));
#2499=CARTESIAN_POINT('Ctrl Pts',(1035.65204544757,111.894566013014,13.5586601625213));
#2500=CARTESIAN_POINT('Ctrl Pts',(800.,74.2214834916897,12.0726474610896));
#2501=CARTESIAN_POINT('Ctrl Pts',(1035.65204544757,115.758708015664,13.1736462075481));
#2502=CARTESIAN_POINT('Ctrl Pts',(800.,78.0853562288986,11.6403540323288));
#2503=CARTESIAN_POINT('Ctrl Pts',(1035.65204544757,119.622580752873,12.7413527787872));
#2504=CARTESIAN_POINT('Ctrl Pts',(800.,81.9607313714361,11.1584887121834));
#2505=CARTESIAN_POINT('Ctrl Pts',(1035.65204544757,123.49795589541,12.2594874586418));
#2506=CARTESIAN_POINT('Ctrl Pts',(800.,85.8574636858045,10.6243779088383));
#2507=CARTESIAN_POINT('Ctrl Pts',(1035.65204544757,127.394688209779,11.7253766552967));
#2508=CARTESIAN_POINT('Ctrl Pts',(800.,89.7806226383949,10.0361884107003));
#2509=CARTESIAN_POINT('Ctrl Pts',(1035.65204544757,131.317847162369,11.1371871571587));
#2510=CARTESIAN_POINT('Ctrl Pts',(800.,93.7279614385037,9.39399889259019));
#2511=CARTESIAN_POINT('Ctrl Pts',(1035.65204544757,135.265185962478,10.4949976390486));
#2512=CARTESIAN_POINT('Ctrl Pts',(800.,97.6866485260683,8.70112223146966));
#2513=CARTESIAN_POINT('Ctrl Pts',(1035.65204544757,139.223873050043,9.80212097792809));
#2514=CARTESIAN_POINT('Ctrl Pts',(800.,101.637587903575,7.96301120913303));
#2515=CARTESIAN_POINT('Ctrl Pts',(1035.65204544757,143.174812427549,9.06400995559145));
#2516=CARTESIAN_POINT('Ctrl Pts',(800.,105.560474733478,7.18592207321599));
#2517=CARTESIAN_POINT('Ctrl Pts',(1035.65204544757,147.097699257452,8.28692081967442));
#2518=CARTESIAN_POINT('Ctrl Pts',(800.,109.438843955492,6.3756085233683));
#2519=CARTESIAN_POINT('Ctrl Pts',(1035.65204544757,150.976068479466,7.47660726982672));
#2520=CARTESIAN_POINT('Ctrl Pts',(800.,113.264542370552,5.5361343217574));
#2521=CARTESIAN_POINT('Ctrl Pts',(1035.65204544757,154.801766894526,6.63713306821582));
#2522=CARTESIAN_POINT('Ctrl Pts',(800.,117.043886165961,4.6683133977657));
#2523=CARTESIAN_POINT('Ctrl Pts',(1035.65204544757,158.581110689935,5.76931214422413));
#2524=CARTESIAN_POINT('Ctrl Pts',(800.,120.797979770851,3.7694583691052));
#2525=CARTESIAN_POINT('Ctrl Pts',(1035.65204544757,162.335204294826,4.87045711556363));
#2526=CARTESIAN_POINT('Ctrl Pts',(800.,124.554827462804,2.83497295353556));
#2527=CARTESIAN_POINT('Ctrl Pts',(1035.65204544757,166.092051986778,3.935971699994));
#2528=CARTESIAN_POINT('Ctrl Pts',(800.,128.34343204115,1.85949617558779));
#2529=CARTESIAN_POINT('Ctrl Pts',(1035.65204544757,169.880656565124,2.96049492204623));
#2530=CARTESIAN_POINT('Ctrl Pts',(800.,132.187167891735,0.838213110863222));
#2531=CARTESIAN_POINT('Ctrl Pts',(1035.65204544757,173.724392415709,1.93921185732165));
#2532=CARTESIAN_POINT('Ctrl Pts',(800.,136.097285051596,-0.231873720689209));
#2533=CARTESIAN_POINT('Ctrl Pts',(1035.65204544757,177.63450957557,0.86912502576922));
#2534=CARTESIAN_POINT('Ctrl Pts',(800.,140.066825756872,-1.35074087161356));
#2535=CARTESIAN_POINT('Ctrl Pts',(1035.65204544757,181.604050280846,-0.249742125155132));
#2536=CARTESIAN_POINT('Ctrl Pts',(800.,144.075841446534,-2.51617318262242));
#2537=CARTESIAN_POINT('Ctrl Pts',(1035.65204544757,185.613065970508,-1.41517443616399));
#2538=CARTESIAN_POINT('Ctrl Pts',(800.,148.09597299762,-3.72447926791222));
#2539=CARTESIAN_POINT('Ctrl Pts',(1035.65204544757,189.633197521595,-2.62348052145378));
#2540=CARTESIAN_POINT('Ctrl Pts',(800.,152.095393297979,-4.97126738351596));
#2541=CARTESIAN_POINT('Ctrl Pts',(1035.65204544757,193.632617821953,-3.87026863705753));
#2542=CARTESIAN_POINT('Ctrl Pts',(800.,156.043268308517,-6.25214554833364));
#2543=CARTESIAN_POINT('Ctrl Pts',(1035.65204544757,197.580492832491,-5.15114680187521));
#2544=CARTESIAN_POINT('Ctrl Pts',(800.,159.915198575494,-7.56356942476233));
#2545=CARTESIAN_POINT('Ctrl Pts',(1035.65204544757,201.452423099469,-6.4625706783039));
#2546=CARTESIAN_POINT('Ctrl Pts',(800.,163.695504608598,-8.90321545597421));
#2547=CARTESIAN_POINT('Ctrl Pts',(1035.65204544757,205.232729132572,-7.80221670951578));
#2548=CARTESIAN_POINT('Ctrl Pts',(800.,167.374743391179,-10.269638024248));
#2549=CARTESIAN_POINT('Ctrl Pts',(1035.65204544757,208.911967915153,-9.16863927778959));
#2550=CARTESIAN_POINT('Ctrl Pts',(800.,170.233644328871,-11.3836058550875));
#2551=CARTESIAN_POINT('Ctrl Pts',(1035.65204544757,211.770868852846,-10.282607108629));
#2552=CARTESIAN_POINT('Ctrl Pts',(800.,172.329645799811,-12.2306754946784));
#2553=CARTESIAN_POINT('Ctrl Pts',(1035.65204544757,213.866870323785,-11.12967674822));
#2554=CARTESIAN_POINT('Ctrl Pts',(800.,173.705580311897,-12.8005392360454));
#2555=CARTESIAN_POINT('Ctrl Pts',(1035.65204544757,215.242804835871,-11.699540489587));
#2556=CARTESIAN_POINT('Ctrl Pts',(800.,174.388197543224,-13.0867587577198));
#2557=CARTESIAN_POINT('Ctrl Pts',(1035.65204544757,215.925422067198,-11.9857600112614));
#2558=CARTESIAN_POINT('Ctrl Pts',(800.,-36.5164678315322,-13.2772587652896));
#2559=CARTESIAN_POINT('Ctrl Pts',(800.,-36.5357621408144,-13.0535691253532));
#2560=CARTESIAN_POINT('Ctrl Pts',(800.,-36.5277571953728,-12.5800873276616));
#2561=CARTESIAN_POINT('Ctrl Pts',(800.,-36.3759516215581,-11.7915270159042));
#2562=CARTESIAN_POINT('Ctrl Pts',(800.,-35.8939731618699,-10.5836283648473));
#2563=CARTESIAN_POINT('Ctrl Pts',(800.,-34.8361992291384,-8.83216476704085));
#2564=CARTESIAN_POINT('Ctrl Pts',(800.,-33.3593207647594,-6.90259496960987));
#2565=CARTESIAN_POINT('Ctrl Pts',(800.,-31.5287267244977,-4.90874954991736));
#2566=CARTESIAN_POINT('Ctrl Pts',(800.,-29.415089321684,-2.97385914840521));
#2567=CARTESIAN_POINT('Ctrl Pts',(800.,-27.0781230136416,-1.20236069954381));
#2568=CARTESIAN_POINT('Ctrl Pts',(800.,-24.5422907487483,0.361185370739194));
#2569=CARTESIAN_POINT('Ctrl Pts',(800.,-21.7941416996744,1.7392847999678));
#2570=CARTESIAN_POINT('Ctrl Pts',(800.,-18.8052885243097,2.98869701515252));
#2571=CARTESIAN_POINT('Ctrl Pts',(800.,-15.5490892342828,4.17751979474997));
#2572=CARTESIAN_POINT('Ctrl Pts',(800.,-12.0195343249919,5.35870058588133));
#2573=CARTESIAN_POINT('Ctrl Pts',(800.,-8.25014512723939,6.54398449178994));
#2574=CARTESIAN_POINT('Ctrl Pts',(800.,-4.30165488030713,7.71465660659444));
#2575=CARTESIAN_POINT('Ctrl Pts',(800.,-0.24862581687783,8.83371859582227));
#2576=CARTESIAN_POINT('Ctrl Pts',(800.,3.83400321347281,9.85790319089498));
#2577=CARTESIAN_POINT('Ctrl Pts',(800.,7.88318060359241,10.7487798423003));
#2578=CARTESIAN_POINT('Ctrl Pts',(800.,11.8633393708056,11.486599527629));
#2579=CARTESIAN_POINT('Ctrl Pts',(800.,15.7703353598009,12.0744149555804));
#2580=CARTESIAN_POINT('Ctrl Pts',(800.,19.6198397150285,12.5292062829367));
#2581=CARTESIAN_POINT('Ctrl Pts',(800.,23.4396120399643,12.8762500619349));
#2582=CARTESIAN_POINT('Ctrl Pts',(800.,27.2602868475888,13.1422391186083));
#2583=CARTESIAN_POINT('Ctrl Pts',(800.,31.1066711445274,13.3488399918652));
#2584=CARTESIAN_POINT('Ctrl Pts',(800.,34.989201083066,13.5063551257174));
#2585=CARTESIAN_POINT('Ctrl Pts',(800.,38.9075584319943,13.6169199911638));
#2586=CARTESIAN_POINT('Ctrl Pts',(800.,42.8537598627693,13.6772617687075));
#2587=CARTESIAN_POINT('Ctrl Pts',(800.,46.8155049643492,13.6817191664438));
#2588=CARTESIAN_POINT('Ctrl Pts',(800.,50.7792339447565,13.6249057690435));
#2589=CARTESIAN_POINT('Ctrl Pts',(800.,54.7337354841695,13.5051331399415));
#2590=CARTESIAN_POINT('Ctrl Pts',(800.,58.6712778224835,13.3243697384347));
#2591=CARTESIAN_POINT('Ctrl Pts',(800.,62.5875119771892,13.0865345777813));
#2592=CARTESIAN_POINT('Ctrl Pts',(800.,66.4818122368095,12.7962802019155));
#2593=CARTESIAN_POINT('Ctrl Pts',(800.,70.3573414890395,12.4576614160629));
#2594=CARTESIAN_POINT('Ctrl Pts',(800.,74.2214834916897,12.0726474610896));
#2595=CARTESIAN_POINT('Ctrl Pts',(800.,78.0853562288986,11.6403540323288));
#2596=CARTESIAN_POINT('Ctrl Pts',(800.,81.9607313714361,11.1584887121834));
#2597=CARTESIAN_POINT('Ctrl Pts',(800.,85.8574636858045,10.6243779088383));
#2598=CARTESIAN_POINT('Ctrl Pts',(800.,89.7806226383949,10.0361884107003));
#2599=CARTESIAN_POINT('Ctrl Pts',(800.,93.7279614385037,9.39399889259019));
#2600=CARTESIAN_POINT('Ctrl Pts',(800.,97.6866485260683,8.70112223146966));
#2601=CARTESIAN_POINT('Ctrl Pts',(800.,101.637587903575,7.96301120913303));
#2602=CARTESIAN_POINT('Ctrl Pts',(800.,105.560474733478,7.18592207321599));
#2603=CARTESIAN_POINT('Ctrl Pts',(800.,109.438843955492,6.3756085233683));
#2604=CARTESIAN_POINT('Ctrl Pts',(800.,113.264542370552,5.5361343217574));
#2605=CARTESIAN_POINT('Ctrl Pts',(800.,117.043886165961,4.6683133977657));
#2606=CARTESIAN_POINT('Ctrl Pts',(800.,120.797979770851,3.7694583691052));
#2607=CARTESIAN_POINT('Ctrl Pts',(800.,124.554827462804,2.83497295353556));
#2608=CARTESIAN_POINT('Ctrl Pts',(800.,128.34343204115,1.85949617558779));
#2609=CARTESIAN_POINT('Ctrl Pts',(800.,132.187167891735,0.838213110863222));
#2610=CARTESIAN_POINT('Ctrl Pts',(800.,136.097285051596,-0.231873720689209));
#2611=CARTESIAN_POINT('Ctrl Pts',(800.,140.066825756872,-1.35074087161356));
#2612=CARTESIAN_POINT('Ctrl Pts',(800.,144.075841446534,-2.51617318262242));
#2613=CARTESIAN_POINT('Ctrl Pts',(800.,148.09597299762,-3.72447926791222));
#2614=CARTESIAN_POINT('Ctrl Pts',(800.,152.095393297979,-4.97126738351596));
#2615=CARTESIAN_POINT('Ctrl Pts',(800.,156.043268308517,-6.25214554833364));
#2616=CARTESIAN_POINT('Ctrl Pts',(800.,159.915198575494,-7.56356942476233));
#2617=CARTESIAN_POINT('Ctrl Pts',(800.,163.695504608598,-8.90321545597421));
#2618=CARTESIAN_POINT('Ctrl Pts',(800.,167.374743391179,-10.269638024248));
#2619=CARTESIAN_POINT('Ctrl Pts',(800.,170.233644328871,-11.3836058550875));
#2620=CARTESIAN_POINT('Ctrl Pts',(800.,172.329645799811,-12.2306754946784));
#2621=CARTESIAN_POINT('Ctrl Pts',(800.,173.705580311897,-12.8005392360454));
#2622=CARTESIAN_POINT('Ctrl Pts',(800.,174.388197543224,-13.0867587577198));
#2623=CARTESIAN_POINT('Ctrl Pts',(1035.65204544757,5.02075669244206,-12.1762600188312));
#2624=CARTESIAN_POINT('Ctrl Pts',(1035.65204544757,5.00146238315981,-11.9525703788948));
#2625=CARTESIAN_POINT('Ctrl Pts',(1035.65204544757,5.00946732860138,-11.4790885812032));
#2626=CARTESIAN_POINT('Ctrl Pts',(1035.65204544757,5.16127290241609,-10.6905282694458));
#2627=CARTESIAN_POINT('Ctrl Pts',(1035.65204544757,5.6432513621043,-9.48262961838886));
#2628=CARTESIAN_POINT('Ctrl Pts',(1035.65204544757,6.70102529483586,-7.73116602058242));
#2629=CARTESIAN_POINT('Ctrl Pts',(1035.65204544757,8.17790375921483,-5.80159622315144));
#2630=CARTESIAN_POINT('Ctrl Pts',(1035.65204544757,10.0084977994765,-3.80775080345894));
#2631=CARTESIAN_POINT('Ctrl Pts',(1035.65204544757,12.1221352022902,-1.87286040194678));
#2632=CARTESIAN_POINT('Ctrl Pts',(1035.65204544757,14.4591015103326,-0.101361953085377));
#2633=CARTESIAN_POINT('Ctrl Pts',(1035.65204544757,16.9949337752259,1.46218411719762));
#2634=CARTESIAN_POINT('Ctrl Pts',(1035.65204544757,19.7430828242998,2.84028354642623));
#2635=CARTESIAN_POINT('Ctrl Pts',(1035.65204544757,22.7319359996645,4.08969576161095));
#2636=CARTESIAN_POINT('Ctrl Pts',(1035.65204544757,25.9881352896914,5.27851854120839));
#2637=CARTESIAN_POINT('Ctrl Pts',(1035.65204544757,29.5176901989823,6.45969933233975));
#2638=CARTESIAN_POINT('Ctrl Pts',(1035.65204544757,33.2870793967349,7.64498323824838));
#2639=CARTESIAN_POINT('Ctrl Pts',(1035.65204544757,37.2355696436671,8.81565535305287));
#2640=CARTESIAN_POINT('Ctrl Pts',(1035.65204544757,41.2885987070964,9.93471734228071));
#2641=CARTESIAN_POINT('Ctrl Pts',(1035.65204544757,45.371227737447,10.9589019373534));
#2642=CARTESIAN_POINT('Ctrl Pts',(1035.65204544757,49.4204051275666,11.8497785887587));
#2643=CARTESIAN_POINT('Ctrl Pts',(1035.65204544757,53.4005638947798,12.5875982740874));
#2644=CARTESIAN_POINT('Ctrl Pts',(1035.65204544757,57.3075598837751,13.1754137020389));
#2645=CARTESIAN_POINT('Ctrl Pts',(1035.65204544757,61.1570642390027,13.6302050293951));
#2646=CARTESIAN_POINT('Ctrl Pts',(1035.65204544757,64.9768365639385,13.9772488083933));
#2647=CARTESIAN_POINT('Ctrl Pts',(1035.65204544757,68.797511371563,14.2432378650667));
#2648=CARTESIAN_POINT('Ctrl Pts',(1035.65204544757,72.6438956685017,14.4498387383237));
#2649=CARTESIAN_POINT('Ctrl Pts',(1035.65204544757,76.5264256070402,14.6073538721758));
#2650=CARTESIAN_POINT('Ctrl Pts',(1035.65204544757,80.4447829559685,14.7179187376222));
#2651=CARTESIAN_POINT('Ctrl Pts',(1035.65204544757,84.3909843867435,14.7782605151659));
#2652=CARTESIAN_POINT('Ctrl Pts',(1035.65204544757,88.3527294883235,14.7827179129022));
#2653=CARTESIAN_POINT('Ctrl Pts',(1035.65204544757,92.3164584687307,14.7259045155019));
#2654=CARTESIAN_POINT('Ctrl Pts',(1035.65204544757,96.2709600081438,14.6061318864));
#2655=CARTESIAN_POINT('Ctrl Pts',(1035.65204544757,100.208502346458,14.4253684848931));
#2656=CARTESIAN_POINT('Ctrl Pts',(1035.65204544757,104.124736501163,14.1875333242397));
#2657=CARTESIAN_POINT('Ctrl Pts',(1035.65204544757,108.019036760784,13.8972789483739));
#2658=CARTESIAN_POINT('Ctrl Pts',(1035.65204544757,111.894566013014,13.5586601625213));
#2659=CARTESIAN_POINT('Ctrl Pts',(1035.65204544757,115.758708015664,13.1736462075481));
#2660=CARTESIAN_POINT('Ctrl Pts',(1035.65204544757,119.622580752873,12.7413527787872));
#2661=CARTESIAN_POINT('Ctrl Pts',(1035.65204544757,123.49795589541,12.2594874586418));
#2662=CARTESIAN_POINT('Ctrl Pts',(1035.65204544757,127.394688209779,11.7253766552967));
#2663=CARTESIAN_POINT('Ctrl Pts',(1035.65204544757,131.317847162369,11.1371871571587));
#2664=CARTESIAN_POINT('Ctrl Pts',(1035.65204544757,135.265185962478,10.4949976390486));
#2665=CARTESIAN_POINT('Ctrl Pts',(1035.65204544757,139.223873050043,9.80212097792809));
#2666=CARTESIAN_POINT('Ctrl Pts',(1035.65204544757,143.174812427549,9.06400995559145));
#2667=CARTESIAN_POINT('Ctrl Pts',(1035.65204544757,147.097699257452,8.28692081967442));
#2668=CARTESIAN_POINT('Ctrl Pts',(1035.65204544757,150.976068479466,7.47660726982672));
#2669=CARTESIAN_POINT('Ctrl Pts',(1035.65204544757,154.801766894526,6.63713306821582));
#2670=CARTESIAN_POINT('Ctrl Pts',(1035.65204544757,158.581110689935,5.76931214422413));
#2671=CARTESIAN_POINT('Ctrl Pts',(1035.65204544757,162.335204294826,4.87045711556363));
#2672=CARTESIAN_POINT('Ctrl Pts',(1035.65204544757,166.092051986778,3.935971699994));
#2673=CARTESIAN_POINT('Ctrl Pts',(1035.65204544757,169.880656565124,2.96049492204623));
#2674=CARTESIAN_POINT('Ctrl Pts',(1035.65204544757,173.724392415709,1.93921185732165));
#2675=CARTESIAN_POINT('Ctrl Pts',(1035.65204544757,177.63450957557,0.86912502576922));
#2676=CARTESIAN_POINT('Ctrl Pts',(1035.65204544757,181.604050280846,-0.249742125155132));
#2677=CARTESIAN_POINT('Ctrl Pts',(1035.65204544757,185.613065970508,-1.41517443616399));
#2678=CARTESIAN_POINT('Ctrl Pts',(1035.65204544757,189.633197521595,-2.62348052145378));
#2679=CARTESIAN_POINT('Ctrl Pts',(1035.65204544757,193.632617821953,-3.87026863705753));
#2680=CARTESIAN_POINT('Ctrl Pts',(1035.65204544757,197.580492832491,-5.15114680187521));
#2681=CARTESIAN_POINT('Ctrl Pts',(1035.65204544757,201.452423099469,-6.4625706783039));
#2682=CARTESIAN_POINT('Ctrl Pts',(1035.65204544757,205.232729132572,-7.80221670951578));
#2683=CARTESIAN_POINT('Ctrl Pts',(1035.65204544757,208.911967915153,-9.16863927778959));
#2684=CARTESIAN_POINT('Ctrl Pts',(1035.65204544757,211.770868852846,-10.282607108629));
#2685=CARTESIAN_POINT('Ctrl Pts',(1035.65204544757,213.866870323785,-11.12967674822));
#2686=CARTESIAN_POINT('Ctrl Pts',(1035.65204544757,215.242804835871,-11.699540489587));
#2687=CARTESIAN_POINT('Ctrl Pts',(1035.65204544757,215.925422067198,-11.9857600112614));
#2688=CARTESIAN_POINT('Ctrl Pts',(-8.,-36.4741344991451,-13.742925429433));
#2689=CARTESIAN_POINT('Ctrl Pts',(8.,-36.4741344991451,-13.742925429433));
#2690=CARTESIAN_POINT('Ctrl Pts',(-8.,-36.4113837480139,-13.9272975340714));
#2691=CARTESIAN_POINT('Ctrl Pts',(8.,-36.4113837480139,-13.9272975340714));
#2692=CARTESIAN_POINT('Ctrl Pts',(-8.,-36.233647137012,-14.2807523614976));
#2693=CARTESIAN_POINT('Ctrl Pts',(8.,-36.233647137012,-14.2807523614976));
#2694=CARTESIAN_POINT('Ctrl Pts',(-8.,-35.8102734603887,-14.7650573235625));
#2695=CARTESIAN_POINT('Ctrl Pts',(8.,-35.8102734603887,-14.7650573235625));
#2696=CARTESIAN_POINT('Ctrl Pts',(-8.,-34.9326479887751,-15.3190807084803));
#2697=CARTESIAN_POINT('Ctrl Pts',(8.,-34.9326479887751,-15.3190807084803));
#2698=CARTESIAN_POINT('Ctrl Pts',(-8.,-33.3381765740467,-15.8627587737702));
#2699=CARTESIAN_POINT('Ctrl Pts',(8.,-33.3381765740467,-15.8627587737702));
#2700=CARTESIAN_POINT('Ctrl Pts',(-8.,-31.3321291201911,-16.2716342364756));
#2701=CARTESIAN_POINT('Ctrl Pts',(8.,-31.3321291201911,-16.2716342364756));
#2702=CARTESIAN_POINT('Ctrl Pts',(-8.,-29.04746718592,-16.5683742513592));
#2703=CARTESIAN_POINT('Ctrl Pts',(8.,-29.04746718592,-16.5683742513592));
#2704=CARTESIAN_POINT('Ctrl Pts',(-8.,-26.6117910028087,-16.7773096194773));
#2705=CARTESIAN_POINT('Ctrl Pts',(8.,-26.6117910028087,-16.7773096194773));
#2706=CARTESIAN_POINT('Ctrl Pts',(-8.,-24.1041740152214,-16.9188959641976));
#2707=CARTESIAN_POINT('Ctrl Pts',(8.,-24.1041740152214,-16.9188959641976));
#2708=CARTESIAN_POINT('Ctrl Pts',(-8.,-21.5123179544266,-17.004036695529));
#2709=CARTESIAN_POINT('Ctrl Pts',(8.,-21.5123179544266,-17.004036695529));
#2710=CARTESIAN_POINT('Ctrl Pts',(-8.,-18.7717334831654,-17.0373026976573));
#2711=CARTESIAN_POINT('Ctrl Pts',(8.,-18.7717334831654,-17.0373026976573));
#2712=CARTESIAN_POINT('Ctrl Pts',(-8.,-15.8006444361609,-17.019627922564));
#2713=CARTESIAN_POINT('Ctrl Pts',(8.,-15.8006444361609,-17.019627922564));
#2714=CARTESIAN_POINT('Ctrl Pts',(-8.,-12.5349811613397,-16.9511038057077));
#2715=CARTESIAN_POINT('Ctrl Pts',(8.,-12.5349811613397,-16.9511038057077));
#2716=CARTESIAN_POINT('Ctrl Pts',(-8.,-8.96730627344193,-16.8339838512957));
#2717=CARTESIAN_POINT('Ctrl Pts',(8.,-8.96730627344193,-16.8339838512957));
#2718=CARTESIAN_POINT('Ctrl Pts',(-8.,-5.13631198289336,-16.6725040655272));
#2719=CARTESIAN_POINT('Ctrl Pts',(8.,-5.13631198289336,-16.6725040655272));
#2720=CARTESIAN_POINT('Ctrl Pts',(-8.,-1.11011700434468,-16.4722834194153));
#2721=CARTESIAN_POINT('Ctrl Pts',(8.,-1.11011700434468,-16.4722834194153));
#2722=CARTESIAN_POINT('Ctrl Pts',(-8.,3.02851693511525,-16.2398734832414));
#2723=CARTESIAN_POINT('Ctrl Pts',(8.,3.02851693511525,-16.2398734832414));
#2724=CARTESIAN_POINT('Ctrl Pts',(-8.,7.19693359580081,-15.9822579993993));
#2725=CARTESIAN_POINT('Ctrl Pts',(8.,7.19693359580081,-15.9822579993993));
#2726=CARTESIAN_POINT('Ctrl Pts',(-8.,11.329277785252,-15.7063508461953));
#2727=CARTESIAN_POINT('Ctrl Pts',(8.,11.329277785252,-15.7063508461953));
#2728=CARTESIAN_POINT('Ctrl Pts',(-8.,15.3859081545988,-15.4185766889652));
#2729=CARTESIAN_POINT('Ctrl Pts',(8.,15.3859081545988,-15.4185766889652));
#2730=CARTESIAN_POINT('Ctrl Pts',(-8.,19.3470584703804,-15.1246439224727));
#2731=CARTESIAN_POINT('Ctrl Pts',(8.,19.3470584703804,-15.1246439224727));
#2732=CARTESIAN_POINT('Ctrl Pts',(-8.,23.2098523444315,-14.8292869059306));
#2733=CARTESIAN_POINT('Ctrl Pts',(8.,23.2098523444315,-14.8292869059306));
#2734=CARTESIAN_POINT('Ctrl Pts',(-8.,26.9839801293902,-14.5359946141092));
#2735=CARTESIAN_POINT('Ctrl Pts',(8.,26.9839801293902,-14.5359946141092));
#2736=CARTESIAN_POINT('Ctrl Pts',(-8.,30.6880505654433,-14.2467989691874));
#2737=CARTESIAN_POINT('Ctrl Pts',(8.,30.6880505654433,-14.2467989691874));
#2738=CARTESIAN_POINT('Ctrl Pts',(-8.,34.3454844435281,-13.9618943634638));
#2739=CARTESIAN_POINT('Ctrl Pts',(8.,34.3454844435281,-13.9618943634638));
#2740=CARTESIAN_POINT('Ctrl Pts',(-8.,37.9814916366201,-13.6799658819976));
#2741=CARTESIAN_POINT('Ctrl Pts',(8.,37.9814916366201,-13.6799658819976));
#2742=CARTESIAN_POINT('Ctrl Pts',(-8.,41.6206914750834,-13.3989749892037));
#2743=CARTESIAN_POINT('Ctrl Pts',(8.,41.6206914750834,-13.3989749892037));
#2744=CARTESIAN_POINT('Ctrl Pts',(-8.,45.2844761735841,-13.1168239425176));
#2745=CARTESIAN_POINT('Ctrl Pts',(8.,45.2844761735841,-13.1168239425176));
#2746=CARTESIAN_POINT('Ctrl Pts',(-8.,48.9886314481341,-12.8320322111147));
#2747=CARTESIAN_POINT('Ctrl Pts',(8.,48.9886314481341,-12.8320322111147));
#2748=CARTESIAN_POINT('Ctrl Pts',(-8.,52.7404653056185,-12.5444980596556));
#2749=CARTESIAN_POINT('Ctrl Pts',(8.,52.7404653056185,-12.5444980596556));
#2750=CARTESIAN_POINT('Ctrl Pts',(-8.,56.537286025839,-12.2559481152302));
#2751=CARTESIAN_POINT('Ctrl Pts',(8.,56.537286025839,-12.2559481152302));
#2752=CARTESIAN_POINT('Ctrl Pts',(-8.,60.3697194001095,-11.9692113476143));
#2753=CARTESIAN_POINT('Ctrl Pts',(8.,60.3697194001095,-11.9692113476143));
#2754=CARTESIAN_POINT('Ctrl Pts',(-8.,64.2242050834094,-11.6876959614839));
#2755=CARTESIAN_POINT('Ctrl Pts',(8.,64.2242050834094,-11.6876959614839));
#2756=CARTESIAN_POINT('Ctrl Pts',(-8.,68.0858864064747,-11.4147623764326));
#2757=CARTESIAN_POINT('Ctrl Pts',(8.,68.0858864064747,-11.4147623764326));
#2758=CARTESIAN_POINT('Ctrl Pts',(-8.,71.9411406411864,-11.1531996917635));
#2759=CARTESIAN_POINT('Ctrl Pts',(8.,71.9411406411864,-11.1531996917635));
#2760=CARTESIAN_POINT('Ctrl Pts',(-8.,75.7807395771505,-10.9045072505609));
#2761=CARTESIAN_POINT('Ctrl Pts',(8.,75.7807395771505,-10.9045072505609));
#2762=CARTESIAN_POINT('Ctrl Pts',(-8.,79.6002434694614,-10.6690436514252));
#2763=CARTESIAN_POINT('Ctrl Pts',(8.,79.6002434694614,-10.6690436514252));
#2764=CARTESIAN_POINT('Ctrl Pts',(-8.,83.3990969015489,-10.4465798612418));
#2765=CARTESIAN_POINT('Ctrl Pts',(8.,83.3990969015489,-10.4465798612418));
#2766=CARTESIAN_POINT('Ctrl Pts',(-8.,87.1801463097331,-10.2367298332294));
#2767=CARTESIAN_POINT('Ctrl Pts',(8.,87.1801463097331,-10.2367298332294));
#2768=CARTESIAN_POINT('Ctrl Pts',(-8.,90.9489779405515,-10.0394172735664));
#2769=CARTESIAN_POINT('Ctrl Pts',(8.,90.9489779405515,-10.0394172735664));
#2770=CARTESIAN_POINT('Ctrl Pts',(-8.,94.713366075911,-9.85536025362893));
#2771=CARTESIAN_POINT('Ctrl Pts',(8.,94.713366075911,-9.85536025362893));
#2772=CARTESIAN_POINT('Ctrl Pts',(-8.,98.4825970319327,-9.68645166207687));
#2773=CARTESIAN_POINT('Ctrl Pts',(8.,98.4825970319327,-9.68645166207687));
#2774=CARTESIAN_POINT('Ctrl Pts',(-8.,102.265983283761,-9.53522254131346));
#2775=CARTESIAN_POINT('Ctrl Pts',(8.,102.265983283761,-9.53522254131346));
#2776=CARTESIAN_POINT('Ctrl Pts',(-8.,106.071496863468,-9.40441141870244));
#2777=CARTESIAN_POINT('Ctrl Pts',(8.,106.071496863468,-9.40441141870244));
#2778=CARTESIAN_POINT('Ctrl Pts',(-8.,109.904262831075,-9.29646195792964));
#2779=CARTESIAN_POINT('Ctrl Pts',(8.,109.904262831075,-9.29646195792964));
#2780=CARTESIAN_POINT('Ctrl Pts',(-8.,113.765319256748,-9.21312233389305));
#2781=CARTESIAN_POINT('Ctrl Pts',(8.,113.765319256748,-9.21312233389305));
#2782=CARTESIAN_POINT('Ctrl Pts',(-8.,117.649724595779,-9.15481975520845));
#2783=CARTESIAN_POINT('Ctrl Pts',(8.,117.649724595779,-9.15481975520845));
#2784=CARTESIAN_POINT('Ctrl Pts',(-8.,121.54736271796,-9.12095174234863));
#2785=CARTESIAN_POINT('Ctrl Pts',(8.,121.54736271796,-9.12095174234863));
#2786=CARTESIAN_POINT('Ctrl Pts',(-8.,125.445525679024,-9.1107802296503));
#2787=CARTESIAN_POINT('Ctrl Pts',(8.,125.445525679024,-9.1107802296503));
#2788=CARTESIAN_POINT('Ctrl Pts',(-8.,129.330953395287,-9.12414180143591));
#2789=CARTESIAN_POINT('Ctrl Pts',(8.,129.330953395287,-9.12414180143591));
#2790=CARTESIAN_POINT('Ctrl Pts',(-8.,133.192109226281,-9.16224085748085));
#2791=CARTESIAN_POINT('Ctrl Pts',(8.,133.192109226281,-9.16224085748085));
#2792=CARTESIAN_POINT('Ctrl Pts',(-8.,137.021323914444,-9.22839352536583));
#2793=CARTESIAN_POINT('Ctrl Pts',(8.,137.021323914444,-9.22839352536583));
#2794=CARTESIAN_POINT('Ctrl Pts',(-8.,140.81709148081,-9.32883824524675));
#2795=CARTESIAN_POINT('Ctrl Pts',(8.,140.81709148081,-9.32883824524675));
#2796=CARTESIAN_POINT('Ctrl Pts',(-8.,144.582587970809,-9.47179424141918));
#2797=CARTESIAN_POINT('Ctrl Pts',(8.,144.582587970809,-9.47179424141918));
#2798=CARTESIAN_POINT('Ctrl Pts',(-8.,148.324119472677,-9.66649213739976));
#2799=CARTESIAN_POINT('Ctrl Pts',(8.,148.324119472677,-9.66649213739976));
#2800=CARTESIAN_POINT('Ctrl Pts',(-8.,152.049554921967,-9.92218141364438));
#2801=CARTESIAN_POINT('Ctrl Pts',(8.,152.049554921967,-9.92218141364438));
#2802=CARTESIAN_POINT('Ctrl Pts',(-8.,155.766877818616,-10.2472271338563));
#2803=CARTESIAN_POINT('Ctrl Pts',(8.,155.766877818616,-10.2472271338563));
#2804=CARTESIAN_POINT('Ctrl Pts',(-8.,159.482422352801,-10.6479709150138));
#2805=CARTESIAN_POINT('Ctrl Pts',(8.,159.482422352801,-10.6479709150138));
#2806=CARTESIAN_POINT('Ctrl Pts',(-8.,163.200268329317,-11.1284426868059));
#2807=CARTESIAN_POINT('Ctrl Pts',(8.,163.200268329317,-11.1284426868059));
#2808=CARTESIAN_POINT('Ctrl Pts',(-8.,166.922902843289,-11.691001723675));
#2809=CARTESIAN_POINT('Ctrl Pts',(8.,166.922902843289,-11.691001723675));
#2810=CARTESIAN_POINT('Ctrl Pts',(-8.,169.905815055891,-12.207582175829));
#2811=CARTESIAN_POINT('Ctrl Pts',(8.,169.905815055891,-12.207582175829));
#2812=CARTESIAN_POINT('Ctrl Pts',(-8.,172.145884916516,-12.6325725676663));
#2813=CARTESIAN_POINT('Ctrl Pts',(8.,172.145884916516,-12.6325725676663));
#2814=CARTESIAN_POINT('Ctrl Pts',(-8.,173.640546391508,-12.9325827994326));
#2815=CARTESIAN_POINT('Ctrl Pts',(8.,173.640546391508,-12.9325827994326));
#2816=CARTESIAN_POINT('Ctrl Pts',(-8.,174.388197543224,-13.0867587577198));
#2817=CARTESIAN_POINT('Ctrl Pts',(8.,174.388197543224,-13.0867587577198));
#2818=CARTESIAN_POINT('',(0.,174.388197543224,-13.0867587577198));
#2819=CARTESIAN_POINT('',(8.,174.388197543224,-13.0867587577198));
#2820=CARTESIAN_POINT('',(0.,174.388197543224,-13.0867587577198));
#2821=CARTESIAN_POINT('',(8.,-36.4741344991405,-13.7429254294828));
#2822=CARTESIAN_POINT('Ctrl Pts',(8.,-36.4741344991451,-13.742925429433));
#2823=CARTESIAN_POINT('Ctrl Pts',(8.,-36.4113837480139,-13.9272975340714));
#2824=CARTESIAN_POINT('Ctrl Pts',(8.,-36.233647137012,-14.2807523614976));
#2825=CARTESIAN_POINT('Ctrl Pts',(8.,-35.8102734603887,-14.7650573235625));
#2826=CARTESIAN_POINT('Ctrl Pts',(8.,-34.9326479887751,-15.3190807084803));
#2827=CARTESIAN_POINT('Ctrl Pts',(8.,-33.3381765740467,-15.8627587737702));
#2828=CARTESIAN_POINT('Ctrl Pts',(8.,-31.3321291201911,-16.2716342364756));
#2829=CARTESIAN_POINT('Ctrl Pts',(8.,-29.04746718592,-16.5683742513592));
#2830=CARTESIAN_POINT('Ctrl Pts',(8.,-26.6117910028087,-16.7773096194773));
#2831=CARTESIAN_POINT('Ctrl Pts',(8.,-24.1041740152214,-16.9188959641976));
#2832=CARTESIAN_POINT('Ctrl Pts',(8.,-21.5123179544266,-17.004036695529));
#2833=CARTESIAN_POINT('Ctrl Pts',(8.,-18.7717334831654,-17.0373026976573));
#2834=CARTESIAN_POINT('Ctrl Pts',(8.,-15.8006444361609,-17.019627922564));
#2835=CARTESIAN_POINT('Ctrl Pts',(8.,-12.5349811613397,-16.9511038057077));
#2836=CARTESIAN_POINT('Ctrl Pts',(8.,-8.96730627344193,-16.8339838512957));
#2837=CARTESIAN_POINT('Ctrl Pts',(8.,-5.13631198289336,-16.6725040655272));
#2838=CARTESIAN_POINT('Ctrl Pts',(8.,-1.11011700434468,-16.4722834194153));
#2839=CARTESIAN_POINT('Ctrl Pts',(8.,3.02851693511525,-16.2398734832414));
#2840=CARTESIAN_POINT('Ctrl Pts',(8.,7.19693359580081,-15.9822579993993));
#2841=CARTESIAN_POINT('Ctrl Pts',(8.,11.329277785252,-15.7063508461953));
#2842=CARTESIAN_POINT('Ctrl Pts',(8.,15.3859081545988,-15.4185766889652));
#2843=CARTESIAN_POINT('Ctrl Pts',(8.,19.3470584703804,-15.1246439224727));
#2844=CARTESIAN_POINT('Ctrl Pts',(8.,23.2098523444315,-14.8292869059306));
#2845=CARTESIAN_POINT('Ctrl Pts',(8.,26.9839801293902,-14.5359946141092));
#2846=CARTESIAN_POINT('Ctrl Pts',(8.,30.6880505654433,-14.2467989691874));
#2847=CARTESIAN_POINT('Ctrl Pts',(8.,34.3454844435281,-13.9618943634638));
#2848=CARTESIAN_POINT('Ctrl Pts',(8.,37.9814916366201,-13.6799658819976));
#2849=CARTESIAN_POINT('Ctrl Pts',(8.,41.6206914750834,-13.3989749892037));
#2850=CARTESIAN_POINT('Ctrl Pts',(8.,45.2844761735841,-13.1168239425176));
#2851=CARTESIAN_POINT('Ctrl Pts',(8.,48.9886314481341,-12.8320322111147));
#2852=CARTESIAN_POINT('Ctrl Pts',(8.,52.7404653056185,-12.5444980596556));
#2853=CARTESIAN_POINT('Ctrl Pts',(8.,56.537286025839,-12.2559481152302));
#2854=CARTESIAN_POINT('Ctrl Pts',(8.,60.3697194001095,-11.9692113476143));
#2855=CARTESIAN_POINT('Ctrl Pts',(8.,64.2242050834094,-11.6876959614839));
#2856=CARTESIAN_POINT('Ctrl Pts',(8.,68.0858864064747,-11.4147623764326));
#2857=CARTESIAN_POINT('Ctrl Pts',(8.,71.9411406411864,-11.1531996917635));
#2858=CARTESIAN_POINT('Ctrl Pts',(8.,75.7807395771505,-10.9045072505609));
#2859=CARTESIAN_POINT('Ctrl Pts',(8.,79.6002434694614,-10.6690436514252));
#2860=CARTESIAN_POINT('Ctrl Pts',(8.,83.3990969015489,-10.4465798612418));
#2861=CARTESIAN_POINT('Ctrl Pts',(8.,87.1801463097331,-10.2367298332294));
#2862=CARTESIAN_POINT('Ctrl Pts',(8.,90.9489779405515,-10.0394172735664));
#2863=CARTESIAN_POINT('Ctrl Pts',(8.,94.713366075911,-9.85536025362893));
#2864=CARTESIAN_POINT('Ctrl Pts',(8.,98.4825970319327,-9.68645166207687));
#2865=CARTESIAN_POINT('Ctrl Pts',(8.,102.265983283761,-9.53522254131346));
#2866=CARTESIAN_POINT('Ctrl Pts',(8.,106.071496863468,-9.40441141870244));
#2867=CARTESIAN_POINT('Ctrl Pts',(8.,109.904262831075,-9.29646195792964));
#2868=CARTESIAN_POINT('Ctrl Pts',(8.,113.765319256748,-9.21312233389305));
#2869=CARTESIAN_POINT('Ctrl Pts',(8.,117.649724595779,-9.15481975520845));
#2870=CARTESIAN_POINT('Ctrl Pts',(8.,121.54736271796,-9.12095174234863));
#2871=CARTESIAN_POINT('Ctrl Pts',(8.,125.445525679024,-9.1107802296503));
#2872=CARTESIAN_POINT('Ctrl Pts',(8.,129.330953395287,-9.12414180143591));
#2873=CARTESIAN_POINT('Ctrl Pts',(8.,133.192109226281,-9.16224085748085));
#2874=CARTESIAN_POINT('Ctrl Pts',(8.,137.021323914444,-9.22839352536583));
#2875=CARTESIAN_POINT('Ctrl Pts',(8.,140.81709148081,-9.32883824524675));
#2876=CARTESIAN_POINT('Ctrl Pts',(8.,144.582587970809,-9.47179424141918));
#2877=CARTESIAN_POINT('Ctrl Pts',(8.,148.324119472677,-9.66649213739976));
#2878=CARTESIAN_POINT('Ctrl Pts',(8.,152.049554921967,-9.92218141364438));
#2879=CARTESIAN_POINT('Ctrl Pts',(8.,155.766877818616,-10.2472271338563));
#2880=CARTESIAN_POINT('Ctrl Pts',(8.,159.482422352801,-10.6479709150138));
#2881=CARTESIAN_POINT('Ctrl Pts',(8.,163.200268329317,-11.1284426868059));
#2882=CARTESIAN_POINT('Ctrl Pts',(8.,166.922902843289,-11.691001723675));
#2883=CARTESIAN_POINT('Ctrl Pts',(8.,169.905815055891,-12.207582175829));
#2884=CARTESIAN_POINT('Ctrl Pts',(8.,172.145884916516,-12.6325725676663));
#2885=CARTESIAN_POINT('Ctrl Pts',(8.,173.640546391508,-12.9325827994326));
#2886=CARTESIAN_POINT('Ctrl Pts',(8.,174.388197543224,-13.0867587577198));
#2887=CARTESIAN_POINT('',(0.,-36.4741344991405,-13.7429254294828));
#2888=CARTESIAN_POINT('',(0.,-36.4741344991451,-13.742925429433));
#2889=CARTESIAN_POINT('',(-8.,-36.4741344991451,-13.742925429433));
#2890=CARTESIAN_POINT('',(0.,-36.4741344991451,-13.742925429433));
#2891=CARTESIAN_POINT('',(-8.,174.388197543224,-13.0867587577198));
#2892=CARTESIAN_POINT('Ctrl Pts',(-8.,-36.4741344991451,-13.742925429433));
#2893=CARTESIAN_POINT('Ctrl Pts',(-8.,-36.4113837480139,-13.9272975340714));
#2894=CARTESIAN_POINT('Ctrl Pts',(-8.,-36.233647137012,-14.2807523614976));
#2895=CARTESIAN_POINT('Ctrl Pts',(-8.,-35.8102734603887,-14.7650573235625));
#2896=CARTESIAN_POINT('Ctrl Pts',(-8.,-34.9326479887751,-15.3190807084803));
#2897=CARTESIAN_POINT('Ctrl Pts',(-8.,-33.3381765740467,-15.8627587737702));
#2898=CARTESIAN_POINT('Ctrl Pts',(-8.,-31.3321291201911,-16.2716342364756));
#2899=CARTESIAN_POINT('Ctrl Pts',(-8.,-29.04746718592,-16.5683742513592));
#2900=CARTESIAN_POINT('Ctrl Pts',(-8.,-26.6117910028087,-16.7773096194773));
#2901=CARTESIAN_POINT('Ctrl Pts',(-8.,-24.1041740152214,-16.9188959641976));
#2902=CARTESIAN_POINT('Ctrl Pts',(-8.,-21.5123179544266,-17.004036695529));
#2903=CARTESIAN_POINT('Ctrl Pts',(-8.,-18.7717334831654,-17.0373026976573));
#2904=CARTESIAN_POINT('Ctrl Pts',(-8.,-15.8006444361609,-17.019627922564));
#2905=CARTESIAN_POINT('Ctrl Pts',(-8.,-12.5349811613397,-16.9511038057077));
#2906=CARTESIAN_POINT('Ctrl Pts',(-8.,-8.96730627344193,-16.8339838512957));
#2907=CARTESIAN_POINT('Ctrl Pts',(-8.,-5.13631198289336,-16.6725040655272));
#2908=CARTESIAN_POINT('Ctrl Pts',(-8.,-1.11011700434468,-16.4722834194153));
#2909=CARTESIAN_POINT('Ctrl Pts',(-8.,3.02851693511525,-16.2398734832414));
#2910=CARTESIAN_POINT('Ctrl Pts',(-8.,7.19693359580081,-15.9822579993993));
#2911=CARTESIAN_POINT('Ctrl Pts',(-8.,11.329277785252,-15.7063508461953));
#2912=CARTESIAN_POINT('Ctrl Pts',(-8.,15.3859081545988,-15.4185766889652));
#2913=CARTESIAN_POINT('Ctrl Pts',(-8.,19.3470584703804,-15.1246439224727));
#2914=CARTESIAN_POINT('Ctrl Pts',(-8.,23.2098523444315,-14.8292869059306));
#2915=CARTESIAN_POINT('Ctrl Pts',(-8.,26.9839801293902,-14.5359946141092));
#2916=CARTESIAN_POINT('Ctrl Pts',(-8.,30.6880505654433,-14.2467989691874));
#2917=CARTESIAN_POINT('Ctrl Pts',(-8.,34.3454844435281,-13.9618943634638));
#2918=CARTESIAN_POINT('Ctrl Pts',(-8.,37.9814916366201,-13.6799658819976));
#2919=CARTESIAN_POINT('Ctrl Pts',(-8.,41.6206914750834,-13.3989749892037));
#2920=CARTESIAN_POINT('Ctrl Pts',(-8.,45.2844761735841,-13.1168239425176));
#2921=CARTESIAN_POINT('Ctrl Pts',(-8.,48.9886314481341,-12.8320322111147));
#2922=CARTESIAN_POINT('Ctrl Pts',(-8.,52.7404653056185,-12.5444980596556));
#2923=CARTESIAN_POINT('Ctrl Pts',(-8.,56.537286025839,-12.2559481152302));
#2924=CARTESIAN_POINT('Ctrl Pts',(-8.,60.3697194001095,-11.9692113476143));
#2925=CARTESIAN_POINT('Ctrl Pts',(-8.,64.2242050834094,-11.6876959614839));
#2926=CARTESIAN_POINT('Ctrl Pts',(-8.,68.0858864064747,-11.4147623764326));
#2927=CARTESIAN_POINT('Ctrl Pts',(-8.,71.9411406411864,-11.1531996917635));
#2928=CARTESIAN_POINT('Ctrl Pts',(-8.,75.7807395771505,-10.9045072505609));
#2929=CARTESIAN_POINT('Ctrl Pts',(-8.,79.6002434694614,-10.6690436514252));
#2930=CARTESIAN_POINT('Ctrl Pts',(-8.,83.3990969015489,-10.4465798612418));
#2931=CARTESIAN_POINT('Ctrl Pts',(-8.,87.1801463097331,-10.2367298332294));
#2932=CARTESIAN_POINT('Ctrl Pts',(-8.,90.9489779405515,-10.0394172735664));
#2933=CARTESIAN_POINT('Ctrl Pts',(-8.,94.713366075911,-9.85536025362893));
#2934=CARTESIAN_POINT('Ctrl Pts',(-8.,98.4825970319327,-9.68645166207687));
#2935=CARTESIAN_POINT('Ctrl Pts',(-8.,102.265983283761,-9.53522254131346));
#2936=CARTESIAN_POINT('Ctrl Pts',(-8.,106.071496863468,-9.40441141870244));
#2937=CARTESIAN_POINT('Ctrl Pts',(-8.,109.904262831075,-9.29646195792964));
#2938=CARTESIAN_POINT('Ctrl Pts',(-8.,113.765319256748,-9.21312233389305));
#2939=CARTESIAN_POINT('Ctrl Pts',(-8.,117.649724595779,-9.15481975520845));
#2940=CARTESIAN_POINT('Ctrl Pts',(-8.,121.54736271796,-9.12095174234863));
#2941=CARTESIAN_POINT('Ctrl Pts',(-8.,125.445525679024,-9.1107802296503));
#2942=CARTESIAN_POINT('Ctrl Pts',(-8.,129.330953395287,-9.12414180143591));
#2943=CARTESIAN_POINT('Ctrl Pts',(-8.,133.192109226281,-9.16224085748085));
#2944=CARTESIAN_POINT('Ctrl Pts',(-8.,137.021323914444,-9.22839352536583));
#2945=CARTESIAN_POINT('Ctrl Pts',(-8.,140.81709148081,-9.32883824524675));
#2946=CARTESIAN_POINT('Ctrl Pts',(-8.,144.582587970809,-9.47179424141918));
#2947=CARTESIAN_POINT('Ctrl Pts',(-8.,148.324119472677,-9.66649213739976));
#2948=CARTESIAN_POINT('Ctrl Pts',(-8.,152.049554921967,-9.92218141364438));
#2949=CARTESIAN_POINT('Ctrl Pts',(-8.,155.766877818616,-10.2472271338563));
#2950=CARTESIAN_POINT('Ctrl Pts',(-8.,159.482422352801,-10.6479709150138));
#2951=CARTESIAN_POINT('Ctrl Pts',(-8.,163.200268329317,-11.1284426868059));
#2952=CARTESIAN_POINT('Ctrl Pts',(-8.,166.922902843289,-11.691001723675));
#2953=CARTESIAN_POINT('Ctrl Pts',(-8.,169.905815055891,-12.207582175829));
#2954=CARTESIAN_POINT('Ctrl Pts',(-8.,172.145884916516,-12.6325725676663));
#2955=CARTESIAN_POINT('Ctrl Pts',(-8.,173.640546391508,-12.9325827994326));
#2956=CARTESIAN_POINT('Ctrl Pts',(-8.,174.388197543224,-13.0867587577198));
#2957=CARTESIAN_POINT('',(0.,174.388197543224,-13.0867587577198));
#2958=CARTESIAN_POINT('Ctrl Pts',(-8.,174.388197543224,-13.0867587577198));
#2959=CARTESIAN_POINT('Ctrl Pts',(8.,174.388197543224,-13.0867587577198));
#2960=CARTESIAN_POINT('Ctrl Pts',(-8.,173.705580311897,-12.8005392360454));
#2961=CARTESIAN_POINT('Ctrl Pts',(8.,173.705580311897,-12.8005392360454));
#2962=CARTESIAN_POINT('Ctrl Pts',(-8.,172.329645799811,-12.2306754946784));
#2963=CARTESIAN_POINT('Ctrl Pts',(8.,172.329645799811,-12.2306754946784));
#2964=CARTESIAN_POINT('Ctrl Pts',(-8.,170.233644328871,-11.3836058550875));
#2965=CARTESIAN_POINT('Ctrl Pts',(8.,170.233644328871,-11.3836058550875));
#2966=CARTESIAN_POINT('Ctrl Pts',(-8.,167.374743391179,-10.269638024248));
#2967=CARTESIAN_POINT('Ctrl Pts',(8.,167.374743391179,-10.269638024248));
#2968=CARTESIAN_POINT('Ctrl Pts',(-8.,163.695504608598,-8.90321545597421));
#2969=CARTESIAN_POINT('Ctrl Pts',(8.,163.695504608598,-8.90321545597421));
#2970=CARTESIAN_POINT('Ctrl Pts',(-8.,159.915198575494,-7.56356942476232));
#2971=CARTESIAN_POINT('Ctrl Pts',(8.,159.915198575494,-7.56356942476232));
#2972=CARTESIAN_POINT('Ctrl Pts',(-8.,156.043268308517,-6.25214554833364));
#2973=CARTESIAN_POINT('Ctrl Pts',(8.,156.043268308517,-6.25214554833364));
#2974=CARTESIAN_POINT('Ctrl Pts',(-8.,152.095393297979,-4.97126738351596));
#2975=CARTESIAN_POINT('Ctrl Pts',(8.,152.095393297979,-4.97126738351596));
#2976=CARTESIAN_POINT('Ctrl Pts',(-8.,148.09597299762,-3.72447926791222));
#2977=CARTESIAN_POINT('Ctrl Pts',(8.,148.09597299762,-3.72447926791222));
#2978=CARTESIAN_POINT('Ctrl Pts',(-8.,144.075841446534,-2.51617318262242));
#2979=CARTESIAN_POINT('Ctrl Pts',(8.,144.075841446534,-2.51617318262242));
#2980=CARTESIAN_POINT('Ctrl Pts',(-8.,140.066825756872,-1.35074087161356));
#2981=CARTESIAN_POINT('Ctrl Pts',(8.,140.066825756872,-1.35074087161356));
#2982=CARTESIAN_POINT('Ctrl Pts',(-8.,136.097285051596,-0.231873720689209));
#2983=CARTESIAN_POINT('Ctrl Pts',(8.,136.097285051596,-0.231873720689209));
#2984=CARTESIAN_POINT('Ctrl Pts',(-8.,132.187167891735,0.838213110863222));
#2985=CARTESIAN_POINT('Ctrl Pts',(8.,132.187167891735,0.838213110863222));
#2986=CARTESIAN_POINT('Ctrl Pts',(-8.,128.34343204115,1.85949617558779));
#2987=CARTESIAN_POINT('Ctrl Pts',(8.,128.34343204115,1.85949617558779));
#2988=CARTESIAN_POINT('Ctrl Pts',(-8.,124.554827462804,2.83497295353557));
#2989=CARTESIAN_POINT('Ctrl Pts',(8.,124.554827462804,2.83497295353557));
#2990=CARTESIAN_POINT('Ctrl Pts',(-8.,120.797979770851,3.7694583691052));
#2991=CARTESIAN_POINT('Ctrl Pts',(8.,120.797979770851,3.7694583691052));
#2992=CARTESIAN_POINT('Ctrl Pts',(-8.,117.043886165961,4.6683133977657));
#2993=CARTESIAN_POINT('Ctrl Pts',(8.,117.043886165961,4.6683133977657));
#2994=CARTESIAN_POINT('Ctrl Pts',(-8.,113.264542370552,5.53613432175739));
#2995=CARTESIAN_POINT('Ctrl Pts',(8.,113.264542370552,5.53613432175739));
#2996=CARTESIAN_POINT('Ctrl Pts',(-8.,109.438843955492,6.37560852336829));
#2997=CARTESIAN_POINT('Ctrl Pts',(8.,109.438843955492,6.37560852336829));
#2998=CARTESIAN_POINT('Ctrl Pts',(-8.,105.560474733478,7.18592207321599));
#2999=CARTESIAN_POINT('Ctrl Pts',(8.,105.560474733478,7.18592207321599));
#3000=CARTESIAN_POINT('Ctrl Pts',(-8.,101.637587903575,7.96301120913302));
#3001=CARTESIAN_POINT('Ctrl Pts',(8.,101.637587903575,7.96301120913302));
#3002=CARTESIAN_POINT('Ctrl Pts',(-8.,97.6866485260683,8.70112223146966));
#3003=CARTESIAN_POINT('Ctrl Pts',(8.,97.6866485260683,8.70112223146966));
#3004=CARTESIAN_POINT('Ctrl Pts',(-8.,93.7279614385037,9.39399889259018));
#3005=CARTESIAN_POINT('Ctrl Pts',(8.,93.7279614385037,9.39399889259018));
#3006=CARTESIAN_POINT('Ctrl Pts',(-8.,89.7806226383949,10.0361884107003));
#3007=CARTESIAN_POINT('Ctrl Pts',(8.,89.7806226383949,10.0361884107003));
#3008=CARTESIAN_POINT('Ctrl Pts',(-8.,85.8574636858045,10.6243779088383));
#3009=CARTESIAN_POINT('Ctrl Pts',(8.,85.8574636858045,10.6243779088383));
#3010=CARTESIAN_POINT('Ctrl Pts',(-8.,81.9607313714361,11.1584887121834));
#3011=CARTESIAN_POINT('Ctrl Pts',(8.,81.9607313714361,11.1584887121834));
#3012=CARTESIAN_POINT('Ctrl Pts',(-8.,78.0853562288986,11.6403540323288));
#3013=CARTESIAN_POINT('Ctrl Pts',(8.,78.0853562288986,11.6403540323288));
#3014=CARTESIAN_POINT('Ctrl Pts',(-8.,74.2214834916897,12.0726474610896));
#3015=CARTESIAN_POINT('Ctrl Pts',(8.,74.2214834916897,12.0726474610896));
#3016=CARTESIAN_POINT('Ctrl Pts',(-8.,70.3573414890395,12.4576614160629));
#3017=CARTESIAN_POINT('Ctrl Pts',(8.,70.3573414890395,12.4576614160629));
#3018=CARTESIAN_POINT('Ctrl Pts',(-8.,66.4818122368095,12.7962802019155));
#3019=CARTESIAN_POINT('Ctrl Pts',(8.,66.4818122368095,12.7962802019155));
#3020=CARTESIAN_POINT('Ctrl Pts',(-8.,62.5875119771892,13.0865345777813));
#3021=CARTESIAN_POINT('Ctrl Pts',(8.,62.5875119771892,13.0865345777813));
#3022=CARTESIAN_POINT('Ctrl Pts',(-8.,58.6712778224835,13.3243697384347));
#3023=CARTESIAN_POINT('Ctrl Pts',(8.,58.6712778224835,13.3243697384347));
#3024=CARTESIAN_POINT('Ctrl Pts',(-8.,54.7337354841695,13.5051331399415));
#3025=CARTESIAN_POINT('Ctrl Pts',(8.,54.7337354841695,13.5051331399415));
#3026=CARTESIAN_POINT('Ctrl Pts',(-8.,50.7792339447565,13.6249057690435));
#3027=CARTESIAN_POINT('Ctrl Pts',(8.,50.7792339447565,13.6249057690435));
#3028=CARTESIAN_POINT('Ctrl Pts',(-8.,46.8155049643492,13.6817191664438));
#3029=CARTESIAN_POINT('Ctrl Pts',(8.,46.8155049643492,13.6817191664438));
#3030=CARTESIAN_POINT('Ctrl Pts',(-8.,42.8537598627693,13.6772617687075));
#3031=CARTESIAN_POINT('Ctrl Pts',(8.,42.8537598627693,13.6772617687075));
#3032=CARTESIAN_POINT('Ctrl Pts',(-8.,38.9075584319943,13.6169199911638));
#3033=CARTESIAN_POINT('Ctrl Pts',(8.,38.9075584319943,13.6169199911638));
#3034=CARTESIAN_POINT('Ctrl Pts',(-8.,34.989201083066,13.5063551257174));
#3035=CARTESIAN_POINT('Ctrl Pts',(8.,34.989201083066,13.5063551257174));
#3036=CARTESIAN_POINT('Ctrl Pts',(-8.,31.1066711445274,13.3488399918652));
#3037=CARTESIAN_POINT('Ctrl Pts',(8.,31.1066711445274,13.3488399918652));
#3038=CARTESIAN_POINT('Ctrl Pts',(-8.,27.2602868475888,13.1422391186083));
#3039=CARTESIAN_POINT('Ctrl Pts',(8.,27.2602868475888,13.1422391186083));
#3040=CARTESIAN_POINT('Ctrl Pts',(-8.,23.4396120399643,12.8762500619349));
#3041=CARTESIAN_POINT('Ctrl Pts',(8.,23.4396120399643,12.8762500619349));
#3042=CARTESIAN_POINT('Ctrl Pts',(-8.,19.6198397150285,12.5292062829367));
#3043=CARTESIAN_POINT('Ctrl Pts',(8.,19.6198397150285,12.5292062829367));
#3044=CARTESIAN_POINT('Ctrl Pts',(-8.,15.7703353598009,12.0744149555804));
#3045=CARTESIAN_POINT('Ctrl Pts',(8.,15.7703353598009,12.0744149555804));
#3046=CARTESIAN_POINT('Ctrl Pts',(-8.,11.8633393708056,11.486599527629));
#3047=CARTESIAN_POINT('Ctrl Pts',(8.,11.8633393708056,11.486599527629));
#3048=CARTESIAN_POINT('Ctrl Pts',(-8.,7.88318060359241,10.7487798423003));
#3049=CARTESIAN_POINT('Ctrl Pts',(8.,7.88318060359241,10.7487798423003));
#3050=CARTESIAN_POINT('Ctrl Pts',(-8.,3.8340032134728,9.85790319089499));
#3051=CARTESIAN_POINT('Ctrl Pts',(8.,3.8340032134728,9.85790319089499));
#3052=CARTESIAN_POINT('Ctrl Pts',(-8.,-0.24862581687783,8.83371859582227));
#3053=CARTESIAN_POINT('Ctrl Pts',(8.,-0.24862581687783,8.83371859582227));
#3054=CARTESIAN_POINT('Ctrl Pts',(-8.,-4.30165488030713,7.71465660659444));
#3055=CARTESIAN_POINT('Ctrl Pts',(8.,-4.30165488030713,7.71465660659444));
#3056=CARTESIAN_POINT('Ctrl Pts',(-8.,-8.25014512723938,6.54398449178994));
#3057=CARTESIAN_POINT('Ctrl Pts',(8.,-8.25014512723938,6.54398449178994));
#3058=CARTESIAN_POINT('Ctrl Pts',(-8.,-12.0195343249919,5.35870058588133));
#3059=CARTESIAN_POINT('Ctrl Pts',(8.,-12.0195343249919,5.35870058588133));
#3060=CARTESIAN_POINT('Ctrl Pts',(-8.,-15.5490892342828,4.17751979474996));
#3061=CARTESIAN_POINT('Ctrl Pts',(8.,-15.5490892342828,4.17751979474996));
#3062=CARTESIAN_POINT('Ctrl Pts',(-8.,-18.8052885243097,2.98869701515252));
#3063=CARTESIAN_POINT('Ctrl Pts',(8.,-18.8052885243097,2.98869701515252));
#3064=CARTESIAN_POINT('Ctrl Pts',(-8.,-21.7941416996744,1.7392847999678));
#3065=CARTESIAN_POINT('Ctrl Pts',(8.,-21.7941416996744,1.7392847999678));
#3066=CARTESIAN_POINT('Ctrl Pts',(-8.,-24.5422907487483,0.361185370739194));
#3067=CARTESIAN_POINT('Ctrl Pts',(8.,-24.5422907487483,0.361185370739194));
#3068=CARTESIAN_POINT('Ctrl Pts',(-8.,-27.0781230136416,-1.20236069954381));
#3069=CARTESIAN_POINT('Ctrl Pts',(8.,-27.0781230136416,-1.20236069954381));
#3070=CARTESIAN_POINT('Ctrl Pts',(-8.,-29.415089321684,-2.97385914840521));
#3071=CARTESIAN_POINT('Ctrl Pts',(8.,-29.415089321684,-2.97385914840521));
#3072=CARTESIAN_POINT('Ctrl Pts',(-8.,-31.5287267244977,-4.90874954991736));
#3073=CARTESIAN_POINT('Ctrl Pts',(8.,-31.5287267244977,-4.90874954991736));
#3074=CARTESIAN_POINT('Ctrl Pts',(-8.,-33.3593207647594,-6.90259496960987));
#3075=CARTESIAN_POINT('Ctrl Pts',(8.,-33.3593207647594,-6.90259496960987));
#3076=CARTESIAN_POINT('Ctrl Pts',(-8.,-34.8361992291384,-8.83216476704085));
#3077=CARTESIAN_POINT('Ctrl Pts',(8.,-34.8361992291384,-8.83216476704085));
#3078=CARTESIAN_POINT('Ctrl Pts',(-8.,-35.8939731618699,-10.5836283648473));
#3079=CARTESIAN_POINT('Ctrl Pts',(8.,-35.8939731618699,-10.5836283648473));
#3080=CARTESIAN_POINT('Ctrl Pts',(-8.,-36.3759516215581,-11.7915270159042));
#3081=CARTESIAN_POINT('Ctrl Pts',(8.,-36.3759516215581,-11.7915270159042));
#3082=CARTESIAN_POINT('Ctrl Pts',(-8.,-36.5277571953728,-12.5800873276616));
#3083=CARTESIAN_POINT('Ctrl Pts',(8.,-36.5277571953728,-12.5800873276616));
#3084=CARTESIAN_POINT('Ctrl Pts',(-8.,-36.5357621408144,-13.0535691253532));
#3085=CARTESIAN_POINT('Ctrl Pts',(8.,-36.5357621408144,-13.0535691253532));
#3086=CARTESIAN_POINT('Ctrl Pts',(-8.,-36.5164678315322,-13.2772587652896));
#3087=CARTESIAN_POINT('Ctrl Pts',(8.,-36.5164678315322,-13.2772587652896));
#3088=CARTESIAN_POINT('Ctrl Pts',(8.,174.388197543224,-13.0867587577198));
#3089=CARTESIAN_POINT('Ctrl Pts',(8.,173.435806607335,-12.6874238660597));
#3090=CARTESIAN_POINT('Ctrl Pts',(8.,172.470915769345,-12.2910960922644));
#3091=CARTESIAN_POINT('Ctrl Pts',(8.,171.493535807535,-11.8977790869419));
#3092=CARTESIAN_POINT('Ctrl Pts',(8.,170.761283942443,-11.6031064703817));
#3093=CARTESIAN_POINT('Ctrl Pts',(8.,170.022020977744,-11.3101237561141));
#3094=CARTESIAN_POINT('Ctrl Pts',(8.,169.275785670507,-11.0188386682853));
#3095=CARTESIAN_POINT('Ctrl Pts',(8.,168.601081775,-10.7554751131767));
#3096=CARTESIAN_POINT('Ctrl Pts',(8.,167.920677670825,-10.4934992799184));
#3097=CARTESIAN_POINT('Ctrl Pts',(8.,167.23464244706,-10.2329232361029));
#3098=CARTESIAN_POINT('Ctrl Pts',(8.,166.595487634707,-9.99015373007871));
#3099=CARTESIAN_POINT('Ctrl Pts',(8.,165.951444670137,-9.74859920282832));
#3100=CARTESIAN_POINT('Ctrl Pts',(8.,165.302611888606,-9.50827578022603));
#3101=CARTESIAN_POINT('Ctrl Pts',(8.,164.686015369793,-9.27989245869264));
#3102=CARTESIAN_POINT('Ctrl Pts',(8.,164.065092860857,-9.05262091429524));
#3103=CARTESIAN_POINT('Ctrl Pts',(8.,163.439973238105,-8.82648149106088));
#3104=CARTESIAN_POINT('Ctrl Pts',(8.,162.835533516719,-8.60782310153149));
#3105=CARTESIAN_POINT('Ctrl Pts',(8.,162.227169574195,-8.39022314395611));
#3106=CARTESIAN_POINT('Ctrl Pts',(8.,161.615044527376,-8.17370671858399));
#3107=CARTESIAN_POINT('Ctrl Pts',(8.,161.021501159092,-7.96376286957445));
#3108=CARTESIAN_POINT('Ctrl Pts',(8.,160.424421448714,-7.75483775627771));
#3109=CARTESIAN_POINT('Ctrl Pts',(8.,159.824000843373,-7.54696090539636));
#3110=CARTESIAN_POINT('Ctrl Pts',(8.,159.246402179131,-7.3469854376531));
#3111=CARTESIAN_POINT('Ctrl Pts',(8.,158.665711628431,-7.14798004108246));
#3112=CARTESIAN_POINT('Ctrl Pts',(8.,158.082148490574,-6.94997738322636));
#3113=CARTESIAN_POINT('Ctrl Pts',(8.,157.515463468478,-6.75770146094251));
#3114=CARTESIAN_POINT('Ctrl Pts',(8.,156.946069379134,-6.56637107983712));
#3115=CARTESIAN_POINT('Ctrl Pts',(8.,156.374213807827,-6.37602271807691));
#3116=CARTESIAN_POINT('Ctrl Pts',(8.,155.796138908327,-6.18360418511917));
#3117=CARTESIAN_POINT('Ctrl Pts',(8.,155.215548368578,-5.99218910562617));
#3118=CARTESIAN_POINT('Ctrl Pts',(8.,154.632752001266,-5.8018227225118));
#3119=CARTESIAN_POINT('Ctrl Pts',(8.,154.029093445594,-5.60464185055591));
#3120=CARTESIAN_POINT('Ctrl Pts',(8.,153.42306847509,-5.40858613360381));
#3121=CARTESIAN_POINT('Ctrl Pts',(8.,152.815079502005,-5.2137138455498));
#3122=CARTESIAN_POINT('Ctrl Pts',(8.,152.159583572188,-5.0036146541033));
#3123=CARTESIAN_POINT('Ctrl Pts',(8.,151.501804730915,-4.79489108182846));
#3124=CARTESIAN_POINT('Ctrl Pts',(8.,150.842313451789,-4.58762498802385));
#3125=CARTESIAN_POINT('Ctrl Pts',(8.,150.093019517449,-4.35213555579369));
#3126=CARTESIAN_POINT('Ctrl Pts',(8.,149.341516404435,-4.11852781882734));
#3127=CARTESIAN_POINT('Ctrl Pts',(8.,148.588714072265,-3.88693079725215));
#3128=CARTESIAN_POINT('Ctrl Pts',(8.,147.480748856686,-3.54606914875338));
#3129=CARTESIAN_POINT('Ctrl Pts',(8.,146.369977675438,-3.20956488773438));
#3130=CARTESIAN_POINT('Ctrl Pts',(8.,145.259389206132,-2.87783267296409));
#3131=CARTESIAN_POINT('Ctrl Pts',(8.,144.557291166185,-2.66811634309533));
#3132=CARTESIAN_POINT('Ctrl Pts',(8.,143.855267636434,-2.46030718927275));
#3133=CARTESIAN_POINT('Ctrl Pts',(8.,143.154045210524,-2.25450295587428));
#3134=CARTESIAN_POINT('Ctrl Pts',(8.,142.533216778619,-2.07229383822628));
#3135=CARTESIAN_POINT('Ctrl Pts',(8.,141.913016904983,-1.89165634123345));
#3136=CARTESIAN_POINT('Ctrl Pts',(8.,141.293912433756,-1.71265113752228));
#3137=CARTESIAN_POINT('Ctrl Pts',(8.,140.718087874048,-1.54615970125749));
#3138=CARTESIAN_POINT('Ctrl Pts',(8.,140.143211322759,-1.38108036890246));
#3139=CARTESIAN_POINT('Ctrl Pts',(8.,139.569617068808,-1.21745452887847));
#3140=CARTESIAN_POINT('Ctrl Pts',(8.,139.024174782094,-1.06185943402952));
#3141=CARTESIAN_POINT('Ctrl Pts',(8.,138.479892288903,-0.907578694768156));
#3142=CARTESIAN_POINT('Ctrl Pts',(8.,137.937013376642,-0.754640288770083));
#3143=CARTESIAN_POINT('Ctrl Pts',(8.,137.415572451832,-0.60774133568589));
#3144=CARTESIAN_POINT('Ctrl Pts',(8.,136.895426654583,-0.462080821515764));
#3145=CARTESIAN_POINT('Ctrl Pts',(8.,136.376747222347,-0.317675870958417));
#3146=CARTESIAN_POINT('Ctrl Pts',(8.,135.862708152273,-0.174562838350841));
#3147=CARTESIAN_POINT('Ctrl Pts',(8.,135.350109743658,-0.0326830686369335));
#3148=CARTESIAN_POINT('Ctrl Pts',(8.,134.839068916247,0.107955180680828));
#3149=CARTESIAN_POINT('Ctrl Pts',(8.,134.332020595301,0.247494693675795));
#3150=CARTESIAN_POINT('Ctrl Pts',(8.,133.826506056648,0.385811939439273));
#3151=CARTESIAN_POINT('Ctrl Pts',(8.,133.322583793091,0.522908188651561));
#3152=CARTESIAN_POINT('Ctrl Pts',(8.,132.850438254165,0.651359315244549));
#3153=CARTESIAN_POINT('Ctrl Pts',(8.,132.379690350255,0.778738608612761));
#3154=CARTESIAN_POINT('Ctrl Pts',(8.,131.910337998965,0.905055473846776));
#3155=CARTESIAN_POINT('Ctrl Pts',(8.,131.416977329924,1.03783370106103));
#3156=CARTESIAN_POINT('Ctrl Pts',(8.,130.925158849622,1.1694380077043));
#3157=CARTESIAN_POINT('Ctrl Pts',(8.,130.434819596417,1.29988929435499));
#3158=CARTESIAN_POINT('Ctrl Pts',(8.,129.932091994829,1.43363641338217));
#3159=CARTESIAN_POINT('Ctrl Pts',(8.,129.430918953183,1.56617159441733));
#3160=CARTESIAN_POINT('Ctrl Pts',(8.,128.931172814143,1.69752693720402));
#3161=CARTESIAN_POINT('Ctrl Pts',(8.,128.404651367553,1.83592001260477));
#3162=CARTESIAN_POINT('Ctrl Pts',(8.,127.879713582696,1.97300350663036));
#3163=CARTESIAN_POINT('Ctrl Pts',(8.,127.356148831662,2.10882435138556));
#3164=CARTESIAN_POINT('Ctrl Pts',(8.,126.793302129368,2.2548355456501));
#3165=CARTESIAN_POINT('Ctrl Pts',(8.,126.232041857133,2.39938762687981));
#3166=CARTESIAN_POINT('Ctrl Pts',(8.,125.672041675878,2.54254808983865));
#3167=CARTESIAN_POINT('Ctrl Pts',(8.,125.045380946222,2.70274989544294));
#3168=CARTESIAN_POINT('Ctrl Pts',(8.,124.420297569127,2.86120926647593));
#3169=CARTESIAN_POINT('Ctrl Pts',(8.,123.796262873607,3.01802941666357));
#3170=CARTESIAN_POINT('Ctrl Pts',(8.,123.017176931813,3.21381400248578));
#3171=CARTESIAN_POINT('Ctrl Pts',(8.,122.239723583368,3.40704439214647));
#3172=CARTESIAN_POINT('Ctrl Pts',(8.,121.462784524822,3.59792655456761));
#3173=CARTESIAN_POINT('Ctrl Pts',(8.,120.701491767933,3.78496465758492));
#3174=CARTESIAN_POINT('Ctrl Pts',(8.,119.940686613455,3.96974933438755));
#3175=CARTESIAN_POINT('Ctrl Pts',(8.,119.179311986651,4.15246234195266));
#3176=CARTESIAN_POINT('Ctrl Pts',(8.,118.577874970576,4.29679387363162));
#3177=CARTESIAN_POINT('Ctrl Pts',(8.,117.976081645141,4.43983261942404));
#3178=CARTESIAN_POINT('Ctrl Pts',(8.,117.373444175596,4.58165600750709));
#3179=CARTESIAN_POINT('Ctrl Pts',(8.,116.835401218545,4.70827786386235));
#3180=CARTESIAN_POINT('Ctrl Pts',(8.,116.296684918544,4.83393096299645));
#3181=CARTESIAN_POINT('Ctrl Pts',(8.,115.756985846829,4.95865967656553));
#3182=CARTESIAN_POINT('Ctrl Pts',(8.,115.257961920968,5.07398804301063));
#3183=CARTESIAN_POINT('Ctrl Pts',(8.,114.75809736438,5.18852616172884));
#3184=CARTESIAN_POINT('Ctrl Pts',(8.,114.257188190571,5.30229870269329));
#3185=CARTESIAN_POINT('Ctrl Pts',(8.,113.77602481397,5.41158633972869));
#3186=CARTESIAN_POINT('Ctrl Pts',(8.,113.293897125953,5.5201676411069));
#3187=CARTESIAN_POINT('Ctrl Pts',(8.,112.81066951221,5.62805350954279));
#3188=CARTESIAN_POINT('Ctrl Pts',(8.,112.328441574009,5.73571618944199));
#3189=CARTESIAN_POINT('Ctrl Pts',(8.,111.845118178995,5.84268631210729));
#3190=CARTESIAN_POINT('Ctrl Pts',(8.,111.360615317065,5.94896275897274));
#3191=CARTESIAN_POINT('Ctrl Pts',(8.,110.874490680243,6.05559494465131));
#3192=CARTESIAN_POINT('Ctrl Pts',(8.,110.387178667027,6.161528787121));
#3193=CARTESIAN_POINT('Ctrl Pts',(8.,109.898645764785,6.2667513068041));
#3194=CARTESIAN_POINT('Ctrl Pts',(8.,109.398034663785,6.37457528587849));
#3195=CARTESIAN_POINT('Ctrl Pts',(8.,108.896141461743,6.48165233931637));
#3196=CARTESIAN_POINT('Ctrl Pts',(8.,108.392985299627,6.58795601977291));
#3197=CARTESIAN_POINT('Ctrl Pts',(8.,107.864034033334,6.69970952817217));
#3198=CARTESIAN_POINT('Ctrl Pts',(8.,107.333687246737,6.81060825429351));
#3199=CARTESIAN_POINT('Ctrl Pts',(8.,106.802026204133,6.92060843744387));
#3200=CARTESIAN_POINT('Ctrl Pts',(8.,106.235501844557,7.03782180896959));
#3201=CARTESIAN_POINT('Ctrl Pts',(8.,105.667485589654,7.15401481084398));
#3202=CARTESIAN_POINT('Ctrl Pts',(8.,105.098136365506,7.26912160333966));
#3203=CARTESIAN_POINT('Ctrl Pts',(8.,104.487091269639,7.39265815713181));
#3204=CARTESIAN_POINT('Ctrl Pts',(8.,103.874511219928,7.51494343072572));
#3205=CARTESIAN_POINT('Ctrl Pts',(8.,103.260653595122,7.63588391607808));
#3206=CARTESIAN_POINT('Ctrl Pts',(8.,102.580743906793,7.76983779134094));
#3207=CARTESIAN_POINT('Ctrl Pts',(8.,101.899267484446,7.90214165683226));
#3208=CARTESIAN_POINT('Ctrl Pts',(8.,101.216639297436,8.03265712545276));
#3209=CARTESIAN_POINT('Ctrl Pts',(8.,100.32258791032,8.20359576815871));
#3210=CARTESIAN_POINT('Ctrl Pts',(8.,99.4265625320493,8.37146559894019));
#3211=CARTESIAN_POINT('Ctrl Pts',(8.,98.5295917999985,8.53594627454187));
#3212=CARTESIAN_POINT('Ctrl Pts',(8.,97.7020633471968,8.68769307533795));
#3213=CARTESIAN_POINT('Ctrl Pts',(8.,96.8737364480236,8.83655375343318));
#3214=CARTESIAN_POINT('Ctrl Pts',(8.,96.0454175020881,8.98229040549339));
#3215=CARTESIAN_POINT('Ctrl Pts',(8.,95.3919519932443,9.09726287589626));
#3216=CARTESIAN_POINT('Ctrl Pts',(8.,94.7384923054294,9.21029105569613));
#3217=CARTESIAN_POINT('Ctrl Pts',(8.,94.0853989657554,9.3212730182286));
#3218=CARTESIAN_POINT('Ctrl Pts',(8.,93.4915306693492,9.42219070490088));
#3219=CARTESIAN_POINT('Ctrl Pts',(8.,92.8979657694697,9.52141639897));
#3220=CARTESIAN_POINT('Ctrl Pts',(8.,92.3049340172122,9.61888787223073));
#3221=CARTESIAN_POINT('Ctrl Pts',(8.,91.745497644163,9.71083756509147));
#3222=CARTESIAN_POINT('Ctrl Pts',(8.,91.1865360157073,9.80122611854178));
#3223=CARTESIAN_POINT('Ctrl Pts',(8.,90.6281982832342,9.89001547153561));
#3224=CARTESIAN_POINT('Ctrl Pts',(8.,90.0838691610819,9.97657711292339));
#3225=CARTESIAN_POINT('Ctrl Pts',(8.,89.5401333747378,10.0616187200046));
#3226=CARTESIAN_POINT('Ctrl Pts',(8.,88.9970812051571,10.1451199103625));
#3227=CARTESIAN_POINT('Ctrl Pts',(8.,88.4364942936983,10.2313172907026));
#3228=CARTESIAN_POINT('Ctrl Pts',(8.,87.8766357131179,10.3158732652437));
#3229=CARTESIAN_POINT('Ctrl Pts',(8.,87.3175504623966,10.3987816404224));
#3230=CARTESIAN_POINT('Ctrl Pts',(8.,86.7339820056298,10.4853207013146));
#3231=CARTESIAN_POINT('Ctrl Pts',(8.,86.1512558731181,10.5700648377052));
#3232=CARTESIAN_POINT('Ctrl Pts',(8.,85.5693679542745,10.653022565058));
#3233=CARTESIAN_POINT('Ctrl Pts',(8.,84.960951386305,10.7397623892201));
#3234=CARTESIAN_POINT('Ctrl Pts',(8.,84.353450971893,10.8245493651506));
#3235=CARTESIAN_POINT('Ctrl Pts',(8.,83.7468066634074,10.907407447132));
#3236=CARTESIAN_POINT('Ctrl Pts',(8.,83.107225938521,10.9947641261532));
#3237=CARTESIAN_POINT('Ctrl Pts',(8.,82.4685965365153,11.0799769856246));
#3238=CARTESIAN_POINT('Ctrl Pts',(8.,81.8307915441835,11.1630867203613));
#3239=CARTESIAN_POINT('Ctrl Pts',(8.,81.1415656346658,11.2528969024739));
#3240=CARTESIAN_POINT('Ctrl Pts',(8.,80.4533020072905,11.34025154287));
#3241=CARTESIAN_POINT('Ctrl Pts',(8.,79.7657809317725,11.4252119611843));
#3242=CARTESIAN_POINT('Ctrl Pts',(8.,78.975891351994,11.5228225676221));
#3243=CARTESIAN_POINT('Ctrl Pts',(8.,78.1869811408111,11.6172737874358));
#3244=CARTESIAN_POINT('Ctrl Pts',(8.,77.3986497862881,11.7086612033505));
#3245=CARTESIAN_POINT('Ctrl Pts',(8.,76.4632912181327,11.8170927683352));
#3246=CARTESIAN_POINT('Ctrl Pts',(8.,75.528744529076,11.9212136394106));
#3247=CARTESIAN_POINT('Ctrl Pts',(8.,74.5942821344771,12.0211582091739));
#3248=CARTESIAN_POINT('Ctrl Pts',(8.,73.8530745473282,12.1004333879623));
#3249=CARTESIAN_POINT('Ctrl Pts',(8.,73.1119175469444,12.1770810296895));
#3250=CARTESIAN_POINT('Ctrl Pts',(8.,72.370454455331,12.2511417845181));
#3251=CARTESIAN_POINT('Ctrl Pts',(8.,71.6954343158555,12.3185659107079));
#3252=CARTESIAN_POINT('Ctrl Pts',(8.,71.0201593764612,12.3838462844953));
#3253=CARTESIAN_POINT('Ctrl Pts',(8.,70.3443878994305,12.4469862313384));
#3254=CARTESIAN_POINT('Ctrl Pts',(8.,69.6791753517283,12.5091396165119));
#3255=CARTESIAN_POINT('Ctrl Pts',(8.,69.0134810339698,12.5692189963709));
#3256=CARTESIAN_POINT('Ctrl Pts',(8.,68.347116295195,12.6271957165956));
#3257=CARTESIAN_POINT('Ctrl Pts',(8.,67.6866617718408,12.6846582215775));
#3258=CARTESIAN_POINT('Ctrl Pts',(8.,67.0255485440244,12.7400548567409));
#3259=CARTESIAN_POINT('Ctrl Pts',(8.,66.3636384367131,12.7933296789013));
#3260=CARTESIAN_POINT('Ctrl Pts',(8.,65.6869215766878,12.8477962446366));
#3261=CARTESIAN_POINT('Ctrl Pts',(8.,65.0093716193891,12.9000446004713));
#3262=CARTESIAN_POINT('Ctrl Pts',(8.,64.3308918684189,12.9499904981797));
#3263=CARTESIAN_POINT('Ctrl Pts',(8.,63.6376493423902,13.0010231491065));
#3264=CARTESIAN_POINT('Ctrl Pts',(8.,62.9434361327575,13.0496514212892));
#3265=CARTESIAN_POINT('Ctrl Pts',(8.,62.2482023937414,13.0957685800838));
#3266=CARTESIAN_POINT('Ctrl Pts',(8.,61.5485149334301,13.1421811689771));
#3267=CARTESIAN_POINT('Ctrl Pts',(8.,60.8477938585393,13.1860496965315));
#3268=CARTESIAN_POINT('Ctrl Pts',(8.,60.1460409345687,13.2272585898421));
#3269=CARTESIAN_POINT('Ctrl Pts',(8.,59.4451443462787,13.2684171967278));
#3270=CARTESIAN_POINT('Ctrl Pts',(8.,58.7432184696433,13.3069219983871));
#3271=CARTESIAN_POINT('Ctrl Pts',(8.,58.0403168715038,13.3426610360511));
#3272=CARTESIAN_POINT('Ctrl Pts',(8.,57.3393868569212,13.3782998285326));
#3273=CARTESIAN_POINT('Ctrl Pts',(8.,56.637486753071,13.411187751209));
#3274=CARTESIAN_POINT('Ctrl Pts',(8.,55.9347197844336,13.4412264270983));
#3275=CARTESIAN_POINT('Ctrl Pts',(8.,55.2432432098711,13.4707825127359));
#3276=CARTESIAN_POINT('Ctrl Pts',(8.,54.5509276738667,13.4975796546091));
#3277=CARTESIAN_POINT('Ctrl Pts',(8.,53.8579165464675,13.5215444993388));
#3278=CARTESIAN_POINT('Ctrl Pts',(8.,53.1867905952668,13.5447525382558));
#3279=CARTESIAN_POINT('Ctrl Pts',(8.,52.5150124821828,13.565303820058));
#3280=CARTESIAN_POINT('Ctrl Pts',(8.,51.8427514336475,13.583158328926));
#3281=CARTESIAN_POINT('Ctrl Pts',(8.,51.1792124600673,13.6007811891435));
#3282=CARTESIAN_POINT('Ctrl Pts',(8.,50.5152030657048,13.6157762760041));
#3283=CARTESIAN_POINT('Ctrl Pts',(8.,49.8509230662154,13.6281393890187));
#3284=CARTESIAN_POINT('Ctrl Pts',(8.,49.1759996245465,13.6407005903071));
#3285=CARTESIAN_POINT('Ctrl Pts',(8.,48.5007971385094,13.6505446329337));
#3286=CARTESIAN_POINT('Ctrl Pts',(8.,47.8255613716738,13.6577083941818));
#3287=CARTESIAN_POINT('Ctrl Pts',(8.,47.1024439442854,13.6653801450851));
#3288=CARTESIAN_POINT('Ctrl Pts',(8.,46.3792885823498,13.6699775356999));
#3289=CARTESIAN_POINT('Ctrl Pts',(8.,45.6564348152028,13.6715988225531));
#3290=CARTESIAN_POINT('Ctrl Pts',(8.,44.7295363658957,13.6736777606984));
#3291=CARTESIAN_POINT('Ctrl Pts',(8.,43.803137047561,13.6708643771714));
#3292=CARTESIAN_POINT('Ctrl Pts',(8.,42.8779928524932,13.6634567106063));
#3293=CARTESIAN_POINT('Ctrl Pts',(8.,42.1027051252343,13.6572489507715));
#3294=CARTESIAN_POINT('Ctrl Pts',(8.,41.3283015678523,13.6478182776936));
#3295=CARTESIAN_POINT('Ctrl Pts',(8.,40.5552035539471,13.6353503593489));
#3296=CARTESIAN_POINT('Ctrl Pts',(8.,39.8942144741438,13.6246904459543));
#3297=CARTESIAN_POINT('Ctrl Pts',(8.,39.2341801783061,13.611811116752));
#3298=CARTESIAN_POINT('Ctrl Pts',(8.,38.575329697895,13.5968143992455));
#3299=CARTESIAN_POINT('Ctrl Pts',(8.,37.9740233552049,13.5831274981589));
#3300=CARTESIAN_POINT('Ctrl Pts',(8.,37.3737033519681,13.5676773560625));
#3301=CARTESIAN_POINT('Ctrl Pts',(8.,36.7745083040071,13.5505211716043));
#3302=CARTESIAN_POINT('Ctrl Pts',(8.,36.2116745694074,13.5344060862027));
#3303=CARTESIAN_POINT('Ctrl Pts',(8.,35.6498336186691,13.5167860271791));
#3304=CARTESIAN_POINT('Ctrl Pts',(8.,35.0890639391879,13.4976845324577));
#3305=CARTESIAN_POINT('Ctrl Pts',(8.,34.5530389245374,13.4794259151277));
#3306=CARTESIAN_POINT('Ctrl Pts',(8.,34.0179928974766,13.4598139292914));
#3307=CARTESIAN_POINT('Ctrl Pts',(8.,33.4839572055255,13.4388429972203));
#3308=CARTESIAN_POINT('Ctrl Pts',(8.,32.9687880732912,13.4186129320018));
#3309=CARTESIAN_POINT('Ctrl Pts',(8.,32.4545592814742,13.3971183972155));
#3310=CARTESIAN_POINT('Ctrl Pts',(8.,31.941261395681,13.3743269283953));
#3311=CARTESIAN_POINT('Ctrl Pts',(8.,31.4442943702938,13.352260582951));
#3312=CARTESIAN_POINT('Ctrl Pts',(8.,30.9482000597986,13.3289786355695));
#3313=CARTESIAN_POINT('Ctrl Pts',(8.,30.4529323600785,13.3044234464935));
#3314=CARTESIAN_POINT('Ctrl Pts',(8.,29.9723012382849,13.2805939335288));
#3315=CARTESIAN_POINT('Ctrl Pts',(8.,29.4924487041045,13.2555654446583));
#3316=CARTESIAN_POINT('Ctrl Pts',(8.,29.013295138104,13.2292565848643));
#3317=CARTESIAN_POINT('Ctrl Pts',(8.,28.5439412618158,13.203485796121));
#3318=CARTESIAN_POINT('Ctrl Pts',(8.,28.075258193872,13.1764866099443));
#3319=CARTESIAN_POINT('Ctrl Pts',(8.,27.6071326698714,13.1481525997049));
#3320=CARTESIAN_POINT('Ctrl Pts',(8.,27.1256399186786,13.1190095176829));
#3321=CARTESIAN_POINT('Ctrl Pts',(8.,26.6447372774154,13.0884545339874));
#3322=CARTESIAN_POINT('Ctrl Pts',(8.,26.1642559959196,13.0563359486795));
#3323=CARTESIAN_POINT('Ctrl Pts',(8.,25.6476840046961,13.0218048187337));
#3324=CARTESIAN_POINT('Ctrl Pts',(8.,25.1315987227571,12.9854661620394));
#3325=CARTESIAN_POINT('Ctrl Pts',(8.,24.6157393597023,12.9470905305143));
#3326=CARTESIAN_POINT('Ctrl Pts',(8.,24.0380615749874,12.9041161243212));
#3327=CARTESIAN_POINT('Ctrl Pts',(8.,23.4606665492614,12.8585869611135));
#3328=CARTESIAN_POINT('Ctrl Pts',(8.,22.8831326004324,12.8101350077658));
#3329=CARTESIAN_POINT('Ctrl Pts',(8.,22.1497947783823,12.7486119578843));
#3330=CARTESIAN_POINT('Ctrl Pts',(8.,21.4162310713163,12.6823754224605));
#3331=CARTESIAN_POINT('Ctrl Pts',(8.,20.6815089177808,12.6106090213725));
#3332=CARTESIAN_POINT('Ctrl Pts',(8.,19.9913595360865,12.5431964122673));
#3333=CARTESIAN_POINT('Ctrl Pts',(8.,19.3001831348272,12.470900820005));
#3334=CARTESIAN_POINT('Ctrl Pts',(8.,18.6072120742734,12.3930390687654));
#3335=CARTESIAN_POINT('Ctrl Pts',(8.,18.0643373262617,12.3320420358588));
#3336=CARTESIAN_POINT('Ctrl Pts',(8.,17.5203605117091,12.2676282585805));
#3337=CARTESIAN_POINT('Ctrl Pts',(8.,16.9749428646777,12.199487450232));
#3338=CARTESIAN_POINT('Ctrl Pts',(8.,16.4806433052281,12.1377329915515));
#3339=CARTESIAN_POINT('Ctrl Pts',(8.,15.9851599384135,12.0729170355723));
#3340=CARTESIAN_POINT('Ctrl Pts',(8.,15.4882751270137,12.0048316211482));
#3341=CARTESIAN_POINT('Ctrl Pts',(8.,15.019192064686,11.9405557286975));
#3342=CARTESIAN_POINT('Ctrl Pts',(8.,14.5488597447408,11.8733658050403));
#3343=CARTESIAN_POINT('Ctrl Pts',(8.,14.0771321047622,11.8031123472089));
#3344=CARTESIAN_POINT('Ctrl Pts',(8.,13.6252763704939,11.735818372714));
#3345=CARTESIAN_POINT('Ctrl Pts',(8.,13.1721402152701,11.6657133927341));
#3346=CARTESIAN_POINT('Ctrl Pts',(8.,12.7176332915884,11.5926924545131));
#3347=CARTESIAN_POINT('Ctrl Pts',(8.,12.2808600852604,11.5225206096982));
#3348=CARTESIAN_POINT('Ctrl Pts',(8.,11.8428208702796,11.449655818288));
#3349=CARTESIAN_POINT('Ctrl Pts',(8.,11.4034734987767,11.3740315762834));
#3350=CARTESIAN_POINT('Ctrl Pts',(8.,10.9823145124599,11.3015380753102));
#3351=CARTESIAN_POINT('Ctrl Pts',(8.,10.5599532738168,11.2265087289156));
#3352=CARTESIAN_POINT('Ctrl Pts',(8.,10.1363902158695,11.1489115033505));
#3353=CARTESIAN_POINT('Ctrl Pts',(8.,9.72768542411257,11.0740363287562));
#3354=CARTESIAN_POINT('Ctrl Pts',(8.,9.31786150238512,10.996770147812));
#3355=CARTESIAN_POINT('Ctrl Pts',(8.,8.90695693664146,10.917111429118));
#3356=CARTESIAN_POINT('Ctrl Pts',(8.,8.50535351442644,10.8392558473022));
#3357=CARTESIAN_POINT('Ctrl Pts',(8.,8.10271763706971,10.7591146716814));
#3358=CARTESIAN_POINT('Ctrl Pts',(8.,7.69912478309179,10.6767150048862));
#3359=CARTESIAN_POINT('Ctrl Pts',(8.,7.29354239546897,10.5939091443049));
#3360=CARTESIAN_POINT('Ctrl Pts',(8.,6.88699350332691,10.5088224400266));
#3361=CARTESIAN_POINT('Ctrl Pts',(8.,6.47959791799944,10.4215136135124));
#3362=CARTESIAN_POINT('Ctrl Pts',(8.,6.06748975347826,10.3331948355552));
#3363=CARTESIAN_POINT('Ctrl Pts',(8.,5.65451522666011,10.242602291031));
#3364=CARTESIAN_POINT('Ctrl Pts',(8.,5.24084232193012,10.1498280289003));
#3365=CARTESIAN_POINT('Ctrl Pts',(8.,4.82145692119038,10.0557726275019));
#3366=CARTESIAN_POINT('Ctrl Pts',(8.,4.40135374437632,9.95947489633305));
#3367=CARTESIAN_POINT('Ctrl Pts',(8.,3.98075236264175,9.86106179307359));
#3368=CARTESIAN_POINT('Ctrl Pts',(8.,3.54395545807181,9.75885923088614));
#3369=CARTESIAN_POINT('Ctrl Pts',(8.,3.10662124586382,9.6543753323981));
#3370=CARTESIAN_POINT('Ctrl Pts',(8.,2.66904398265037,9.547785130481));
#3371=CARTESIAN_POINT('Ctrl Pts',(8.,2.2024774146815,9.43413337370928));
#3372=CARTESIAN_POINT('Ctrl Pts',(8.,1.73563474725919,9.31808731687979));
#3373=CARTESIAN_POINT('Ctrl Pts',(8.,1.26892462011164,9.19989230379564));
#3374=CARTESIAN_POINT('Ctrl Pts',(8.,0.757381666534105,9.07034331273188));
#3375=CARTESIAN_POINT('Ctrl Pts',(8.,0.245998270921434,8.93821323441459));
#3376=CARTESIAN_POINT('Ctrl Pts',(8.,-0.264630991078909,8.80385685165101));
#3377=CARTESIAN_POINT('Ctrl Pts',(8.,-0.846849854574899,8.65066386743072));
#3378=CARTESIAN_POINT('Ctrl Pts',(8.,-1.42808774514283,8.49457771000309));
#3379=CARTESIAN_POINT('Ctrl Pts',(8.,-2.00740026149316,8.33614959806476));
#3380=CARTESIAN_POINT('Ctrl Pts',(8.,-2.67536081895578,8.15347836797506));
#3381=CARTESIAN_POINT('Ctrl Pts',(8.,-3.34075965291623,7.96769665445846));
#3382=CARTESIAN_POINT('Ctrl Pts',(8.,-4.00208984237582,7.77964732986199));
#3383=CARTESIAN_POINT('Ctrl Pts',(8.,-4.58849278719441,7.61290357693484));
#3384=CARTESIAN_POINT('Ctrl Pts',(8.,-5.17169394036327,7.44437867723962));
#3385=CARTESIAN_POINT('Ctrl Pts',(8.,-5.75063857829536,7.27462478479648));
#3386=CARTESIAN_POINT('Ctrl Pts',(8.,-6.24590556925286,7.12940623710608));
#3387=CARTESIAN_POINT('Ctrl Pts',(8.,-6.7380566405985,6.98328849892776));
#3388=CARTESIAN_POINT('Ctrl Pts',(8.,-7.22644998045553,6.8365792732114));
#3389=CARTESIAN_POINT('Ctrl Pts',(8.,-7.67424954426438,6.70206407424953));
#3390=CARTESIAN_POINT('Ctrl Pts',(8.,-8.1188896301509,6.56705180701726));
#3391=CARTESIAN_POINT('Ctrl Pts',(8.,-8.55990091261683,6.43174236413291));
#3392=CARTESIAN_POINT('Ctrl Pts',(8.,-8.9750539948212,6.30436663816351));
#3393=CARTESIAN_POINT('Ctrl Pts',(8.,-9.38699104810532,6.17672771412682));
#3394=CARTESIAN_POINT('Ctrl Pts',(8.,-9.79534914262035,6.048955447975));
#3395=CARTESIAN_POINT('Ctrl Pts',(8.,-10.1852410674914,5.92696111147427));
#3396=CARTESIAN_POINT('Ctrl Pts',(8.,-10.5718701840586,5.80484534525494));
#3397=CARTESIAN_POINT('Ctrl Pts',(8.,-10.9549510657358,5.68268448323467));
#3398=CARTESIAN_POINT('Ctrl Pts',(8.,-11.323969859282,5.56500788782768));
#3399=CARTESIAN_POINT('Ctrl Pts',(8.,-11.6896959613814,5.4472895540517));
#3400=CARTESIAN_POINT('Ctrl Pts',(8.,-12.0519059629939,5.32956115575088));
#3401=CARTESIAN_POINT('Ctrl Pts',(8.,-12.4035929241208,5.21525304042434));
#3402=CARTESIAN_POINT('Ctrl Pts',(8.,-12.751964979138,5.10093552353149));
#3403=CARTESIAN_POINT('Ctrl Pts',(8.,-13.0968504272863,4.98660097851603));
#3404=CARTESIAN_POINT('Ctrl Pts',(8.,-13.433258192048,4.87507690891491));
#3405=CARTESIAN_POINT('Ctrl Pts',(8.,-13.7663485367756,4.76353670879034));
#3406=CARTESIAN_POINT('Ctrl Pts',(8.,-14.0959956313207,4.65193681104978));
#3407=CARTESIAN_POINT('Ctrl Pts',(8.,-14.4184301196827,4.54277869461354));
#3408=CARTESIAN_POINT('Ctrl Pts',(8.,-14.7375702826295,4.43356352850988));
#3409=CARTESIAN_POINT('Ctrl Pts',(8.,-15.0533324443545,4.32421419268719));
#3410=CARTESIAN_POINT('Ctrl Pts',(8.,-15.3669769403749,4.21559821052862));
#3411=CARTESIAN_POINT('Ctrl Pts',(8.,-15.6772884566808,4.10684995126904));
#3412=CARTESIAN_POINT('Ctrl Pts',(8.,-15.9842210247668,3.99785604443409));
#3413=CARTESIAN_POINT('Ctrl Pts',(8.,-16.3034018899171,3.88451268143869));
#3414=CARTESIAN_POINT('Ctrl Pts',(8.,-16.6189288474174,3.77090344118981));
#3415=CARTESIAN_POINT('Ctrl Pts',(8.,-16.9307900256498,3.6568603919635));
#3416=CARTESIAN_POINT('Ctrl Pts',(8.,-17.2594631017849,3.536669478771));
#3417=CARTESIAN_POINT('Ctrl Pts',(8.,-17.584064639277,3.41599639999605));
#3418=CARTESIAN_POINT('Ctrl Pts',(8.,-17.9046224117654,3.29460486960462));
#3419=CARTESIAN_POINT('Ctrl Pts',(8.,-18.2649434654326,3.15815544335189));
#3420=CARTESIAN_POINT('Ctrl Pts',(8.,-18.6201551439346,3.02079801334429));
#3421=CARTESIAN_POINT('Ctrl Pts',(8.,-18.9703493814005,2.88215210460602));
#3422=CARTESIAN_POINT('Ctrl Pts',(8.,-19.3483548612305,2.73249540654518));
#3423=CARTESIAN_POINT('Ctrl Pts',(8.,-19.7205148701205,2.58133619971518));
#3424=CARTESIAN_POINT('Ctrl Pts',(8.,-20.0869995642144,2.42815893003428));
#3425=CARTESIAN_POINT('Ctrl Pts',(8.,-20.5329769015512,2.24175662736319));
#3426=CARTESIAN_POINT('Ctrl Pts',(8.,-20.9705505555317,2.05236250131332));
#3427=CARTESIAN_POINT('Ctrl Pts',(8.,-21.4000975834181,1.85903045507558));
#3428=CARTESIAN_POINT('Ctrl Pts',(8.,-21.7658491252327,1.69441170694556));
#3429=CARTESIAN_POINT('Ctrl Pts',(8.,-22.1257837193599,1.52693583302146));
#3430=CARTESIAN_POINT('Ctrl Pts',(8.,-22.480150274458,1.35604739370966));
#3431=CARTESIAN_POINT('Ctrl Pts',(8.,-22.7942367555372,1.20458347086372));
#3432=CARTESIAN_POINT('Ctrl Pts',(8.,-23.1039499044362,1.05043820208549));
#3433=CARTESIAN_POINT('Ctrl Pts',(8.,-23.409457593164,0.89326317617282));
#3434=CARTESIAN_POINT('Ctrl Pts',(8.,-23.692314253051,0.747741461048587));
#3435=CARTESIAN_POINT('Ctrl Pts',(8.,-23.9715663679377,0.59962230753162));
#3436=CARTESIAN_POINT('Ctrl Pts',(8.,-24.2473340828793,0.448669340132134));
#3437=CARTESIAN_POINT('Ctrl Pts',(8.,-24.5054581954322,0.307374334821295));
#3438=CARTESIAN_POINT('Ctrl Pts',(8.,-24.7605297711284,0.163596357075143));
#3439=CARTESIAN_POINT('Ctrl Pts',(8.,-25.0126308477368,0.0171811488577686));
#3440=CARTESIAN_POINT('Ctrl Pts',(8.,-25.250858526682,-0.121176670494513));
#3441=CARTESIAN_POINT('Ctrl Pts',(8.,-25.4864339004363,-0.261889682131948));
#3442=CARTESIAN_POINT('Ctrl Pts',(8.,-25.719407217287,-0.405048321236396));
#3443=CARTESIAN_POINT('Ctrl Pts',(8.,-25.9423375634796,-0.542035704201244));
#3444=CARTESIAN_POINT('Ctrl Pts',(8.,-26.1628855407571,-0.681262593708728));
#3445=CARTESIAN_POINT('Ctrl Pts',(8.,-26.381074206847,-0.82276776093135));
#3446=CARTESIAN_POINT('Ctrl Pts',(8.,-26.5924377107808,-0.95984650340188));
#3447=CARTESIAN_POINT('Ctrl Pts',(8.,-26.8015873632052,-1.09906340527703));
#3448=CARTESIAN_POINT('Ctrl Pts',(8.,-27.008521453177,-1.24041212764174));
#3449=CARTESIAN_POINT('Ctrl Pts',(8.,-27.2146976402645,-1.38124315567978));
#3450=CARTESIAN_POINT('Ctrl Pts',(8.,-27.4186745803627,-1.52419055907679));
#3451=CARTESIAN_POINT('Ctrl Pts',(8.,-27.620425074181,-1.66920277708703));
#3452=CARTESIAN_POINT('Ctrl Pts',(8.,-27.8234377248379,-1.81512219566554));
#3453=CARTESIAN_POINT('Ctrl Pts',(8.,-28.0241959801136,-1.9631323066382));
#3454=CARTESIAN_POINT('Ctrl Pts',(8.,-28.2226458151548,-2.11313446330104));
#3455=CARTESIAN_POINT('Ctrl Pts',(8.,-28.4223762660344,-2.26410459828231));
#3456=CARTESIAN_POINT('Ctrl Pts',(8.,-28.6197684031229,-2.41709253209337));
#3457=CARTESIAN_POINT('Ctrl Pts',(8.,-28.8147406464459,-2.57195171670327));
#3458=CARTESIAN_POINT('Ctrl Pts',(8.,-29.0115035571095,-2.72823316162851));
#3459=CARTESIAN_POINT('Ctrl Pts',(8.,-29.2058019268537,-2.88642036481755));
#3460=CARTESIAN_POINT('Ctrl Pts',(8.,-29.3975249686523,-3.0463164636188));
#3461=CARTESIAN_POINT('Ctrl Pts',(8.,-29.5963905174798,-3.21216937908038));
#3462=CARTESIAN_POINT('Ctrl Pts',(8.,-29.7924852247672,-3.37986078145829));
#3463=CARTESIAN_POINT('Ctrl Pts',(8.,-29.9856562247495,-3.54912125092607));
#3464=CARTESIAN_POINT('Ctrl Pts',(8.,-30.1904384845838,-3.72855574907234));
#3465=CARTESIAN_POINT('Ctrl Pts',(8.,-30.3919348112085,-3.90975330781792));
#3466=CARTESIAN_POINT('Ctrl Pts',(8.,-30.5899329059935,-4.09234163127195));
#3467=CARTESIAN_POINT('Ctrl Pts',(8.,-30.8047888972716,-4.29047583692748));
#3468=CARTESIAN_POINT('Ctrl Pts',(8.,-31.0155253343088,-4.49024725759862));
#3469=CARTESIAN_POINT('Ctrl Pts',(8.,-31.2218398294342,-4.69112717338591));
#3470=CARTESIAN_POINT('Ctrl Pts',(8.,-31.4587306121923,-4.92177795951843));
#3471=CARTESIAN_POINT('Ctrl Pts',(8.,-31.6897911912203,-5.15388938956861));
#3472=CARTESIAN_POINT('Ctrl Pts',(8.,-31.9145299697408,-5.38660322853534));
#3473=CARTESIAN_POINT('Ctrl Pts',(8.,-32.2212390744729,-5.70419618547017));
#3474=CARTESIAN_POINT('Ctrl Pts',(8.,-32.5161729472838,-6.02290957513843));
#3475=CARTESIAN_POINT('Ctrl Pts',(8.,-32.7980301814701,-6.34047372993193));
#3476=CARTESIAN_POINT('Ctrl Pts',(8.,-33.0362958256561,-6.60892391937167));
#3477=CARTESIAN_POINT('Ctrl Pts',(8.,-33.2652142073051,-6.87654827299364));
#3478=CARTESIAN_POINT('Ctrl Pts',(8.,-33.4840012067087,-7.14198043230692));
#3479=CARTESIAN_POINT('Ctrl Pts',(8.,-33.6568056015307,-7.35162654373693));
#3480=CARTESIAN_POINT('Ctrl Pts',(8.,-33.8232891725225,-7.55990416712839));
#3481=CARTESIAN_POINT('Ctrl Pts',(8.,-33.9830820382891,-7.76616899302564));
#3482=CARTESIAN_POINT('Ctrl Pts',(8.,-34.1273370187343,-7.95237710866068));
#3483=CARTESIAN_POINT('Ctrl Pts',(8.,-34.2661389127816,-8.13694433512136));
#3484=CARTESIAN_POINT('Ctrl Pts',(8.,-34.3992360109004,-8.31943206224921));
#3485=CARTESIAN_POINT('Ctrl Pts',(8.,-34.5243558626457,-8.49098228901086));
#3486=CARTESIAN_POINT('Ctrl Pts',(8.,-34.6444340480699,-8.66069444971744));
#3487=CARTESIAN_POINT('Ctrl Pts',(8.,-34.7592840242359,-8.82824315777329));
#3488=CARTESIAN_POINT('Ctrl Pts',(8.,-34.8731884345173,-8.99441242851771));
#3489=CARTESIAN_POINT('Ctrl Pts',(8.,-34.9819502789442,-9.15845356748592));
#3490=CARTESIAN_POINT('Ctrl Pts',(8.,-35.085413657627,-9.32009414436413));
#3491=CARTESIAN_POINT('Ctrl Pts',(8.,-35.1897198064171,-9.48305137886603));
#3492=CARTESIAN_POINT('Ctrl Pts',(8.,-35.2886408465109,-9.64356882663862));
#3493=CARTESIAN_POINT('Ctrl Pts',(8.,-35.3820436206636,-9.80141325081339));
#3494=CARTESIAN_POINT('Ctrl Pts',(8.,-35.4762393784088,-9.96059776407717));
#3495=CARTESIAN_POINT('Ctrl Pts',(8.,-35.5648228011274,-10.1170637180465));
#3496=CARTESIAN_POINT('Ctrl Pts',(8.,-35.647683824454,-10.2706177271756));
#3497=CARTESIAN_POINT('Ctrl Pts',(8.,-35.7329020135047,-10.4285399209177));
#3498=CARTESIAN_POINT('Ctrl Pts',(8.,-35.8120675518779,-10.5833820523643));
#3499=CARTESIAN_POINT('Ctrl Pts',(8.,-35.8850889534762,-10.7349826565827));
#3500=CARTESIAN_POINT('Ctrl Pts',(8.,-35.9611458400662,-10.8928852674563));
#3501=CARTESIAN_POINT('Ctrl Pts',(8.,-36.0305372949429,-11.0472714892408));
#3502=CARTESIAN_POINT('Ctrl Pts',(8.,-36.0931896919907,-11.1980104925381));
#3503=CARTESIAN_POINT('Ctrl Pts',(8.,-36.1592421081536,-11.3569297972564));
#3504=CARTESIAN_POINT('Ctrl Pts',(8.,-36.2178043959766,-11.5117956309177));
#3505=CARTESIAN_POINT('Ctrl Pts',(8.,-36.2688199603411,-11.6625063845121));
#3506=CARTESIAN_POINT('Ctrl Pts',(8.,-36.3259485763582,-11.8312763840014));
#3507=CARTESIAN_POINT('Ctrl Pts',(8.,-36.3736136401767,-11.9948360638249));
#3508=CARTESIAN_POINT('Ctrl Pts',(8.,-36.4117696691786,-12.1531023473693));
#3509=CARTESIAN_POINT('Ctrl Pts',(8.,-36.4530301597989,-12.3242455370175));
#3510=CARTESIAN_POINT('Ctrl Pts',(8.,-36.4831717680152,-12.4891996658689));
#3511=CARTESIAN_POINT('Ctrl Pts',(8.,-36.5021689281816,-12.6479164559055));
#3512=CARTESIAN_POINT('Ctrl Pts',(8.,-36.5253260456088,-12.8413887071443));
#3513=CARTESIAN_POINT('Ctrl Pts',(8.,-36.5319241763335,-13.0255937643752));
#3514=CARTESIAN_POINT('Ctrl Pts',(8.,-36.5219555453226,-13.200514818737));
#3515=CARTESIAN_POINT('Ctrl Pts',(8.,-36.5204861934876,-13.2262977544194));
#3516=CARTESIAN_POINT('Ctrl Pts',(8.,-36.5186569529037,-13.2518790658039));
#3517=CARTESIAN_POINT('Ctrl Pts',(8.,-36.5164678315322,-13.2772587652896));
#3518=CARTESIAN_POINT('Ctrl Pts',(-8.,174.388197543224,-13.0867587577198));
#3519=CARTESIAN_POINT('Ctrl Pts',(-8.,173.435806607335,-12.6874238660597));
#3520=CARTESIAN_POINT('Ctrl Pts',(-8.,172.470915769345,-12.2910960922644));
#3521=CARTESIAN_POINT('Ctrl Pts',(-8.,171.493535807535,-11.8977790869419));
#3522=CARTESIAN_POINT('Ctrl Pts',(-8.,170.761283942443,-11.6031064703817));
#3523=CARTESIAN_POINT('Ctrl Pts',(-8.,170.022020977744,-11.3101237561141));
#3524=CARTESIAN_POINT('Ctrl Pts',(-8.,169.275785670507,-11.0188386682853));
#3525=CARTESIAN_POINT('Ctrl Pts',(-8.,168.601081775,-10.7554751131767));
#3526=CARTESIAN_POINT('Ctrl Pts',(-8.,167.920677670825,-10.4934992799184));
#3527=CARTESIAN_POINT('Ctrl Pts',(-8.,167.23464244706,-10.2329232361029));
#3528=CARTESIAN_POINT('Ctrl Pts',(-8.,166.595487634707,-9.99015373007871));
#3529=CARTESIAN_POINT('Ctrl Pts',(-8.,165.951444670137,-9.74859920282832));
#3530=CARTESIAN_POINT('Ctrl Pts',(-8.,165.302611888606,-9.50827578022603));
#3531=CARTESIAN_POINT('Ctrl Pts',(-8.,164.686015369793,-9.27989245869264));
#3532=CARTESIAN_POINT('Ctrl Pts',(-8.,164.065092860857,-9.05262091429524));
#3533=CARTESIAN_POINT('Ctrl Pts',(-8.,163.439973238105,-8.82648149106088));
#3534=CARTESIAN_POINT('Ctrl Pts',(-8.,162.835533516719,-8.60782310153149));
#3535=CARTESIAN_POINT('Ctrl Pts',(-8.,162.227169574195,-8.39022314395611));
#3536=CARTESIAN_POINT('Ctrl Pts',(-8.,161.615044527376,-8.17370671858399));
#3537=CARTESIAN_POINT('Ctrl Pts',(-8.,161.021501159092,-7.96376286957445));
#3538=CARTESIAN_POINT('Ctrl Pts',(-8.,160.424421448714,-7.75483775627771));
#3539=CARTESIAN_POINT('Ctrl Pts',(-8.,159.824000843373,-7.54696090539636));
#3540=CARTESIAN_POINT('Ctrl Pts',(-8.,159.246402179131,-7.3469854376531));
#3541=CARTESIAN_POINT('Ctrl Pts',(-8.,158.665711628431,-7.14798004108246));
#3542=CARTESIAN_POINT('Ctrl Pts',(-8.,158.082148490574,-6.94997738322636));
#3543=CARTESIAN_POINT('Ctrl Pts',(-8.,157.515463468478,-6.75770146094251));
#3544=CARTESIAN_POINT('Ctrl Pts',(-8.,156.946069379134,-6.56637107983712));
#3545=CARTESIAN_POINT('Ctrl Pts',(-8.,156.374213807827,-6.37602271807691));
#3546=CARTESIAN_POINT('Ctrl Pts',(-8.,155.796138908327,-6.18360418511917));
#3547=CARTESIAN_POINT('Ctrl Pts',(-8.,155.215548368578,-5.99218910562617));
#3548=CARTESIAN_POINT('Ctrl Pts',(-8.,154.632752001266,-5.8018227225118));
#3549=CARTESIAN_POINT('Ctrl Pts',(-8.,154.029093445594,-5.60464185055591));
#3550=CARTESIAN_POINT('Ctrl Pts',(-8.,153.42306847509,-5.40858613360381));
#3551=CARTESIAN_POINT('Ctrl Pts',(-8.,152.815079502005,-5.2137138455498));
#3552=CARTESIAN_POINT('Ctrl Pts',(-8.,152.159583572188,-5.0036146541033));
#3553=CARTESIAN_POINT('Ctrl Pts',(-8.,151.501804730915,-4.79489108182846));
#3554=CARTESIAN_POINT('Ctrl Pts',(-8.,150.842313451789,-4.58762498802385));
#3555=CARTESIAN_POINT('Ctrl Pts',(-8.,150.093019517449,-4.35213555579369));
#3556=CARTESIAN_POINT('Ctrl Pts',(-8.,149.341516404435,-4.11852781882734));
#3557=CARTESIAN_POINT('Ctrl Pts',(-8.,148.588714072265,-3.88693079725215));
#3558=CARTESIAN_POINT('Ctrl Pts',(-8.,147.480748856686,-3.54606914875338));
#3559=CARTESIAN_POINT('Ctrl Pts',(-8.,146.369977675438,-3.20956488773438));
#3560=CARTESIAN_POINT('Ctrl Pts',(-8.,145.259389206132,-2.87783267296409));
#3561=CARTESIAN_POINT('Ctrl Pts',(-8.,144.557291166185,-2.66811634309533));
#3562=CARTESIAN_POINT('Ctrl Pts',(-8.,143.855267636434,-2.46030718927275));
#3563=CARTESIAN_POINT('Ctrl Pts',(-8.,143.154045210524,-2.25450295587428));
#3564=CARTESIAN_POINT('Ctrl Pts',(-8.,142.533216778619,-2.07229383822628));
#3565=CARTESIAN_POINT('Ctrl Pts',(-8.,141.913016904983,-1.89165634123345));
#3566=CARTESIAN_POINT('Ctrl Pts',(-8.,141.293912433756,-1.71265113752228));
#3567=CARTESIAN_POINT('Ctrl Pts',(-8.,140.718087874048,-1.54615970125749));
#3568=CARTESIAN_POINT('Ctrl Pts',(-8.,140.143211322759,-1.38108036890246));
#3569=CARTESIAN_POINT('Ctrl Pts',(-8.,139.569617068808,-1.21745452887847));
#3570=CARTESIAN_POINT('Ctrl Pts',(-8.,139.024174782094,-1.06185943402952));
#3571=CARTESIAN_POINT('Ctrl Pts',(-8.,138.479892288903,-0.907578694768156));
#3572=CARTESIAN_POINT('Ctrl Pts',(-8.,137.937013376642,-0.754640288770083));
#3573=CARTESIAN_POINT('Ctrl Pts',(-8.,137.415572451832,-0.60774133568589));
#3574=CARTESIAN_POINT('Ctrl Pts',(-8.,136.895426654583,-0.462080821515764));
#3575=CARTESIAN_POINT('Ctrl Pts',(-8.,136.376747222347,-0.317675870958417));
#3576=CARTESIAN_POINT('Ctrl Pts',(-8.,135.862708152273,-0.174562838350841));
#3577=CARTESIAN_POINT('Ctrl Pts',(-8.,135.350109743658,-0.0326830686369335));
#3578=CARTESIAN_POINT('Ctrl Pts',(-8.,134.839068916247,0.107955180680828));
#3579=CARTESIAN_POINT('Ctrl Pts',(-8.,134.332020595301,0.247494693675795));
#3580=CARTESIAN_POINT('Ctrl Pts',(-8.,133.826506056648,0.385811939439273));
#3581=CARTESIAN_POINT('Ctrl Pts',(-8.,133.322583793091,0.522908188651561));
#3582=CARTESIAN_POINT('Ctrl Pts',(-8.,132.850438254165,0.651359315244549));
#3583=CARTESIAN_POINT('Ctrl Pts',(-8.,132.379690350255,0.778738608612761));
#3584=CARTESIAN_POINT('Ctrl Pts',(-8.,131.910337998965,0.905055473846776));
#3585=CARTESIAN_POINT('Ctrl Pts',(-8.,131.416977329924,1.03783370106103));
#3586=CARTESIAN_POINT('Ctrl Pts',(-8.,130.925158849622,1.1694380077043));
#3587=CARTESIAN_POINT('Ctrl Pts',(-8.,130.434819596417,1.29988929435499));
#3588=CARTESIAN_POINT('Ctrl Pts',(-8.,129.932091994829,1.43363641338217));
#3589=CARTESIAN_POINT('Ctrl Pts',(-8.,129.430918953183,1.56617159441733));
#3590=CARTESIAN_POINT('Ctrl Pts',(-8.,128.931172814143,1.69752693720402));
#3591=CARTESIAN_POINT('Ctrl Pts',(-8.,128.404651367553,1.83592001260477));
#3592=CARTESIAN_POINT('Ctrl Pts',(-8.,127.879713582696,1.97300350663036));
#3593=CARTESIAN_POINT('Ctrl Pts',(-8.,127.356148831662,2.10882435138556));
#3594=CARTESIAN_POINT('Ctrl Pts',(-8.,126.793302129368,2.2548355456501));
#3595=CARTESIAN_POINT('Ctrl Pts',(-8.,126.232041857133,2.39938762687981));
#3596=CARTESIAN_POINT('Ctrl Pts',(-8.,125.672041675878,2.54254808983865));
#3597=CARTESIAN_POINT('Ctrl Pts',(-8.,125.045380946222,2.70274989544294));
#3598=CARTESIAN_POINT('Ctrl Pts',(-8.,124.420297569127,2.86120926647593));
#3599=CARTESIAN_POINT('Ctrl Pts',(-8.,123.796262873607,3.01802941666357));
#3600=CARTESIAN_POINT('Ctrl Pts',(-8.,123.017176931813,3.21381400248578));
#3601=CARTESIAN_POINT('Ctrl Pts',(-8.,122.239723583368,3.40704439214647));
#3602=CARTESIAN_POINT('Ctrl Pts',(-8.,121.462784524822,3.59792655456761));
#3603=CARTESIAN_POINT('Ctrl Pts',(-8.,120.701491767933,3.78496465758492));
#3604=CARTESIAN_POINT('Ctrl Pts',(-8.,119.940686613455,3.96974933438755));
#3605=CARTESIAN_POINT('Ctrl Pts',(-8.,119.179311986651,4.15246234195266));
#3606=CARTESIAN_POINT('Ctrl Pts',(-8.,118.577874970576,4.29679387363162));
#3607=CARTESIAN_POINT('Ctrl Pts',(-8.,117.976081645141,4.43983261942404));
#3608=CARTESIAN_POINT('Ctrl Pts',(-8.,117.373444175596,4.58165600750709));
#3609=CARTESIAN_POINT('Ctrl Pts',(-8.,116.835401218545,4.70827786386235));
#3610=CARTESIAN_POINT('Ctrl Pts',(-8.,116.296684918544,4.83393096299645));
#3611=CARTESIAN_POINT('Ctrl Pts',(-8.,115.756985846829,4.95865967656553));
#3612=CARTESIAN_POINT('Ctrl Pts',(-8.,115.257961920968,5.07398804301063));
#3613=CARTESIAN_POINT('Ctrl Pts',(-8.,114.75809736438,5.18852616172884));
#3614=CARTESIAN_POINT('Ctrl Pts',(-8.,114.257188190571,5.30229870269329));
#3615=CARTESIAN_POINT('Ctrl Pts',(-8.,113.77602481397,5.41158633972869));
#3616=CARTESIAN_POINT('Ctrl Pts',(-8.,113.293897125953,5.5201676411069));
#3617=CARTESIAN_POINT('Ctrl Pts',(-8.,112.81066951221,5.62805350954279));
#3618=CARTESIAN_POINT('Ctrl Pts',(-8.,112.328441574009,5.73571618944199));
#3619=CARTESIAN_POINT('Ctrl Pts',(-8.,111.845118178995,5.84268631210729));
#3620=CARTESIAN_POINT('Ctrl Pts',(-8.,111.360615317065,5.94896275897274));
#3621=CARTESIAN_POINT('Ctrl Pts',(-8.,110.874490680243,6.05559494465131));
#3622=CARTESIAN_POINT('Ctrl Pts',(-8.,110.387178667027,6.161528787121));
#3623=CARTESIAN_POINT('Ctrl Pts',(-8.,109.898645764785,6.2667513068041));
#3624=CARTESIAN_POINT('Ctrl Pts',(-8.,109.398034663785,6.37457528587849));
#3625=CARTESIAN_POINT('Ctrl Pts',(-8.,108.896141461743,6.48165233931637));
#3626=CARTESIAN_POINT('Ctrl Pts',(-8.,108.392985299627,6.58795601977291));
#3627=CARTESIAN_POINT('Ctrl Pts',(-8.,107.864034033334,6.69970952817217));
#3628=CARTESIAN_POINT('Ctrl Pts',(-8.,107.333687246737,6.81060825429351));
#3629=CARTESIAN_POINT('Ctrl Pts',(-8.,106.802026204133,6.92060843744387));
#3630=CARTESIAN_POINT('Ctrl Pts',(-8.,106.235501844557,7.03782180896959));
#3631=CARTESIAN_POINT('Ctrl Pts',(-8.,105.667485589654,7.15401481084398));
#3632=CARTESIAN_POINT('Ctrl Pts',(-8.,105.098136365506,7.26912160333966));
#3633=CARTESIAN_POINT('Ctrl Pts',(-8.,104.487091269639,7.39265815713181));
#3634=CARTESIAN_POINT('Ctrl Pts',(-8.,103.874511219928,7.51494343072572));
#3635=CARTESIAN_POINT('Ctrl Pts',(-8.,103.260653595122,7.63588391607808));
#3636=CARTESIAN_POINT('Ctrl Pts',(-8.,102.580743906793,7.76983779134094));
#3637=CARTESIAN_POINT('Ctrl Pts',(-8.,101.899267484446,7.90214165683226));
#3638=CARTESIAN_POINT('Ctrl Pts',(-8.,101.216639297436,8.03265712545276));
#3639=CARTESIAN_POINT('Ctrl Pts',(-8.,100.32258791032,8.20359576815871));
#3640=CARTESIAN_POINT('Ctrl Pts',(-8.,99.4265625320493,8.37146559894019));
#3641=CARTESIAN_POINT('Ctrl Pts',(-8.,98.5295917999985,8.53594627454187));
#3642=CARTESIAN_POINT('Ctrl Pts',(-8.,97.7020633471968,8.68769307533795));
#3643=CARTESIAN_POINT('Ctrl Pts',(-8.,96.8737364480236,8.83655375343318));
#3644=CARTESIAN_POINT('Ctrl Pts',(-8.,96.0454175020881,8.98229040549339));
#3645=CARTESIAN_POINT('Ctrl Pts',(-8.,95.3919519932443,9.09726287589626));
#3646=CARTESIAN_POINT('Ctrl Pts',(-8.,94.7384923054294,9.21029105569613));
#3647=CARTESIAN_POINT('Ctrl Pts',(-8.,94.0853989657554,9.3212730182286));
#3648=CARTESIAN_POINT('Ctrl Pts',(-8.,93.4915306693492,9.42219070490088));
#3649=CARTESIAN_POINT('Ctrl Pts',(-8.,92.8979657694697,9.52141639897));
#3650=CARTESIAN_POINT('Ctrl Pts',(-8.,92.3049340172122,9.61888787223073));
#3651=CARTESIAN_POINT('Ctrl Pts',(-8.,91.745497644163,9.71083756509147));
#3652=CARTESIAN_POINT('Ctrl Pts',(-8.,91.1865360157073,9.80122611854178));
#3653=CARTESIAN_POINT('Ctrl Pts',(-8.,90.6281982832342,9.89001547153561));
#3654=CARTESIAN_POINT('Ctrl Pts',(-8.,90.0838691610819,9.97657711292339));
#3655=CARTESIAN_POINT('Ctrl Pts',(-8.,89.5401333747378,10.0616187200046));
#3656=CARTESIAN_POINT('Ctrl Pts',(-8.,88.9970812051571,10.1451199103625));
#3657=CARTESIAN_POINT('Ctrl Pts',(-8.,88.4364942936983,10.2313172907026));
#3658=CARTESIAN_POINT('Ctrl Pts',(-8.,87.8766357131179,10.3158732652437));
#3659=CARTESIAN_POINT('Ctrl Pts',(-8.,87.3175504623966,10.3987816404224));
#3660=CARTESIAN_POINT('Ctrl Pts',(-8.,86.7339820056298,10.4853207013146));
#3661=CARTESIAN_POINT('Ctrl Pts',(-8.,86.1512558731181,10.5700648377052));
#3662=CARTESIAN_POINT('Ctrl Pts',(-8.,85.5693679542745,10.653022565058));
#3663=CARTESIAN_POINT('Ctrl Pts',(-8.,84.960951386305,10.7397623892201));
#3664=CARTESIAN_POINT('Ctrl Pts',(-8.,84.353450971893,10.8245493651506));
#3665=CARTESIAN_POINT('Ctrl Pts',(-8.,83.7468066634074,10.907407447132));
#3666=CARTESIAN_POINT('Ctrl Pts',(-8.,83.107225938521,10.9947641261532));
#3667=CARTESIAN_POINT('Ctrl Pts',(-8.,82.4685965365153,11.0799769856246));
#3668=CARTESIAN_POINT('Ctrl Pts',(-8.,81.8307915441835,11.1630867203613));
#3669=CARTESIAN_POINT('Ctrl Pts',(-8.,81.1415656346658,11.2528969024739));
#3670=CARTESIAN_POINT('Ctrl Pts',(-8.,80.4533020072905,11.34025154287));
#3671=CARTESIAN_POINT('Ctrl Pts',(-8.,79.7657809317725,11.4252119611843));
#3672=CARTESIAN_POINT('Ctrl Pts',(-8.,78.975891351994,11.5228225676221));
#3673=CARTESIAN_POINT('Ctrl Pts',(-8.,78.1869811408111,11.6172737874358));
#3674=CARTESIAN_POINT('Ctrl Pts',(-8.,77.3986497862881,11.7086612033505));
#3675=CARTESIAN_POINT('Ctrl Pts',(-8.,76.4632912181327,11.8170927683352));
#3676=CARTESIAN_POINT('Ctrl Pts',(-8.,75.528744529076,11.9212136394106));
#3677=CARTESIAN_POINT('Ctrl Pts',(-8.,74.5942821344771,12.0211582091739));
#3678=CARTESIAN_POINT('Ctrl Pts',(-8.,73.8530745473282,12.1004333879623));
#3679=CARTESIAN_POINT('Ctrl Pts',(-8.,73.1119175469444,12.1770810296895));
#3680=CARTESIAN_POINT('Ctrl Pts',(-8.,72.370454455331,12.2511417845181));
#3681=CARTESIAN_POINT('Ctrl Pts',(-8.,71.6954343158555,12.3185659107079));
#3682=CARTESIAN_POINT('Ctrl Pts',(-8.,71.0201593764612,12.3838462844953));
#3683=CARTESIAN_POINT('Ctrl Pts',(-8.,70.3443878994305,12.4469862313384));
#3684=CARTESIAN_POINT('Ctrl Pts',(-8.,69.6791753517283,12.5091396165119));
#3685=CARTESIAN_POINT('Ctrl Pts',(-8.,69.0134810339698,12.5692189963709));
#3686=CARTESIAN_POINT('Ctrl Pts',(-8.,68.347116295195,12.6271957165956));
#3687=CARTESIAN_POINT('Ctrl Pts',(-8.,67.6866617718408,12.6846582215775));
#3688=CARTESIAN_POINT('Ctrl Pts',(-8.,67.0255485440244,12.7400548567409));
#3689=CARTESIAN_POINT('Ctrl Pts',(-8.,66.3636384367131,12.7933296789013));
#3690=CARTESIAN_POINT('Ctrl Pts',(-8.,65.6869215766878,12.8477962446366));
#3691=CARTESIAN_POINT('Ctrl Pts',(-8.,65.0093716193891,12.9000446004713));
#3692=CARTESIAN_POINT('Ctrl Pts',(-8.,64.3308918684189,12.9499904981797));
#3693=CARTESIAN_POINT('Ctrl Pts',(-8.,63.6376493423902,13.0010231491065));
#3694=CARTESIAN_POINT('Ctrl Pts',(-8.,62.9434361327575,13.0496514212892));
#3695=CARTESIAN_POINT('Ctrl Pts',(-8.,62.2482023937414,13.0957685800838));
#3696=CARTESIAN_POINT('Ctrl Pts',(-8.,61.5485149334301,13.1421811689771));
#3697=CARTESIAN_POINT('Ctrl Pts',(-8.,60.8477938585393,13.1860496965315));
#3698=CARTESIAN_POINT('Ctrl Pts',(-8.,60.1460409345687,13.2272585898421));
#3699=CARTESIAN_POINT('Ctrl Pts',(-8.,59.4451443462787,13.2684171967278));
#3700=CARTESIAN_POINT('Ctrl Pts',(-8.,58.7432184696433,13.3069219983871));
#3701=CARTESIAN_POINT('Ctrl Pts',(-8.,58.0403168715038,13.3426610360511));
#3702=CARTESIAN_POINT('Ctrl Pts',(-8.,57.3393868569212,13.3782998285326));
#3703=CARTESIAN_POINT('Ctrl Pts',(-8.,56.637486753071,13.411187751209));
#3704=CARTESIAN_POINT('Ctrl Pts',(-8.,55.9347197844336,13.4412264270983));
#3705=CARTESIAN_POINT('Ctrl Pts',(-8.,55.2432432098711,13.4707825127359));
#3706=CARTESIAN_POINT('Ctrl Pts',(-8.,54.5509276738667,13.4975796546091));
#3707=CARTESIAN_POINT('Ctrl Pts',(-8.,53.8579165464675,13.5215444993388));
#3708=CARTESIAN_POINT('Ctrl Pts',(-8.,53.1867905952668,13.5447525382558));
#3709=CARTESIAN_POINT('Ctrl Pts',(-8.,52.5150124821828,13.565303820058));
#3710=CARTESIAN_POINT('Ctrl Pts',(-8.,51.8427514336475,13.583158328926));
#3711=CARTESIAN_POINT('Ctrl Pts',(-8.,51.1792124600673,13.6007811891435));
#3712=CARTESIAN_POINT('Ctrl Pts',(-8.,50.5152030657048,13.6157762760041));
#3713=CARTESIAN_POINT('Ctrl Pts',(-8.,49.8509230662154,13.6281393890187));
#3714=CARTESIAN_POINT('Ctrl Pts',(-8.,49.1759996245465,13.6407005903071));
#3715=CARTESIAN_POINT('Ctrl Pts',(-8.,48.5007971385094,13.6505446329337));
#3716=CARTESIAN_POINT('Ctrl Pts',(-8.,47.8255613716738,13.6577083941818));
#3717=CARTESIAN_POINT('Ctrl Pts',(-8.,47.1024439442854,13.6653801450851));
#3718=CARTESIAN_POINT('Ctrl Pts',(-8.,46.3792885823498,13.6699775356999));
#3719=CARTESIAN_POINT('Ctrl Pts',(-8.,45.6564348152028,13.6715988225531));
#3720=CARTESIAN_POINT('Ctrl Pts',(-8.,44.7295363658957,13.6736777606984));
#3721=CARTESIAN_POINT('Ctrl Pts',(-8.,43.803137047561,13.6708643771714));
#3722=CARTESIAN_POINT('Ctrl Pts',(-8.,42.8779928524932,13.6634567106063));
#3723=CARTESIAN_POINT('Ctrl Pts',(-8.,42.1027051252343,13.6572489507715));
#3724=CARTESIAN_POINT('Ctrl Pts',(-8.,41.3283015678523,13.6478182776936));
#3725=CARTESIAN_POINT('Ctrl Pts',(-8.,40.5552035539471,13.6353503593489));
#3726=CARTESIAN_POINT('Ctrl Pts',(-8.,39.8942144741438,13.6246904459543));
#3727=CARTESIAN_POINT('Ctrl Pts',(-8.,39.2341801783061,13.611811116752));
#3728=CARTESIAN_POINT('Ctrl Pts',(-8.,38.575329697895,13.5968143992455));
#3729=CARTESIAN_POINT('Ctrl Pts',(-8.,37.9740233552049,13.5831274981589));
#3730=CARTESIAN_POINT('Ctrl Pts',(-8.,37.3737033519681,13.5676773560625));
#3731=CARTESIAN_POINT('Ctrl Pts',(-8.,36.7745083040071,13.5505211716043));
#3732=CARTESIAN_POINT('Ctrl Pts',(-8.,36.2116745694074,13.5344060862027));
#3733=CARTESIAN_POINT('Ctrl Pts',(-8.,35.6498336186691,13.5167860271791));
#3734=CARTESIAN_POINT('Ctrl Pts',(-8.,35.0890639391879,13.4976845324577));
#3735=CARTESIAN_POINT('Ctrl Pts',(-8.,34.5530389245374,13.4794259151277));
#3736=CARTESIAN_POINT('Ctrl Pts',(-8.,34.0179928974766,13.4598139292914));
#3737=CARTESIAN_POINT('Ctrl Pts',(-8.,33.4839572055255,13.4388429972203));
#3738=CARTESIAN_POINT('Ctrl Pts',(-8.,32.9687880732912,13.4186129320018));
#3739=CARTESIAN_POINT('Ctrl Pts',(-8.,32.4545592814742,13.3971183972155));
#3740=CARTESIAN_POINT('Ctrl Pts',(-8.,31.941261395681,13.3743269283953));
#3741=CARTESIAN_POINT('Ctrl Pts',(-8.,31.4442943702938,13.352260582951));
#3742=CARTESIAN_POINT('Ctrl Pts',(-8.,30.9482000597986,13.3289786355695));
#3743=CARTESIAN_POINT('Ctrl Pts',(-8.,30.4529323600785,13.3044234464935));
#3744=CARTESIAN_POINT('Ctrl Pts',(-8.,29.9723012382849,13.2805939335288));
#3745=CARTESIAN_POINT('Ctrl Pts',(-8.,29.4924487041045,13.2555654446583));
#3746=CARTESIAN_POINT('Ctrl Pts',(-8.,29.013295138104,13.2292565848643));
#3747=CARTESIAN_POINT('Ctrl Pts',(-8.,28.5439412618158,13.203485796121));
#3748=CARTESIAN_POINT('Ctrl Pts',(-8.,28.075258193872,13.1764866099443));
#3749=CARTESIAN_POINT('Ctrl Pts',(-8.,27.6071326698714,13.1481525997049));
#3750=CARTESIAN_POINT('Ctrl Pts',(-8.,27.1256399186786,13.1190095176829));
#3751=CARTESIAN_POINT('Ctrl Pts',(-8.,26.6447372774154,13.0884545339874));
#3752=CARTESIAN_POINT('Ctrl Pts',(-8.,26.1642559959196,13.0563359486795));
#3753=CARTESIAN_POINT('Ctrl Pts',(-8.,25.6476840046961,13.0218048187337));
#3754=CARTESIAN_POINT('Ctrl Pts',(-8.,25.1315987227571,12.9854661620394));
#3755=CARTESIAN_POINT('Ctrl Pts',(-8.,24.6157393597023,12.9470905305143));
#3756=CARTESIAN_POINT('Ctrl Pts',(-8.,24.0380615749874,12.9041161243212));
#3757=CARTESIAN_POINT('Ctrl Pts',(-8.,23.4606665492614,12.8585869611135));
#3758=CARTESIAN_POINT('Ctrl Pts',(-8.,22.8831326004324,12.8101350077658));
#3759=CARTESIAN_POINT('Ctrl Pts',(-8.,22.1497947783823,12.7486119578843));
#3760=CARTESIAN_POINT('Ctrl Pts',(-8.,21.4162310713163,12.6823754224605));
#3761=CARTESIAN_POINT('Ctrl Pts',(-8.,20.6815089177808,12.6106090213725));
#3762=CARTESIAN_POINT('Ctrl Pts',(-8.,19.9913595360865,12.5431964122673));
#3763=CARTESIAN_POINT('Ctrl Pts',(-8.,19.3001831348272,12.470900820005));
#3764=CARTESIAN_POINT('Ctrl Pts',(-8.,18.6072120742734,12.3930390687654));
#3765=CARTESIAN_POINT('Ctrl Pts',(-8.,18.0643373262617,12.3320420358588));
#3766=CARTESIAN_POINT('Ctrl Pts',(-8.,17.5203605117091,12.2676282585805));
#3767=CARTESIAN_POINT('Ctrl Pts',(-8.,16.9749428646777,12.199487450232));
#3768=CARTESIAN_POINT('Ctrl Pts',(-8.,16.4806433052281,12.1377329915515));
#3769=CARTESIAN_POINT('Ctrl Pts',(-8.,15.9851599384135,12.0729170355723));
#3770=CARTESIAN_POINT('Ctrl Pts',(-8.,15.4882751270137,12.0048316211482));
#3771=CARTESIAN_POINT('Ctrl Pts',(-8.,15.019192064686,11.9405557286975));
#3772=CARTESIAN_POINT('Ctrl Pts',(-8.,14.5488597447408,11.8733658050403));
#3773=CARTESIAN_POINT('Ctrl Pts',(-8.,14.0771321047622,11.8031123472089));
#3774=CARTESIAN_POINT('Ctrl Pts',(-8.,13.6252763704939,11.735818372714));
#3775=CARTESIAN_POINT('Ctrl Pts',(-8.,13.1721402152701,11.6657133927341));
#3776=CARTESIAN_POINT('Ctrl Pts',(-8.,12.7176332915884,11.5926924545131));
#3777=CARTESIAN_POINT('Ctrl Pts',(-8.,12.2808600852604,11.5225206096982));
#3778=CARTESIAN_POINT('Ctrl Pts',(-8.,11.8428208702796,11.449655818288));
#3779=CARTESIAN_POINT('Ctrl Pts',(-8.,11.4034734987767,11.3740315762834));
#3780=CARTESIAN_POINT('Ctrl Pts',(-8.,10.9823145124599,11.3015380753102));
#3781=CARTESIAN_POINT('Ctrl Pts',(-8.,10.5599532738168,11.2265087289156));
#3782=CARTESIAN_POINT('Ctrl Pts',(-8.,10.1363902158695,11.1489115033505));
#3783=CARTESIAN_POINT('Ctrl Pts',(-8.,9.72768542411257,11.0740363287562));
#3784=CARTESIAN_POINT('Ctrl Pts',(-8.,9.31786150238512,10.996770147812));
#3785=CARTESIAN_POINT('Ctrl Pts',(-8.,8.90695693664146,10.917111429118));
#3786=CARTESIAN_POINT('Ctrl Pts',(-8.,8.50535351442644,10.8392558473022));
#3787=CARTESIAN_POINT('Ctrl Pts',(-8.,8.10271763706971,10.7591146716814));
#3788=CARTESIAN_POINT('Ctrl Pts',(-8.,7.69912478309179,10.6767150048862));
#3789=CARTESIAN_POINT('Ctrl Pts',(-8.,7.29354239546897,10.5939091443049));
#3790=CARTESIAN_POINT('Ctrl Pts',(-8.,6.88699350332691,10.5088224400266));
#3791=CARTESIAN_POINT('Ctrl Pts',(-8.,6.47959791799944,10.4215136135124));
#3792=CARTESIAN_POINT('Ctrl Pts',(-8.,6.06748975347826,10.3331948355552));
#3793=CARTESIAN_POINT('Ctrl Pts',(-8.,5.65451522666011,10.242602291031));
#3794=CARTESIAN_POINT('Ctrl Pts',(-8.,5.24084232193012,10.1498280289003));
#3795=CARTESIAN_POINT('Ctrl Pts',(-8.,4.82145692119038,10.0557726275019));
#3796=CARTESIAN_POINT('Ctrl Pts',(-8.,4.40135374437632,9.95947489633305));
#3797=CARTESIAN_POINT('Ctrl Pts',(-8.,3.98075236264175,9.86106179307359));
#3798=CARTESIAN_POINT('Ctrl Pts',(-8.,3.54395545807181,9.75885923088614));
#3799=CARTESIAN_POINT('Ctrl Pts',(-8.,3.10662124586382,9.6543753323981));
#3800=CARTESIAN_POINT('Ctrl Pts',(-8.,2.66904398265037,9.547785130481));
#3801=CARTESIAN_POINT('Ctrl Pts',(-8.,2.2024774146815,9.43413337370928));
#3802=CARTESIAN_POINT('Ctrl Pts',(-8.,1.73563474725919,9.31808731687979));
#3803=CARTESIAN_POINT('Ctrl Pts',(-8.,1.26892462011164,9.19989230379564));
#3804=CARTESIAN_POINT('Ctrl Pts',(-8.,0.757381666534105,9.07034331273188));
#3805=CARTESIAN_POINT('Ctrl Pts',(-8.,0.245998270921434,8.93821323441459));
#3806=CARTESIAN_POINT('Ctrl Pts',(-8.,-0.264630991078909,8.80385685165101));
#3807=CARTESIAN_POINT('Ctrl Pts',(-8.,-0.846849854574899,8.65066386743072));
#3808=CARTESIAN_POINT('Ctrl Pts',(-8.,-1.42808774514283,8.49457771000309));
#3809=CARTESIAN_POINT('Ctrl Pts',(-8.,-2.00740026149316,8.33614959806476));
#3810=CARTESIAN_POINT('Ctrl Pts',(-8.,-2.67536081895578,8.15347836797506));
#3811=CARTESIAN_POINT('Ctrl Pts',(-8.,-3.34075965291623,7.96769665445846));
#3812=CARTESIAN_POINT('Ctrl Pts',(-8.,-4.00208984237582,7.77964732986199));
#3813=CARTESIAN_POINT('Ctrl Pts',(-8.,-4.58849278719441,7.61290357693484));
#3814=CARTESIAN_POINT('Ctrl Pts',(-8.,-5.17169394036327,7.44437867723962));
#3815=CARTESIAN_POINT('Ctrl Pts',(-8.,-5.75063857829536,7.27462478479648));
#3816=CARTESIAN_POINT('Ctrl Pts',(-8.,-6.24590556925286,7.12940623710608));
#3817=CARTESIAN_POINT('Ctrl Pts',(-8.,-6.7380566405985,6.98328849892776));
#3818=CARTESIAN_POINT('Ctrl Pts',(-8.,-7.22644998045553,6.8365792732114));
#3819=CARTESIAN_POINT('Ctrl Pts',(-8.,-7.67424954426438,6.70206407424953));
#3820=CARTESIAN_POINT('Ctrl Pts',(-8.,-8.1188896301509,6.56705180701726));
#3821=CARTESIAN_POINT('Ctrl Pts',(-8.,-8.55990091261683,6.43174236413291));
#3822=CARTESIAN_POINT('Ctrl Pts',(-8.,-8.9750539948212,6.30436663816351));
#3823=CARTESIAN_POINT('Ctrl Pts',(-8.,-9.38699104810532,6.17672771412682));
#3824=CARTESIAN_POINT('Ctrl Pts',(-8.,-9.79534914262035,6.048955447975));
#3825=CARTESIAN_POINT('Ctrl Pts',(-8.,-10.1852410674914,5.92696111147427));
#3826=CARTESIAN_POINT('Ctrl Pts',(-8.,-10.5718701840586,5.80484534525494));
#3827=CARTESIAN_POINT('Ctrl Pts',(-8.,-10.9549510657358,5.68268448323467));
#3828=CARTESIAN_POINT('Ctrl Pts',(-8.,-11.323969859282,5.56500788782768));
#3829=CARTESIAN_POINT('Ctrl Pts',(-8.,-11.6896959613814,5.4472895540517));
#3830=CARTESIAN_POINT('Ctrl Pts',(-8.,-12.0519059629939,5.32956115575088));
#3831=CARTESIAN_POINT('Ctrl Pts',(-8.,-12.4035929241208,5.21525304042434));
#3832=CARTESIAN_POINT('Ctrl Pts',(-8.,-12.751964979138,5.10093552353149));
#3833=CARTESIAN_POINT('Ctrl Pts',(-8.,-13.0968504272863,4.98660097851603));
#3834=CARTESIAN_POINT('Ctrl Pts',(-8.,-13.433258192048,4.87507690891491));
#3835=CARTESIAN_POINT('Ctrl Pts',(-8.,-13.7663485367756,4.76353670879034));
#3836=CARTESIAN_POINT('Ctrl Pts',(-8.,-14.0959956313207,4.65193681104978));
#3837=CARTESIAN_POINT('Ctrl Pts',(-8.,-14.4184301196827,4.54277869461354));
#3838=CARTESIAN_POINT('Ctrl Pts',(-8.,-14.7375702826295,4.43356352850988));
#3839=CARTESIAN_POINT('Ctrl Pts',(-8.,-15.0533324443545,4.32421419268719));
#3840=CARTESIAN_POINT('Ctrl Pts',(-8.,-15.3669769403749,4.21559821052862));
#3841=CARTESIAN_POINT('Ctrl Pts',(-8.,-15.6772884566808,4.10684995126904));
#3842=CARTESIAN_POINT('Ctrl Pts',(-8.,-15.9842210247668,3.99785604443409));
#3843=CARTESIAN_POINT('Ctrl Pts',(-8.,-16.3034018899171,3.88451268143869));
#3844=CARTESIAN_POINT('Ctrl Pts',(-8.,-16.6189288474174,3.77090344118981));
#3845=CARTESIAN_POINT('Ctrl Pts',(-8.,-16.9307900256498,3.6568603919635));
#3846=CARTESIAN_POINT('Ctrl Pts',(-8.,-17.2594631017849,3.536669478771));
#3847=CARTESIAN_POINT('Ctrl Pts',(-8.,-17.584064639277,3.41599639999605));
#3848=CARTESIAN_POINT('Ctrl Pts',(-8.,-17.9046224117654,3.29460486960462));
#3849=CARTESIAN_POINT('Ctrl Pts',(-8.,-18.2649434654326,3.15815544335189));
#3850=CARTESIAN_POINT('Ctrl Pts',(-8.,-18.6201551439346,3.02079801334429));
#3851=CARTESIAN_POINT('Ctrl Pts',(-8.,-18.9703493814005,2.88215210460602));
#3852=CARTESIAN_POINT('Ctrl Pts',(-8.,-19.3483548612305,2.73249540654518));
#3853=CARTESIAN_POINT('Ctrl Pts',(-8.,-19.7205148701205,2.58133619971518));
#3854=CARTESIAN_POINT('Ctrl Pts',(-8.,-20.0869995642144,2.42815893003428));
#3855=CARTESIAN_POINT('Ctrl Pts',(-8.,-20.5329769015512,2.24175662736319));
#3856=CARTESIAN_POINT('Ctrl Pts',(-8.,-20.9705505555317,2.05236250131332));
#3857=CARTESIAN_POINT('Ctrl Pts',(-8.,-21.4000975834181,1.85903045507558));
#3858=CARTESIAN_POINT('Ctrl Pts',(-8.,-21.7658491252327,1.69441170694556));
#3859=CARTESIAN_POINT('Ctrl Pts',(-8.,-22.1257837193599,1.52693583302146));
#3860=CARTESIAN_POINT('Ctrl Pts',(-8.,-22.480150274458,1.35604739370966));
#3861=CARTESIAN_POINT('Ctrl Pts',(-8.,-22.7942367555372,1.20458347086372));
#3862=CARTESIAN_POINT('Ctrl Pts',(-8.,-23.1039499044362,1.05043820208549));
#3863=CARTESIAN_POINT('Ctrl Pts',(-8.,-23.409457593164,0.89326317617282));
#3864=CARTESIAN_POINT('Ctrl Pts',(-8.,-23.692314253051,0.747741461048587));
#3865=CARTESIAN_POINT('Ctrl Pts',(-8.,-23.9715663679377,0.59962230753162));
#3866=CARTESIAN_POINT('Ctrl Pts',(-8.,-24.2473340828793,0.448669340132134));
#3867=CARTESIAN_POINT('Ctrl Pts',(-8.,-24.5054581954322,0.307374334821295));
#3868=CARTESIAN_POINT('Ctrl Pts',(-8.,-24.7605297711284,0.163596357075143));
#3869=CARTESIAN_POINT('Ctrl Pts',(-8.,-25.0126308477368,0.0171811488577686));
#3870=CARTESIAN_POINT('Ctrl Pts',(-8.,-25.250858526682,-0.121176670494513));
#3871=CARTESIAN_POINT('Ctrl Pts',(-8.,-25.4864339004363,-0.261889682131948));
#3872=CARTESIAN_POINT('Ctrl Pts',(-8.,-25.719407217287,-0.405048321236396));
#3873=CARTESIAN_POINT('Ctrl Pts',(-8.,-25.9423375634796,-0.542035704201244));
#3874=CARTESIAN_POINT('Ctrl Pts',(-8.,-26.1628855407571,-0.681262593708728));
#3875=CARTESIAN_POINT('Ctrl Pts',(-8.,-26.381074206847,-0.82276776093135));
#3876=CARTESIAN_POINT('Ctrl Pts',(-8.,-26.5924377107808,-0.95984650340188));
#3877=CARTESIAN_POINT('Ctrl Pts',(-8.,-26.8015873632052,-1.09906340527703));
#3878=CARTESIAN_POINT('Ctrl Pts',(-8.,-27.008521453177,-1.24041212764174));
#3879=CARTESIAN_POINT('Ctrl Pts',(-8.,-27.2146976402645,-1.38124315567978));
#3880=CARTESIAN_POINT('Ctrl Pts',(-8.,-27.4186745803627,-1.52419055907679));
#3881=CARTESIAN_POINT('Ctrl Pts',(-8.,-27.620425074181,-1.66920277708703));
#3882=CARTESIAN_POINT('Ctrl Pts',(-8.,-27.8234377248379,-1.81512219566554));
#3883=CARTESIAN_POINT('Ctrl Pts',(-8.,-28.0241959801136,-1.9631323066382));
#3884=CARTESIAN_POINT('Ctrl Pts',(-8.,-28.2226458151548,-2.11313446330104));
#3885=CARTESIAN_POINT('Ctrl Pts',(-8.,-28.4223762660344,-2.26410459828231));
#3886=CARTESIAN_POINT('Ctrl Pts',(-8.,-28.6197684031229,-2.41709253209337));
#3887=CARTESIAN_POINT('Ctrl Pts',(-8.,-28.8147406464459,-2.57195171670327));
#3888=CARTESIAN_POINT('Ctrl Pts',(-8.,-29.0115035571095,-2.72823316162851));
#3889=CARTESIAN_POINT('Ctrl Pts',(-8.,-29.2058019268537,-2.88642036481755));
#3890=CARTESIAN_POINT('Ctrl Pts',(-8.,-29.3975249686523,-3.0463164636188));
#3891=CARTESIAN_POINT('Ctrl Pts',(-8.,-29.5963905174798,-3.21216937908038));
#3892=CARTESIAN_POINT('Ctrl Pts',(-8.,-29.7924852247672,-3.37986078145829));
#3893=CARTESIAN_POINT('Ctrl Pts',(-8.,-29.9856562247495,-3.54912125092607));
#3894=CARTESIAN_POINT('Ctrl Pts',(-8.,-30.1904384845838,-3.72855574907234));
#3895=CARTESIAN_POINT('Ctrl Pts',(-8.,-30.3919348112085,-3.90975330781792));
#3896=CARTESIAN_POINT('Ctrl Pts',(-8.,-30.5899329059935,-4.09234163127195));
#3897=CARTESIAN_POINT('Ctrl Pts',(-8.,-30.8047888972716,-4.29047583692748));
#3898=CARTESIAN_POINT('Ctrl Pts',(-8.,-31.0155253343088,-4.49024725759862));
#3899=CARTESIAN_POINT('Ctrl Pts',(-8.,-31.2218398294342,-4.69112717338591));
#3900=CARTESIAN_POINT('Ctrl Pts',(-8.,-31.4587306121923,-4.92177795951843));
#3901=CARTESIAN_POINT('Ctrl Pts',(-8.,-31.6897911912203,-5.15388938956861));
#3902=CARTESIAN_POINT('Ctrl Pts',(-8.,-31.9145299697408,-5.38660322853534));
#3903=CARTESIAN_POINT('Ctrl Pts',(-8.,-32.2212390744729,-5.70419618547017));
#3904=CARTESIAN_POINT('Ctrl Pts',(-8.,-32.5161729472838,-6.02290957513843));
#3905=CARTESIAN_POINT('Ctrl Pts',(-8.,-32.7980301814701,-6.34047372993193));
#3906=CARTESIAN_POINT('Ctrl Pts',(-8.,-33.0362958256561,-6.60892391937167));
#3907=CARTESIAN_POINT('Ctrl Pts',(-8.,-33.2652142073051,-6.87654827299364));
#3908=CARTESIAN_POINT('Ctrl Pts',(-8.,-33.4840012067087,-7.14198043230692));
#3909=CARTESIAN_POINT('Ctrl Pts',(-8.,-33.6568056015307,-7.35162654373693));
#3910=CARTESIAN_POINT('Ctrl Pts',(-8.,-33.8232891725225,-7.55990416712839));
#3911=CARTESIAN_POINT('Ctrl Pts',(-8.,-33.9830820382891,-7.76616899302564));
#3912=CARTESIAN_POINT('Ctrl Pts',(-8.,-34.1273370187343,-7.95237710866068));
#3913=CARTESIAN_POINT('Ctrl Pts',(-8.,-34.2661389127816,-8.13694433512136));
#3914=CARTESIAN_POINT('Ctrl Pts',(-8.,-34.3992360109004,-8.31943206224921));
#3915=CARTESIAN_POINT('Ctrl Pts',(-8.,-34.5243558626457,-8.49098228901086));
#3916=CARTESIAN_POINT('Ctrl Pts',(-8.,-34.6444340480699,-8.66069444971744));
#3917=CARTESIAN_POINT('Ctrl Pts',(-8.,-34.7592840242359,-8.82824315777329));
#3918=CARTESIAN_POINT('Ctrl Pts',(-8.,-34.8731884345173,-8.99441242851771));
#3919=CARTESIAN_POINT('Ctrl Pts',(-8.,-34.9819502789442,-9.15845356748592));
#3920=CARTESIAN_POINT('Ctrl Pts',(-8.,-35.085413657627,-9.32009414436413));
#3921=CARTESIAN_POINT('Ctrl Pts',(-8.,-35.1897198064171,-9.48305137886603));
#3922=CARTESIAN_POINT('Ctrl Pts',(-8.,-35.2886408465109,-9.64356882663862));
#3923=CARTESIAN_POINT('Ctrl Pts',(-8.,-35.3820436206636,-9.80141325081339));
#3924=CARTESIAN_POINT('Ctrl Pts',(-8.,-35.4762393784088,-9.96059776407717));
#3925=CARTESIAN_POINT('Ctrl Pts',(-8.,-35.5648228011274,-10.1170637180465));
#3926=CARTESIAN_POINT('Ctrl Pts',(-8.,-35.647683824454,-10.2706177271756));
#3927=CARTESIAN_POINT('Ctrl Pts',(-8.,-35.7329020135047,-10.4285399209177));
#3928=CARTESIAN_POINT('Ctrl Pts',(-8.,-35.8120675518779,-10.5833820523643));
#3929=CARTESIAN_POINT('Ctrl Pts',(-8.,-35.8850889534762,-10.7349826565827));
#3930=CARTESIAN_POINT('Ctrl Pts',(-8.,-35.9611458400662,-10.8928852674563));
#3931=CARTESIAN_POINT('Ctrl Pts',(-8.,-36.0305372949429,-11.0472714892408));
#3932=CARTESIAN_POINT('Ctrl Pts',(-8.,-36.0931896919907,-11.1980104925381));
#3933=CARTESIAN_POINT('Ctrl Pts',(-8.,-36.1592421081536,-11.3569297972564));
#3934=CARTESIAN_POINT('Ctrl Pts',(-8.,-36.2178043959766,-11.5117956309177));
#3935=CARTESIAN_POINT('Ctrl Pts',(-8.,-36.2688199603411,-11.6625063845121));
#3936=CARTESIAN_POINT('Ctrl Pts',(-8.,-36.3259485763582,-11.8312763840014));
#3937=CARTESIAN_POINT('Ctrl Pts',(-8.,-36.3736136401767,-11.9948360638249));
#3938=CARTESIAN_POINT('Ctrl Pts',(-8.,-36.4117696691786,-12.1531023473693));
#3939=CARTESIAN_POINT('Ctrl Pts',(-8.,-36.4530301597989,-12.3242455370175));
#3940=CARTESIAN_POINT('Ctrl Pts',(-8.,-36.4831717680152,-12.4891996658689));
#3941=CARTESIAN_POINT('Ctrl Pts',(-8.,-36.5021689281816,-12.6479164559055));
#3942=CARTESIAN_POINT('Ctrl Pts',(-8.,-36.5253260456088,-12.8413887071443));
#3943=CARTESIAN_POINT('Ctrl Pts',(-8.,-36.5319241763335,-13.0255937643752));
#3944=CARTESIAN_POINT('Ctrl Pts',(-8.,-36.5219555453226,-13.200514818737));
#3945=CARTESIAN_POINT('Ctrl Pts',(-8.,-36.5204861934876,-13.2262977544194));
#3946=CARTESIAN_POINT('Ctrl Pts',(-8.,-36.5186569529037,-13.2518790658039));
#3947=CARTESIAN_POINT('Ctrl Pts',(-8.,-36.5164678315322,-13.2772587652896));
#3948=CARTESIAN_POINT('Ctrl Pts',(-800.,174.388197543224,-13.0867587577198));
#3949=CARTESIAN_POINT('Ctrl Pts',(-1035.65204544757,215.925422067198,-11.9857600112614));
#3950=CARTESIAN_POINT('Ctrl Pts',(-800.,173.640546391508,-12.9325827994326));
#3951=CARTESIAN_POINT('Ctrl Pts',(-1035.65204544757,215.177770915482,-11.8315840529742));
#3952=CARTESIAN_POINT('Ctrl Pts',(-800.,172.145884916516,-12.6325725676663));
#3953=CARTESIAN_POINT('Ctrl Pts',(-1035.65204544757,213.68310944049,-11.5315738212078));
#3954=CARTESIAN_POINT('Ctrl Pts',(-800.,169.905815055891,-12.207582175829));
#3955=CARTESIAN_POINT('Ctrl Pts',(-1035.65204544757,211.443039579865,-11.1065834293706));
#3956=CARTESIAN_POINT('Ctrl Pts',(-800.,166.922902843289,-11.691001723675));
#3957=CARTESIAN_POINT('Ctrl Pts',(-1035.65204544757,208.460127367263,-10.5900029772165));
#3958=CARTESIAN_POINT('Ctrl Pts',(-800.,163.200268329317,-11.1284426868059));
#3959=CARTESIAN_POINT('Ctrl Pts',(-1035.65204544757,204.737492853291,-10.0274439403475));
#3960=CARTESIAN_POINT('Ctrl Pts',(-800.,159.482422352801,-10.6479709150138));
#3961=CARTESIAN_POINT('Ctrl Pts',(-1035.65204544757,201.019646876775,-9.54697216855537));
#3962=CARTESIAN_POINT('Ctrl Pts',(-800.,155.766877818616,-10.2472271338563));
#3963=CARTESIAN_POINT('Ctrl Pts',(-1035.65204544757,197.30410234259,-9.14622838739786));
#3964=CARTESIAN_POINT('Ctrl Pts',(-800.,152.049554921967,-9.92218141364438));
#3965=CARTESIAN_POINT('Ctrl Pts',(-1035.65204544757,193.586779445941,-8.82118266718595));
#3966=CARTESIAN_POINT('Ctrl Pts',(-800.,148.324119472677,-9.66649213739976));
#3967=CARTESIAN_POINT('Ctrl Pts',(-1035.65204544757,189.861343996651,-8.56549339094133));
#3968=CARTESIAN_POINT('Ctrl Pts',(-800.,144.582587970809,-9.47179424141918));
#3969=CARTESIAN_POINT('Ctrl Pts',(-1035.65204544757,186.119812494783,-8.37079549496075));
#3970=CARTESIAN_POINT('Ctrl Pts',(-800.,140.81709148081,-9.32883824524675));
#3971=CARTESIAN_POINT('Ctrl Pts',(-1035.65204544757,182.354316004784,-8.22783949878833));
#3972=CARTESIAN_POINT('Ctrl Pts',(-800.,137.021323914444,-9.22839352536583));
#3973=CARTESIAN_POINT('Ctrl Pts',(-1035.65204544757,178.558548438418,-8.1273947789074));
#3974=CARTESIAN_POINT('Ctrl Pts',(-800.,133.192109226281,-9.16224085748085));
#3975=CARTESIAN_POINT('Ctrl Pts',(-1035.65204544757,174.729333750255,-8.06124211102242));
#3976=CARTESIAN_POINT('Ctrl Pts',(-800.,129.330953395287,-9.12414180143591));
#3977=CARTESIAN_POINT('Ctrl Pts',(-1035.65204544757,170.868177919261,-8.02314305497748));
#3978=CARTESIAN_POINT('Ctrl Pts',(-800.,125.445525679024,-9.1107802296503));
#3979=CARTESIAN_POINT('Ctrl Pts',(-1035.65204544757,166.982750202998,-8.00978148319187));
#3980=CARTESIAN_POINT('Ctrl Pts',(-800.,121.54736271796,-9.12095174234863));
#3981=CARTESIAN_POINT('Ctrl Pts',(-1035.65204544757,163.084587241934,-8.0199529958902));
#3982=CARTESIAN_POINT('Ctrl Pts',(-800.,117.649724595779,-9.15481975520845));
#3983=CARTESIAN_POINT('Ctrl Pts',(-1035.65204544757,159.186949119753,-8.05382100875003));
#3984=CARTESIAN_POINT('Ctrl Pts',(-800.,113.765319256748,-9.21312233389305));
#3985=CARTESIAN_POINT('Ctrl Pts',(-1035.65204544757,155.302543780722,-8.11212358743462));
#3986=CARTESIAN_POINT('Ctrl Pts',(-800.,109.904262831075,-9.29646195792963));
#3987=CARTESIAN_POINT('Ctrl Pts',(-1035.65204544757,151.441487355049,-8.19546321147121));
#3988=CARTESIAN_POINT('Ctrl Pts',(-800.,106.071496863468,-9.40441141870244));
#3989=CARTESIAN_POINT('Ctrl Pts',(-1035.65204544757,147.608721387442,-8.30341267224401));
#3990=CARTESIAN_POINT('Ctrl Pts',(-800.,102.265983283761,-9.53522254131346));
#3991=CARTESIAN_POINT('Ctrl Pts',(-1035.65204544757,143.803207807735,-8.43422379485503));
#3992=CARTESIAN_POINT('Ctrl Pts',(-800.,98.4825970319327,-9.68645166207687));
#3993=CARTESIAN_POINT('Ctrl Pts',(-1035.65204544757,140.019821555907,-8.58545291561845));
#3994=CARTESIAN_POINT('Ctrl Pts',(-800.,94.713366075911,-9.85536025362893));
#3995=CARTESIAN_POINT('Ctrl Pts',(-1035.65204544757,136.250590599885,-8.7543615071705));
#3996=CARTESIAN_POINT('Ctrl Pts',(-800.,90.9489779405515,-10.0394172735664));
#3997=CARTESIAN_POINT('Ctrl Pts',(-1035.65204544757,132.486202464526,-8.93841852710801));
#3998=CARTESIAN_POINT('Ctrl Pts',(-800.,87.1801463097331,-10.2367298332294));
#3999=CARTESIAN_POINT('Ctrl Pts',(-1035.65204544757,128.717370833707,-9.135731086771));
#4000=CARTESIAN_POINT('Ctrl Pts',(-800.,83.3990969015489,-10.4465798612418));
#4001=CARTESIAN_POINT('Ctrl Pts',(-1035.65204544757,124.936321425523,-9.34558111478338));
#4002=CARTESIAN_POINT('Ctrl Pts',(-800.,79.6002434694614,-10.6690436514252));
#4003=CARTESIAN_POINT('Ctrl Pts',(-1035.65204544757,121.137467993436,-9.56804490496678));
#4004=CARTESIAN_POINT('Ctrl Pts',(-800.,75.7807395771505,-10.9045072505609));
#4005=CARTESIAN_POINT('Ctrl Pts',(-1035.65204544757,117.317964101125,-9.80350850410247));
#4006=CARTESIAN_POINT('Ctrl Pts',(-800.,71.9411406411864,-11.1531996917635));
#4007=CARTESIAN_POINT('Ctrl Pts',(-1035.65204544757,113.478365165161,-10.052200945305));
#4008=CARTESIAN_POINT('Ctrl Pts',(-800.,68.0858864064747,-11.4147623764326));
#4009=CARTESIAN_POINT('Ctrl Pts',(-1035.65204544757,109.623110930449,-10.3137636299742));
#4010=CARTESIAN_POINT('Ctrl Pts',(-800.,64.2242050834094,-11.6876959614839));
#4011=CARTESIAN_POINT('Ctrl Pts',(-1035.65204544757,105.761429607384,-10.5866972150255));
#4012=CARTESIAN_POINT('Ctrl Pts',(-800.,60.3697194001095,-11.9692113476143));
#4013=CARTESIAN_POINT('Ctrl Pts',(-1035.65204544757,101.906943924084,-10.8682126011559));
#4014=CARTESIAN_POINT('Ctrl Pts',(-800.,56.537286025839,-12.2559481152302));
#4015=CARTESIAN_POINT('Ctrl Pts',(-1035.65204544757,98.0745105498133,-11.1549493687718));
#4016=CARTESIAN_POINT('Ctrl Pts',(-800.,52.7404653056185,-12.5444980596556));
#4017=CARTESIAN_POINT('Ctrl Pts',(-1035.65204544757,94.2776898295927,-11.4434993131971));
#4018=CARTESIAN_POINT('Ctrl Pts',(-800.,48.9886314481341,-12.8320322111147));
#4019=CARTESIAN_POINT('Ctrl Pts',(-1035.65204544757,90.5258559721083,-11.7310334646563));
#4020=CARTESIAN_POINT('Ctrl Pts',(-800.,45.2844761735841,-13.1168239425176));
#4021=CARTESIAN_POINT('Ctrl Pts',(-1035.65204544757,86.8217006975583,-12.0158251960592));
#4022=CARTESIAN_POINT('Ctrl Pts',(-800.,41.6206914750834,-13.3989749892037));
#4023=CARTESIAN_POINT('Ctrl Pts',(-1035.65204544757,83.1579159990576,-12.2979762427453));
#4024=CARTESIAN_POINT('Ctrl Pts',(-800.,37.9814916366201,-13.6799658819976));
#4025=CARTESIAN_POINT('Ctrl Pts',(-1035.65204544757,79.5187161605943,-12.5789671355392));
#4026=CARTESIAN_POINT('Ctrl Pts',(-800.,34.3454844435281,-13.9618943634638));
#4027=CARTESIAN_POINT('Ctrl Pts',(-1035.65204544757,75.8827089675023,-12.8608956170054));
#4028=CARTESIAN_POINT('Ctrl Pts',(-800.,30.6880505654433,-14.2467989691874));
#4029=CARTESIAN_POINT('Ctrl Pts',(-1035.65204544757,72.2252750894176,-13.145800222729));
#4030=CARTESIAN_POINT('Ctrl Pts',(-800.,26.9839801293902,-14.5359946141092));
#4031=CARTESIAN_POINT('Ctrl Pts',(-1035.65204544757,68.5212046533644,-13.4349958676508));
#4032=CARTESIAN_POINT('Ctrl Pts',(-800.,23.2098523444315,-14.8292869059306));
#4033=CARTESIAN_POINT('Ctrl Pts',(-1035.65204544757,64.7470768684058,-13.7282881594721));
#4034=CARTESIAN_POINT('Ctrl Pts',(-800.,19.3470584703804,-15.1246439224727));
#4035=CARTESIAN_POINT('Ctrl Pts',(-1035.65204544757,60.8842829943546,-14.0236451760143));
#4036=CARTESIAN_POINT('Ctrl Pts',(-800.,15.3859081545988,-15.4185766889652));
#4037=CARTESIAN_POINT('Ctrl Pts',(-1035.65204544757,56.923132678573,-14.3175779425067));
#4038=CARTESIAN_POINT('Ctrl Pts',(-800.,11.329277785252,-15.7063508461953));
#4039=CARTESIAN_POINT('Ctrl Pts',(-1035.65204544757,52.8665023092262,-14.6053520997368));
#4040=CARTESIAN_POINT('Ctrl Pts',(-800.,7.19693359580081,-15.9822579993993));
#4041=CARTESIAN_POINT('Ctrl Pts',(-1035.65204544757,48.734158119775,-14.8812592529408));
#4042=CARTESIAN_POINT('Ctrl Pts',(-800.,3.02851693511524,-16.2398734832414));
#4043=CARTESIAN_POINT('Ctrl Pts',(-1035.65204544757,44.5657414590895,-15.138874736783));
#4044=CARTESIAN_POINT('Ctrl Pts',(-800.,-1.11011700434467,-16.4722834194153));
#4045=CARTESIAN_POINT('Ctrl Pts',(-1035.65204544757,40.4271075196295,-15.3712846729569));
#4046=CARTESIAN_POINT('Ctrl Pts',(-800.,-5.13631198289335,-16.6725040655272));
#4047=CARTESIAN_POINT('Ctrl Pts',(-1035.65204544757,36.4009125410809,-15.5715053190688));
#4048=CARTESIAN_POINT('Ctrl Pts',(-800.,-8.96730627344192,-16.8339838512957));
#4049=CARTESIAN_POINT('Ctrl Pts',(-1035.65204544757,32.5699182505323,-15.7329851048373));
#4050=CARTESIAN_POINT('Ctrl Pts',(-800.,-12.5349811613397,-16.9511038057077));
#4051=CARTESIAN_POINT('Ctrl Pts',(-1035.65204544757,29.0022433626346,-15.8501050592493));
#4052=CARTESIAN_POINT('Ctrl Pts',(-800.,-15.8006444361609,-17.019627922564));
#4053=CARTESIAN_POINT('Ctrl Pts',(-1035.65204544757,25.7365800878133,-15.9186291761056));
#4054=CARTESIAN_POINT('Ctrl Pts',(-800.,-18.7717334831654,-17.0373026976573));
#4055=CARTESIAN_POINT('Ctrl Pts',(-1035.65204544757,22.7654910408088,-15.9363039511989));
#4056=CARTESIAN_POINT('Ctrl Pts',(-800.,-21.5123179544266,-17.004036695529));
#4057=CARTESIAN_POINT('Ctrl Pts',(-1035.65204544757,20.0249065695476,-15.9030379490706));
#4058=CARTESIAN_POINT('Ctrl Pts',(-800.,-24.1041740152214,-16.9188959641976));
#4059=CARTESIAN_POINT('Ctrl Pts',(-1035.65204544757,17.4330505087529,-15.8178972177392));
#4060=CARTESIAN_POINT('Ctrl Pts',(-800.,-26.6117910028087,-16.7773096194773));
#4061=CARTESIAN_POINT('Ctrl Pts',(-1035.65204544757,14.9254335211655,-15.6763108730189));
#4062=CARTESIAN_POINT('Ctrl Pts',(-800.,-29.04746718592,-16.5683742513592));
#4063=CARTESIAN_POINT('Ctrl Pts',(-1035.65204544757,12.4897573380542,-15.4673755049008));
#4064=CARTESIAN_POINT('Ctrl Pts',(-800.,-31.3321291201911,-16.2716342364756));
#4065=CARTESIAN_POINT('Ctrl Pts',(-1035.65204544757,10.2050954037831,-15.1706354900171));
#4066=CARTESIAN_POINT('Ctrl Pts',(-800.,-33.3381765740467,-15.8627587737702));
#4067=CARTESIAN_POINT('Ctrl Pts',(-1035.65204544757,8.19904794992748,-14.7617600273118));
#4068=CARTESIAN_POINT('Ctrl Pts',(-800.,-34.932647988775,-15.3190807084803));
#4069=CARTESIAN_POINT('Ctrl Pts',(-1035.65204544757,6.60457653519918,-14.2180819620219));
#4070=CARTESIAN_POINT('Ctrl Pts',(-800.,-35.8102734603887,-14.7650573235625));
#4071=CARTESIAN_POINT('Ctrl Pts',(-1035.65204544757,5.72695106358553,-13.6640585771041));
#4072=CARTESIAN_POINT('Ctrl Pts',(-800.,-36.233647137012,-14.2807523614976));
#4073=CARTESIAN_POINT('Ctrl Pts',(-1035.65204544757,5.30357738696221,-13.1797536150392));
#4074=CARTESIAN_POINT('Ctrl Pts',(-800.,-36.4113837480139,-13.9272975340714));
#4075=CARTESIAN_POINT('Ctrl Pts',(-1035.65204544757,5.12584077596035,-12.826298787613));
#4076=CARTESIAN_POINT('Ctrl Pts',(-800.,-36.4741344991451,-13.742925429433));
#4077=CARTESIAN_POINT('Ctrl Pts',(-1035.65204544757,5.06309002482917,-12.6419266829746));
#4078=CARTESIAN_POINT('',(-800.,174.388197543224,-13.0867587577198));
#4079=CARTESIAN_POINT('',(-800.,-36.4741346810221,-13.7429234287853));
#4080=CARTESIAN_POINT('Ctrl Pts',(-800.,174.388197543224,-13.0867587577198));
#4081=CARTESIAN_POINT('Ctrl Pts',(-800.,173.219992618667,-12.8458588228961));
#4082=CARTESIAN_POINT('Ctrl Pts',(-800.,172.052727958895,-12.6171787516799));
#4083=CARTESIAN_POINT('Ctrl Pts',(-800.,170.886396676146,-12.4007176363179));
#4084=CARTESIAN_POINT('Ctrl Pts',(-800.,169.895146974002,-12.2167501655813));
#4085=CARTESIAN_POINT('Ctrl Pts',(-800.,168.904572596398,-12.0416100115739));
#4086=CARTESIAN_POINT('Ctrl Pts',(-800.,167.914642555025,-11.8752749165929));
#4087=CARTESIAN_POINT('Ctrl Pts',(-800.,167.037745689548,-11.727932460751));
#4088=CARTESIAN_POINT('Ctrl Pts',(-800.,166.161354704286,-11.5874995103559));
#4089=CARTESIAN_POINT('Ctrl Pts',(-800.,165.285417445848,-11.4539314766264));
#4090=CARTESIAN_POINT('Ctrl Pts',(-800.,164.475270326144,-11.3303955078476));
#4091=CARTESIAN_POINT('Ctrl Pts',(-800.,163.665511587015,-11.2127322584161));
#4092=CARTESIAN_POINT('Ctrl Pts',(-800.,162.856068302976,-11.1008750198629));
#4093=CARTESIAN_POINT('Ctrl Pts',(-800.,162.083387284407,-10.994097971089));
#4094=CARTESIAN_POINT('Ctrl Pts',(-800.,161.310993868682,-10.8926117380002));
#4095=CARTESIAN_POINT('Ctrl Pts',(-800.,160.538791463898,-10.7963246721492));
#4096=CARTESIAN_POINT('Ctrl Pts',(-800.,159.798945982581,-10.704072239189));
#4097=CARTESIAN_POINT('Ctrl Pts',(-800.,159.059275912509,-10.6165925092155));
#4098=CARTESIAN_POINT('Ctrl Pts',(-800.,158.3196638148,-10.5337711494545));
#4099=CARTESIAN_POINT('Ctrl Pts',(-800.,157.614877158298,-10.454849523627));
#4100=CARTESIAN_POINT('Ctrl Pts',(-800.,156.910143338522,-10.380158080259));
#4101=CARTESIAN_POINT('Ctrl Pts',(-800.,156.205328598461,-10.3095644780389));
#4102=CARTESIAN_POINT('Ctrl Pts',(-800.,155.503110673451,-10.2392309704485));
#4103=CARTESIAN_POINT('Ctrl Pts',(-800.,154.800812620494,-10.1729654030846));
#4104=CARTESIAN_POINT('Ctrl Pts',(-800.,154.098265483435,-10.110598969232));
#4105=CARTESIAN_POINT('Ctrl Pts',(-800.,153.371317680954,-10.0460664423079));
#4106=CARTESIAN_POINT('Ctrl Pts',(-800.,152.644102964704,-9.98570862616798));
#4107=CARTESIAN_POINT('Ctrl Pts',(-800.,151.916395783134,-9.9292962291745));
#4108=CARTESIAN_POINT('Ctrl Pts',(-800.,151.106585573822,-9.86651914496532));
#4109=CARTESIAN_POINT('Ctrl Pts',(-800.,150.296164744379,-9.80862799494586));
#4110=CARTESIAN_POINT('Ctrl Pts',(-800.,149.484780148947,-9.75525215152756));
#4111=CARTESIAN_POINT('Ctrl Pts',(-800.,148.513120715103,-9.69133284360778));
#4112=CARTESIAN_POINT('Ctrl Pts',(-800.,147.540075427485,-9.63388796947911));
#4113=CARTESIAN_POINT('Ctrl Pts',(-800.,146.565016441957,-9.58221249775015));
#4114=CARTESIAN_POINT('Ctrl Pts',(-800.,145.70660071221,-9.53671880102757));
#4115=CARTESIAN_POINT('Ctrl Pts',(-800.,144.846621890178,-9.4956943798001));
#4116=CARTESIAN_POINT('Ctrl Pts',(-800.,143.984681601627,-9.45863874394053));
#4117=CARTESIAN_POINT('Ctrl Pts',(-800.,143.240572084101,-9.42664876541494));
#4118=CARTESIAN_POINT('Ctrl Pts',(-800.,142.495000186007,-9.39761573135872));
#4119=CARTESIAN_POINT('Ctrl Pts',(-800.,141.74774925804,-9.37122101640469));
#4120=CARTESIAN_POINT('Ctrl Pts',(-800.,141.062861263928,-9.3470291115124));
#4121=CARTESIAN_POINT('Ctrl Pts',(-800.,140.376562477313,-9.32505310411262));
#4122=CARTESIAN_POINT('Ctrl Pts',(-800.,139.688727698736,-9.30505915317046));
#4123=CARTESIAN_POINT('Ctrl Pts',(-800.,139.041075365106,-9.28623322376199));
#4124=CARTESIAN_POINT('Ctrl Pts',(-800.,138.392061028252,-9.2691642763729));
#4125=CARTESIAN_POINT('Ctrl Pts',(-800.,137.741622600172,-9.25367240380554));
#4126=CARTESIAN_POINT('Ctrl Pts',(-800.,137.120078980135,-9.23886873578565));
#4127=CARTESIAN_POINT('Ctrl Pts',(-800.,136.497234799084,-9.22550494775446));
#4128=CARTESIAN_POINT('Ctrl Pts',(-800.,135.873078837087,-9.21344162410404));
#4129=CARTESIAN_POINT('Ctrl Pts',(-800.,135.271016993894,-9.20180532273992));
#4130=CARTESIAN_POINT('Ctrl Pts',(-800.,134.667734450779,-9.19137890294681));
#4131=CARTESIAN_POINT('Ctrl Pts',(-800.,134.063264433963,-9.18205633530404));
#4132=CARTESIAN_POINT('Ctrl Pts',(-800.,133.461154325483,-9.17277016385044));
#4133=CARTESIAN_POINT('Ctrl Pts',(-800.,132.85786570434,-9.1645790407572));
#4134=CARTESIAN_POINT('Ctrl Pts',(-800.,132.253478941092,-9.15740026313536));
#4135=CARTESIAN_POINT('Ctrl Pts',(-800.,131.621055131896,-9.14988846743591));
#4136=CARTESIAN_POINT('Ctrl Pts',(-800.,130.987429175886,-9.14348514650525));
#4137=CARTESIAN_POINT('Ctrl Pts',(-800.,130.35274660606,-9.13812155340696));
#4138=CARTESIAN_POINT('Ctrl Pts',(-800.,129.678034851707,-9.1324196805637));
#4139=CARTESIAN_POINT('Ctrl Pts',(-800.,129.002129378277,-9.12789286534678));
#4140=CARTESIAN_POINT('Ctrl Pts',(-800.,128.325259198082,-9.12448671282007));
#4141=CARTESIAN_POINT('Ctrl Pts',(-800.,127.590890447122,-9.12079121544138));
#4142=CARTESIAN_POINT('Ctrl Pts',(-800.,126.855386668247,-9.11841488313839));
#4143=CARTESIAN_POINT('Ctrl Pts',(-800.,126.119095145244,-9.11732010561259));
#4144=CARTESIAN_POINT('Ctrl Pts',(-800.,125.277088994508,-9.11606814306568));
#4145=CARTESIAN_POINT('Ctrl Pts',(-800.,124.434053769842,-9.11649209674422));
#4146=CARTESIAN_POINT('Ctrl Pts',(-800.,123.590565580278,-9.11857681723114));
#4147=CARTESIAN_POINT('Ctrl Pts',(-800.,122.630643985504,-9.12094930832137));
#4148=CARTESIAN_POINT('Ctrl Pts',(-800.,121.670139816917,-9.12547340403781));
#4149=CARTESIAN_POINT('Ctrl Pts',(-800.,120.709929335333,-9.13217210840581));
#4150=CARTESIAN_POINT('Ctrl Pts',(-800.,119.86280722635,-9.13808187577505));
#4151=CARTESIAN_POINT('Ctrl Pts',(-800.,119.015916358443,-9.14568566314351));
#4152=CARTESIAN_POINT('Ctrl Pts',(-800.,118.169828534441,-9.15501353563063));
#4153=CARTESIAN_POINT('Ctrl Pts',(-800.,117.44332011538,-9.16302307991383));
#4154=CARTESIAN_POINT('Ctrl Pts',(-800.,116.717404345973,-9.17230437678512));
#4155=CARTESIAN_POINT('Ctrl Pts',(-800.,115.992402758583,-9.18287597787808));
#4156=CARTESIAN_POINT('Ctrl Pts',(-800.,115.333574999266,-9.19248266616899));
#4157=CARTESIAN_POINT('Ctrl Pts',(-800.,114.675502571212,-9.20315515910886));
#4158=CARTESIAN_POINT('Ctrl Pts',(-800.,114.018383826374,-9.2149014605599));
#4159=CARTESIAN_POINT('Ctrl Pts',(-800.,113.388219271838,-9.22616594339421));
#4160=CARTESIAN_POINT('Ctrl Pts',(-800.,112.758932083545,-9.23841811212551));
#4161=CARTESIAN_POINT('Ctrl Pts',(-800.,112.130649725815,-9.25165594459052));
#4162=CARTESIAN_POINT('Ctrl Pts',(-800.,111.513404802723,-9.2646612196571));
#4163=CARTESIAN_POINT('Ctrl Pts',(-800.,110.897129802256,-9.27861788486747));
#4164=CARTESIAN_POINT('Ctrl Pts',(-800.,110.281896580621,-9.29351377958974));
#4165=CARTESIAN_POINT('Ctrl Pts',(-800.,109.659290536118,-9.30858818351696));
#4166=CARTESIAN_POINT('Ctrl Pts',(-800.,109.037751516421,-9.32462449847965));
#4167=CARTESIAN_POINT('Ctrl Pts',(-800.,108.417300620092,-9.34159853025195));
#4168=CARTESIAN_POINT('Ctrl Pts',(-800.,107.767678456607,-9.35937061714589));
#4169=CARTESIAN_POINT('Ctrl Pts',(-800.,107.119248902293,-9.37817053751746));
#4170=CARTESIAN_POINT('Ctrl Pts',(-800.,106.471979407014,-9.39795887255311));
#4171=CARTESIAN_POINT('Ctrl Pts',(-800.,105.792068823529,-9.41874511154387));
#4172=CARTESIAN_POINT('Ctrl Pts',(-800.,105.11343794025,-9.44062179774804));
#4173=CARTESIAN_POINT('Ctrl Pts',(-800.,104.435992389673,-9.46353316379692));
#4174=CARTESIAN_POINT('Ctrl Pts',(-800.,103.724778278838,-9.48758659040602));
#4175=CARTESIAN_POINT('Ctrl Pts',(-800.,103.014870357519,-9.51278025602704));
#4176=CARTESIAN_POINT('Ctrl Pts',(-800.,102.306102627356,-9.53904129771602));
#4177=CARTESIAN_POINT('Ctrl Pts',(-800.,101.544584447313,-9.56725683268179));
#4178=CARTESIAN_POINT('Ctrl Pts',(-800.,100.784382093948,-9.596704248341));
#4179=CARTESIAN_POINT('Ctrl Pts',(-800.,100.025230123398,-9.62728716280437));
#4180=CARTESIAN_POINT('Ctrl Pts',(-800.,99.1613308471095,-9.66208988834106));
#4181=CARTESIAN_POINT('Ctrl Pts',(-800.,98.2987910615087,-9.69836237586487));
#4182=CARTESIAN_POINT('Ctrl Pts',(-800.,97.4371535041079,-9.7359631122838));
#4183=CARTESIAN_POINT('Ctrl Pts',(-800.,96.3731970464662,-9.78239278097848));
#4184=CARTESIAN_POINT('Ctrl Pts',(-800.,95.3106135416605,-9.8308452908752));
#4185=CARTESIAN_POINT('Ctrl Pts',(-800.,94.2484728278044,-9.88108098845733));
#4186=CARTESIAN_POINT('Ctrl Pts',(-800.,93.3983811949347,-9.92128747487559));
#4187=CARTESIAN_POINT('Ctrl Pts',(-800.,92.5485702003656,-9.96263622805304));
#4188=CARTESIAN_POINT('Ctrl Pts',(-800.,91.6985686542755,-10.0050313960606));
#4189=CARTESIAN_POINT('Ctrl Pts',(-800.,90.9136884195824,-10.0441785359319));
#4190=CARTESIAN_POINT('Ctrl Pts',(-800.,90.1286445058829,-10.0842177944673));
#4191=CARTESIAN_POINT('Ctrl Pts',(-800.,89.3430970503536,-10.125101219733));
#4192=CARTESIAN_POINT('Ctrl Pts',(-800.,88.5813723152785,-10.1647448034023));
#4193=CARTESIAN_POINT('Ctrl Pts',(-800.,87.8191736778776,-10.2051826031261));
#4194=CARTESIAN_POINT('Ctrl Pts',(-800.,87.0562322883375,-10.2463940648215));
#4195=CARTESIAN_POINT('Ctrl Pts',(-800.,86.3131078791382,-10.286535081608));
#4196=CARTESIAN_POINT('Ctrl Pts',(-800.,85.5692784985329,-10.3274105256818));
#4197=CARTESIAN_POINT('Ctrl Pts',(-800.,84.824540727276,-10.3690172712831));
#4198=CARTESIAN_POINT('Ctrl Pts',(-800.,84.1003490174031,-10.4094761568158));
#4199=CARTESIAN_POINT('Ctrl Pts',(-800.,83.3752981670229,-10.4506269429635));
#4200=CARTESIAN_POINT('Ctrl Pts',(-800.,82.6492475808757,-10.4924758492201));
#4201=CARTESIAN_POINT('Ctrl Pts',(-800.,81.9417960047116,-10.5332527251802));
#4202=CARTESIAN_POINT('Ctrl Pts',(-800.,81.2333950554486,-10.5746927254532));
#4203=CARTESIAN_POINT('Ctrl Pts',(-800.,80.5239621213803,-10.6168052490626));
#4204=CARTESIAN_POINT('Ctrl Pts',(-800.,79.8256140769068,-10.6582597644905));
#4205=CARTESIAN_POINT('Ctrl Pts',(-800.,79.1262658041797,-10.7003662167065));
#4206=CARTESIAN_POINT('Ctrl Pts',(-800.,78.4258885084881,-10.7431329293823));
#4207=CARTESIAN_POINT('Ctrl Pts',(-800.,77.7364546080417,-10.7852314121725));
#4208=CARTESIAN_POINT('Ctrl Pts',(-800.,77.0460234661302,-10.8279699024649));
#4209=CARTESIAN_POINT('Ctrl Pts',(-800.,76.3546190807066,-10.8713521648796));
#4210=CARTESIAN_POINT('Ctrl Pts',(-800.,75.6740178888052,-10.914056579444));
#4211=CARTESIAN_POINT('Ctrl Pts',(-800.,74.9924734913452,-10.9573850096724));
#4212=CARTESIAN_POINT('Ctrl Pts',(-800.,74.3100608171589,-11.0013339030573));
#4213=CARTESIAN_POINT('Ctrl Pts',(-800.,73.6383108410067,-11.044596094983));
#4214=CARTESIAN_POINT('Ctrl Pts',(-800.,72.9657192427833,-11.0884597363545));
#4215=CARTESIAN_POINT('Ctrl Pts',(-800.,72.2924115661917,-11.1329112351171));
#4216=CARTESIAN_POINT('Ctrl Pts',(-800.,71.6296243220468,-11.1766681792114));
#4217=CARTESIAN_POINT('Ctrl Pts',(-800.,70.9661431251908,-11.2209949038046));
#4218=CARTESIAN_POINT('Ctrl Pts',(-800.,70.3021435856748,-11.2658655658417));
#4219=CARTESIAN_POINT('Ctrl Pts',(-800.,69.6395279162552,-11.3106427109955));
#4220=CARTESIAN_POINT('Ctrl Pts',(-800.,68.976396241553,-11.35596158465));
#4221=CARTESIAN_POINT('Ctrl Pts',(-800.,68.3129777289356,-11.4017822662654));
#4222=CARTESIAN_POINT('Ctrl Pts',(-800.,67.5913515062737,-11.4516232109557));
#4223=CARTESIAN_POINT('Ctrl Pts',(-800.,66.8693858122941,-11.5020580392013));
#4224=CARTESIAN_POINT('Ctrl Pts',(-800.,66.14744297989,-11.5530158380014));
#4225=CARTESIAN_POINT('Ctrl Pts',(-800.,65.3242072307553,-11.6111233221214));
#4226=CARTESIAN_POINT('Ctrl Pts',(-800.,64.5010028521615,-11.6699106067786));
#4227=CARTESIAN_POINT('Ctrl Pts',(-800.,63.6784388252038,-11.7292486071916));
#4228=CARTESIAN_POINT('Ctrl Pts',(-800.,62.4390714367966,-11.818653905983));
#4229=CARTESIAN_POINT('Ctrl Pts',(-800.,61.2011674518954,-11.9093095058984));
#4230=CARTESIAN_POINT('Ctrl Pts',(-800.,59.9668876776142,-12.000719644042));
#4231=CARTESIAN_POINT('Ctrl Pts',(-800.,59.2377262380909,-12.0547209728369));
#4232=CARTESIAN_POINT('Ctrl Pts',(-800.,58.5098304680384,-12.1089845832502));
#4233=CARTESIAN_POINT('Ctrl Pts',(-800.,57.7836150151111,-12.1634072535761));
#4234=CARTESIAN_POINT('Ctrl Pts',(-800.,57.1310170183268,-12.2123130231948));
#4235=CARTESIAN_POINT('Ctrl Pts',(-800.,56.4797765345249,-12.2613470339743));
#4236=CARTESIAN_POINT('Ctrl Pts',(-800.,55.8301557788654,-12.3104387946042));
#4237=CARTESIAN_POINT('Ctrl Pts',(-800.,55.2199970264001,-12.3565484165048));
#4238=CARTESIAN_POINT('Ctrl Pts',(-800.,54.6112675363233,-12.4027088830652));
#4239=CARTESIAN_POINT('Ctrl Pts',(-800.,54.0041420404913,-12.4488679557602));
#4240=CARTESIAN_POINT('Ctrl Pts',(-800.,53.4273414584102,-12.4927214591654));
#4241=CARTESIAN_POINT('Ctrl Pts',(-800.,52.8519888550764,-12.5365736396122));
#4242=CARTESIAN_POINT('Ctrl Pts',(-800.,52.2781905808974,-12.5803865946943));
#4243=CARTESIAN_POINT('Ctrl Pts',(-800.,51.7308648320302,-12.6221782129851));
#4244=CARTESIAN_POINT('Ctrl Pts',(-800.,51.1849535395584,-12.6639340726017));
#4245=CARTESIAN_POINT('Ctrl Pts',(-800.,50.6405053320696,-12.7056286234473));
#4246=CARTESIAN_POINT('Ctrl Pts',(-800.,50.1048132085591,-12.7466526220096));
#4247=CARTESIAN_POINT('Ctrl Pts',(-800.,49.5705379034012,-12.787617171529));
#4248=CARTESIAN_POINT('Ctrl Pts',(-800.,49.0376772694558,-12.828506497666));
#4249=CARTESIAN_POINT('Ctrl Pts',(-800.,48.5084669296135,-12.8691157166671));
#4250=CARTESIAN_POINT('Ctrl Pts',(-800.,47.9806520493184,-12.9096507228591));
#4251=CARTESIAN_POINT('Ctrl Pts',(-800.,47.4541773173352,-12.9501056913593));
#4252=CARTESIAN_POINT('Ctrl Pts',(-800.,46.917759740339,-12.9913246803478));
#4253=CARTESIAN_POINT('Ctrl Pts',(-800.,46.3827333253864,-13.0324606249722));
#4254=CARTESIAN_POINT('Ctrl Pts',(-800.,45.8489848002911,-13.0735169588341));
#4255=CARTESIAN_POINT('Ctrl Pts',(-800.,45.2987823616926,-13.1158389399707));
#4256=CARTESIAN_POINT('Ctrl Pts',(-800.,44.7499377710623,-13.1580763735318));
#4257=CARTESIAN_POINT('Ctrl Pts',(-800.,44.2022699649449,-13.2002424734941));
#4258=CARTESIAN_POINT('Ctrl Pts',(-800.,43.6293205546348,-13.244355057507));
#4259=CARTESIAN_POINT('Ctrl Pts',(-800.,43.0576588545031,-13.2883896806723));
#4260=CARTESIAN_POINT('Ctrl Pts',(-800.,42.4870181559792,-13.3323704344679));
#4261=CARTESIAN_POINT('Ctrl Pts',(-800.,41.8847683962662,-13.3787873803218));
#4262=CARTESIAN_POINT('Ctrl Pts',(-800.,41.2836555560323,-13.4251444844546));
#4263=CARTESIAN_POINT('Ctrl Pts',(-800.,40.683305682383,-13.4714776996008));
#4264=CARTESIAN_POINT('Ctrl Pts',(-800.,40.0433662057376,-13.5208663223913));
#4265=CARTESIAN_POINT('Ctrl Pts',(-800.,39.4042932947705,-13.570228023654));
#4266=CARTESIAN_POINT('Ctrl Pts',(-800.,38.7655724210554,-13.6196117545));
#4267=CARTESIAN_POINT('Ctrl Pts',(-800.,38.0638829274824,-13.6738640053879));
#4268=CARTESIAN_POINT('Ctrl Pts',(-800.,37.362617778195,-13.7281432456072));
#4269=CARTESIAN_POINT('Ctrl Pts',(-800.,36.6610289793083,-13.782515731082));
#4270=CARTESIAN_POINT('Ctrl Pts',(-800.,35.8230796586701,-13.847456031351));
#4271=CARTESIAN_POINT('Ctrl Pts',(-800.,34.98466715114,-13.9125305496234));
#4272=CARTESIAN_POINT('Ctrl Pts',(-800.,34.1444411255857,-13.9778409283984));
#4273=CARTESIAN_POINT('Ctrl Pts',(-800.,33.2720038157058,-14.0456550753454));
#4274=CARTESIAN_POINT('Ctrl Pts',(-800.,32.3976064572962,-14.1137251919451));
#4275=CARTESIAN_POINT('Ctrl Pts',(-800.,31.5197173226781,-14.18213126791));
#4276=CARTESIAN_POINT('Ctrl Pts',(-800.,30.8022272517551,-14.2380388744177));
#4277=CARTESIAN_POINT('Ctrl Pts',(-800.,30.0824031739933,-14.2941706231137));
#4278=CARTESIAN_POINT('Ctrl Pts',(-800.,29.3594342171379,-14.3505419402073));
#4279=CARTESIAN_POINT('Ctrl Pts',(-800.,28.7172986570853,-14.4006105177438));
#4280=CARTESIAN_POINT('Ctrl Pts',(-800.,28.0726813800068,-14.4508678189382));
#4281=CARTESIAN_POINT('Ctrl Pts',(-800.,27.4250507702663,-14.5013036016549));
#4282=CARTESIAN_POINT('Ctrl Pts',(-800.,26.8288928759156,-14.5477308235497));
#4283=CARTESIAN_POINT('Ctrl Pts',(-800.,26.2301811577991,-14.5943091094365));
#4284=CARTESIAN_POINT('Ctrl Pts',(-800.,25.6285415525446,-14.6410141963857));
#4285=CARTESIAN_POINT('Ctrl Pts',(-800.,25.0659932778818,-14.6846846360505));
#4286=CARTESIAN_POINT('Ctrl Pts',(-800.,24.500884823028,-14.7284657133739));
#4287=CARTESIAN_POINT('Ctrl Pts',(-800.,23.9329537486556,-14.7723257458756));
#4288=CARTESIAN_POINT('Ctrl Pts',(-800.,23.3923953250136,-14.8140718504644));
#4289=CARTESIAN_POINT('Ctrl Pts',(-800.,22.8492795068305,-14.8558893473224));
#4290=CARTESIAN_POINT('Ctrl Pts',(-800.,22.3034256928087,-14.8977422431361));
#4291=CARTESIAN_POINT('Ctrl Pts',(-800.,21.7774365846442,-14.9380720288363));
#4292=CARTESIAN_POINT('Ctrl Pts',(-800.,21.2489049286703,-14.978434610826));
#4293=CARTESIAN_POINT('Ctrl Pts',(-800.,20.7177162983627,-15.0187909584306));
#4294=CARTESIAN_POINT('Ctrl Pts',(-800.,20.2030575902228,-15.0578914672487));
#4295=CARTESIAN_POINT('Ctrl Pts',(-800.,19.6859045289883,-15.0969860688707));
#4296=CARTESIAN_POINT('Ctrl Pts',(-800.,19.1662008887948,-15.1360336395384));
#4297=CARTESIAN_POINT('Ctrl Pts',(-800.,18.6621383647693,-15.1739060258478));
#4298=CARTESIAN_POINT('Ctrl Pts',(-800.,18.1556763194198,-15.2117341207096));
#4299=CARTESIAN_POINT('Ctrl Pts',(-800.,17.6468114405854,-15.2494757629357));
#4300=CARTESIAN_POINT('Ctrl Pts',(-800.,17.1517126909363,-15.2861963947834));
#4301=CARTESIAN_POINT('Ctrl Pts',(-800.,16.6543392050335,-15.3228351471046));
#4302=CARTESIAN_POINT('Ctrl Pts',(-800.,16.1547363972075,-15.3593493822227));
#4303=CARTESIAN_POINT('Ctrl Pts',(-800.,15.6660341333275,-15.3950669344192));
#4304=CARTESIAN_POINT('Ctrl Pts',(-800.,15.1751986210998,-15.4306653110675));
#4305=CARTESIAN_POINT('Ctrl Pts',(-800.,14.6823216059216,-15.4661014431799));
#4306=CARTESIAN_POINT('Ctrl Pts',(-800.,14.197048900186,-15.5009908520617));
#4307=CARTESIAN_POINT('Ctrl Pts',(-800.,13.7097971131058,-15.5357229588851));
#4308=CARTESIAN_POINT('Ctrl Pts',(-800.,13.220703854514,-15.5702539772442));
#4309=CARTESIAN_POINT('Ctrl Pts',(-800.,12.7384857454943,-15.6042995955044));
#4310=CARTESIAN_POINT('Ctrl Pts',(-800.,12.2544774955025,-15.6381497166221));
#4311=CARTESIAN_POINT('Ctrl Pts',(-800.,11.7688612103249,-15.6717600978413));
#4312=CARTESIAN_POINT('Ctrl Pts',(-800.,11.2926704745834,-15.7047181197401));
#4313=CARTESIAN_POINT('Ctrl Pts',(-800.,10.8149334726994,-15.7374455964942));
#4314=CARTESIAN_POINT('Ctrl Pts',(-800.,10.335871263895,-15.7698989311379));
#4315=CARTESIAN_POINT('Ctrl Pts',(-800.,9.86847631337303,-15.8015618852623));
#4316=CARTESIAN_POINT('Ctrl Pts',(-800.,9.39981978603384,-15.8329638693298));
#4317=CARTESIAN_POINT('Ctrl Pts',(-800.,8.93015590867193,-15.8640628768569));
#4318=CARTESIAN_POINT('Ctrl Pts',(-800.,8.4705487910103,-15.8944959714606));
#4319=CARTESIAN_POINT('Ctrl Pts',(-800.,8.00997687906265,-15.9246389103755));
#4320=CARTESIAN_POINT('Ctrl Pts',(-800.,7.5487277532005,-15.9544511009808));
#4321=CARTESIAN_POINT('Ctrl Pts',(-800.,7.0851480970524,-15.9844139221439));
#4322=CARTESIAN_POINT('Ctrl Pts',(-800.,6.62088417893577,-16.0140426325661));
#4323=CARTESIAN_POINT('Ctrl Pts',(-800.,6.156281544771,-16.0432949543151));
#4324=CARTESIAN_POINT('Ctrl Pts',(-800.,5.67593264541504,-16.0735386927756));
#4325=CARTESIAN_POINT('Ctrl Pts',(-800.,5.19522186902554,-16.1033800798702));
#4326=CARTESIAN_POINT('Ctrl Pts',(-800.,4.71458778986977,-16.1327714797368));
#4327=CARTESIAN_POINT('Ctrl Pts',(-800.,4.21404689601534,-16.1633802072468));
#4328=CARTESIAN_POINT('Ctrl Pts',(-800.,3.71358941158016,-16.1935008779583));
#4329=CARTESIAN_POINT('Ctrl Pts',(-800.,3.21376802318664,-16.2230790262584));
#4330=CARTESIAN_POINT('Ctrl Pts',(-800.,2.6751354147167,-16.2549539230567));
#4331=CARTESIAN_POINT('Ctrl Pts',(-800.,2.13724186812849,-16.2861987356703));
#4332=CARTESIAN_POINT('Ctrl Pts',(-800.,1.60084129902716,-16.3167450007647));
#4333=CARTESIAN_POINT('Ctrl Pts',(-800.,0.954022863789111,-16.3535792036514));
#4334=CARTESIAN_POINT('Ctrl Pts',(-800.,0.309376331708712,-16.3893975451098));
#4335=CARTESIAN_POINT('Ctrl Pts',(-800.,-0.33169766785542,-16.424080844326));
#4336=CARTESIAN_POINT('Ctrl Pts',(-800.,-1.06513536540717,-16.4637611918957));
#4337=CARTESIAN_POINT('Ctrl Pts',(-800.,-1.79389101002467,-16.5019555689669));
#4338=CARTESIAN_POINT('Ctrl Pts',(-800.,-2.51582978072494,-16.538490061714));
#4339=CARTESIAN_POINT('Ctrl Pts',(-800.,-3.08877342291004,-16.5674844947454));
#4340=CARTESIAN_POINT('Ctrl Pts',(-800.,-3.6574215000273,-16.5954335302645));
#4341=CARTESIAN_POINT('Ctrl Pts',(-800.,-4.22073569089268,-16.6222539290733));
#4342=CARTESIAN_POINT('Ctrl Pts',(-800.,-4.72716473332382,-16.646365923954));
#4343=CARTESIAN_POINT('Ctrl Pts',(-800.,-5.22928195928125,-16.6695657229743));
#4344=CARTESIAN_POINT('Ctrl Pts',(-800.,-5.72637553998844,-16.6917959464584));
#4345=CARTESIAN_POINT('Ctrl Pts',(-800.,-6.18457318270369,-16.7122867280592));
#4346=CARTESIAN_POINT('Ctrl Pts',(-800.,-6.63850221375769,-16.7319537368765));
#4347=CARTESIAN_POINT('Ctrl Pts',(-800.,-7.08765103144731,-16.7507547504375));
#4348=CARTESIAN_POINT('Ctrl Pts',(-800.,-7.51188113284773,-16.7685126862827));
#4349=CARTESIAN_POINT('Ctrl Pts',(-800.,-7.9318464390095,-16.7854980535538));
#4350=CARTESIAN_POINT('Ctrl Pts',(-800.,-8.34716312993735,-16.8016777505429));
#4351=CARTESIAN_POINT('Ctrl Pts',(-800.,-8.74419580663386,-16.8171451481795));
#4352=CARTESIAN_POINT('Ctrl Pts',(-800.,-9.13697994405951,-16.8318762518539));
#4353=CARTESIAN_POINT('Ctrl Pts',(-800.,-9.52522822667934,-16.8458444653691));
#4354=CARTESIAN_POINT('Ctrl Pts',(-800.,-9.89830921587148,-16.8592669971581));
#4355=CARTESIAN_POINT('Ctrl Pts',(-800.,-10.2672016194108,-16.8719850767218));
#4356=CARTESIAN_POINT('Ctrl Pts',(-800.,-10.6316989045504,-16.8839773337547));
#4357=CARTESIAN_POINT('Ctrl Pts',(-800.,-10.9842521283084,-16.8955766214571));
#4358=CARTESIAN_POINT('Ctrl Pts',(-800.,-11.3326933865167,-16.9064968718802));
#4359=CARTESIAN_POINT('Ctrl Pts',(-800.,-11.6768847425643,-16.9167209328951));
#4360=CARTESIAN_POINT('Ctrl Pts',(-800.,-12.0115559698511,-16.9266622024464));
#4361=CARTESIAN_POINT('Ctrl Pts',(-800.,-12.3422089917717,-16.9359452587334));
#4362=CARTESIAN_POINT('Ctrl Pts',(-800.,-12.6687664426743,-16.9445564903154));
#4363=CARTESIAN_POINT('Ctrl Pts',(-800.,-12.9894924006488,-16.9530139470075));
#4364=CARTESIAN_POINT('Ctrl Pts',(-800.,-13.3062676559582,-16.9608233594741));
#4365=CARTESIAN_POINT('Ctrl Pts',(-800.,-13.6190693822136,-16.9679739807243));
#4366=CARTESIAN_POINT('Ctrl Pts',(-800.,-13.9273310026103,-16.975020815535));
#4367=CARTESIAN_POINT('Ctrl Pts',(-800.,-14.2317335253796,-16.9814278458219));
#4368=CARTESIAN_POINT('Ctrl Pts',(-800.,-14.5323057785979,-16.9871868685581));
#4369=CARTESIAN_POINT('Ctrl Pts',(-800.,-14.8288125980016,-16.992867996793));
#4370=CARTESIAN_POINT('Ctrl Pts',(-800.,-15.1215919884654,-16.9979185297627));
#4371=CARTESIAN_POINT('Ctrl Pts',(-800.,-15.4107224162259,-17.0023326125178));
#4372=CARTESIAN_POINT('Ctrl Pts',(-800.,-15.7003826264368,-17.0067547833305));
#4373=CARTESIAN_POINT('Ctrl Pts',(-800.,-15.9863803969448,-17.0105381726725));
#4374=CARTESIAN_POINT('Ctrl Pts',(-800.,-16.268847801124,-17.0136789345602));
#4375=CARTESIAN_POINT('Ctrl Pts',(-800.,-16.5664159436388,-17.0169876019222));
#4376=CARTESIAN_POINT('Ctrl Pts',(-800.,-16.8600664886836,-17.0195831423753));
#4377=CARTESIAN_POINT('Ctrl Pts',(-800.,-17.1500112942492,-17.0214629360457));
#4378=CARTESIAN_POINT('Ctrl Pts',(-800.,-17.4776003816853,-17.0235867881764));
#4379=CARTESIAN_POINT('Ctrl Pts',(-800.,-17.8004590629246,-17.0247970551613));
#4380=CARTESIAN_POINT('Ctrl Pts',(-800.,-18.1189623837564,-17.025091290261));
#4381=CARTESIAN_POINT('Ctrl Pts',(-800.,-18.4689460135017,-17.0254146070412));
#4382=CARTESIAN_POINT('Ctrl Pts',(-800.,-18.8136720519242,-17.0246320526959));
#4383=CARTESIAN_POINT('Ctrl Pts',(-800.,-19.1537064992993,-17.0227397030108));
#4384=CARTESIAN_POINT('Ctrl Pts',(-800.,-19.6747885047195,-17.0198397927915));
#4385=CARTESIAN_POINT('Ctrl Pts',(-800.,-20.1848566451686,-17.0143356503909));
#4386=CARTESIAN_POINT('Ctrl Pts',(-800.,-20.6860803987857,-17.0061947061));
#4387=CARTESIAN_POINT('Ctrl Pts',(-800.,-21.0225118627553,-17.0007303405625));
#4388=CARTESIAN_POINT('Ctrl Pts',(-800.,-21.3549622365827,-16.9940775646875));
#4389=CARTESIAN_POINT('Ctrl Pts',(-800.,-21.6840673795763,-16.9862160376909));
#4390=CARTESIAN_POINT('Ctrl Pts',(-800.,-21.9698311869911,-16.9793898305214));
#4391=CARTESIAN_POINT('Ctrl Pts',(-800.,-22.2530735679949,-16.971652224999));
#4392=CARTESIAN_POINT('Ctrl Pts',(-800.,-22.5341730904891,-16.9629825487058));
#4393=CARTESIAN_POINT('Ctrl Pts',(-800.,-22.7937268153956,-16.9549773882712));
#4394=CARTESIAN_POINT('Ctrl Pts',(-800.,-23.0514540232654,-16.9461775549459));
#4395=CARTESIAN_POINT('Ctrl Pts',(-800.,-23.3076105579642,-16.9365603870023));
#4396=CARTESIAN_POINT('Ctrl Pts',(-800.,-23.5496747448185,-16.9274723036519));
#4397=CARTESIAN_POINT('Ctrl Pts',(-800.,-23.7903366357302,-16.9176543426927));
#4398=CARTESIAN_POINT('Ctrl Pts',(-800.,-24.0297676750883,-16.9070814806758));
#4399=CARTESIAN_POINT('Ctrl Pts',(-800.,-24.2582388689197,-16.896992586547));
#4400=CARTESIAN_POINT('Ctrl Pts',(-800.,-24.4855895580733,-16.8862163237798));
#4401=CARTESIAN_POINT('Ctrl Pts',(-800.,-24.7119232103229,-16.874725396744));
#4402=CARTESIAN_POINT('Ctrl Pts',(-800.,-24.9295856485383,-16.8636747059999));
#4403=CARTESIAN_POINT('Ctrl Pts',(-800.,-25.1463077048543,-16.8519630697235));
#4404=CARTESIAN_POINT('Ctrl Pts',(-800.,-25.3621348821905,-16.8395608485993));
#4405=CARTESIAN_POINT('Ctrl Pts',(-800.,-25.5710461490029,-16.8275560410568));
#4406=CARTESIAN_POINT('Ctrl Pts',(-800.,-25.7791191512982,-16.8149042050087));
#4407=CARTESIAN_POINT('Ctrl Pts',(-800.,-25.986347774181,-16.8015732196554));
#4408=CARTESIAN_POINT('Ctrl Pts',(-800.,-26.1886357659729,-16.7885600643383));
#4409=CARTESIAN_POINT('Ctrl Pts',(-800.,-26.3901193513788,-16.7748997681874));
#4410=CARTESIAN_POINT('Ctrl Pts',(-800.,-26.5907441577233,-16.760557235159));
#4411=CARTESIAN_POINT('Ctrl Pts',(-800.,-26.7941553196739,-16.7460155074345));
#4412=CARTESIAN_POINT('Ctrl Pts',(-800.,-26.9966837886536,-16.7307724615292));
#4413=CARTESIAN_POINT('Ctrl Pts',(-800.,-27.1982183172481,-16.7147858204033));
#4414=CARTESIAN_POINT('Ctrl Pts',(-800.,-27.4064998258265,-16.6982639779477));
#4415=CARTESIAN_POINT('Ctrl Pts',(-800.,-27.613719540936,-16.6809478840135));
#4416=CARTESIAN_POINT('Ctrl Pts',(-800.,-27.8196983186367,-16.6627851892865));
#4417=CARTESIAN_POINT('Ctrl Pts',(-800.,-28.0339338087408,-16.6438944382593));
#4418=CARTESIAN_POINT('Ctrl Pts',(-800.,-28.2468266513106,-16.6240878098947));
#4419=CARTESIAN_POINT('Ctrl Pts',(-800.,-28.4581184857147,-16.6033009584003));
#4420=CARTESIAN_POINT('Ctrl Pts',(-800.,-28.6799580523448,-16.5814764229651));
#4421=CARTESIAN_POINT('Ctrl Pts',(-800.,-28.9000324830557,-16.5585712970545));
#4422=CARTESIAN_POINT('Ctrl Pts',(-800.,-29.117985310928,-16.5345060134933));
#4423=CARTESIAN_POINT('Ctrl Pts',(-800.,-29.361380028954,-16.5076315610544));
#4424=CARTESIAN_POINT('Ctrl Pts',(-800.,-29.6021289198782,-16.4793102270577));
#4425=CARTESIAN_POINT('Ctrl Pts',(-800.,-29.8396669843839,-16.4494258954302));
#4426=CARTESIAN_POINT('Ctrl Pts',(-800.,-30.093391044167,-16.4175052263777));
#4427=CARTESIAN_POINT('Ctrl Pts',(-800.,-30.3434507088823,-16.3838011065159));
#4428=CARTESIAN_POINT('Ctrl Pts',(-800.,-30.5890925537278,-16.3481683543316));
#4429=CARTESIAN_POINT('Ctrl Pts',(-800.,-30.9101680668083,-16.3015932107633));
#4430=CARTESIAN_POINT('Ctrl Pts',(-800.,-31.2236942708974,-16.2517223547112));
#4431=CARTESIAN_POINT('Ctrl Pts',(-800.,-31.527897161541,-16.1982322097182));
#4432=CARTESIAN_POINT('Ctrl Pts',(-800.,-31.7957407263182,-16.1511353820547));
#4433=CARTESIAN_POINT('Ctrl Pts',(-800.,-32.0563509120792,-16.1012322097645));
#4434=CARTESIAN_POINT('Ctrl Pts',(-800.,-32.3085191037889,-16.04831122989));
#4435=CARTESIAN_POINT('Ctrl Pts',(-800.,-32.513320653764,-16.0053307943679));
#4436=CARTESIAN_POINT('Ctrl Pts',(-800.,-32.7125527954647,-15.9603598153747));
#4437=CARTESIAN_POINT('Ctrl Pts',(-800.,-32.9056031528381,-15.9132937924414));
#4438=CARTESIAN_POINT('Ctrl Pts',(-800.,-33.0828706862483,-15.8700756502616));
#4439=CARTESIAN_POINT('Ctrl Pts',(-800.,-33.2549252923274,-15.8250909819877));
#4440=CARTESIAN_POINT('Ctrl Pts',(-800.,-33.421335889804,-15.77826733436));
#4441=CARTESIAN_POINT('Ctrl Pts',(-800.,-33.5836329311464,-15.7326011352713));
#4442=CARTESIAN_POINT('Ctrl Pts',(-800.,-33.7405613834676,-15.6851857460904));
#4443=CARTESIAN_POINT('Ctrl Pts',(-800.,-33.8917703390807,-15.6359628067516));
#4444=CARTESIAN_POINT('Ctrl Pts',(-800.,-34.0403696157657,-15.5875893942615));
#4445=CARTESIAN_POINT('Ctrl Pts',(-800.,-34.1834450091156,-15.5374702857711));
#4446=CARTESIAN_POINT('Ctrl Pts',(-800.,-34.3207130717236,-15.4855587350658));
#4447=CARTESIAN_POINT('Ctrl Pts',(-800.,-34.4558011463023,-15.4344716045278));
#4448=CARTESIAN_POINT('Ctrl Pts',(-800.,-34.5852647839293,-15.3816485119278));
#4449=CARTESIAN_POINT('Ctrl Pts',(-800.,-34.7088837917661,-15.3270533491301));
#4450=CARTESIAN_POINT('Ctrl Pts',(-800.,-34.8349028887243,-15.2713982097268));
#4451=CARTESIAN_POINT('Ctrl Pts',(-800.,-34.9548479648573,-15.2139014947381));
#4452=CARTESIAN_POINT('Ctrl Pts',(-800.,-35.0685417359274,-15.1545341770687));
#4453=CARTESIAN_POINT('Ctrl Pts',(-800.,-35.1875428410174,-15.0923955362057));
#4454=CARTESIAN_POINT('Ctrl Pts',(-800.,-35.2996957103504,-15.0282076247021));
#4455=CARTESIAN_POINT('Ctrl Pts',(-800.,-35.4048566699318,-14.9619469211798));
#4456=CARTESIAN_POINT('Ctrl Pts',(-800.,-35.5164439756106,-14.8916370513586));
#4457=CARTESIAN_POINT('Ctrl Pts',(-800.,-35.6201591625384,-14.8189933840141));
#4458=CARTESIAN_POINT('Ctrl Pts',(-800.,-35.7158903010926,-14.7439976390246));
#4459=CARTESIAN_POINT('Ctrl Pts',(-800.,-35.8240844176574,-14.6592384008312));
#4460=CARTESIAN_POINT('Ctrl Pts',(-800.,-35.9220807075395,-14.5714748552888));
#4461=CARTESIAN_POINT('Ctrl Pts',(-800.,-36.0097859674346,-14.4806919445377));
#4462=CARTESIAN_POINT('Ctrl Pts',(-800.,-36.10416903436,-14.3829968969276));
#4463=CARTESIAN_POINT('Ctrl Pts',(-800.,-36.1866350988927,-14.2818053390806));
#4464=CARTESIAN_POINT('Ctrl Pts',(-800.,-36.2571307710272,-14.1771089082299));
#4465=CARTESIAN_POINT('Ctrl Pts',(-800.,-36.340754487097,-14.0529154032684));
#4466=CARTESIAN_POINT('Ctrl Pts',(-800.,-36.4075352706855,-13.9237902895725));
#4467=CARTESIAN_POINT('Ctrl Pts',(-800.,-36.4574575012587,-13.7897313406338));
#4468=CARTESIAN_POINT('Ctrl Pts',(-800.,-36.4632428496312,-13.7741956221139));
#4469=CARTESIAN_POINT('Ctrl Pts',(-800.,-36.4688018449361,-13.7585936511211));
#4470=CARTESIAN_POINT('Ctrl Pts',(-800.,-36.4741344991451,-13.742925429433));
#4471=CARTESIAN_POINT('',(-1035.64948242335,5.0626382531817,-12.6419386577761));
#4472=CARTESIAN_POINT('',(-800.,-36.4741344991451,-13.742925429433));
#4473=CARTESIAN_POINT('',(-1035.65204544757,215.925422067198,-11.9857600112614));
#4474=CARTESIAN_POINT('Ctrl Pts',(-1035.65204544757,215.925422067198,-11.9857600112614));
#4475=CARTESIAN_POINT('Ctrl Pts',(-1035.65204544757,215.177770915482,-11.8315840529742));
#4476=CARTESIAN_POINT('Ctrl Pts',(-1035.65204544757,213.68310944049,-11.5315738212078));
#4477=CARTESIAN_POINT('Ctrl Pts',(-1035.65204544757,211.443039579865,-11.1065834293706));
#4478=CARTESIAN_POINT('Ctrl Pts',(-1035.65204544757,208.460127367263,-10.5900029772165));
#4479=CARTESIAN_POINT('Ctrl Pts',(-1035.65204544757,204.737492853291,-10.0274439403475));
#4480=CARTESIAN_POINT('Ctrl Pts',(-1035.65204544757,201.019646876775,-9.54697216855537));
#4481=CARTESIAN_POINT('Ctrl Pts',(-1035.65204544757,197.30410234259,-9.14622838739787));
#4482=CARTESIAN_POINT('Ctrl Pts',(-1035.65204544757,193.586779445941,-8.82118266718595));
#4483=CARTESIAN_POINT('Ctrl Pts',(-1035.65204544757,189.861343996651,-8.56549339094133));
#4484=CARTESIAN_POINT('Ctrl Pts',(-1035.65204544757,186.119812494783,-8.37079549496075));
#4485=CARTESIAN_POINT('Ctrl Pts',(-1035.65204544757,182.354316004784,-8.22783949878833));
#4486=CARTESIAN_POINT('Ctrl Pts',(-1035.65204544757,178.558548438418,-8.12739477890741));
#4487=CARTESIAN_POINT('Ctrl Pts',(-1035.65204544757,174.729333750255,-8.06124211102242));
#4488=CARTESIAN_POINT('Ctrl Pts',(-1035.65204544757,170.868177919261,-8.02314305497749));
#4489=CARTESIAN_POINT('Ctrl Pts',(-1035.65204544757,166.982750202998,-8.00978148319187));
#4490=CARTESIAN_POINT('Ctrl Pts',(-1035.65204544757,163.084587241934,-8.0199529958902));
#4491=CARTESIAN_POINT('Ctrl Pts',(-1035.65204544757,159.186949119753,-8.05382100875003));
#4492=CARTESIAN_POINT('Ctrl Pts',(-1035.65204544757,155.302543780722,-8.11212358743462));
#4493=CARTESIAN_POINT('Ctrl Pts',(-1035.65204544757,151.441487355049,-8.19546321147121));
#4494=CARTESIAN_POINT('Ctrl Pts',(-1035.65204544757,147.608721387442,-8.30341267224401));
#4495=CARTESIAN_POINT('Ctrl Pts',(-1035.65204544757,143.803207807735,-8.43422379485503));
#4496=CARTESIAN_POINT('Ctrl Pts',(-1035.65204544757,140.019821555907,-8.58545291561845));
#4497=CARTESIAN_POINT('Ctrl Pts',(-1035.65204544757,136.250590599885,-8.7543615071705));
#4498=CARTESIAN_POINT('Ctrl Pts',(-1035.65204544757,132.486202464526,-8.93841852710801));
#4499=CARTESIAN_POINT('Ctrl Pts',(-1035.65204544757,128.717370833707,-9.135731086771));
#4500=CARTESIAN_POINT('Ctrl Pts',(-1035.65204544757,124.936321425523,-9.34558111478338));
#4501=CARTESIAN_POINT('Ctrl Pts',(-1035.65204544757,121.137467993436,-9.56804490496678));
#4502=CARTESIAN_POINT('Ctrl Pts',(-1035.65204544757,117.317964101125,-9.80350850410247));
#4503=CARTESIAN_POINT('Ctrl Pts',(-1035.65204544757,113.478365165161,-10.052200945305));
#4504=CARTESIAN_POINT('Ctrl Pts',(-1035.65204544757,109.623110930449,-10.3137636299742));
#4505=CARTESIAN_POINT('Ctrl Pts',(-1035.65204544757,105.761429607384,-10.5866972150255));
#4506=CARTESIAN_POINT('Ctrl Pts',(-1035.65204544757,101.906943924084,-10.8682126011559));
#4507=CARTESIAN_POINT('Ctrl Pts',(-1035.65204544757,98.0745105498133,-11.1549493687718));
#4508=CARTESIAN_POINT('Ctrl Pts',(-1035.65204544757,94.2776898295927,-11.4434993131971));
#4509=CARTESIAN_POINT('Ctrl Pts',(-1035.65204544757,90.5258559721083,-11.7310334646563));
#4510=CARTESIAN_POINT('Ctrl Pts',(-1035.65204544757,86.8217006975583,-12.0158251960592));
#4511=CARTESIAN_POINT('Ctrl Pts',(-1035.65204544757,83.1579159990576,-12.2979762427453));
#4512=CARTESIAN_POINT('Ctrl Pts',(-1035.65204544757,79.5187161605943,-12.5789671355392));
#4513=CARTESIAN_POINT('Ctrl Pts',(-1035.65204544757,75.8827089675023,-12.8608956170054));
#4514=CARTESIAN_POINT('Ctrl Pts',(-1035.65204544757,72.2252750894175,-13.145800222729));
#4515=CARTESIAN_POINT('Ctrl Pts',(-1035.65204544757,68.5212046533644,-13.4349958676508));
#4516=CARTESIAN_POINT('Ctrl Pts',(-1035.65204544757,64.7470768684058,-13.7282881594722));
#4517=CARTESIAN_POINT('Ctrl Pts',(-1035.65204544757,60.8842829943546,-14.0236451760143));
#4518=CARTESIAN_POINT('Ctrl Pts',(-1035.65204544757,56.923132678573,-14.3175779425068));
#4519=CARTESIAN_POINT('Ctrl Pts',(-1035.65204544757,52.8665023092262,-14.6053520997368));
#4520=CARTESIAN_POINT('Ctrl Pts',(-1035.65204544757,48.734158119775,-14.8812592529408));
#4521=CARTESIAN_POINT('Ctrl Pts',(-1035.65204544757,44.5657414590895,-15.138874736783));
#4522=CARTESIAN_POINT('Ctrl Pts',(-1035.65204544757,40.4271075196295,-15.3712846729569));
#4523=CARTESIAN_POINT('Ctrl Pts',(-1035.65204544757,36.4009125410808,-15.5715053190688));
#4524=CARTESIAN_POINT('Ctrl Pts',(-1035.65204544757,32.5699182505323,-15.7329851048373));
#4525=CARTESIAN_POINT('Ctrl Pts',(-1035.65204544757,29.0022433626346,-15.8501050592493));
#4526=CARTESIAN_POINT('Ctrl Pts',(-1035.65204544757,25.7365800878133,-15.9186291761056));
#4527=CARTESIAN_POINT('Ctrl Pts',(-1035.65204544757,22.7654910408088,-15.9363039511989));
#4528=CARTESIAN_POINT('Ctrl Pts',(-1035.65204544757,20.0249065695476,-15.9030379490706));
#4529=CARTESIAN_POINT('Ctrl Pts',(-1035.65204544757,17.4330505087528,-15.8178972177392));
#4530=CARTESIAN_POINT('Ctrl Pts',(-1035.65204544757,14.9254335211655,-15.6763108730189));
#4531=CARTESIAN_POINT('Ctrl Pts',(-1035.65204544757,12.4897573380542,-15.4673755049008));
#4532=CARTESIAN_POINT('Ctrl Pts',(-1035.65204544757,10.2050954037831,-15.1706354900171));
#4533=CARTESIAN_POINT('Ctrl Pts',(-1035.65204544757,8.19904794992746,-14.7617600273118));
#4534=CARTESIAN_POINT('Ctrl Pts',(-1035.65204544757,6.60457653519915,-14.2180819620219));
#4535=CARTESIAN_POINT('Ctrl Pts',(-1035.65204544757,5.7269510635855,-13.6640585771041));
#4536=CARTESIAN_POINT('Ctrl Pts',(-1035.65204544757,5.30357738696217,-13.1797536150392));
#4537=CARTESIAN_POINT('Ctrl Pts',(-1035.65204544757,5.12584077596032,-12.826298787613));
#4538=CARTESIAN_POINT('Ctrl Pts',(-1035.65204544757,5.06309002482915,-12.6419266829746));
#4539=CARTESIAN_POINT('',(-800.,174.388197543224,-13.0867587577198));
#4540=CARTESIAN_POINT('Ctrl Pts',(-800.,-36.5164678315322,-13.2772587652896));
#4541=CARTESIAN_POINT('Ctrl Pts',(-1035.65204544757,5.02075669244206,-12.1762600188312));
#4542=CARTESIAN_POINT('Ctrl Pts',(-800.,-36.5357621408144,-13.0535691253532));
#4543=CARTESIAN_POINT('Ctrl Pts',(-1035.65204544757,5.00146238315981,-11.9525703788948));
#4544=CARTESIAN_POINT('Ctrl Pts',(-800.,-36.5277571953728,-12.5800873276616));
#4545=CARTESIAN_POINT('Ctrl Pts',(-1035.65204544757,5.00946732860138,-11.4790885812032));
#4546=CARTESIAN_POINT('Ctrl Pts',(-800.,-36.3759516215581,-11.7915270159042));
#4547=CARTESIAN_POINT('Ctrl Pts',(-1035.65204544757,5.16127290241609,-10.6905282694458));
#4548=CARTESIAN_POINT('Ctrl Pts',(-800.,-35.8939731618699,-10.5836283648473));
#4549=CARTESIAN_POINT('Ctrl Pts',(-1035.65204544757,5.6432513621043,-9.48262961838886));
#4550=CARTESIAN_POINT('Ctrl Pts',(-800.,-34.8361992291384,-8.83216476704085));
#4551=CARTESIAN_POINT('Ctrl Pts',(-1035.65204544757,6.70102529483586,-7.73116602058242));
#4552=CARTESIAN_POINT('Ctrl Pts',(-800.,-33.3593207647594,-6.90259496960987));
#4553=CARTESIAN_POINT('Ctrl Pts',(-1035.65204544757,8.17790375921483,-5.80159622315144));
#4554=CARTESIAN_POINT('Ctrl Pts',(-800.,-31.5287267244977,-4.90874954991736));
#4555=CARTESIAN_POINT('Ctrl Pts',(-1035.65204544757,10.0084977994765,-3.80775080345894));
#4556=CARTESIAN_POINT('Ctrl Pts',(-800.,-29.415089321684,-2.97385914840521));
#4557=CARTESIAN_POINT('Ctrl Pts',(-1035.65204544757,12.1221352022902,-1.87286040194678));
#4558=CARTESIAN_POINT('Ctrl Pts',(-800.,-27.0781230136416,-1.20236069954381));
#4559=CARTESIAN_POINT('Ctrl Pts',(-1035.65204544757,14.4591015103326,-0.101361953085377));
#4560=CARTESIAN_POINT('Ctrl Pts',(-800.,-24.5422907487483,0.361185370739194));
#4561=CARTESIAN_POINT('Ctrl Pts',(-1035.65204544757,16.9949337752259,1.46218411719762));
#4562=CARTESIAN_POINT('Ctrl Pts',(-800.,-21.7941416996744,1.7392847999678));
#4563=CARTESIAN_POINT('Ctrl Pts',(-1035.65204544757,19.7430828242998,2.84028354642623));
#4564=CARTESIAN_POINT('Ctrl Pts',(-800.,-18.8052885243097,2.98869701515252));
#4565=CARTESIAN_POINT('Ctrl Pts',(-1035.65204544757,22.7319359996645,4.08969576161095));
#4566=CARTESIAN_POINT('Ctrl Pts',(-800.,-15.5490892342828,4.17751979474997));
#4567=CARTESIAN_POINT('Ctrl Pts',(-1035.65204544757,25.9881352896914,5.27851854120839));
#4568=CARTESIAN_POINT('Ctrl Pts',(-800.,-12.0195343249919,5.35870058588133));
#4569=CARTESIAN_POINT('Ctrl Pts',(-1035.65204544757,29.5176901989823,6.45969933233975));
#4570=CARTESIAN_POINT('Ctrl Pts',(-800.,-8.25014512723939,6.54398449178994));
#4571=CARTESIAN_POINT('Ctrl Pts',(-1035.65204544757,33.2870793967349,7.64498323824838));
#4572=CARTESIAN_POINT('Ctrl Pts',(-800.,-4.30165488030713,7.71465660659444));
#4573=CARTESIAN_POINT('Ctrl Pts',(-1035.65204544757,37.2355696436671,8.81565535305287));
#4574=CARTESIAN_POINT('Ctrl Pts',(-800.,-0.24862581687783,8.83371859582227));
#4575=CARTESIAN_POINT('Ctrl Pts',(-1035.65204544757,41.2885987070964,9.93471734228071));
#4576=CARTESIAN_POINT('Ctrl Pts',(-800.,3.83400321347281,9.85790319089498));
#4577=CARTESIAN_POINT('Ctrl Pts',(-1035.65204544757,45.371227737447,10.9589019373534));
#4578=CARTESIAN_POINT('Ctrl Pts',(-800.,7.88318060359241,10.7487798423003));
#4579=CARTESIAN_POINT('Ctrl Pts',(-1035.65204544757,49.4204051275666,11.8497785887587));
#4580=CARTESIAN_POINT('Ctrl Pts',(-800.,11.8633393708056,11.486599527629));
#4581=CARTESIAN_POINT('Ctrl Pts',(-1035.65204544757,53.4005638947798,12.5875982740874));
#4582=CARTESIAN_POINT('Ctrl Pts',(-800.,15.7703353598009,12.0744149555804));
#4583=CARTESIAN_POINT('Ctrl Pts',(-1035.65204544757,57.3075598837751,13.1754137020389));
#4584=CARTESIAN_POINT('Ctrl Pts',(-800.,19.6198397150285,12.5292062829367));
#4585=CARTESIAN_POINT('Ctrl Pts',(-1035.65204544757,61.1570642390027,13.6302050293951));
#4586=CARTESIAN_POINT('Ctrl Pts',(-800.,23.4396120399643,12.8762500619349));
#4587=CARTESIAN_POINT('Ctrl Pts',(-1035.65204544757,64.9768365639385,13.9772488083933));
#4588=CARTESIAN_POINT('Ctrl Pts',(-800.,27.2602868475888,13.1422391186083));
#4589=CARTESIAN_POINT('Ctrl Pts',(-1035.65204544757,68.797511371563,14.2432378650667));
#4590=CARTESIAN_POINT('Ctrl Pts',(-800.,31.1066711445274,13.3488399918652));
#4591=CARTESIAN_POINT('Ctrl Pts',(-1035.65204544757,72.6438956685017,14.4498387383237));
#4592=CARTESIAN_POINT('Ctrl Pts',(-800.,34.989201083066,13.5063551257174));
#4593=CARTESIAN_POINT('Ctrl Pts',(-1035.65204544757,76.5264256070402,14.6073538721758));
#4594=CARTESIAN_POINT('Ctrl Pts',(-800.,38.9075584319943,13.6169199911638));
#4595=CARTESIAN_POINT('Ctrl Pts',(-1035.65204544757,80.4447829559685,14.7179187376222));
#4596=CARTESIAN_POINT('Ctrl Pts',(-800.,42.8537598627693,13.6772617687075));
#4597=CARTESIAN_POINT('Ctrl Pts',(-1035.65204544757,84.3909843867435,14.7782605151659));
#4598=CARTESIAN_POINT('Ctrl Pts',(-800.,46.8155049643492,13.6817191664438));
#4599=CARTESIAN_POINT('Ctrl Pts',(-1035.65204544757,88.3527294883235,14.7827179129022));
#4600=CARTESIAN_POINT('Ctrl Pts',(-800.,50.7792339447565,13.6249057690435));
#4601=CARTESIAN_POINT('Ctrl Pts',(-1035.65204544757,92.3164584687307,14.7259045155019));
#4602=CARTESIAN_POINT('Ctrl Pts',(-800.,54.7337354841695,13.5051331399415));
#4603=CARTESIAN_POINT('Ctrl Pts',(-1035.65204544757,96.2709600081438,14.6061318864));
#4604=CARTESIAN_POINT('Ctrl Pts',(-800.,58.6712778224835,13.3243697384347));
#4605=CARTESIAN_POINT('Ctrl Pts',(-1035.65204544757,100.208502346458,14.4253684848931));
#4606=CARTESIAN_POINT('Ctrl Pts',(-800.,62.5875119771892,13.0865345777813));
#4607=CARTESIAN_POINT('Ctrl Pts',(-1035.65204544757,104.124736501163,14.1875333242397));
#4608=CARTESIAN_POINT('Ctrl Pts',(-800.,66.4818122368095,12.7962802019155));
#4609=CARTESIAN_POINT('Ctrl Pts',(-1035.65204544757,108.019036760784,13.8972789483739));
#4610=CARTESIAN_POINT('Ctrl Pts',(-800.,70.3573414890395,12.4576614160629));
#4611=CARTESIAN_POINT('Ctrl Pts',(-1035.65204544757,111.894566013014,13.5586601625213));
#4612=CARTESIAN_POINT('Ctrl Pts',(-800.,74.2214834916897,12.0726474610896));
#4613=CARTESIAN_POINT('Ctrl Pts',(-1035.65204544757,115.758708015664,13.1736462075481));
#4614=CARTESIAN_POINT('Ctrl Pts',(-800.,78.0853562288986,11.6403540323288));
#4615=CARTESIAN_POINT('Ctrl Pts',(-1035.65204544757,119.622580752873,12.7413527787872));
#4616=CARTESIAN_POINT('Ctrl Pts',(-800.,81.9607313714361,11.1584887121834));
#4617=CARTESIAN_POINT('Ctrl Pts',(-1035.65204544757,123.49795589541,12.2594874586418));
#4618=CARTESIAN_POINT('Ctrl Pts',(-800.,85.8574636858045,10.6243779088383));
#4619=CARTESIAN_POINT('Ctrl Pts',(-1035.65204544757,127.394688209779,11.7253766552967));
#4620=CARTESIAN_POINT('Ctrl Pts',(-800.,89.7806226383949,10.0361884107003));
#4621=CARTESIAN_POINT('Ctrl Pts',(-1035.65204544757,131.317847162369,11.1371871571587));
#4622=CARTESIAN_POINT('Ctrl Pts',(-800.,93.7279614385037,9.39399889259019));
#4623=CARTESIAN_POINT('Ctrl Pts',(-1035.65204544757,135.265185962478,10.4949976390486));
#4624=CARTESIAN_POINT('Ctrl Pts',(-800.,97.6866485260683,8.70112223146966));
#4625=CARTESIAN_POINT('Ctrl Pts',(-1035.65204544757,139.223873050043,9.80212097792809));
#4626=CARTESIAN_POINT('Ctrl Pts',(-800.,101.637587903575,7.96301120913303));
#4627=CARTESIAN_POINT('Ctrl Pts',(-1035.65204544757,143.174812427549,9.06400995559145));
#4628=CARTESIAN_POINT('Ctrl Pts',(-800.,105.560474733478,7.18592207321599));
#4629=CARTESIAN_POINT('Ctrl Pts',(-1035.65204544757,147.097699257452,8.28692081967442));
#4630=CARTESIAN_POINT('Ctrl Pts',(-800.,109.438843955492,6.3756085233683));
#4631=CARTESIAN_POINT('Ctrl Pts',(-1035.65204544757,150.976068479466,7.47660726982672));
#4632=CARTESIAN_POINT('Ctrl Pts',(-800.,113.264542370552,5.5361343217574));
#4633=CARTESIAN_POINT('Ctrl Pts',(-1035.65204544757,154.801766894526,6.63713306821582));
#4634=CARTESIAN_POINT('Ctrl Pts',(-800.,117.043886165961,4.6683133977657));
#4635=CARTESIAN_POINT('Ctrl Pts',(-1035.65204544757,158.581110689935,5.76931214422413));
#4636=CARTESIAN_POINT('Ctrl Pts',(-800.,120.797979770851,3.7694583691052));
#4637=CARTESIAN_POINT('Ctrl Pts',(-1035.65204544757,162.335204294826,4.87045711556363));
#4638=CARTESIAN_POINT('Ctrl Pts',(-800.,124.554827462804,2.83497295353556));
#4639=CARTESIAN_POINT('Ctrl Pts',(-1035.65204544757,166.092051986778,3.935971699994));
#4640=CARTESIAN_POINT('Ctrl Pts',(-800.,128.34343204115,1.85949617558779));
#4641=CARTESIAN_POINT('Ctrl Pts',(-1035.65204544757,169.880656565124,2.96049492204623));
#4642=CARTESIAN_POINT('Ctrl Pts',(-800.,132.187167891735,0.838213110863222));
#4643=CARTESIAN_POINT('Ctrl Pts',(-1035.65204544757,173.724392415709,1.93921185732165));
#4644=CARTESIAN_POINT('Ctrl Pts',(-800.,136.097285051596,-0.231873720689209));
#4645=CARTESIAN_POINT('Ctrl Pts',(-1035.65204544757,177.63450957557,0.86912502576922));
#4646=CARTESIAN_POINT('Ctrl Pts',(-800.,140.066825756872,-1.35074087161356));
#4647=CARTESIAN_POINT('Ctrl Pts',(-1035.65204544757,181.604050280846,-0.249742125155132));
#4648=CARTESIAN_POINT('Ctrl Pts',(-800.,144.075841446534,-2.51617318262242));
#4649=CARTESIAN_POINT('Ctrl Pts',(-1035.65204544757,185.613065970508,-1.41517443616399));
#4650=CARTESIAN_POINT('Ctrl Pts',(-800.,148.09597299762,-3.72447926791222));
#4651=CARTESIAN_POINT('Ctrl Pts',(-1035.65204544757,189.633197521595,-2.62348052145378));
#4652=CARTESIAN_POINT('Ctrl Pts',(-800.,152.095393297979,-4.97126738351596));
#4653=CARTESIAN_POINT('Ctrl Pts',(-1035.65204544757,193.632617821953,-3.87026863705753));
#4654=CARTESIAN_POINT('Ctrl Pts',(-800.,156.043268308517,-6.25214554833364));
#4655=CARTESIAN_POINT('Ctrl Pts',(-1035.65204544757,197.580492832491,-5.15114680187521));
#4656=CARTESIAN_POINT('Ctrl Pts',(-800.,159.915198575494,-7.56356942476233));
#4657=CARTESIAN_POINT('Ctrl Pts',(-1035.65204544757,201.452423099469,-6.4625706783039));
#4658=CARTESIAN_POINT('Ctrl Pts',(-800.,163.695504608598,-8.90321545597421));
#4659=CARTESIAN_POINT('Ctrl Pts',(-1035.65204544757,205.232729132572,-7.80221670951578));
#4660=CARTESIAN_POINT('Ctrl Pts',(-800.,167.374743391179,-10.269638024248));
#4661=CARTESIAN_POINT('Ctrl Pts',(-1035.65204544757,208.911967915153,-9.16863927778959));
#4662=CARTESIAN_POINT('Ctrl Pts',(-800.,170.233644328871,-11.3836058550875));
#4663=CARTESIAN_POINT('Ctrl Pts',(-1035.65204544757,211.770868852846,-10.282607108629));
#4664=CARTESIAN_POINT('Ctrl Pts',(-800.,172.329645799811,-12.2306754946784));
#4665=CARTESIAN_POINT('Ctrl Pts',(-1035.65204544757,213.866870323785,-11.12967674822));
#4666=CARTESIAN_POINT('Ctrl Pts',(-800.,173.705580311897,-12.8005392360454));
#4667=CARTESIAN_POINT('Ctrl Pts',(-1035.65204544757,215.242804835871,-11.699540489587));
#4668=CARTESIAN_POINT('Ctrl Pts',(-800.,174.388197543224,-13.0867587577198));
#4669=CARTESIAN_POINT('Ctrl Pts',(-1035.65204544757,215.925422067198,-11.9857600112614));
#4670=CARTESIAN_POINT('Ctrl Pts',(-800.,-36.5164678315322,-13.2772587652896));
#4671=CARTESIAN_POINT('Ctrl Pts',(-800.,-36.5357621408144,-13.0535691253532));
#4672=CARTESIAN_POINT('Ctrl Pts',(-800.,-36.5277571953728,-12.5800873276616));
#4673=CARTESIAN_POINT('Ctrl Pts',(-800.,-36.3759516215581,-11.7915270159042));
#4674=CARTESIAN_POINT('Ctrl Pts',(-800.,-35.8939731618699,-10.5836283648473));
#4675=CARTESIAN_POINT('Ctrl Pts',(-800.,-34.8361992291384,-8.83216476704085));
#4676=CARTESIAN_POINT('Ctrl Pts',(-800.,-33.3593207647594,-6.90259496960987));
#4677=CARTESIAN_POINT('Ctrl Pts',(-800.,-31.5287267244977,-4.90874954991736));
#4678=CARTESIAN_POINT('Ctrl Pts',(-800.,-29.415089321684,-2.97385914840521));
#4679=CARTESIAN_POINT('Ctrl Pts',(-800.,-27.0781230136416,-1.20236069954381));
#4680=CARTESIAN_POINT('Ctrl Pts',(-800.,-24.5422907487483,0.361185370739194));
#4681=CARTESIAN_POINT('Ctrl Pts',(-800.,-21.7941416996744,1.7392847999678));
#4682=CARTESIAN_POINT('Ctrl Pts',(-800.,-18.8052885243097,2.98869701515252));
#4683=CARTESIAN_POINT('Ctrl Pts',(-800.,-15.5490892342828,4.17751979474997));
#4684=CARTESIAN_POINT('Ctrl Pts',(-800.,-12.0195343249919,5.35870058588133));
#4685=CARTESIAN_POINT('Ctrl Pts',(-800.,-8.25014512723939,6.54398449178994));
#4686=CARTESIAN_POINT('Ctrl Pts',(-800.,-4.30165488030713,7.71465660659444));
#4687=CARTESIAN_POINT('Ctrl Pts',(-800.,-0.24862581687783,8.83371859582227));
#4688=CARTESIAN_POINT('Ctrl Pts',(-800.,3.83400321347281,9.85790319089498));
#4689=CARTESIAN_POINT('Ctrl Pts',(-800.,7.88318060359241,10.7487798423003));
#4690=CARTESIAN_POINT('Ctrl Pts',(-800.,11.8633393708056,11.486599527629));
#4691=CARTESIAN_POINT('Ctrl Pts',(-800.,15.7703353598009,12.0744149555804));
#4692=CARTESIAN_POINT('Ctrl Pts',(-800.,19.6198397150285,12.5292062829367));
#4693=CARTESIAN_POINT('Ctrl Pts',(-800.,23.4396120399643,12.8762500619349));
#4694=CARTESIAN_POINT('Ctrl Pts',(-800.,27.2602868475888,13.1422391186083));
#4695=CARTESIAN_POINT('Ctrl Pts',(-800.,31.1066711445274,13.3488399918652));
#4696=CARTESIAN_POINT('Ctrl Pts',(-800.,34.989201083066,13.5063551257174));
#4697=CARTESIAN_POINT('Ctrl Pts',(-800.,38.9075584319943,13.6169199911638));
#4698=CARTESIAN_POINT('Ctrl Pts',(-800.,42.8537598627693,13.6772617687075));
#4699=CARTESIAN_POINT('Ctrl Pts',(-800.,46.8155049643492,13.6817191664438));
#4700=CARTESIAN_POINT('Ctrl Pts',(-800.,50.7792339447565,13.6249057690435));
#4701=CARTESIAN_POINT('Ctrl Pts',(-800.,54.7337354841695,13.5051331399415));
#4702=CARTESIAN_POINT('Ctrl Pts',(-800.,58.6712778224835,13.3243697384347));
#4703=CARTESIAN_POINT('Ctrl Pts',(-800.,62.5875119771892,13.0865345777813));
#4704=CARTESIAN_POINT('Ctrl Pts',(-800.,66.4818122368095,12.7962802019155));
#4705=CARTESIAN_POINT('Ctrl Pts',(-800.,70.3573414890395,12.4576614160629));
#4706=CARTESIAN_POINT('Ctrl Pts',(-800.,74.2214834916897,12.0726474610896));
#4707=CARTESIAN_POINT('Ctrl Pts',(-800.,78.0853562288986,11.6403540323288));
#4708=CARTESIAN_POINT('Ctrl Pts',(-800.,81.9607313714361,11.1584887121834));
#4709=CARTESIAN_POINT('Ctrl Pts',(-800.,85.8574636858045,10.6243779088383));
#4710=CARTESIAN_POINT('Ctrl Pts',(-800.,89.7806226383949,10.0361884107003));
#4711=CARTESIAN_POINT('Ctrl Pts',(-800.,93.7279614385037,9.39399889259019));
#4712=CARTESIAN_POINT('Ctrl Pts',(-800.,97.6866485260683,8.70112223146966));
#4713=CARTESIAN_POINT('Ctrl Pts',(-800.,101.637587903575,7.96301120913303));
#4714=CARTESIAN_POINT('Ctrl Pts',(-800.,105.560474733478,7.18592207321599));
#4715=CARTESIAN_POINT('Ctrl Pts',(-800.,109.438843955492,6.3756085233683));
#4716=CARTESIAN_POINT('Ctrl Pts',(-800.,113.264542370552,5.5361343217574));
#4717=CARTESIAN_POINT('Ctrl Pts',(-800.,117.043886165961,4.6683133977657));
#4718=CARTESIAN_POINT('Ctrl Pts',(-800.,120.797979770851,3.7694583691052));
#4719=CARTESIAN_POINT('Ctrl Pts',(-800.,124.554827462804,2.83497295353556));
#4720=CARTESIAN_POINT('Ctrl Pts',(-800.,128.34343204115,1.85949617558779));
#4721=CARTESIAN_POINT('Ctrl Pts',(-800.,132.187167891735,0.838213110863222));
#4722=CARTESIAN_POINT('Ctrl Pts',(-800.,136.097285051596,-0.231873720689209));
#4723=CARTESIAN_POINT('Ctrl Pts',(-800.,140.066825756872,-1.35074087161356));
#4724=CARTESIAN_POINT('Ctrl Pts',(-800.,144.075841446534,-2.51617318262242));
#4725=CARTESIAN_POINT('Ctrl Pts',(-800.,148.09597299762,-3.72447926791222));
#4726=CARTESIAN_POINT('Ctrl Pts',(-800.,152.095393297979,-4.97126738351596));
#4727=CARTESIAN_POINT('Ctrl Pts',(-800.,156.043268308517,-6.25214554833364));
#4728=CARTESIAN_POINT('Ctrl Pts',(-800.,159.915198575494,-7.56356942476233));
#4729=CARTESIAN_POINT('Ctrl Pts',(-800.,163.695504608598,-8.90321545597421));
#4730=CARTESIAN_POINT('Ctrl Pts',(-800.,167.374743391179,-10.269638024248));
#4731=CARTESIAN_POINT('Ctrl Pts',(-800.,170.233644328871,-11.3836058550875));
#4732=CARTESIAN_POINT('Ctrl Pts',(-800.,172.329645799811,-12.2306754946784));
#4733=CARTESIAN_POINT('Ctrl Pts',(-800.,173.705580311897,-12.8005392360454));
#4734=CARTESIAN_POINT('Ctrl Pts',(-800.,174.388197543224,-13.0867587577198));
#4735=CARTESIAN_POINT('Ctrl Pts',(-1035.65204544757,5.02075669244204,-12.1762600188312));
#4736=CARTESIAN_POINT('Ctrl Pts',(-1035.65204544757,5.00146238315978,-11.9525703788948));
#4737=CARTESIAN_POINT('Ctrl Pts',(-1035.65204544757,5.00946732860136,-11.4790885812032));
#4738=CARTESIAN_POINT('Ctrl Pts',(-1035.65204544757,5.16127290241607,-10.6905282694458));
#4739=CARTESIAN_POINT('Ctrl Pts',(-1035.65204544757,5.64325136210427,-9.48262961838886));
#4740=CARTESIAN_POINT('Ctrl Pts',(-1035.65204544757,6.70102529483582,-7.73116602058242));
#4741=CARTESIAN_POINT('Ctrl Pts',(-1035.65204544757,8.17790375921479,-5.80159622315144));
#4742=CARTESIAN_POINT('Ctrl Pts',(-1035.65204544757,10.0084977994765,-3.80775080345893));
#4743=CARTESIAN_POINT('Ctrl Pts',(-1035.65204544757,12.1221352022902,-1.87286040194678));
#4744=CARTESIAN_POINT('Ctrl Pts',(-1035.65204544757,14.4591015103326,-0.101361953085379));
#4745=CARTESIAN_POINT('Ctrl Pts',(-1035.65204544757,16.9949337752259,1.46218411719762));
#4746=CARTESIAN_POINT('Ctrl Pts',(-1035.65204544757,19.7430828242998,2.84028354642623));
#4747=CARTESIAN_POINT('Ctrl Pts',(-1035.65204544757,22.7319359996645,4.08969576161095));
#4748=CARTESIAN_POINT('Ctrl Pts',(-1035.65204544757,25.9881352896914,5.27851854120839));
#4749=CARTESIAN_POINT('Ctrl Pts',(-1035.65204544757,29.5176901989823,6.45969933233976));
#4750=CARTESIAN_POINT('Ctrl Pts',(-1035.65204544757,33.2870793967348,7.64498323824837));
#4751=CARTESIAN_POINT('Ctrl Pts',(-1035.65204544757,37.2355696436671,8.81565535305287));
#4752=CARTESIAN_POINT('Ctrl Pts',(-1035.65204544757,41.2885987070964,9.9347173422807));
#4753=CARTESIAN_POINT('Ctrl Pts',(-1035.65204544757,45.371227737447,10.9589019373534));
#4754=CARTESIAN_POINT('Ctrl Pts',(-1035.65204544757,49.4204051275666,11.8497785887587));
#4755=CARTESIAN_POINT('Ctrl Pts',(-1035.65204544757,53.4005638947798,12.5875982740874));
#4756=CARTESIAN_POINT('Ctrl Pts',(-1035.65204544757,57.3075598837751,13.1754137020389));
#4757=CARTESIAN_POINT('Ctrl Pts',(-1035.65204544757,61.1570642390027,13.6302050293951));
#4758=CARTESIAN_POINT('Ctrl Pts',(-1035.65204544757,64.9768365639385,13.9772488083933));
#4759=CARTESIAN_POINT('Ctrl Pts',(-1035.65204544757,68.797511371563,14.2432378650667));
#4760=CARTESIAN_POINT('Ctrl Pts',(-1035.65204544757,72.6438956685016,14.4498387383237));
#4761=CARTESIAN_POINT('Ctrl Pts',(-1035.65204544757,76.5264256070402,14.6073538721758));
#4762=CARTESIAN_POINT('Ctrl Pts',(-1035.65204544757,80.4447829559685,14.7179187376222));
#4763=CARTESIAN_POINT('Ctrl Pts',(-1035.65204544757,84.3909843867435,14.7782605151659));
#4764=CARTESIAN_POINT('Ctrl Pts',(-1035.65204544757,88.3527294883235,14.7827179129022));
#4765=CARTESIAN_POINT('Ctrl Pts',(-1035.65204544757,92.3164584687307,14.7259045155019));
#4766=CARTESIAN_POINT('Ctrl Pts',(-1035.65204544757,96.2709600081437,14.6061318864));
#4767=CARTESIAN_POINT('Ctrl Pts',(-1035.65204544757,100.208502346458,14.4253684848931));
#4768=CARTESIAN_POINT('Ctrl Pts',(-1035.65204544757,104.124736501163,14.1875333242397));
#4769=CARTESIAN_POINT('Ctrl Pts',(-1035.65204544757,108.019036760784,13.8972789483739));
#4770=CARTESIAN_POINT('Ctrl Pts',(-1035.65204544757,111.894566013014,13.5586601625213));
#4771=CARTESIAN_POINT('Ctrl Pts',(-1035.65204544757,115.758708015664,13.1736462075481));
#4772=CARTESIAN_POINT('Ctrl Pts',(-1035.65204544757,119.622580752873,12.7413527787873));
#4773=CARTESIAN_POINT('Ctrl Pts',(-1035.65204544757,123.49795589541,12.2594874586418));
#4774=CARTESIAN_POINT('Ctrl Pts',(-1035.65204544757,127.394688209779,11.7253766552967));
#4775=CARTESIAN_POINT('Ctrl Pts',(-1035.65204544757,131.317847162369,11.1371871571587));
#4776=CARTESIAN_POINT('Ctrl Pts',(-1035.65204544757,135.265185962478,10.4949976390486));
#4777=CARTESIAN_POINT('Ctrl Pts',(-1035.65204544757,139.223873050043,9.80212097792809));
#4778=CARTESIAN_POINT('Ctrl Pts',(-1035.65204544757,143.174812427549,9.06400995559145));
#4779=CARTESIAN_POINT('Ctrl Pts',(-1035.65204544757,147.097699257452,8.28692081967442));
#4780=CARTESIAN_POINT('Ctrl Pts',(-1035.65204544757,150.976068479466,7.47660726982672));
#4781=CARTESIAN_POINT('Ctrl Pts',(-1035.65204544757,154.801766894526,6.63713306821582));
#4782=CARTESIAN_POINT('Ctrl Pts',(-1035.65204544757,158.581110689935,5.76931214422413));
#4783=CARTESIAN_POINT('Ctrl Pts',(-1035.65204544757,162.335204294826,4.87045711556363));
#4784=CARTESIAN_POINT('Ctrl Pts',(-1035.65204544757,166.092051986778,3.93597169999399));
#4785=CARTESIAN_POINT('Ctrl Pts',(-1035.65204544757,169.880656565124,2.96049492204622));
#4786=CARTESIAN_POINT('Ctrl Pts',(-1035.65204544757,173.724392415709,1.93921185732165));
#4787=CARTESIAN_POINT('Ctrl Pts',(-1035.65204544757,177.63450957557,0.86912502576922));
#4788=CARTESIAN_POINT('Ctrl Pts',(-1035.65204544757,181.604050280846,-0.249742125155132));
#4789=CARTESIAN_POINT('Ctrl Pts',(-1035.65204544757,185.613065970508,-1.41517443616399));
#4790=CARTESIAN_POINT('Ctrl Pts',(-1035.65204544757,189.633197521595,-2.62348052145379));
#4791=CARTESIAN_POINT('Ctrl Pts',(-1035.65204544757,193.632617821953,-3.87026863705753));
#4792=CARTESIAN_POINT('Ctrl Pts',(-1035.65204544757,197.580492832491,-5.15114680187521));
#4793=CARTESIAN_POINT('Ctrl Pts',(-1035.65204544757,201.452423099469,-6.4625706783039));
#4794=CARTESIAN_POINT('Ctrl Pts',(-1035.65204544757,205.232729132572,-7.80221670951579));
#4795=CARTESIAN_POINT('Ctrl Pts',(-1035.65204544757,208.911967915153,-9.16863927778959));
#4796=CARTESIAN_POINT('Ctrl Pts',(-1035.65204544757,211.770868852846,-10.282607108629));
#4797=CARTESIAN_POINT('Ctrl Pts',(-1035.65204544757,213.866870323785,-11.12967674822));
#4798=CARTESIAN_POINT('Ctrl Pts',(-1035.65204544757,215.242804835871,-11.699540489587));
#4799=CARTESIAN_POINT('Ctrl Pts',(-1035.65204544757,215.925422067198,-11.9857600112614));
#4800=CARTESIAN_POINT('Origin',(-1035.65204544757,103.200049096183,-3.75282713997123));
#4801=CARTESIAN_POINT('Ctrl Pts',(800.,174.388197543224,-13.0867587577198));
#4802=CARTESIAN_POINT('Ctrl Pts',(-800.,174.388197543224,-13.0867587577198));
#4803=CARTESIAN_POINT('Ctrl Pts',(800.,173.640546391508,-12.9325827994326));
#4804=CARTESIAN_POINT('Ctrl Pts',(-800.,173.640546391508,-12.9325827994326));
#4805=CARTESIAN_POINT('Ctrl Pts',(800.,172.145884916516,-12.6325725676663));
#4806=CARTESIAN_POINT('Ctrl Pts',(-800.,172.145884916516,-12.6325725676663));
#4807=CARTESIAN_POINT('Ctrl Pts',(800.,169.905815055891,-12.207582175829));
#4808=CARTESIAN_POINT('Ctrl Pts',(-800.,169.905815055891,-12.207582175829));
#4809=CARTESIAN_POINT('Ctrl Pts',(800.,166.922902843289,-11.691001723675));
#4810=CARTESIAN_POINT('Ctrl Pts',(-800.,166.922902843289,-11.691001723675));
#4811=CARTESIAN_POINT('Ctrl Pts',(800.,163.200268329317,-11.1284426868059));
#4812=CARTESIAN_POINT('Ctrl Pts',(-800.,163.200268329317,-11.1284426868059));
#4813=CARTESIAN_POINT('Ctrl Pts',(800.,159.482422352801,-10.6479709150138));
#4814=CARTESIAN_POINT('Ctrl Pts',(-800.,159.482422352801,-10.6479709150138));
#4815=CARTESIAN_POINT('Ctrl Pts',(800.,155.766877818616,-10.2472271338563));
#4816=CARTESIAN_POINT('Ctrl Pts',(-800.,155.766877818616,-10.2472271338563));
#4817=CARTESIAN_POINT('Ctrl Pts',(800.,152.049554921967,-9.92218141364438));
#4818=CARTESIAN_POINT('Ctrl Pts',(-800.,152.049554921967,-9.92218141364438));
#4819=CARTESIAN_POINT('Ctrl Pts',(800.,148.324119472677,-9.66649213739976));
#4820=CARTESIAN_POINT('Ctrl Pts',(-800.,148.324119472677,-9.66649213739976));
#4821=CARTESIAN_POINT('Ctrl Pts',(800.,144.582587970809,-9.47179424141918));
#4822=CARTESIAN_POINT('Ctrl Pts',(-800.,144.582587970809,-9.47179424141918));
#4823=CARTESIAN_POINT('Ctrl Pts',(800.,140.81709148081,-9.32883824524675));
#4824=CARTESIAN_POINT('Ctrl Pts',(-800.,140.81709148081,-9.32883824524675));
#4825=CARTESIAN_POINT('Ctrl Pts',(800.,137.021323914444,-9.22839352536583));
#4826=CARTESIAN_POINT('Ctrl Pts',(-800.,137.021323914444,-9.22839352536583));
#4827=CARTESIAN_POINT('Ctrl Pts',(800.,133.192109226281,-9.16224085748085));
#4828=CARTESIAN_POINT('Ctrl Pts',(-800.,133.192109226281,-9.16224085748085));
#4829=CARTESIAN_POINT('Ctrl Pts',(800.,129.330953395287,-9.12414180143591));
#4830=CARTESIAN_POINT('Ctrl Pts',(-800.,129.330953395287,-9.12414180143591));
#4831=CARTESIAN_POINT('Ctrl Pts',(800.,125.445525679024,-9.1107802296503));
#4832=CARTESIAN_POINT('Ctrl Pts',(-800.,125.445525679024,-9.1107802296503));
#4833=CARTESIAN_POINT('Ctrl Pts',(800.,121.54736271796,-9.12095174234863));
#4834=CARTESIAN_POINT('Ctrl Pts',(-800.,121.54736271796,-9.12095174234863));
#4835=CARTESIAN_POINT('Ctrl Pts',(800.,117.649724595779,-9.15481975520845));
#4836=CARTESIAN_POINT('Ctrl Pts',(-800.,117.649724595779,-9.15481975520845));
#4837=CARTESIAN_POINT('Ctrl Pts',(800.,113.765319256748,-9.21312233389305));
#4838=CARTESIAN_POINT('Ctrl Pts',(-800.,113.765319256748,-9.21312233389305));
#4839=CARTESIAN_POINT('Ctrl Pts',(800.,109.904262831075,-9.29646195792964));
#4840=CARTESIAN_POINT('Ctrl Pts',(-800.,109.904262831075,-9.29646195792964));
#4841=CARTESIAN_POINT('Ctrl Pts',(800.,106.071496863468,-9.40441141870244));
#4842=CARTESIAN_POINT('Ctrl Pts',(-800.,106.071496863468,-9.40441141870244));
#4843=CARTESIAN_POINT('Ctrl Pts',(800.,102.265983283761,-9.53522254131346));
#4844=CARTESIAN_POINT('Ctrl Pts',(-800.,102.265983283761,-9.53522254131346));
#4845=CARTESIAN_POINT('Ctrl Pts',(800.,98.4825970319327,-9.68645166207687));
#4846=CARTESIAN_POINT('Ctrl Pts',(-800.,98.4825970319327,-9.68645166207687));
#4847=CARTESIAN_POINT('Ctrl Pts',(800.,94.713366075911,-9.85536025362893));
#4848=CARTESIAN_POINT('Ctrl Pts',(-800.,94.713366075911,-9.85536025362893));
#4849=CARTESIAN_POINT('Ctrl Pts',(800.,90.9489779405515,-10.0394172735664));
#4850=CARTESIAN_POINT('Ctrl Pts',(-800.,90.9489779405515,-10.0394172735664));
#4851=CARTESIAN_POINT('Ctrl Pts',(800.,87.1801463097331,-10.2367298332294));
#4852=CARTESIAN_POINT('Ctrl Pts',(-800.,87.1801463097331,-10.2367298332294));
#4853=CARTESIAN_POINT('Ctrl Pts',(800.,83.3990969015489,-10.4465798612418));
#4854=CARTESIAN_POINT('Ctrl Pts',(-800.,83.3990969015489,-10.4465798612418));
#4855=CARTESIAN_POINT('Ctrl Pts',(800.,79.6002434694614,-10.6690436514252));
#4856=CARTESIAN_POINT('Ctrl Pts',(-800.,79.6002434694614,-10.6690436514252));
#4857=CARTESIAN_POINT('Ctrl Pts',(800.,75.7807395771505,-10.9045072505609));
#4858=CARTESIAN_POINT('Ctrl Pts',(-800.,75.7807395771505,-10.9045072505609));
#4859=CARTESIAN_POINT('Ctrl Pts',(800.,71.9411406411864,-11.1531996917635));
#4860=CARTESIAN_POINT('Ctrl Pts',(-800.,71.9411406411864,-11.1531996917635));
#4861=CARTESIAN_POINT('Ctrl Pts',(800.,68.0858864064747,-11.4147623764326));
#4862=CARTESIAN_POINT('Ctrl Pts',(-800.,68.0858864064747,-11.4147623764326));
#4863=CARTESIAN_POINT('Ctrl Pts',(800.,64.2242050834094,-11.6876959614839));
#4864=CARTESIAN_POINT('Ctrl Pts',(-800.,64.2242050834094,-11.6876959614839));
#4865=CARTESIAN_POINT('Ctrl Pts',(800.,60.3697194001095,-11.9692113476143));
#4866=CARTESIAN_POINT('Ctrl Pts',(-800.,60.3697194001095,-11.9692113476143));
#4867=CARTESIAN_POINT('Ctrl Pts',(800.,56.537286025839,-12.2559481152302));
#4868=CARTESIAN_POINT('Ctrl Pts',(-800.,56.537286025839,-12.2559481152302));
#4869=CARTESIAN_POINT('Ctrl Pts',(800.,52.7404653056185,-12.5444980596556));
#4870=CARTESIAN_POINT('Ctrl Pts',(-800.,52.7404653056185,-12.5444980596556));
#4871=CARTESIAN_POINT('Ctrl Pts',(800.,48.9886314481341,-12.8320322111147));
#4872=CARTESIAN_POINT('Ctrl Pts',(-800.,48.9886314481341,-12.8320322111147));
#4873=CARTESIAN_POINT('Ctrl Pts',(800.,45.2844761735841,-13.1168239425176));
#4874=CARTESIAN_POINT('Ctrl Pts',(-800.,45.2844761735841,-13.1168239425176));
#4875=CARTESIAN_POINT('Ctrl Pts',(800.,41.6206914750834,-13.3989749892037));
#4876=CARTESIAN_POINT('Ctrl Pts',(-800.,41.6206914750834,-13.3989749892037));
#4877=CARTESIAN_POINT('Ctrl Pts',(800.,37.9814916366201,-13.6799658819976));
#4878=CARTESIAN_POINT('Ctrl Pts',(-800.,37.9814916366201,-13.6799658819976));
#4879=CARTESIAN_POINT('Ctrl Pts',(800.,34.3454844435281,-13.9618943634638));
#4880=CARTESIAN_POINT('Ctrl Pts',(-800.,34.3454844435281,-13.9618943634638));
#4881=CARTESIAN_POINT('Ctrl Pts',(800.,30.6880505654433,-14.2467989691874));
#4882=CARTESIAN_POINT('Ctrl Pts',(-800.,30.6880505654433,-14.2467989691874));
#4883=CARTESIAN_POINT('Ctrl Pts',(800.,26.9839801293902,-14.5359946141092));
#4884=CARTESIAN_POINT('Ctrl Pts',(-800.,26.9839801293902,-14.5359946141092));
#4885=CARTESIAN_POINT('Ctrl Pts',(800.,23.2098523444315,-14.8292869059306));
#4886=CARTESIAN_POINT('Ctrl Pts',(-800.,23.2098523444315,-14.8292869059306));
#4887=CARTESIAN_POINT('Ctrl Pts',(800.,19.3470584703804,-15.1246439224727));
#4888=CARTESIAN_POINT('Ctrl Pts',(-800.,19.3470584703804,-15.1246439224727));
#4889=CARTESIAN_POINT('Ctrl Pts',(800.,15.3859081545988,-15.4185766889652));
#4890=CARTESIAN_POINT('Ctrl Pts',(-800.,15.3859081545988,-15.4185766889652));
#4891=CARTESIAN_POINT('Ctrl Pts',(800.,11.329277785252,-15.7063508461953));
#4892=CARTESIAN_POINT('Ctrl Pts',(-800.,11.329277785252,-15.7063508461953));
#4893=CARTESIAN_POINT('Ctrl Pts',(800.,7.19693359580081,-15.9822579993993));
#4894=CARTESIAN_POINT('Ctrl Pts',(-800.,7.19693359580081,-15.9822579993993));
#4895=CARTESIAN_POINT('Ctrl Pts',(800.,3.02851693511525,-16.2398734832414));
#4896=CARTESIAN_POINT('Ctrl Pts',(-800.,3.02851693511525,-16.2398734832414));
#4897=CARTESIAN_POINT('Ctrl Pts',(800.,-1.11011700434468,-16.4722834194153));
#4898=CARTESIAN_POINT('Ctrl Pts',(-800.,-1.11011700434468,-16.4722834194153));
#4899=CARTESIAN_POINT('Ctrl Pts',(800.,-5.13631198289336,-16.6725040655272));
#4900=CARTESIAN_POINT('Ctrl Pts',(-800.,-5.13631198289336,-16.6725040655272));
#4901=CARTESIAN_POINT('Ctrl Pts',(800.,-8.96730627344193,-16.8339838512957));
#4902=CARTESIAN_POINT('Ctrl Pts',(-800.,-8.96730627344193,-16.8339838512957));
#4903=CARTESIAN_POINT('Ctrl Pts',(800.,-12.5349811613397,-16.9511038057077));
#4904=CARTESIAN_POINT('Ctrl Pts',(-800.,-12.5349811613397,-16.9511038057077));
#4905=CARTESIAN_POINT('Ctrl Pts',(800.,-15.8006444361609,-17.019627922564));
#4906=CARTESIAN_POINT('Ctrl Pts',(-800.,-15.8006444361609,-17.019627922564));
#4907=CARTESIAN_POINT('Ctrl Pts',(800.,-18.7717334831654,-17.0373026976573));
#4908=CARTESIAN_POINT('Ctrl Pts',(-800.,-18.7717334831654,-17.0373026976573));
#4909=CARTESIAN_POINT('Ctrl Pts',(800.,-21.5123179544266,-17.004036695529));
#4910=CARTESIAN_POINT('Ctrl Pts',(-800.,-21.5123179544266,-17.004036695529));
#4911=CARTESIAN_POINT('Ctrl Pts',(800.,-24.1041740152214,-16.9188959641976));
#4912=CARTESIAN_POINT('Ctrl Pts',(-800.,-24.1041740152214,-16.9188959641976));
#4913=CARTESIAN_POINT('Ctrl Pts',(800.,-26.6117910028087,-16.7773096194773));
#4914=CARTESIAN_POINT('Ctrl Pts',(-800.,-26.6117910028087,-16.7773096194773));
#4915=CARTESIAN_POINT('Ctrl Pts',(800.,-29.04746718592,-16.5683742513592));
#4916=CARTESIAN_POINT('Ctrl Pts',(-800.,-29.04746718592,-16.5683742513592));
#4917=CARTESIAN_POINT('Ctrl Pts',(800.,-31.3321291201911,-16.2716342364756));
#4918=CARTESIAN_POINT('Ctrl Pts',(-800.,-31.3321291201911,-16.2716342364756));
#4919=CARTESIAN_POINT('Ctrl Pts',(800.,-33.3381765740467,-15.8627587737702));
#4920=CARTESIAN_POINT('Ctrl Pts',(-800.,-33.3381765740467,-15.8627587737702));
#4921=CARTESIAN_POINT('Ctrl Pts',(800.,-34.9326479887751,-15.3190807084803));
#4922=CARTESIAN_POINT('Ctrl Pts',(-800.,-34.9326479887751,-15.3190807084803));
#4923=CARTESIAN_POINT('Ctrl Pts',(800.,-35.8102734603887,-14.7650573235625));
#4924=CARTESIAN_POINT('Ctrl Pts',(-800.,-35.8102734603887,-14.7650573235625));
#4925=CARTESIAN_POINT('Ctrl Pts',(800.,-36.233647137012,-14.2807523614976));
#4926=CARTESIAN_POINT('Ctrl Pts',(-800.,-36.233647137012,-14.2807523614976));
#4927=CARTESIAN_POINT('Ctrl Pts',(800.,-36.4113837480139,-13.9272975340714));
#4928=CARTESIAN_POINT('Ctrl Pts',(-800.,-36.4113837480139,-13.9272975340714));
#4929=CARTESIAN_POINT('Ctrl Pts',(800.,-36.4741344991451,-13.742925429433));
#4930=CARTESIAN_POINT('Ctrl Pts',(-800.,-36.4741344991451,-13.742925429433));
#4931=CARTESIAN_POINT('',(800.,-36.4741344991451,-13.742925429433));
#4932=CARTESIAN_POINT('',(-800.,-36.4741344991451,-13.742925429433));
#4933=CARTESIAN_POINT('',(0.,-36.4741344991451,-13.742925429433));
#4934=CARTESIAN_POINT('',(-800.,174.388197543224,-13.0867587577198));
#4935=CARTESIAN_POINT('Ctrl Pts',(-800.,174.388197543224,-13.0867587577198));
#4936=CARTESIAN_POINT('Ctrl Pts',(-800.,173.219992618667,-12.8458588228961));
#4937=CARTESIAN_POINT('Ctrl Pts',(-800.,172.052727958895,-12.6171787516799));
#4938=CARTESIAN_POINT('Ctrl Pts',(-800.,170.886396676146,-12.4007176363179));
#4939=CARTESIAN_POINT('Ctrl Pts',(-800.,169.89514697402,-12.2167501655847));
#4940=CARTESIAN_POINT('Ctrl Pts',(-800.,168.904572596434,-12.0416100115804));
#4941=CARTESIAN_POINT('Ctrl Pts',(-800.,167.91464255508,-11.8752749166022));
#4942=CARTESIAN_POINT('Ctrl Pts',(-800.,167.037745689606,-11.7279324607604));
#4943=CARTESIAN_POINT('Ctrl Pts',(-800.,166.161354704347,-11.5874995103655));
#4944=CARTESIAN_POINT('Ctrl Pts',(-800.,165.285417445913,-11.4539314766362));
#4945=CARTESIAN_POINT('Ctrl Pts',(-800.,164.475270326187,-11.3303955078539));
#4946=CARTESIAN_POINT('Ctrl Pts',(-800.,163.665511587038,-11.2127322584192));
#4947=CARTESIAN_POINT('Ctrl Pts',(-800.,162.856068302977,-11.1008750198631));
#4948=CARTESIAN_POINT('Ctrl Pts',(-800.,162.083387284422,-10.9940979710911));
#4949=CARTESIAN_POINT('Ctrl Pts',(-800.,161.310993868711,-10.892611738004));
#4950=CARTESIAN_POINT('Ctrl Pts',(-800.,160.53879146394,-10.7963246721545));
#4951=CARTESIAN_POINT('Ctrl Pts',(-800.,159.798945982609,-10.7040722391923));
#4952=CARTESIAN_POINT('Ctrl Pts',(-800.,159.059275912523,-10.6165925092171));
#4953=CARTESIAN_POINT('Ctrl Pts',(-800.,158.3196638148,-10.5337711494545));
#4954=CARTESIAN_POINT('Ctrl Pts',(-800.,157.614877158298,-10.454849523627));
#4955=CARTESIAN_POINT('Ctrl Pts',(-800.,156.910143338521,-10.3801580802589));
#4956=CARTESIAN_POINT('Ctrl Pts',(-800.,156.20532859846,-10.3095644780388));
#4957=CARTESIAN_POINT('Ctrl Pts',(-800.,155.50311067345,-10.2392309704484));
#4958=CARTESIAN_POINT('Ctrl Pts',(-800.,154.800812620493,-10.1729654030844));
#4959=CARTESIAN_POINT('Ctrl Pts',(-800.,154.098265483434,-10.1105989692319));
#4960=CARTESIAN_POINT('Ctrl Pts',(-800.,153.371317680953,-10.0460664423078));
#4961=CARTESIAN_POINT('Ctrl Pts',(-800.,152.644102964704,-9.98570862616794));
#4962=CARTESIAN_POINT('Ctrl Pts',(-800.,151.916395783134,-9.92929622917451));
#4963=CARTESIAN_POINT('Ctrl Pts',(-800.,151.106585573822,-9.86651914496535));
#4964=CARTESIAN_POINT('Ctrl Pts',(-800.,150.29616474438,-9.80862799494591));
#4965=CARTESIAN_POINT('Ctrl Pts',(-800.,149.484780148949,-9.75525215152763));
#4966=CARTESIAN_POINT('Ctrl Pts',(-800.,148.513120715103,-9.69133284360779));
#4967=CARTESIAN_POINT('Ctrl Pts',(-800.,147.540075427484,-9.63388796947907));
#4968=CARTESIAN_POINT('Ctrl Pts',(-800.,146.565016441956,-9.58221249775008));
#4969=CARTESIAN_POINT('Ctrl Pts',(-800.,145.706600712211,-9.5367188010276));
#4970=CARTESIAN_POINT('Ctrl Pts',(-800.,144.84662189018,-9.4956943798002));
#4971=CARTESIAN_POINT('Ctrl Pts',(-800.,143.984681601631,-9.45863874394069));
#4972=CARTESIAN_POINT('Ctrl Pts',(-800.,143.240572084104,-9.42664876541505));
#4973=CARTESIAN_POINT('Ctrl Pts',(-800.,142.495000186008,-9.39761573135878));
#4974=CARTESIAN_POINT('Ctrl Pts',(-800.,141.747749258041,-9.37122101640472));
#4975=CARTESIAN_POINT('Ctrl Pts',(-800.,141.062861263929,-9.34702911151243));
#4976=CARTESIAN_POINT('Ctrl Pts',(-800.,140.376562477314,-9.32505310411263));
#4977=CARTESIAN_POINT('Ctrl Pts',(-800.,139.688727698737,-9.30505915317047));
#4978=CARTESIAN_POINT('Ctrl Pts',(-800.,139.041075365106,-9.28623322376198));
#4979=CARTESIAN_POINT('Ctrl Pts',(-800.,138.392061028251,-9.26916427637287));
#4980=CARTESIAN_POINT('Ctrl Pts',(-800.,137.74162260017,-9.25367240380549));
#4981=CARTESIAN_POINT('Ctrl Pts',(-800.,137.120078980134,-9.23886873578563));
#4982=CARTESIAN_POINT('Ctrl Pts',(-800.,136.497234799083,-9.22550494775445));
#4983=CARTESIAN_POINT('Ctrl Pts',(-800.,135.873078837088,-9.21344162410405));
#4984=CARTESIAN_POINT('Ctrl Pts',(-800.,135.271016993895,-9.20180532273993));
#4985=CARTESIAN_POINT('Ctrl Pts',(-800.,134.66773445078,-9.19137890294683));
#4986=CARTESIAN_POINT('Ctrl Pts',(-800.,134.063264433965,-9.18205633530406));
#4987=CARTESIAN_POINT('Ctrl Pts',(-800.,133.461154325486,-9.17277016385049));
#4988=CARTESIAN_POINT('Ctrl Pts',(-800.,132.857865704345,-9.16457904075727));
#4989=CARTESIAN_POINT('Ctrl Pts',(-800.,132.253478941099,-9.15740026313544));
#4990=CARTESIAN_POINT('Ctrl Pts',(-800.,131.621055131888,-9.1498884674358));
#4991=CARTESIAN_POINT('Ctrl Pts',(-800.,130.987429175863,-9.14348514650501));
#4992=CARTESIAN_POINT('Ctrl Pts',(-800.,130.352746606022,-9.13812155340664));
#4993=CARTESIAN_POINT('Ctrl Pts',(-800.,129.678034851665,-9.13241968056339));
#4994=CARTESIAN_POINT('Ctrl Pts',(-800.,129.00212937823,-9.12789286534649));
#4995=CARTESIAN_POINT('Ctrl Pts',(-800.,128.325259198032,-9.12448671281982));
#4996=CARTESIAN_POINT('Ctrl Pts',(-800.,127.590890447059,-9.12079121544113));
#4997=CARTESIAN_POINT('Ctrl Pts',(-800.,126.855386668171,-9.11841488313817));
#4998=CARTESIAN_POINT('Ctrl Pts',(-800.,126.119095145155,-9.11732010561246));
#4999=CARTESIAN_POINT('Ctrl Pts',(-800.,125.27708899439,-9.11606814306562));
#5000=CARTESIAN_POINT('Ctrl Pts',(-800.,124.434053769695,-9.11649209674435));
#5001=CARTESIAN_POINT('Ctrl Pts',(-800.,123.590565580102,-9.11857681723157));
#5002=CARTESIAN_POINT('Ctrl Pts',(-800.,122.630643985344,-9.12094930832203));
#5003=CARTESIAN_POINT('Ctrl Pts',(-800.,121.670139816773,-9.12547340403863));
#5004=CARTESIAN_POINT('Ctrl Pts',(-800.,120.709929335205,-9.1321721084067));
#5005=CARTESIAN_POINT('Ctrl Pts',(-800.,119.862807226228,-9.13808187577608));
#5006=CARTESIAN_POINT('Ctrl Pts',(-800.,119.015916358327,-9.14568566314465));
#5007=CARTESIAN_POINT('Ctrl Pts',(-800.,118.169828534331,-9.15501353563185));
#5008=CARTESIAN_POINT('Ctrl Pts',(-800.,117.443320115274,-9.16302307991513));
#5009=CARTESIAN_POINT('Ctrl Pts',(-800.,116.717404345872,-9.17230437678648));
#5010=CARTESIAN_POINT('Ctrl Pts',(-800.,115.992402758487,-9.18287597787948));
#5011=CARTESIAN_POINT('Ctrl Pts',(-800.,115.333574999173,-9.19248266617045));
#5012=CARTESIAN_POINT('Ctrl Pts',(-800.,114.675502571122,-9.20315515911037));
#5013=CARTESIAN_POINT('Ctrl Pts',(-800.,114.018383826288,-9.21490146056144));
#5014=CARTESIAN_POINT('Ctrl Pts',(-800.,113.388219271754,-9.22616594339581));
#5015=CARTESIAN_POINT('Ctrl Pts',(-800.,112.758932083462,-9.23841811212718));
#5016=CARTESIAN_POINT('Ctrl Pts',(-800.,112.130649725733,-9.25165594459224));
#5017=CARTESIAN_POINT('Ctrl Pts',(-800.,111.513404802643,-9.26466121965888));
#5018=CARTESIAN_POINT('Ctrl Pts',(-800.,110.897129802178,-9.27861788486929));
#5019=CARTESIAN_POINT('Ctrl Pts',(-800.,110.281896580544,-9.29351377959161));
#5020=CARTESIAN_POINT('Ctrl Pts',(-800.,109.659290536045,-9.30858818351882));
#5021=CARTESIAN_POINT('Ctrl Pts',(-800.,109.037751516351,-9.3246244984815));
#5022=CARTESIAN_POINT('Ctrl Pts',(-800.,108.417300620025,-9.34159853025377));
#5023=CARTESIAN_POINT('Ctrl Pts',(-800.,107.767678456541,-9.35937061714777));
#5024=CARTESIAN_POINT('Ctrl Pts',(-800.,107.119248902227,-9.37817053751939));
#5025=CARTESIAN_POINT('Ctrl Pts',(-800.,106.471979406949,-9.39795887255508));
#5026=CARTESIAN_POINT('Ctrl Pts',(-800.,105.792068823461,-9.41874511154601));
#5027=CARTESIAN_POINT('Ctrl Pts',(-800.,105.11343794018,-9.44062179775036));
#5028=CARTESIAN_POINT('Ctrl Pts',(-800.,104.435992389599,-9.46353316379941));
#5029=CARTESIAN_POINT('Ctrl Pts',(-800.,103.724778278796,-9.48758659040754));
#5030=CARTESIAN_POINT('Ctrl Pts',(-800.,103.014870357507,-9.51278025602748));
#5031=CARTESIAN_POINT('Ctrl Pts',(-800.,102.306102627375,-9.5390412977153));
#5032=CARTESIAN_POINT('Ctrl Pts',(-800.,101.544584447261,-9.56725683268369));
#5033=CARTESIAN_POINT('Ctrl Pts',(-800.,100.784382093824,-9.59670424834577));
#5034=CARTESIAN_POINT('Ctrl Pts',(-800.,100.025230123203,-9.6272871628122));
#5035=CARTESIAN_POINT('Ctrl Pts',(-800.,99.1613308468726,-9.66208988835083));
#5036=CARTESIAN_POINT('Ctrl Pts',(-800.,98.2987910612296,-9.69836237587671));
#5037=CARTESIAN_POINT('Ctrl Pts',(-800.,97.4371535037866,-9.73596311229782));
#5038=CARTESIAN_POINT('Ctrl Pts',(-800.,96.3731970461776,-9.7823927809915));
#5039=CARTESIAN_POINT('Ctrl Pts',(-800.,95.3106135414045,-9.83084529088706));
#5040=CARTESIAN_POINT('Ctrl Pts',(-800.,94.2484728275808,-9.8810809884679));
#5041=CARTESIAN_POINT('Ctrl Pts',(-800.,93.3983811947275,-9.92128747488559));
#5042=CARTESIAN_POINT('Ctrl Pts',(-800.,92.5485702001747,-9.96263622806241));
#5043=CARTESIAN_POINT('Ctrl Pts',(-800.,91.698568654101,-10.0050313960693));
#5044=CARTESIAN_POINT('Ctrl Pts',(-800.,90.9136884194088,-10.0441785359407));
#5045=CARTESIAN_POINT('Ctrl Pts',(-800.,90.1286445057102,-10.0842177944762));
#5046=CARTESIAN_POINT('Ctrl Pts',(-800.,89.3430970501819,-10.1251012197419));
#5047=CARTESIAN_POINT('Ctrl Pts',(-800.,88.5813723151091,-10.1647448034112));
#5048=CARTESIAN_POINT('Ctrl Pts',(-800.,87.8191736777105,-10.205182603135));
#5049=CARTESIAN_POINT('Ctrl Pts',(-800.,87.0562322881727,-10.2463940648304));
#5050=CARTESIAN_POINT('Ctrl Pts',(-800.,86.3131078789765,-10.2865350816168));
#5051=CARTESIAN_POINT('Ctrl Pts',(-800.,85.5692784983743,-10.3274105256906));
#5052=CARTESIAN_POINT('Ctrl Pts',(-800.,84.8245407271204,-10.3690172712918));
#5053=CARTESIAN_POINT('Ctrl Pts',(-800.,84.1003490172495,-10.4094761568245));
#5054=CARTESIAN_POINT('Ctrl Pts',(-800.,83.3752981668712,-10.4506269429721));
#5055=CARTESIAN_POINT('Ctrl Pts',(-800.,82.649247580726,-10.4924758492288));
#5056=CARTESIAN_POINT('Ctrl Pts',(-800.,81.9417960045626,-10.5332527251889));
#5057=CARTESIAN_POINT('Ctrl Pts',(-800.,81.2333950553002,-10.574692725462));
#5058=CARTESIAN_POINT('Ctrl Pts',(-800.,80.5239621212326,-10.6168052490714));
#5059=CARTESIAN_POINT('Ctrl Pts',(-800.,79.8256140767597,-10.6582597644994));
#5060=CARTESIAN_POINT('Ctrl Pts',(-800.,79.1262658040331,-10.7003662167154));
#5061=CARTESIAN_POINT('Ctrl Pts',(-800.,78.4258885083422,-10.7431329293912));
#5062=CARTESIAN_POINT('Ctrl Pts',(-800.,77.7364546078964,-10.7852314121815));
#5063=CARTESIAN_POINT('Ctrl Pts',(-800.,77.0460234659856,-10.8279699024739));
#5064=CARTESIAN_POINT('Ctrl Pts',(-800.,76.3546190805626,-10.8713521648886));
#5065=CARTESIAN_POINT('Ctrl Pts',(-800.,75.6740178886619,-10.9140565794531));
#5066=CARTESIAN_POINT('Ctrl Pts',(-800.,74.9924734912025,-10.9573850096816));
#5067=CARTESIAN_POINT('Ctrl Pts',(-800.,74.3100608170168,-11.0013339030664));
#5068=CARTESIAN_POINT('Ctrl Pts',(-800.,73.6383108408652,-11.0445960949922));
#5069=CARTESIAN_POINT('Ctrl Pts',(-800.,72.9657192426424,-11.0884597363637));
#5070=CARTESIAN_POINT('Ctrl Pts',(-800.,72.2924115660514,-11.1329112351263));
#5071=CARTESIAN_POINT('Ctrl Pts',(-800.,71.6296243219072,-11.1766681792207));
#5072=CARTESIAN_POINT('Ctrl Pts',(-800.,70.9661431250519,-11.2209949038139));
#5073=CARTESIAN_POINT('Ctrl Pts',(-800.,70.3021435855365,-11.265865565851));
#5074=CARTESIAN_POINT('Ctrl Pts',(-800.,69.6395279161143,-11.3106427110051));
#5075=CARTESIAN_POINT('Ctrl Pts',(-800.,68.9763962414094,-11.3559615846598));
#5076=CARTESIAN_POINT('Ctrl Pts',(-800.,68.3129777287895,-11.4017822662755));
#5077=CARTESIAN_POINT('Ctrl Pts',(-800.,67.591351506114,-11.4516232109668));
#5078=CARTESIAN_POINT('Ctrl Pts',(-800.,66.8693858121208,-11.5020580392135));
#5079=CARTESIAN_POINT('Ctrl Pts',(-800.,66.1474429797031,-11.5530158380146));
#5080=CARTESIAN_POINT('Ctrl Pts',(-800.,65.3242072305422,-11.6111233221366));
#5081=CARTESIAN_POINT('Ctrl Pts',(-800.,64.5010028519222,-11.6699106067957));
#5082=CARTESIAN_POINT('Ctrl Pts',(-800.,63.6784388249384,-11.7292486072108));
#5083=CARTESIAN_POINT('Ctrl Pts',(-800.,62.4390714365342,-11.8186539060021));
#5084=CARTESIAN_POINT('Ctrl Pts',(-800.,61.2011674516361,-11.9093095059174));
#5085=CARTESIAN_POINT('Ctrl Pts',(-800.,59.9668876773581,-12.000719644061));
#5086=CARTESIAN_POINT('Ctrl Pts',(-800.,59.2377262378462,-12.0547209728551));
#5087=CARTESIAN_POINT('Ctrl Pts',(-800.,58.5098304678051,-12.1089845832676));
#5088=CARTESIAN_POINT('Ctrl Pts',(-800.,57.7836150148892,-12.1634072535928));
#5089=CARTESIAN_POINT('Ctrl Pts',(-800.,57.131017018111,-12.212313023211));
#5090=CARTESIAN_POINT('Ctrl Pts',(-800.,56.4797765343151,-12.2613470339901));
#5091=CARTESIAN_POINT('Ctrl Pts',(-800.,55.8301557786618,-12.3104387946196));
#5092=CARTESIAN_POINT('Ctrl Pts',(-800.,55.2199970262001,-12.3565484165199));
#5093=CARTESIAN_POINT('Ctrl Pts',(-800.,54.6112675361271,-12.40270888308));
#5094=CARTESIAN_POINT('Ctrl Pts',(-800.,54.0041420402988,-12.4488679557749));
#5095=CARTESIAN_POINT('Ctrl Pts',(-800.,53.4273414582213,-12.4927214591798));
#5096=CARTESIAN_POINT('Ctrl Pts',(-800.,52.851988854891,-12.5365736396263));
#5097=CARTESIAN_POINT('Ctrl Pts',(-800.,52.2781905807156,-12.5803865947082));
#5098=CARTESIAN_POINT('Ctrl Pts',(-800.,51.7308648318502,-12.6221782129989));
#5099=CARTESIAN_POINT('Ctrl Pts',(-800.,51.1849535393803,-12.6639340726153));
#5100=CARTESIAN_POINT('Ctrl Pts',(-800.,50.6405053318933,-12.7056286234608));
#5101=CARTESIAN_POINT('Ctrl Pts',(-800.,50.104813208384,-12.746652622023));
#5102=CARTESIAN_POINT('Ctrl Pts',(-800.,49.5705379032274,-12.7876171715423));
#5103=CARTESIAN_POINT('Ctrl Pts',(-800.,49.0376772692832,-12.8285064976793));
#5104=CARTESIAN_POINT('Ctrl Pts',(-800.,48.5084669294393,-12.8691157166804));
#5105=CARTESIAN_POINT('Ctrl Pts',(-800.,47.9806520491426,-12.9096507228726));
#5106=CARTESIAN_POINT('Ctrl Pts',(-800.,47.4541773171578,-12.950105691373));
#5107=CARTESIAN_POINT('Ctrl Pts',(-800.,46.9177597401607,-12.9913246803615));
#5108=CARTESIAN_POINT('Ctrl Pts',(-800.,46.3827333252073,-13.032460624986));
#5109=CARTESIAN_POINT('Ctrl Pts',(-800.,45.8489848001111,-13.073516958848));
#5110=CARTESIAN_POINT('Ctrl Pts',(-800.,45.2987823615104,-13.1158389399847));
#5111=CARTESIAN_POINT('Ctrl Pts',(-800.,44.749937770878,-13.1580763735459));
#5112=CARTESIAN_POINT('Ctrl Pts',(-800.,44.2022699647585,-13.2002424735085));
#5113=CARTESIAN_POINT('Ctrl Pts',(-800.,43.6293205544451,-13.2443550575216));
#5114=CARTESIAN_POINT('Ctrl Pts',(-800.,43.0576588543099,-13.2883896806872));
#5115=CARTESIAN_POINT('Ctrl Pts',(-800.,42.4870181557826,-13.3323704344831));
#5116=CARTESIAN_POINT('Ctrl Pts',(-800.,41.8847683960656,-13.3787873803373));
#5117=CARTESIAN_POINT('Ctrl Pts',(-800.,41.2836555558276,-13.4251444844704));
#5118=CARTESIAN_POINT('Ctrl Pts',(-800.,40.6833056821742,-13.4714776996169));
#5119=CARTESIAN_POINT('Ctrl Pts',(-800.,40.0433662055228,-13.5208663224078));
#5120=CARTESIAN_POINT('Ctrl Pts',(-800.,39.4042932945497,-13.5702280236711));
#5121=CARTESIAN_POINT('Ctrl Pts',(-800.,38.7655724208284,-13.6196117545176));
#5122=CARTESIAN_POINT('Ctrl Pts',(-800.,38.0638829272479,-13.673864005406));
#5123=CARTESIAN_POINT('Ctrl Pts',(-800.,37.3626177779527,-13.728143245626));
#5124=CARTESIAN_POINT('Ctrl Pts',(-800.,36.6610289790583,-13.7825157311014));
#5125=CARTESIAN_POINT('Ctrl Pts',(-800.,35.8230796581866,-13.8474560313885));
#5126=CARTESIAN_POINT('Ctrl Pts',(-800.,34.9846671504228,-13.9125305496791));
#5127=CARTESIAN_POINT('Ctrl Pts',(-800.,34.1444411246332,-13.9778409284724));
#5128=CARTESIAN_POINT('Ctrl Pts',(-800.,33.2720038147618,-14.0456550754188));
#5129=CARTESIAN_POINT('Ctrl Pts',(-800.,32.3976064563601,-14.113725192018));
#5130=CARTESIAN_POINT('Ctrl Pts',(-800.,31.5197173217496,-14.1821312679823));
#5131=CARTESIAN_POINT('Ctrl Pts',(-800.,30.8022272508786,-14.238038874486));
#5132=CARTESIAN_POINT('Ctrl Pts',(-800.,30.0824031731687,-14.294170623178));
#5133=CARTESIAN_POINT('Ctrl Pts',(-800.,29.3594342163654,-14.3505419402675));
#5134=CARTESIAN_POINT('Ctrl Pts',(-800.,28.7172986563423,-14.4006105178017));
#5135=CARTESIAN_POINT('Ctrl Pts',(-800.,28.0726813792933,-14.4508678189938));
#5136=CARTESIAN_POINT('Ctrl Pts',(-800.,27.4250507695825,-14.5013036017082));
#5137=CARTESIAN_POINT('Ctrl Pts',(-800.,26.8288928752201,-14.5477308236039));
#5138=CARTESIAN_POINT('Ctrl Pts',(-800.,26.2301811570916,-14.5943091094915));
#5139=CARTESIAN_POINT('Ctrl Pts',(-800.,25.628541551825,-14.6410141964415));
#5140=CARTESIAN_POINT('Ctrl Pts',(-800.,25.0659932772055,-14.6846846361029));
#5141=CARTESIAN_POINT('Ctrl Pts',(-800.,24.5008848223954,-14.7284657134228));
#5142=CARTESIAN_POINT('Ctrl Pts',(-800.,23.9329537480671,-14.772325745921));
#5143=CARTESIAN_POINT('Ctrl Pts',(-800.,23.3923953244356,-14.814071850509));
#5144=CARTESIAN_POINT('Ctrl Pts',(-800.,22.849279506263,-14.855889347366));
#5145=CARTESIAN_POINT('Ctrl Pts',(-800.,22.3034256922518,-14.8977422431788));
#5146=CARTESIAN_POINT('Ctrl Pts',(-800.,21.7774365840881,-14.9380720288788));
#5147=CARTESIAN_POINT('Ctrl Pts',(-800.,21.248904928115,-14.9784346108684));
#5148=CARTESIAN_POINT('Ctrl Pts',(-800.,20.7177162978083,-15.0187909584727));
#5149=CARTESIAN_POINT('Ctrl Pts',(-800.,20.2030575896819,-15.0578914672896));
#5150=CARTESIAN_POINT('Ctrl Pts',(-800.,19.685904528461,-15.0969860689105));
#5151=CARTESIAN_POINT('Ctrl Pts',(-800.,19.1662008882814,-15.136033639577));
#5152=CARTESIAN_POINT('Ctrl Pts',(-800.,18.6621383642529,-15.1739060258865));
#5153=CARTESIAN_POINT('Ctrl Pts',(-800.,18.1556763189003,-15.2117341207483));
#5154=CARTESIAN_POINT('Ctrl Pts',(-800.,17.6468114400628,-15.2494757629745));
#5155=CARTESIAN_POINT('Ctrl Pts',(-800.,17.1517126904165,-15.2861963948218));
#5156=CARTESIAN_POINT('Ctrl Pts',(-800.,16.6543392045164,-15.3228351471426));
#5157=CARTESIAN_POINT('Ctrl Pts',(-800.,16.1547363966933,-15.3593493822603));
#5158=CARTESIAN_POINT('Ctrl Pts',(-800.,15.666034132816,-15.3950669344564));
#5159=CARTESIAN_POINT('Ctrl Pts',(-800.,15.175198620591,-15.4306653111043));
#5160=CARTESIAN_POINT('Ctrl Pts',(-800.,14.6823216054156,-15.4661014432163));
#5161=CARTESIAN_POINT('Ctrl Pts',(-800.,14.1970488996805,-15.5009908520979));
#5162=CARTESIAN_POINT('Ctrl Pts',(-800.,13.7097971126008,-15.535722958921));
#5163=CARTESIAN_POINT('Ctrl Pts',(-800.,13.2207038540095,-15.5702539772798));
#5164=CARTESIAN_POINT('Ctrl Pts',(-800.,12.7384857449946,-15.6042995955394));
#5165=CARTESIAN_POINT('Ctrl Pts',(-800.,12.2544774950075,-15.6381497166566));
#5166=CARTESIAN_POINT('Ctrl Pts',(-800.,11.7688612098349,-15.6717600978752));
#5167=CARTESIAN_POINT('Ctrl Pts',(-800.,11.2926704741007,-15.7047181197732));
#5168=CARTESIAN_POINT('Ctrl Pts',(-800.,10.8149334722243,-15.7374455965266));
#5169=CARTESIAN_POINT('Ctrl Pts',(-800.,10.3358712634275,-15.7698989311696));
#5170=CARTESIAN_POINT('Ctrl Pts',(-800.,9.86847631290793,-15.8015618852935));
#5171=CARTESIAN_POINT('Ctrl Pts',(-800.,9.39981978557122,-15.8329638693607));
#5172=CARTESIAN_POINT('Ctrl Pts',(-800.,8.9301559082119,-15.8640628768874));
#5173=CARTESIAN_POINT('Ctrl Pts',(-800.,8.47054879054916,-15.8944959714909));
#5174=CARTESIAN_POINT('Ctrl Pts',(-800.,8.00997687860048,-15.9246389104056));
#5175=CARTESIAN_POINT('Ctrl Pts',(-800.,7.54872775273742,-15.9544511010107));
#5176=CARTESIAN_POINT('Ctrl Pts',(-800.,7.08514809658397,-15.9844139221739));
#5177=CARTESIAN_POINT('Ctrl Pts',(-800.,6.62088417846208,-16.0140426325962));
#5178=CARTESIAN_POINT('Ctrl Pts',(-800.,6.15628154429218,-16.0432949543452));
#5179=CARTESIAN_POINT('Ctrl Pts',(-800.,5.67593264493032,-16.0735386928058));
#5180=CARTESIAN_POINT('Ctrl Pts',(-800.,5.19522186853505,-16.1033800799005));
#5181=CARTESIAN_POINT('Ctrl Pts',(-800.,4.71458778937366,-16.1327714797672));
#5182=CARTESIAN_POINT('Ctrl Pts',(-800.,4.21404689551226,-16.1633802072773));
#5183=CARTESIAN_POINT('Ctrl Pts',(-800.,3.7135894110703,-16.1935008779888));
#5184=CARTESIAN_POINT('Ctrl Pts',(-800.,3.2137680226702,-16.223079026289));
#5185=CARTESIAN_POINT('Ctrl Pts',(-800.,2.6751354141791,-16.2549539230881));
#5186=CARTESIAN_POINT('Ctrl Pts',(-800.,2.13724186757,-16.2861987357025));
#5187=CARTESIAN_POINT('Ctrl Pts',(-800.,1.60084129844819,-16.3167450007977));
#5188=CARTESIAN_POINT('Ctrl Pts',(-800.,0.95402286313276,-16.3535792036882));
#5189=CARTESIAN_POINT('Ctrl Pts',(-800.,0.309376330975914,-16.3893975451502));
#5190=CARTESIAN_POINT('Ctrl Pts',(-800.,-0.331697668663196,-16.4240808443697));
#5191=CARTESIAN_POINT('Ctrl Pts',(-800.,-1.06513536607383,-16.4637611919309));
#5192=CARTESIAN_POINT('Ctrl Pts',(-800.,-1.79389101055117,-16.5019555689941));
#5193=CARTESIAN_POINT('Ctrl Pts',(-800.,-2.51582978111348,-16.5384900617336));
#5194=CARTESIAN_POINT('Ctrl Pts',(-800.,-3.08877342329259,-16.5674844947644));
#5195=CARTESIAN_POINT('Ctrl Pts',(-800.,-3.65742150040369,-16.5954335302828));
#5196=CARTESIAN_POINT('Ctrl Pts',(-800.,-4.22073569126275,-16.6222539290909));
#5197=CARTESIAN_POINT('Ctrl Pts',(-800.,-4.72716473367823,-16.6463659239705));
#5198=CARTESIAN_POINT('Ctrl Pts',(-800.,-5.22928195962006,-16.6695657229898));
#5199=CARTESIAN_POINT('Ctrl Pts',(-800.,-5.72637554031178,-16.6917959464729));
#5200=CARTESIAN_POINT('Ctrl Pts',(-800.,-6.18457318301863,-16.712286728073));
#5201=CARTESIAN_POINT('Ctrl Pts',(-800.,-6.63850221406423,-16.7319537368896));
#5202=CARTESIAN_POINT('Ctrl Pts',(-800.,-7.08765103174548,-16.75075475045));
#5203=CARTESIAN_POINT('Ctrl Pts',(-800.,-7.51188113313847,-16.7685126862945));
#5204=CARTESIAN_POINT('Ctrl Pts',(-800.,-7.93184643929283,-16.7854980535651));
#5205=CARTESIAN_POINT('Ctrl Pts',(-800.,-8.34716313021331,-16.8016777505536));
#5206=CARTESIAN_POINT('Ctrl Pts',(-800.,-8.74419580690084,-16.8171451481896));
#5207=CARTESIAN_POINT('Ctrl Pts',(-800.,-9.13697994431758,-16.8318762518634));
#5208=CARTESIAN_POINT('Ctrl Pts',(-800.,-9.52522822692861,-16.845844465378));
#5209=CARTESIAN_POINT('Ctrl Pts',(-800.,-9.8983092161161,-16.8592669971666));
#5210=CARTESIAN_POINT('Ctrl Pts',(-800.,-10.2672016196508,-16.87198507673));
#5211=CARTESIAN_POINT('Ctrl Pts',(-800.,-10.6316989047857,-16.8839773337624));
#5212=CARTESIAN_POINT('Ctrl Pts',(-800.,-10.9842521285398,-16.8955766214644));
#5213=CARTESIAN_POINT('Ctrl Pts',(-800.,-11.3326933867441,-16.9064968718872));
#5214=CARTESIAN_POINT('Ctrl Pts',(-800.,-11.6768847427879,-16.9167209329017));
#5215=CARTESIAN_POINT('Ctrl Pts',(-800.,-12.0115559700769,-16.9266622024529));
#5216=CARTESIAN_POINT('Ctrl Pts',(-800.,-12.3422089919997,-16.9359452587397));
#5217=CARTESIAN_POINT('Ctrl Pts',(-800.,-12.6687664429044,-16.9445564903215));
#5218=CARTESIAN_POINT('Ctrl Pts',(-800.,-12.9894924008752,-16.9530139470132));
#5219=CARTESIAN_POINT('Ctrl Pts',(-800.,-13.3062676561811,-16.9608233594794));
#5220=CARTESIAN_POINT('Ctrl Pts',(-800.,-13.619069382433,-16.9679739807293));
#5221=CARTESIAN_POINT('Ctrl Pts',(-800.,-13.9273310028275,-16.9750208155397));
#5222=CARTESIAN_POINT('Ctrl Pts',(-800.,-14.2317335255946,-16.9814278458263));
#5223=CARTESIAN_POINT('Ctrl Pts',(-800.,-14.5323057788108,-16.9871868685621));
#5224=CARTESIAN_POINT('Ctrl Pts',(-800.,-14.8288125982126,-16.9928679967967));
#5225=CARTESIAN_POINT('Ctrl Pts',(-800.,-15.1215919886747,-16.9979185297662));
#5226=CARTESIAN_POINT('Ctrl Pts',(-800.,-15.4107224164333,-17.0023326125209));
#5227=CARTESIAN_POINT('Ctrl Pts',(-800.,-15.7003826266489,-17.0067547833334));
#5228=CARTESIAN_POINT('Ctrl Pts',(-800.,-15.9863803971613,-17.0105381726752));
#5229=CARTESIAN_POINT('Ctrl Pts',(-800.,-16.2688478013449,-17.0136789345627));
#5230=CARTESIAN_POINT('Ctrl Pts',(-800.,-16.5664159438623,-17.0169876019243));
#5231=CARTESIAN_POINT('Ctrl Pts',(-800.,-16.8600664889098,-17.0195831423771));
#5232=CARTESIAN_POINT('Ctrl Pts',(-800.,-17.150011294478,-17.0214629360472));
#5233=CARTESIAN_POINT('Ctrl Pts',(-800.,-17.4776003819223,-17.0235867881775));
#5234=CARTESIAN_POINT('Ctrl Pts',(-800.,-17.8004590631698,-17.024797055162));
#5235=CARTESIAN_POINT('Ctrl Pts',(-800.,-18.1189623840094,-17.0250912902612));
#5236=CARTESIAN_POINT('Ctrl Pts',(-800.,-18.4689460137755,-17.0254146070409));
#5237=CARTESIAN_POINT('Ctrl Pts',(-800.,-18.8136720522183,-17.024632052695));
#5238=CARTESIAN_POINT('Ctrl Pts',(-800.,-19.1537064996133,-17.0227397030091));
#5239=CARTESIAN_POINT('Ctrl Pts',(-800.,-19.6747885050225,-17.0198397927888));
#5240=CARTESIAN_POINT('Ctrl Pts',(-800.,-20.1848566454613,-17.0143356503872));
#5241=CARTESIAN_POINT('Ctrl Pts',(-800.,-20.6860803990688,-17.0061947060954));
#5242=CARTESIAN_POINT('Ctrl Pts',(-800.,-21.0225118630177,-17.0007303405576));
#5243=CARTESIAN_POINT('Ctrl Pts',(-800.,-21.3549622368252,-16.9940775646823));
#5244=CARTESIAN_POINT('Ctrl Pts',(-800.,-21.6840673797992,-16.9862160376856));
#5245=CARTESIAN_POINT('Ctrl Pts',(-800.,-21.9698311872061,-16.9793898305158));
#5246=CARTESIAN_POINT('Ctrl Pts',(-800.,-22.2530735682021,-16.9716522249931));
#5247=CARTESIAN_POINT('Ctrl Pts',(-800.,-22.5341730906888,-16.9629825486996));
#5248=CARTESIAN_POINT('Ctrl Pts',(-800.,-22.79372681559,-16.9549773882648));
#5249=CARTESIAN_POINT('Ctrl Pts',(-800.,-23.0514540234545,-16.9461775549392));
#5250=CARTESIAN_POINT('Ctrl Pts',(-800.,-23.3076105581482,-16.9365603869954));
#5251=CARTESIAN_POINT('Ctrl Pts',(-800.,-23.5496747449989,-16.9274723036447));
#5252=CARTESIAN_POINT('Ctrl Pts',(-800.,-23.7903366359069,-16.9176543426853));
#5253=CARTESIAN_POINT('Ctrl Pts',(-800.,-24.0297676752616,-16.9070814806681));
#5254=CARTESIAN_POINT('Ctrl Pts',(-800.,-24.2582388690899,-16.8969925865391));
#5255=CARTESIAN_POINT('Ctrl Pts',(-800.,-24.4855895582406,-16.8862163237717));
#5256=CARTESIAN_POINT('Ctrl Pts',(-800.,-24.7119232104873,-16.8747253967356));
#5257=CARTESIAN_POINT('Ctrl Pts',(-800.,-24.9295856487002,-16.8636747059914));
#5258=CARTESIAN_POINT('Ctrl Pts',(-800.,-25.1463077050138,-16.8519630697147));
#5259=CARTESIAN_POINT('Ctrl Pts',(-800.,-25.3621348823477,-16.8395608485902));
#5260=CARTESIAN_POINT('Ctrl Pts',(-800.,-25.5710461491581,-16.8275560410475));
#5261=CARTESIAN_POINT('Ctrl Pts',(-800.,-25.7791191514514,-16.8149042049992));
#5262=CARTESIAN_POINT('Ctrl Pts',(-800.,-25.9863477743322,-16.8015732196457));
#5263=CARTESIAN_POINT('Ctrl Pts',(-800.,-26.1886357661233,-16.7885600643283));
#5264=CARTESIAN_POINT('Ctrl Pts',(-800.,-26.3901193515282,-16.7748997681771));
#5265=CARTESIAN_POINT('Ctrl Pts',(-800.,-26.5907441578717,-16.7605572351483));
#5266=CARTESIAN_POINT('Ctrl Pts',(-800.,-26.7941553198235,-16.7460155074235));
#5267=CARTESIAN_POINT('Ctrl Pts',(-800.,-26.9966837888041,-16.7307724615177));
#5268=CARTESIAN_POINT('Ctrl Pts',(-800.,-27.1982183173996,-16.7147858203913));
#5269=CARTESIAN_POINT('Ctrl Pts',(-800.,-27.4064998259794,-16.6982639779351));
#5270=CARTESIAN_POINT('Ctrl Pts',(-800.,-27.6137195410901,-16.6809478840004));
#5271=CARTESIAN_POINT('Ctrl Pts',(-800.,-27.819698318792,-16.6627851892728));
#5272=CARTESIAN_POINT('Ctrl Pts',(-800.,-28.0339338088976,-16.643894438245));
#5273=CARTESIAN_POINT('Ctrl Pts',(-800.,-28.2468266514689,-16.6240878098797));
#5274=CARTESIAN_POINT('Ctrl Pts',(-800.,-28.4581184858744,-16.6033009583846));
#5275=CARTESIAN_POINT('Ctrl Pts',(-800.,-28.6799580525066,-16.5814764229485));
#5276=CARTESIAN_POINT('Ctrl Pts',(-800.,-28.9000324832194,-16.5585712970371));
#5277=CARTESIAN_POINT('Ctrl Pts',(-800.,-29.1179853110936,-16.534506013475));
#5278=CARTESIAN_POINT('Ctrl Pts',(-800.,-29.3613800291236,-16.5076315610349));
#5279=CARTESIAN_POINT('Ctrl Pts',(-800.,-29.6021289200516,-16.4793102270369));
#5280=CARTESIAN_POINT('Ctrl Pts',(-800.,-29.8396669845609,-16.4494258954079));
#5281=CARTESIAN_POINT('Ctrl Pts',(-800.,-30.0933910443515,-16.4175052263535));
#5282=CARTESIAN_POINT('Ctrl Pts',(-800.,-30.3434507090739,-16.3838011064895));
#5283=CARTESIAN_POINT('Ctrl Pts',(-800.,-30.589092553926,-16.3481683543028));
#5284=CARTESIAN_POINT('Ctrl Pts',(-800.,-30.9101680670515,-16.3015932107262));
#5285=CARTESIAN_POINT('Ctrl Pts',(-800.,-31.2236942711831,-16.2517223546647));
#5286=CARTESIAN_POINT('Ctrl Pts',(-800.,-31.5278971618657,-16.1982322096611));
#5287=CARTESIAN_POINT('Ctrl Pts',(-800.,-31.7957407266023,-16.1511353820014));
#5288=CARTESIAN_POINT('Ctrl Pts',(-800.,-32.0563509123241,-16.1012322097157));
#5289=CARTESIAN_POINT('Ctrl Pts',(-800.,-32.3085191039965,-16.0483112298464));
#5290=CARTESIAN_POINT('Ctrl Pts',(-800.,-32.5133206539597,-16.0053307943247));
#5291=CARTESIAN_POINT('Ctrl Pts',(-800.,-32.7125527956487,-15.960359815332));
#5292=CARTESIAN_POINT('Ctrl Pts',(-800.,-32.9056031530108,-15.9132937923993));
#5293=CARTESIAN_POINT('Ctrl Pts',(-800.,-33.0828706864129,-15.8700756502195));
#5294=CARTESIAN_POINT('Ctrl Pts',(-800.,-33.254925292484,-15.8250909819457));
#5295=CARTESIAN_POINT('Ctrl Pts',(-800.,-33.4213358899529,-15.7782673343181));
#5296=CARTESIAN_POINT('Ctrl Pts',(-800.,-33.5836329312886,-15.7326011352293));
#5297=CARTESIAN_POINT('Ctrl Pts',(-800.,-33.7405613836031,-15.6851857460484));
#5298=CARTESIAN_POINT('Ctrl Pts',(-800.,-33.8917703392098,-15.6359628067096));
#5299=CARTESIAN_POINT('Ctrl Pts',(-800.,-34.0403696158903,-15.5875893942189));
#5300=CARTESIAN_POINT('Ctrl Pts',(-800.,-34.1834450092357,-15.5374702857279));
#5301=CARTESIAN_POINT('Ctrl Pts',(-800.,-34.3207130718392,-15.4855587350221));
#5302=CARTESIAN_POINT('Ctrl Pts',(-800.,-34.4558011464151,-15.4344716044829));
#5303=CARTESIAN_POINT('Ctrl Pts',(-800.,-34.5852647840392,-15.3816485118818));
#5304=CARTESIAN_POINT('Ctrl Pts',(-800.,-34.708883791873,-15.3270533490829));
#5305=CARTESIAN_POINT('Ctrl Pts',(-800.,-34.8349028888288,-15.2713982096781));
#5306=CARTESIAN_POINT('Ctrl Pts',(-800.,-34.9548479649594,-15.2139014946878));
#5307=CARTESIAN_POINT('Ctrl Pts',(-800.,-35.0685417360269,-15.1545341770168));
#5308=CARTESIAN_POINT('Ctrl Pts',(-800.,-35.1875428411148,-15.0923955361518));
#5309=CARTESIAN_POINT('Ctrl Pts',(-800.,-35.2996957104455,-15.028207624646));
#5310=CARTESIAN_POINT('Ctrl Pts',(-800.,-35.4048566700244,-14.9619469211214));
#5311=CARTESIAN_POINT('Ctrl Pts',(-800.,-35.5164439757011,-14.8916370512975));
#5312=CARTESIAN_POINT('Ctrl Pts',(-800.,-35.6201591626264,-14.8189933839502));
#5313=CARTESIAN_POINT('Ctrl Pts',(-800.,-35.7158903011778,-14.7439976389579));
#5314=CARTESIAN_POINT('Ctrl Pts',(-800.,-35.8240844177394,-14.6592384007612));
#5315=CARTESIAN_POINT('Ctrl Pts',(-800.,-35.9220807076179,-14.5714748552154));
#5316=CARTESIAN_POINT('Ctrl Pts',(-800.,-36.0097859675089,-14.4806919444608));
#5317=CARTESIAN_POINT('Ctrl Pts',(-800.,-36.1041690344303,-14.3829968968465));
#5318=CARTESIAN_POINT('Ctrl Pts',(-800.,-36.1866350989583,-14.2818053389953));
#5319=CARTESIAN_POINT('Ctrl Pts',(-800.,-36.2571307710876,-14.1771089081401));
#5320=CARTESIAN_POINT('Ctrl Pts',(-800.,-36.3407544871522,-14.0529154031721));
#5321=CARTESIAN_POINT('Ctrl Pts',(-800.,-36.4075352707342,-13.9237902894691));
#5322=CARTESIAN_POINT('Ctrl Pts',(-800.,-36.4574575012999,-13.7897313405232));
#5323=CARTESIAN_POINT('Ctrl Pts',(-800.,-36.4632428496576,-13.7741956220398));
#5324=CARTESIAN_POINT('Ctrl Pts',(-800.,-36.4688018449488,-13.7585936510839));
#5325=CARTESIAN_POINT('Ctrl Pts',(-800.,-36.4741344991451,-13.742925429433));
#5326=CARTESIAN_POINT('',(0.,174.388197543224,-13.0867587577198));
#5327=CARTESIAN_POINT('',(0.,174.388197543224,-13.0867587577198));
#5328=CARTESIAN_POINT('',(800.,174.388197543224,-13.0867587577198));
#5329=CARTESIAN_POINT('',(0.,174.388197543224,-13.0867587577198));
#5330=CARTESIAN_POINT('Ctrl Pts',(800.,174.388197543224,-13.0867587577198));
#5331=CARTESIAN_POINT('Ctrl Pts',(800.,173.219992618667,-12.8458588228961));
#5332=CARTESIAN_POINT('Ctrl Pts',(800.,172.052727958895,-12.6171787516799));
#5333=CARTESIAN_POINT('Ctrl Pts',(800.,170.886396676146,-12.4007176363179));
#5334=CARTESIAN_POINT('Ctrl Pts',(800.,169.89514697402,-12.2167501655847));
#5335=CARTESIAN_POINT('Ctrl Pts',(800.,168.904572596434,-12.0416100115804));
#5336=CARTESIAN_POINT('Ctrl Pts',(800.,167.91464255508,-11.8752749166022));
#5337=CARTESIAN_POINT('Ctrl Pts',(800.,167.037745689606,-11.7279324607604));
#5338=CARTESIAN_POINT('Ctrl Pts',(800.,166.161354704347,-11.5874995103655));
#5339=CARTESIAN_POINT('Ctrl Pts',(800.,165.285417445913,-11.4539314766362));
#5340=CARTESIAN_POINT('Ctrl Pts',(800.,164.475270326187,-11.3303955078539));
#5341=CARTESIAN_POINT('Ctrl Pts',(800.,163.665511587038,-11.2127322584192));
#5342=CARTESIAN_POINT('Ctrl Pts',(800.,162.856068302977,-11.1008750198631));
#5343=CARTESIAN_POINT('Ctrl Pts',(800.,162.083387284422,-10.9940979710911));
#5344=CARTESIAN_POINT('Ctrl Pts',(800.,161.310993868711,-10.892611738004));
#5345=CARTESIAN_POINT('Ctrl Pts',(800.,160.53879146394,-10.7963246721545));
#5346=CARTESIAN_POINT('Ctrl Pts',(800.,159.798945982609,-10.7040722391923));
#5347=CARTESIAN_POINT('Ctrl Pts',(800.,159.059275912523,-10.6165925092171));
#5348=CARTESIAN_POINT('Ctrl Pts',(800.,158.3196638148,-10.5337711494545));
#5349=CARTESIAN_POINT('Ctrl Pts',(800.,157.614877158298,-10.454849523627));
#5350=CARTESIAN_POINT('Ctrl Pts',(800.,156.910143338521,-10.3801580802589));
#5351=CARTESIAN_POINT('Ctrl Pts',(800.,156.20532859846,-10.3095644780388));
#5352=CARTESIAN_POINT('Ctrl Pts',(800.,155.50311067345,-10.2392309704484));
#5353=CARTESIAN_POINT('Ctrl Pts',(800.,154.800812620493,-10.1729654030844));
#5354=CARTESIAN_POINT('Ctrl Pts',(800.,154.098265483434,-10.1105989692319));
#5355=CARTESIAN_POINT('Ctrl Pts',(800.,153.371317680953,-10.0460664423078));
#5356=CARTESIAN_POINT('Ctrl Pts',(800.,152.644102964704,-9.98570862616794));
#5357=CARTESIAN_POINT('Ctrl Pts',(800.,151.916395783134,-9.92929622917451));
#5358=CARTESIAN_POINT('Ctrl Pts',(800.,151.106585573822,-9.86651914496535));
#5359=CARTESIAN_POINT('Ctrl Pts',(800.,150.29616474438,-9.80862799494591));
#5360=CARTESIAN_POINT('Ctrl Pts',(800.,149.484780148949,-9.75525215152763));
#5361=CARTESIAN_POINT('Ctrl Pts',(800.,148.513120715103,-9.69133284360779));
#5362=CARTESIAN_POINT('Ctrl Pts',(800.,147.540075427484,-9.63388796947907));
#5363=CARTESIAN_POINT('Ctrl Pts',(800.,146.565016441956,-9.58221249775008));
#5364=CARTESIAN_POINT('Ctrl Pts',(800.,145.706600712211,-9.5367188010276));
#5365=CARTESIAN_POINT('Ctrl Pts',(800.,144.84662189018,-9.4956943798002));
#5366=CARTESIAN_POINT('Ctrl Pts',(800.,143.984681601631,-9.45863874394069));
#5367=CARTESIAN_POINT('Ctrl Pts',(800.,143.240572084104,-9.42664876541505));
#5368=CARTESIAN_POINT('Ctrl Pts',(800.,142.495000186008,-9.39761573135878));
#5369=CARTESIAN_POINT('Ctrl Pts',(800.,141.747749258041,-9.37122101640472));
#5370=CARTESIAN_POINT('Ctrl Pts',(800.,141.062861263929,-9.34702911151243));
#5371=CARTESIAN_POINT('Ctrl Pts',(800.,140.376562477314,-9.32505310411263));
#5372=CARTESIAN_POINT('Ctrl Pts',(800.,139.688727698737,-9.30505915317047));
#5373=CARTESIAN_POINT('Ctrl Pts',(800.,139.041075365106,-9.28623322376198));
#5374=CARTESIAN_POINT('Ctrl Pts',(800.,138.392061028251,-9.26916427637287));
#5375=CARTESIAN_POINT('Ctrl Pts',(800.,137.74162260017,-9.25367240380549));
#5376=CARTESIAN_POINT('Ctrl Pts',(800.,137.120078980134,-9.23886873578563));
#5377=CARTESIAN_POINT('Ctrl Pts',(800.,136.497234799083,-9.22550494775445));
#5378=CARTESIAN_POINT('Ctrl Pts',(800.,135.873078837088,-9.21344162410405));
#5379=CARTESIAN_POINT('Ctrl Pts',(800.,135.271016993895,-9.20180532273993));
#5380=CARTESIAN_POINT('Ctrl Pts',(800.,134.66773445078,-9.19137890294683));
#5381=CARTESIAN_POINT('Ctrl Pts',(800.,134.063264433965,-9.18205633530406));
#5382=CARTESIAN_POINT('Ctrl Pts',(800.,133.461154325486,-9.17277016385049));
#5383=CARTESIAN_POINT('Ctrl Pts',(800.,132.857865704345,-9.16457904075727));
#5384=CARTESIAN_POINT('Ctrl Pts',(800.,132.253478941099,-9.15740026313544));
#5385=CARTESIAN_POINT('Ctrl Pts',(800.,131.621055131888,-9.1498884674358));
#5386=CARTESIAN_POINT('Ctrl Pts',(800.,130.987429175863,-9.14348514650501));
#5387=CARTESIAN_POINT('Ctrl Pts',(800.,130.352746606022,-9.13812155340664));
#5388=CARTESIAN_POINT('Ctrl Pts',(800.,129.678034851665,-9.13241968056339));
#5389=CARTESIAN_POINT('Ctrl Pts',(800.,129.00212937823,-9.12789286534649));
#5390=CARTESIAN_POINT('Ctrl Pts',(800.,128.325259198032,-9.12448671281982));
#5391=CARTESIAN_POINT('Ctrl Pts',(800.,127.590890447059,-9.12079121544113));
#5392=CARTESIAN_POINT('Ctrl Pts',(800.,126.855386668171,-9.11841488313817));
#5393=CARTESIAN_POINT('Ctrl Pts',(800.,126.119095145155,-9.11732010561246));
#5394=CARTESIAN_POINT('Ctrl Pts',(800.,125.27708899439,-9.11606814306562));
#5395=CARTESIAN_POINT('Ctrl Pts',(800.,124.434053769695,-9.11649209674435));
#5396=CARTESIAN_POINT('Ctrl Pts',(800.,123.590565580102,-9.11857681723157));
#5397=CARTESIAN_POINT('Ctrl Pts',(800.,122.630643985344,-9.12094930832203));
#5398=CARTESIAN_POINT('Ctrl Pts',(800.,121.670139816773,-9.12547340403863));
#5399=CARTESIAN_POINT('Ctrl Pts',(800.,120.709929335205,-9.1321721084067));
#5400=CARTESIAN_POINT('Ctrl Pts',(800.,119.862807226228,-9.13808187577608));
#5401=CARTESIAN_POINT('Ctrl Pts',(800.,119.015916358327,-9.14568566314465));
#5402=CARTESIAN_POINT('Ctrl Pts',(800.,118.169828534331,-9.15501353563185));
#5403=CARTESIAN_POINT('Ctrl Pts',(800.,117.443320115274,-9.16302307991513));
#5404=CARTESIAN_POINT('Ctrl Pts',(800.,116.717404345872,-9.17230437678648));
#5405=CARTESIAN_POINT('Ctrl Pts',(800.,115.992402758487,-9.18287597787948));
#5406=CARTESIAN_POINT('Ctrl Pts',(800.,115.333574999173,-9.19248266617045));
#5407=CARTESIAN_POINT('Ctrl Pts',(800.,114.675502571122,-9.20315515911037));
#5408=CARTESIAN_POINT('Ctrl Pts',(800.,114.018383826288,-9.21490146056144));
#5409=CARTESIAN_POINT('Ctrl Pts',(800.,113.388219271754,-9.22616594339581));
#5410=CARTESIAN_POINT('Ctrl Pts',(800.,112.758932083462,-9.23841811212718));
#5411=CARTESIAN_POINT('Ctrl Pts',(800.,112.130649725733,-9.25165594459224));
#5412=CARTESIAN_POINT('Ctrl Pts',(800.,111.513404802643,-9.26466121965888));
#5413=CARTESIAN_POINT('Ctrl Pts',(800.,110.897129802178,-9.27861788486929));
#5414=CARTESIAN_POINT('Ctrl Pts',(800.,110.281896580544,-9.29351377959161));
#5415=CARTESIAN_POINT('Ctrl Pts',(800.,109.659290536045,-9.30858818351882));
#5416=CARTESIAN_POINT('Ctrl Pts',(800.,109.037751516351,-9.3246244984815));
#5417=CARTESIAN_POINT('Ctrl Pts',(800.,108.417300620025,-9.34159853025377));
#5418=CARTESIAN_POINT('Ctrl Pts',(800.,107.767678456541,-9.35937061714777));
#5419=CARTESIAN_POINT('Ctrl Pts',(800.,107.119248902227,-9.37817053751939));
#5420=CARTESIAN_POINT('Ctrl Pts',(800.,106.471979406949,-9.39795887255508));
#5421=CARTESIAN_POINT('Ctrl Pts',(800.,105.792068823461,-9.41874511154601));
#5422=CARTESIAN_POINT('Ctrl Pts',(800.,105.11343794018,-9.44062179775036));
#5423=CARTESIAN_POINT('Ctrl Pts',(800.,104.435992389599,-9.46353316379941));
#5424=CARTESIAN_POINT('Ctrl Pts',(800.,103.724778278796,-9.48758659040754));
#5425=CARTESIAN_POINT('Ctrl Pts',(800.,103.014870357507,-9.51278025602748));
#5426=CARTESIAN_POINT('Ctrl Pts',(800.,102.306102627375,-9.5390412977153));
#5427=CARTESIAN_POINT('Ctrl Pts',(800.,101.544584447261,-9.56725683268369));
#5428=CARTESIAN_POINT('Ctrl Pts',(800.,100.784382093824,-9.59670424834577));
#5429=CARTESIAN_POINT('Ctrl Pts',(800.,100.025230123203,-9.6272871628122));
#5430=CARTESIAN_POINT('Ctrl Pts',(800.,99.1613308468726,-9.66208988835083));
#5431=CARTESIAN_POINT('Ctrl Pts',(800.,98.2987910612296,-9.69836237587671));
#5432=CARTESIAN_POINT('Ctrl Pts',(800.,97.4371535037866,-9.73596311229782));
#5433=CARTESIAN_POINT('Ctrl Pts',(800.,96.3731970461776,-9.7823927809915));
#5434=CARTESIAN_POINT('Ctrl Pts',(800.,95.3106135414045,-9.83084529088706));
#5435=CARTESIAN_POINT('Ctrl Pts',(800.,94.2484728275808,-9.8810809884679));
#5436=CARTESIAN_POINT('Ctrl Pts',(800.,93.3983811947275,-9.92128747488559));
#5437=CARTESIAN_POINT('Ctrl Pts',(800.,92.5485702001747,-9.96263622806241));
#5438=CARTESIAN_POINT('Ctrl Pts',(800.,91.698568654101,-10.0050313960693));
#5439=CARTESIAN_POINT('Ctrl Pts',(800.,90.9136884194088,-10.0441785359407));
#5440=CARTESIAN_POINT('Ctrl Pts',(800.,90.1286445057102,-10.0842177944762));
#5441=CARTESIAN_POINT('Ctrl Pts',(800.,89.3430970501819,-10.1251012197419));
#5442=CARTESIAN_POINT('Ctrl Pts',(800.,88.5813723151091,-10.1647448034112));
#5443=CARTESIAN_POINT('Ctrl Pts',(800.,87.8191736777105,-10.205182603135));
#5444=CARTESIAN_POINT('Ctrl Pts',(800.,87.0562322881727,-10.2463940648304));
#5445=CARTESIAN_POINT('Ctrl Pts',(800.,86.3131078789765,-10.2865350816168));
#5446=CARTESIAN_POINT('Ctrl Pts',(800.,85.5692784983743,-10.3274105256906));
#5447=CARTESIAN_POINT('Ctrl Pts',(800.,84.8245407271204,-10.3690172712918));
#5448=CARTESIAN_POINT('Ctrl Pts',(800.,84.1003490172495,-10.4094761568245));
#5449=CARTESIAN_POINT('Ctrl Pts',(800.,83.3752981668712,-10.4506269429721));
#5450=CARTESIAN_POINT('Ctrl Pts',(800.,82.649247580726,-10.4924758492288));
#5451=CARTESIAN_POINT('Ctrl Pts',(800.,81.9417960045626,-10.5332527251889));
#5452=CARTESIAN_POINT('Ctrl Pts',(800.,81.2333950553002,-10.574692725462));
#5453=CARTESIAN_POINT('Ctrl Pts',(800.,80.5239621212326,-10.6168052490714));
#5454=CARTESIAN_POINT('Ctrl Pts',(800.,79.8256140767597,-10.6582597644994));
#5455=CARTESIAN_POINT('Ctrl Pts',(800.,79.1262658040331,-10.7003662167154));
#5456=CARTESIAN_POINT('Ctrl Pts',(800.,78.4258885083422,-10.7431329293912));
#5457=CARTESIAN_POINT('Ctrl Pts',(800.,77.7364546078964,-10.7852314121815));
#5458=CARTESIAN_POINT('Ctrl Pts',(800.,77.0460234659856,-10.8279699024739));
#5459=CARTESIAN_POINT('Ctrl Pts',(800.,76.3546190805626,-10.8713521648886));
#5460=CARTESIAN_POINT('Ctrl Pts',(800.,75.6740178886619,-10.9140565794531));
#5461=CARTESIAN_POINT('Ctrl Pts',(800.,74.9924734912025,-10.9573850096816));
#5462=CARTESIAN_POINT('Ctrl Pts',(800.,74.3100608170168,-11.0013339030664));
#5463=CARTESIAN_POINT('Ctrl Pts',(800.,73.6383108408652,-11.0445960949922));
#5464=CARTESIAN_POINT('Ctrl Pts',(800.,72.9657192426424,-11.0884597363637));
#5465=CARTESIAN_POINT('Ctrl Pts',(800.,72.2924115660514,-11.1329112351263));
#5466=CARTESIAN_POINT('Ctrl Pts',(800.,71.6296243219072,-11.1766681792207));
#5467=CARTESIAN_POINT('Ctrl Pts',(800.,70.9661431250519,-11.2209949038139));
#5468=CARTESIAN_POINT('Ctrl Pts',(800.,70.3021435855365,-11.265865565851));
#5469=CARTESIAN_POINT('Ctrl Pts',(800.,69.6395279161143,-11.3106427110051));
#5470=CARTESIAN_POINT('Ctrl Pts',(800.,68.9763962414094,-11.3559615846598));
#5471=CARTESIAN_POINT('Ctrl Pts',(800.,68.3129777287895,-11.4017822662755));
#5472=CARTESIAN_POINT('Ctrl Pts',(800.,67.591351506114,-11.4516232109668));
#5473=CARTESIAN_POINT('Ctrl Pts',(800.,66.8693858121208,-11.5020580392135));
#5474=CARTESIAN_POINT('Ctrl Pts',(800.,66.1474429797031,-11.5530158380146));
#5475=CARTESIAN_POINT('Ctrl Pts',(800.,65.3242072305422,-11.6111233221366));
#5476=CARTESIAN_POINT('Ctrl Pts',(800.,64.5010028519222,-11.6699106067957));
#5477=CARTESIAN_POINT('Ctrl Pts',(800.,63.6784388249384,-11.7292486072108));
#5478=CARTESIAN_POINT('Ctrl Pts',(800.,62.4390714365342,-11.8186539060021));
#5479=CARTESIAN_POINT('Ctrl Pts',(800.,61.2011674516361,-11.9093095059174));
#5480=CARTESIAN_POINT('Ctrl Pts',(800.,59.9668876773581,-12.000719644061));
#5481=CARTESIAN_POINT('Ctrl Pts',(800.,59.2377262378462,-12.0547209728551));
#5482=CARTESIAN_POINT('Ctrl Pts',(800.,58.5098304678051,-12.1089845832676));
#5483=CARTESIAN_POINT('Ctrl Pts',(800.,57.7836150148892,-12.1634072535928));
#5484=CARTESIAN_POINT('Ctrl Pts',(800.,57.131017018111,-12.212313023211));
#5485=CARTESIAN_POINT('Ctrl Pts',(800.,56.4797765343151,-12.2613470339901));
#5486=CARTESIAN_POINT('Ctrl Pts',(800.,55.8301557786618,-12.3104387946196));
#5487=CARTESIAN_POINT('Ctrl Pts',(800.,55.2199970262001,-12.3565484165199));
#5488=CARTESIAN_POINT('Ctrl Pts',(800.,54.6112675361271,-12.40270888308));
#5489=CARTESIAN_POINT('Ctrl Pts',(800.,54.0041420402988,-12.4488679557749));
#5490=CARTESIAN_POINT('Ctrl Pts',(800.,53.4273414582213,-12.4927214591798));
#5491=CARTESIAN_POINT('Ctrl Pts',(800.,52.851988854891,-12.5365736396263));
#5492=CARTESIAN_POINT('Ctrl Pts',(800.,52.2781905807156,-12.5803865947082));
#5493=CARTESIAN_POINT('Ctrl Pts',(800.,51.7308648318502,-12.6221782129989));
#5494=CARTESIAN_POINT('Ctrl Pts',(800.,51.1849535393803,-12.6639340726153));
#5495=CARTESIAN_POINT('Ctrl Pts',(800.,50.6405053318933,-12.7056286234608));
#5496=CARTESIAN_POINT('Ctrl Pts',(800.,50.104813208384,-12.746652622023));
#5497=CARTESIAN_POINT('Ctrl Pts',(800.,49.5705379032274,-12.7876171715423));
#5498=CARTESIAN_POINT('Ctrl Pts',(800.,49.0376772692832,-12.8285064976793));
#5499=CARTESIAN_POINT('Ctrl Pts',(800.,48.5084669294393,-12.8691157166804));
#5500=CARTESIAN_POINT('Ctrl Pts',(800.,47.9806520491426,-12.9096507228726));
#5501=CARTESIAN_POINT('Ctrl Pts',(800.,47.4541773171578,-12.950105691373));
#5502=CARTESIAN_POINT('Ctrl Pts',(800.,46.9177597401607,-12.9913246803615));
#5503=CARTESIAN_POINT('Ctrl Pts',(800.,46.3827333252073,-13.032460624986));
#5504=CARTESIAN_POINT('Ctrl Pts',(800.,45.8489848001111,-13.073516958848));
#5505=CARTESIAN_POINT('Ctrl Pts',(800.,45.2987823615104,-13.1158389399847));
#5506=CARTESIAN_POINT('Ctrl Pts',(800.,44.749937770878,-13.1580763735459));
#5507=CARTESIAN_POINT('Ctrl Pts',(800.,44.2022699647585,-13.2002424735085));
#5508=CARTESIAN_POINT('Ctrl Pts',(800.,43.6293205544451,-13.2443550575216));
#5509=CARTESIAN_POINT('Ctrl Pts',(800.,43.0576588543099,-13.2883896806872));
#5510=CARTESIAN_POINT('Ctrl Pts',(800.,42.4870181557826,-13.3323704344831));
#5511=CARTESIAN_POINT('Ctrl Pts',(800.,41.8847683960656,-13.3787873803373));
#5512=CARTESIAN_POINT('Ctrl Pts',(800.,41.2836555558276,-13.4251444844704));
#5513=CARTESIAN_POINT('Ctrl Pts',(800.,40.6833056821742,-13.4714776996169));
#5514=CARTESIAN_POINT('Ctrl Pts',(800.,40.0433662055228,-13.5208663224078));
#5515=CARTESIAN_POINT('Ctrl Pts',(800.,39.4042932945497,-13.5702280236711));
#5516=CARTESIAN_POINT('Ctrl Pts',(800.,38.7655724208284,-13.6196117545176));
#5517=CARTESIAN_POINT('Ctrl Pts',(800.,38.0638829272479,-13.673864005406));
#5518=CARTESIAN_POINT('Ctrl Pts',(800.,37.3626177779527,-13.728143245626));
#5519=CARTESIAN_POINT('Ctrl Pts',(800.,36.6610289790583,-13.7825157311014));
#5520=CARTESIAN_POINT('Ctrl Pts',(800.,35.8230796581866,-13.8474560313885));
#5521=CARTESIAN_POINT('Ctrl Pts',(800.,34.9846671504228,-13.9125305496791));
#5522=CARTESIAN_POINT('Ctrl Pts',(800.,34.1444411246332,-13.9778409284724));
#5523=CARTESIAN_POINT('Ctrl Pts',(800.,33.2720038147618,-14.0456550754188));
#5524=CARTESIAN_POINT('Ctrl Pts',(800.,32.3976064563601,-14.113725192018));
#5525=CARTESIAN_POINT('Ctrl Pts',(800.,31.5197173217496,-14.1821312679823));
#5526=CARTESIAN_POINT('Ctrl Pts',(800.,30.8022272508786,-14.238038874486));
#5527=CARTESIAN_POINT('Ctrl Pts',(800.,30.0824031731687,-14.294170623178));
#5528=CARTESIAN_POINT('Ctrl Pts',(800.,29.3594342163654,-14.3505419402675));
#5529=CARTESIAN_POINT('Ctrl Pts',(800.,28.7172986563423,-14.4006105178017));
#5530=CARTESIAN_POINT('Ctrl Pts',(800.,28.0726813792933,-14.4508678189938));
#5531=CARTESIAN_POINT('Ctrl Pts',(800.,27.4250507695825,-14.5013036017082));
#5532=CARTESIAN_POINT('Ctrl Pts',(800.,26.8288928752201,-14.5477308236039));
#5533=CARTESIAN_POINT('Ctrl Pts',(800.,26.2301811570916,-14.5943091094915));
#5534=CARTESIAN_POINT('Ctrl Pts',(800.,25.628541551825,-14.6410141964415));
#5535=CARTESIAN_POINT('Ctrl Pts',(800.,25.0659932772055,-14.6846846361029));
#5536=CARTESIAN_POINT('Ctrl Pts',(800.,24.5008848223954,-14.7284657134228));
#5537=CARTESIAN_POINT('Ctrl Pts',(800.,23.9329537480671,-14.772325745921));
#5538=CARTESIAN_POINT('Ctrl Pts',(800.,23.3923953244356,-14.814071850509));
#5539=CARTESIAN_POINT('Ctrl Pts',(800.,22.849279506263,-14.855889347366));
#5540=CARTESIAN_POINT('Ctrl Pts',(800.,22.3034256922518,-14.8977422431788));
#5541=CARTESIAN_POINT('Ctrl Pts',(800.,21.7774365840881,-14.9380720288788));
#5542=CARTESIAN_POINT('Ctrl Pts',(800.,21.248904928115,-14.9784346108684));
#5543=CARTESIAN_POINT('Ctrl Pts',(800.,20.7177162978083,-15.0187909584727));
#5544=CARTESIAN_POINT('Ctrl Pts',(800.,20.2030575896819,-15.0578914672896));
#5545=CARTESIAN_POINT('Ctrl Pts',(800.,19.685904528461,-15.0969860689105));
#5546=CARTESIAN_POINT('Ctrl Pts',(800.,19.1662008882814,-15.136033639577));
#5547=CARTESIAN_POINT('Ctrl Pts',(800.,18.6621383642529,-15.1739060258865));
#5548=CARTESIAN_POINT('Ctrl Pts',(800.,18.1556763189003,-15.2117341207483));
#5549=CARTESIAN_POINT('Ctrl Pts',(800.,17.6468114400628,-15.2494757629745));
#5550=CARTESIAN_POINT('Ctrl Pts',(800.,17.1517126904165,-15.2861963948218));
#5551=CARTESIAN_POINT('Ctrl Pts',(800.,16.6543392045164,-15.3228351471426));
#5552=CARTESIAN_POINT('Ctrl Pts',(800.,16.1547363966933,-15.3593493822603));
#5553=CARTESIAN_POINT('Ctrl Pts',(800.,15.666034132816,-15.3950669344564));
#5554=CARTESIAN_POINT('Ctrl Pts',(800.,15.175198620591,-15.4306653111043));
#5555=CARTESIAN_POINT('Ctrl Pts',(800.,14.6823216054156,-15.4661014432163));
#5556=CARTESIAN_POINT('Ctrl Pts',(800.,14.1970488996805,-15.5009908520979));
#5557=CARTESIAN_POINT('Ctrl Pts',(800.,13.7097971126008,-15.535722958921));
#5558=CARTESIAN_POINT('Ctrl Pts',(800.,13.2207038540095,-15.5702539772798));
#5559=CARTESIAN_POINT('Ctrl Pts',(800.,12.7384857449946,-15.6042995955394));
#5560=CARTESIAN_POINT('Ctrl Pts',(800.,12.2544774950075,-15.6381497166566));
#5561=CARTESIAN_POINT('Ctrl Pts',(800.,11.7688612098349,-15.6717600978752));
#5562=CARTESIAN_POINT('Ctrl Pts',(800.,11.2926704741007,-15.7047181197732));
#5563=CARTESIAN_POINT('Ctrl Pts',(800.,10.8149334722243,-15.7374455965266));
#5564=CARTESIAN_POINT('Ctrl Pts',(800.,10.3358712634275,-15.7698989311696));
#5565=CARTESIAN_POINT('Ctrl Pts',(800.,9.86847631290793,-15.8015618852935));
#5566=CARTESIAN_POINT('Ctrl Pts',(800.,9.39981978557122,-15.8329638693607));
#5567=CARTESIAN_POINT('Ctrl Pts',(800.,8.9301559082119,-15.8640628768874));
#5568=CARTESIAN_POINT('Ctrl Pts',(800.,8.47054879054916,-15.8944959714909));
#5569=CARTESIAN_POINT('Ctrl Pts',(800.,8.00997687860048,-15.9246389104056));
#5570=CARTESIAN_POINT('Ctrl Pts',(800.,7.54872775273742,-15.9544511010107));
#5571=CARTESIAN_POINT('Ctrl Pts',(800.,7.08514809658397,-15.9844139221739));
#5572=CARTESIAN_POINT('Ctrl Pts',(800.,6.62088417846208,-16.0140426325962));
#5573=CARTESIAN_POINT('Ctrl Pts',(800.,6.15628154429218,-16.0432949543452));
#5574=CARTESIAN_POINT('Ctrl Pts',(800.,5.67593264493032,-16.0735386928058));
#5575=CARTESIAN_POINT('Ctrl Pts',(800.,5.19522186853505,-16.1033800799005));
#5576=CARTESIAN_POINT('Ctrl Pts',(800.,4.71458778937366,-16.1327714797672));
#5577=CARTESIAN_POINT('Ctrl Pts',(800.,4.21404689551226,-16.1633802072773));
#5578=CARTESIAN_POINT('Ctrl Pts',(800.,3.7135894110703,-16.1935008779888));
#5579=CARTESIAN_POINT('Ctrl Pts',(800.,3.2137680226702,-16.223079026289));
#5580=CARTESIAN_POINT('Ctrl Pts',(800.,2.6751354141791,-16.2549539230881));
#5581=CARTESIAN_POINT('Ctrl Pts',(800.,2.13724186757,-16.2861987357025));
#5582=CARTESIAN_POINT('Ctrl Pts',(800.,1.60084129844819,-16.3167450007977));
#5583=CARTESIAN_POINT('Ctrl Pts',(800.,0.95402286313276,-16.3535792036882));
#5584=CARTESIAN_POINT('Ctrl Pts',(800.,0.309376330975914,-16.3893975451502));
#5585=CARTESIAN_POINT('Ctrl Pts',(800.,-0.331697668663196,-16.4240808443697));
#5586=CARTESIAN_POINT('Ctrl Pts',(800.,-1.06513536607383,-16.4637611919309));
#5587=CARTESIAN_POINT('Ctrl Pts',(800.,-1.79389101055117,-16.5019555689941));
#5588=CARTESIAN_POINT('Ctrl Pts',(800.,-2.51582978111348,-16.5384900617336));
#5589=CARTESIAN_POINT('Ctrl Pts',(800.,-3.08877342329259,-16.5674844947644));
#5590=CARTESIAN_POINT('Ctrl Pts',(800.,-3.65742150040369,-16.5954335302828));
#5591=CARTESIAN_POINT('Ctrl Pts',(800.,-4.22073569126275,-16.6222539290909));
#5592=CARTESIAN_POINT('Ctrl Pts',(800.,-4.72716473367823,-16.6463659239705));
#5593=CARTESIAN_POINT('Ctrl Pts',(800.,-5.22928195962006,-16.6695657229898));
#5594=CARTESIAN_POINT('Ctrl Pts',(800.,-5.72637554031178,-16.6917959464729));
#5595=CARTESIAN_POINT('Ctrl Pts',(800.,-6.18457318301863,-16.712286728073));
#5596=CARTESIAN_POINT('Ctrl Pts',(800.,-6.63850221406423,-16.7319537368896));
#5597=CARTESIAN_POINT('Ctrl Pts',(800.,-7.08765103174548,-16.75075475045));
#5598=CARTESIAN_POINT('Ctrl Pts',(800.,-7.51188113313847,-16.7685126862945));
#5599=CARTESIAN_POINT('Ctrl Pts',(800.,-7.93184643929283,-16.7854980535651));
#5600=CARTESIAN_POINT('Ctrl Pts',(800.,-8.34716313021331,-16.8016777505536));
#5601=CARTESIAN_POINT('Ctrl Pts',(800.,-8.74419580690084,-16.8171451481896));
#5602=CARTESIAN_POINT('Ctrl Pts',(800.,-9.13697994431758,-16.8318762518634));
#5603=CARTESIAN_POINT('Ctrl Pts',(800.,-9.52522822692861,-16.845844465378));
#5604=CARTESIAN_POINT('Ctrl Pts',(800.,-9.8983092161161,-16.8592669971666));
#5605=CARTESIAN_POINT('Ctrl Pts',(800.,-10.2672016196508,-16.87198507673));
#5606=CARTESIAN_POINT('Ctrl Pts',(800.,-10.6316989047857,-16.8839773337624));
#5607=CARTESIAN_POINT('Ctrl Pts',(800.,-10.9842521285398,-16.8955766214644));
#5608=CARTESIAN_POINT('Ctrl Pts',(800.,-11.3326933867441,-16.9064968718872));
#5609=CARTESIAN_POINT('Ctrl Pts',(800.,-11.6768847427879,-16.9167209329017));
#5610=CARTESIAN_POINT('Ctrl Pts',(800.,-12.0115559700769,-16.9266622024529));
#5611=CARTESIAN_POINT('Ctrl Pts',(800.,-12.3422089919997,-16.9359452587397));
#5612=CARTESIAN_POINT('Ctrl Pts',(800.,-12.6687664429044,-16.9445564903215));
#5613=CARTESIAN_POINT('Ctrl Pts',(800.,-12.9894924008752,-16.9530139470132));
#5614=CARTESIAN_POINT('Ctrl Pts',(800.,-13.3062676561811,-16.9608233594794));
#5615=CARTESIAN_POINT('Ctrl Pts',(800.,-13.619069382433,-16.9679739807293));
#5616=CARTESIAN_POINT('Ctrl Pts',(800.,-13.9273310028275,-16.9750208155397));
#5617=CARTESIAN_POINT('Ctrl Pts',(800.,-14.2317335255946,-16.9814278458263));
#5618=CARTESIAN_POINT('Ctrl Pts',(800.,-14.5323057788108,-16.9871868685621));
#5619=CARTESIAN_POINT('Ctrl Pts',(800.,-14.8288125982126,-16.9928679967967));
#5620=CARTESIAN_POINT('Ctrl Pts',(800.,-15.1215919886747,-16.9979185297662));
#5621=CARTESIAN_POINT('Ctrl Pts',(800.,-15.4107224164333,-17.0023326125209));
#5622=CARTESIAN_POINT('Ctrl Pts',(800.,-15.7003826266489,-17.0067547833334));
#5623=CARTESIAN_POINT('Ctrl Pts',(800.,-15.9863803971613,-17.0105381726752));
#5624=CARTESIAN_POINT('Ctrl Pts',(800.,-16.2688478013449,-17.0136789345627));
#5625=CARTESIAN_POINT('Ctrl Pts',(800.,-16.5664159438623,-17.0169876019243));
#5626=CARTESIAN_POINT('Ctrl Pts',(800.,-16.8600664889098,-17.0195831423771));
#5627=CARTESIAN_POINT('Ctrl Pts',(800.,-17.150011294478,-17.0214629360472));
#5628=CARTESIAN_POINT('Ctrl Pts',(800.,-17.4776003819223,-17.0235867881775));
#5629=CARTESIAN_POINT('Ctrl Pts',(800.,-17.8004590631698,-17.024797055162));
#5630=CARTESIAN_POINT('Ctrl Pts',(800.,-18.1189623840094,-17.0250912902612));
#5631=CARTESIAN_POINT('Ctrl Pts',(800.,-18.4689460137755,-17.0254146070409));
#5632=CARTESIAN_POINT('Ctrl Pts',(800.,-18.8136720522183,-17.024632052695));
#5633=CARTESIAN_POINT('Ctrl Pts',(800.,-19.1537064996133,-17.0227397030091));
#5634=CARTESIAN_POINT('Ctrl Pts',(800.,-19.6747885050225,-17.0198397927888));
#5635=CARTESIAN_POINT('Ctrl Pts',(800.,-20.1848566454613,-17.0143356503872));
#5636=CARTESIAN_POINT('Ctrl Pts',(800.,-20.6860803990688,-17.0061947060954));
#5637=CARTESIAN_POINT('Ctrl Pts',(800.,-21.0225118630177,-17.0007303405576));
#5638=CARTESIAN_POINT('Ctrl Pts',(800.,-21.3549622368252,-16.9940775646823));
#5639=CARTESIAN_POINT('Ctrl Pts',(800.,-21.6840673797992,-16.9862160376856));
#5640=CARTESIAN_POINT('Ctrl Pts',(800.,-21.9698311872061,-16.9793898305158));
#5641=CARTESIAN_POINT('Ctrl Pts',(800.,-22.2530735682021,-16.9716522249931));
#5642=CARTESIAN_POINT('Ctrl Pts',(800.,-22.5341730906888,-16.9629825486996));
#5643=CARTESIAN_POINT('Ctrl Pts',(800.,-22.79372681559,-16.9549773882648));
#5644=CARTESIAN_POINT('Ctrl Pts',(800.,-23.0514540234545,-16.9461775549392));
#5645=CARTESIAN_POINT('Ctrl Pts',(800.,-23.3076105581482,-16.9365603869954));
#5646=CARTESIAN_POINT('Ctrl Pts',(800.,-23.5496747449989,-16.9274723036447));
#5647=CARTESIAN_POINT('Ctrl Pts',(800.,-23.7903366359069,-16.9176543426853));
#5648=CARTESIAN_POINT('Ctrl Pts',(800.,-24.0297676752616,-16.9070814806681));
#5649=CARTESIAN_POINT('Ctrl Pts',(800.,-24.2582388690899,-16.8969925865391));
#5650=CARTESIAN_POINT('Ctrl Pts',(800.,-24.4855895582406,-16.8862163237717));
#5651=CARTESIAN_POINT('Ctrl Pts',(800.,-24.7119232104873,-16.8747253967356));
#5652=CARTESIAN_POINT('Ctrl Pts',(800.,-24.9295856487002,-16.8636747059914));
#5653=CARTESIAN_POINT('Ctrl Pts',(800.,-25.1463077050138,-16.8519630697147));
#5654=CARTESIAN_POINT('Ctrl Pts',(800.,-25.3621348823477,-16.8395608485902));
#5655=CARTESIAN_POINT('Ctrl Pts',(800.,-25.5710461491581,-16.8275560410475));
#5656=CARTESIAN_POINT('Ctrl Pts',(800.,-25.7791191514514,-16.8149042049992));
#5657=CARTESIAN_POINT('Ctrl Pts',(800.,-25.9863477743322,-16.8015732196457));
#5658=CARTESIAN_POINT('Ctrl Pts',(800.,-26.1886357661233,-16.7885600643283));
#5659=CARTESIAN_POINT('Ctrl Pts',(800.,-26.3901193515282,-16.7748997681771));
#5660=CARTESIAN_POINT('Ctrl Pts',(800.,-26.5907441578717,-16.7605572351483));
#5661=CARTESIAN_POINT('Ctrl Pts',(800.,-26.7941553198235,-16.7460155074235));
#5662=CARTESIAN_POINT('Ctrl Pts',(800.,-26.9966837888041,-16.7307724615177));
#5663=CARTESIAN_POINT('Ctrl Pts',(800.,-27.1982183173996,-16.7147858203913));
#5664=CARTESIAN_POINT('Ctrl Pts',(800.,-27.4064998259794,-16.6982639779351));
#5665=CARTESIAN_POINT('Ctrl Pts',(800.,-27.6137195410901,-16.6809478840004));
#5666=CARTESIAN_POINT('Ctrl Pts',(800.,-27.819698318792,-16.6627851892728));
#5667=CARTESIAN_POINT('Ctrl Pts',(800.,-28.0339338088976,-16.643894438245));
#5668=CARTESIAN_POINT('Ctrl Pts',(800.,-28.2468266514689,-16.6240878098797));
#5669=CARTESIAN_POINT('Ctrl Pts',(800.,-28.4581184858744,-16.6033009583846));
#5670=CARTESIAN_POINT('Ctrl Pts',(800.,-28.6799580525066,-16.5814764229485));
#5671=CARTESIAN_POINT('Ctrl Pts',(800.,-28.9000324832194,-16.5585712970371));
#5672=CARTESIAN_POINT('Ctrl Pts',(800.,-29.1179853110936,-16.534506013475));
#5673=CARTESIAN_POINT('Ctrl Pts',(800.,-29.3613800291236,-16.5076315610349));
#5674=CARTESIAN_POINT('Ctrl Pts',(800.,-29.6021289200516,-16.4793102270369));
#5675=CARTESIAN_POINT('Ctrl Pts',(800.,-29.8396669845609,-16.4494258954079));
#5676=CARTESIAN_POINT('Ctrl Pts',(800.,-30.0933910443515,-16.4175052263535));
#5677=CARTESIAN_POINT('Ctrl Pts',(800.,-30.3434507090739,-16.3838011064895));
#5678=CARTESIAN_POINT('Ctrl Pts',(800.,-30.589092553926,-16.3481683543028));
#5679=CARTESIAN_POINT('Ctrl Pts',(800.,-30.9101680670515,-16.3015932107262));
#5680=CARTESIAN_POINT('Ctrl Pts',(800.,-31.2236942711831,-16.2517223546647));
#5681=CARTESIAN_POINT('Ctrl Pts',(800.,-31.5278971618657,-16.1982322096611));
#5682=CARTESIAN_POINT('Ctrl Pts',(800.,-31.7957407266023,-16.1511353820014));
#5683=CARTESIAN_POINT('Ctrl Pts',(800.,-32.0563509123241,-16.1012322097157));
#5684=CARTESIAN_POINT('Ctrl Pts',(800.,-32.3085191039965,-16.0483112298464));
#5685=CARTESIAN_POINT('Ctrl Pts',(800.,-32.5133206539597,-16.0053307943247));
#5686=CARTESIAN_POINT('Ctrl Pts',(800.,-32.7125527956487,-15.960359815332));
#5687=CARTESIAN_POINT('Ctrl Pts',(800.,-32.9056031530108,-15.9132937923993));
#5688=CARTESIAN_POINT('Ctrl Pts',(800.,-33.0828706864129,-15.8700756502195));
#5689=CARTESIAN_POINT('Ctrl Pts',(800.,-33.254925292484,-15.8250909819457));
#5690=CARTESIAN_POINT('Ctrl Pts',(800.,-33.4213358899529,-15.7782673343181));
#5691=CARTESIAN_POINT('Ctrl Pts',(800.,-33.5836329312886,-15.7326011352293));
#5692=CARTESIAN_POINT('Ctrl Pts',(800.,-33.7405613836031,-15.6851857460484));
#5693=CARTESIAN_POINT('Ctrl Pts',(800.,-33.8917703392098,-15.6359628067096));
#5694=CARTESIAN_POINT('Ctrl Pts',(800.,-34.0403696158903,-15.5875893942189));
#5695=CARTESIAN_POINT('Ctrl Pts',(800.,-34.1834450092357,-15.5374702857279));
#5696=CARTESIAN_POINT('Ctrl Pts',(800.,-34.3207130718392,-15.4855587350221));
#5697=CARTESIAN_POINT('Ctrl Pts',(800.,-34.4558011464151,-15.4344716044829));
#5698=CARTESIAN_POINT('Ctrl Pts',(800.,-34.5852647840392,-15.3816485118818));
#5699=CARTESIAN_POINT('Ctrl Pts',(800.,-34.708883791873,-15.3270533490829));
#5700=CARTESIAN_POINT('Ctrl Pts',(800.,-34.8349028888288,-15.2713982096781));
#5701=CARTESIAN_POINT('Ctrl Pts',(800.,-34.9548479649594,-15.2139014946878));
#5702=CARTESIAN_POINT('Ctrl Pts',(800.,-35.0685417360269,-15.1545341770168));
#5703=CARTESIAN_POINT('Ctrl Pts',(800.,-35.1875428411148,-15.0923955361518));
#5704=CARTESIAN_POINT('Ctrl Pts',(800.,-35.2996957104455,-15.028207624646));
#5705=CARTESIAN_POINT('Ctrl Pts',(800.,-35.4048566700244,-14.9619469211214));
#5706=CARTESIAN_POINT('Ctrl Pts',(800.,-35.5164439757011,-14.8916370512975));
#5707=CARTESIAN_POINT('Ctrl Pts',(800.,-35.6201591626264,-14.8189933839502));
#5708=CARTESIAN_POINT('Ctrl Pts',(800.,-35.7158903011778,-14.7439976389579));
#5709=CARTESIAN_POINT('Ctrl Pts',(800.,-35.8240844177394,-14.6592384007612));
#5710=CARTESIAN_POINT('Ctrl Pts',(800.,-35.9220807076179,-14.5714748552154));
#5711=CARTESIAN_POINT('Ctrl Pts',(800.,-36.0097859675089,-14.4806919444608));
#5712=CARTESIAN_POINT('Ctrl Pts',(800.,-36.1041690344303,-14.3829968968465));
#5713=CARTESIAN_POINT('Ctrl Pts',(800.,-36.1866350989583,-14.2818053389953));
#5714=CARTESIAN_POINT('Ctrl Pts',(800.,-36.2571307710876,-14.1771089081401));
#5715=CARTESIAN_POINT('Ctrl Pts',(800.,-36.3407544871522,-14.0529154031721));
#5716=CARTESIAN_POINT('Ctrl Pts',(800.,-36.4075352707342,-13.9237902894691));
#5717=CARTESIAN_POINT('Ctrl Pts',(800.,-36.4574575012999,-13.7897313405232));
#5718=CARTESIAN_POINT('Ctrl Pts',(800.,-36.4632428496576,-13.7741956220398));
#5719=CARTESIAN_POINT('Ctrl Pts',(800.,-36.4688018449488,-13.7585936510839));
#5720=CARTESIAN_POINT('Ctrl Pts',(800.,-36.4741344991451,-13.742925429433));
#5721=CARTESIAN_POINT('Ctrl Pts',(800.,-36.5164678315322,-13.2772587652896));
#5722=CARTESIAN_POINT('Ctrl Pts',(-800.,-36.5164678315322,-13.2772587652896));
#5723=CARTESIAN_POINT('Ctrl Pts',(800.,-36.5357621408144,-13.0535691253532));
#5724=CARTESIAN_POINT('Ctrl Pts',(-800.,-36.5357621408144,-13.0535691253532));
#5725=CARTESIAN_POINT('Ctrl Pts',(800.,-36.5277571953728,-12.5800873276616));
#5726=CARTESIAN_POINT('Ctrl Pts',(-800.,-36.5277571953728,-12.5800873276616));
#5727=CARTESIAN_POINT('Ctrl Pts',(800.,-36.3759516215581,-11.7915270159042));
#5728=CARTESIAN_POINT('Ctrl Pts',(-800.,-36.3759516215581,-11.7915270159042));
#5729=CARTESIAN_POINT('Ctrl Pts',(800.,-35.8939731618699,-10.5836283648473));
#5730=CARTESIAN_POINT('Ctrl Pts',(-800.,-35.8939731618699,-10.5836283648473));
#5731=CARTESIAN_POINT('Ctrl Pts',(800.,-34.8361992291384,-8.83216476704085));
#5732=CARTESIAN_POINT('Ctrl Pts',(-800.,-34.8361992291384,-8.83216476704085));
#5733=CARTESIAN_POINT('Ctrl Pts',(800.,-33.3593207647594,-6.90259496960987));
#5734=CARTESIAN_POINT('Ctrl Pts',(-800.,-33.3593207647594,-6.90259496960987));
#5735=CARTESIAN_POINT('Ctrl Pts',(800.,-31.5287267244977,-4.90874954991736));
#5736=CARTESIAN_POINT('Ctrl Pts',(-800.,-31.5287267244977,-4.90874954991736));
#5737=CARTESIAN_POINT('Ctrl Pts',(800.,-29.415089321684,-2.97385914840521));
#5738=CARTESIAN_POINT('Ctrl Pts',(-800.,-29.415089321684,-2.97385914840521));
#5739=CARTESIAN_POINT('Ctrl Pts',(800.,-27.0781230136416,-1.20236069954381));
#5740=CARTESIAN_POINT('Ctrl Pts',(-800.,-27.0781230136416,-1.20236069954381));
#5741=CARTESIAN_POINT('Ctrl Pts',(800.,-24.5422907487483,0.361185370739194));
#5742=CARTESIAN_POINT('Ctrl Pts',(-800.,-24.5422907487483,0.361185370739194));
#5743=CARTESIAN_POINT('Ctrl Pts',(800.,-21.7941416996744,1.7392847999678));
#5744=CARTESIAN_POINT('Ctrl Pts',(-800.,-21.7941416996744,1.7392847999678));
#5745=CARTESIAN_POINT('Ctrl Pts',(800.,-18.8052885243097,2.98869701515252));
#5746=CARTESIAN_POINT('Ctrl Pts',(-800.,-18.8052885243097,2.98869701515252));
#5747=CARTESIAN_POINT('Ctrl Pts',(800.,-15.5490892342828,4.17751979474996));
#5748=CARTESIAN_POINT('Ctrl Pts',(-800.,-15.5490892342828,4.17751979474996));
#5749=CARTESIAN_POINT('Ctrl Pts',(800.,-12.0195343249919,5.35870058588133));
#5750=CARTESIAN_POINT('Ctrl Pts',(-800.,-12.0195343249919,5.35870058588133));
#5751=CARTESIAN_POINT('Ctrl Pts',(800.,-8.25014512723938,6.54398449178994));
#5752=CARTESIAN_POINT('Ctrl Pts',(-800.,-8.25014512723938,6.54398449178994));
#5753=CARTESIAN_POINT('Ctrl Pts',(800.,-4.30165488030713,7.71465660659444));
#5754=CARTESIAN_POINT('Ctrl Pts',(-800.,-4.30165488030713,7.71465660659444));
#5755=CARTESIAN_POINT('Ctrl Pts',(800.,-0.24862581687783,8.83371859582227));
#5756=CARTESIAN_POINT('Ctrl Pts',(-800.,-0.24862581687783,8.83371859582227));
#5757=CARTESIAN_POINT('Ctrl Pts',(800.,3.8340032134728,9.85790319089499));
#5758=CARTESIAN_POINT('Ctrl Pts',(-800.,3.8340032134728,9.85790319089499));
#5759=CARTESIAN_POINT('Ctrl Pts',(800.,7.88318060359241,10.7487798423003));
#5760=CARTESIAN_POINT('Ctrl Pts',(-800.,7.88318060359241,10.7487798423003));
#5761=CARTESIAN_POINT('Ctrl Pts',(800.,11.8633393708056,11.486599527629));
#5762=CARTESIAN_POINT('Ctrl Pts',(-800.,11.8633393708056,11.486599527629));
#5763=CARTESIAN_POINT('Ctrl Pts',(800.,15.7703353598009,12.0744149555804));
#5764=CARTESIAN_POINT('Ctrl Pts',(-800.,15.7703353598009,12.0744149555804));
#5765=CARTESIAN_POINT('Ctrl Pts',(800.,19.6198397150285,12.5292062829367));
#5766=CARTESIAN_POINT('Ctrl Pts',(-800.,19.6198397150285,12.5292062829367));
#5767=CARTESIAN_POINT('Ctrl Pts',(800.,23.4396120399643,12.8762500619349));
#5768=CARTESIAN_POINT('Ctrl Pts',(-800.,23.4396120399643,12.8762500619349));
#5769=CARTESIAN_POINT('Ctrl Pts',(800.,27.2602868475888,13.1422391186083));
#5770=CARTESIAN_POINT('Ctrl Pts',(-800.,27.2602868475888,13.1422391186083));
#5771=CARTESIAN_POINT('Ctrl Pts',(800.,31.1066711445274,13.3488399918652));
#5772=CARTESIAN_POINT('Ctrl Pts',(-800.,31.1066711445274,13.3488399918652));
#5773=CARTESIAN_POINT('Ctrl Pts',(800.,34.989201083066,13.5063551257174));
#5774=CARTESIAN_POINT('Ctrl Pts',(-800.,34.989201083066,13.5063551257174));
#5775=CARTESIAN_POINT('Ctrl Pts',(800.,38.9075584319943,13.6169199911638));
#5776=CARTESIAN_POINT('Ctrl Pts',(-800.,38.9075584319943,13.6169199911638));
#5777=CARTESIAN_POINT('Ctrl Pts',(800.,42.8537598627693,13.6772617687075));
#5778=CARTESIAN_POINT('Ctrl Pts',(-800.,42.8537598627693,13.6772617687075));
#5779=CARTESIAN_POINT('Ctrl Pts',(800.,46.8155049643492,13.6817191664438));
#5780=CARTESIAN_POINT('Ctrl Pts',(-800.,46.8155049643492,13.6817191664438));
#5781=CARTESIAN_POINT('Ctrl Pts',(800.,50.7792339447565,13.6249057690435));
#5782=CARTESIAN_POINT('Ctrl Pts',(-800.,50.7792339447565,13.6249057690435));
#5783=CARTESIAN_POINT('Ctrl Pts',(800.,54.7337354841695,13.5051331399415));
#5784=CARTESIAN_POINT('Ctrl Pts',(-800.,54.7337354841695,13.5051331399415));
#5785=CARTESIAN_POINT('Ctrl Pts',(800.,58.6712778224835,13.3243697384347));
#5786=CARTESIAN_POINT('Ctrl Pts',(-800.,58.6712778224835,13.3243697384347));
#5787=CARTESIAN_POINT('Ctrl Pts',(800.,62.5875119771892,13.0865345777813));
#5788=CARTESIAN_POINT('Ctrl Pts',(-800.,62.5875119771892,13.0865345777813));
#5789=CARTESIAN_POINT('Ctrl Pts',(800.,66.4818122368095,12.7962802019155));
#5790=CARTESIAN_POINT('Ctrl Pts',(-800.,66.4818122368095,12.7962802019155));
#5791=CARTESIAN_POINT('Ctrl Pts',(800.,70.3573414890395,12.4576614160629));
#5792=CARTESIAN_POINT('Ctrl Pts',(-800.,70.3573414890395,12.4576614160629));
#5793=CARTESIAN_POINT('Ctrl Pts',(800.,74.2214834916897,12.0726474610896));
#5794=CARTESIAN_POINT('Ctrl Pts',(-800.,74.2214834916897,12.0726474610896));
#5795=CARTESIAN_POINT('Ctrl Pts',(800.,78.0853562288986,11.6403540323288));
#5796=CARTESIAN_POINT('Ctrl Pts',(-800.,78.0853562288986,11.6403540323288));
#5797=CARTESIAN_POINT('Ctrl Pts',(800.,81.9607313714361,11.1584887121834));
#5798=CARTESIAN_POINT('Ctrl Pts',(-800.,81.9607313714361,11.1584887121834));
#5799=CARTESIAN_POINT('Ctrl Pts',(800.,85.8574636858045,10.6243779088383));
#5800=CARTESIAN_POINT('Ctrl Pts',(-800.,85.8574636858045,10.6243779088383));
#5801=CARTESIAN_POINT('Ctrl Pts',(800.,89.7806226383949,10.0361884107003));
#5802=CARTESIAN_POINT('Ctrl Pts',(-800.,89.7806226383949,10.0361884107003));
#5803=CARTESIAN_POINT('Ctrl Pts',(800.,93.7279614385037,9.39399889259018));
#5804=CARTESIAN_POINT('Ctrl Pts',(-800.,93.7279614385037,9.39399889259018));
#5805=CARTESIAN_POINT('Ctrl Pts',(800.,97.6866485260683,8.70112223146966));
#5806=CARTESIAN_POINT('Ctrl Pts',(-800.,97.6866485260683,8.70112223146966));
#5807=CARTESIAN_POINT('Ctrl Pts',(800.,101.637587903575,7.96301120913302));
#5808=CARTESIAN_POINT('Ctrl Pts',(-800.,101.637587903575,7.96301120913302));
#5809=CARTESIAN_POINT('Ctrl Pts',(800.,105.560474733478,7.18592207321599));
#5810=CARTESIAN_POINT('Ctrl Pts',(-800.,105.560474733478,7.18592207321599));
#5811=CARTESIAN_POINT('Ctrl Pts',(800.,109.438843955492,6.37560852336829));
#5812=CARTESIAN_POINT('Ctrl Pts',(-800.,109.438843955492,6.37560852336829));
#5813=CARTESIAN_POINT('Ctrl Pts',(800.,113.264542370552,5.53613432175739));
#5814=CARTESIAN_POINT('Ctrl Pts',(-800.,113.264542370552,5.53613432175739));
#5815=CARTESIAN_POINT('Ctrl Pts',(800.,117.043886165961,4.6683133977657));
#5816=CARTESIAN_POINT('Ctrl Pts',(-800.,117.043886165961,4.6683133977657));
#5817=CARTESIAN_POINT('Ctrl Pts',(800.,120.797979770851,3.7694583691052));
#5818=CARTESIAN_POINT('Ctrl Pts',(-800.,120.797979770851,3.7694583691052));
#5819=CARTESIAN_POINT('Ctrl Pts',(800.,124.554827462804,2.83497295353557));
#5820=CARTESIAN_POINT('Ctrl Pts',(-800.,124.554827462804,2.83497295353557));
#5821=CARTESIAN_POINT('Ctrl Pts',(800.,128.34343204115,1.85949617558779));
#5822=CARTESIAN_POINT('Ctrl Pts',(-800.,128.34343204115,1.85949617558779));
#5823=CARTESIAN_POINT('Ctrl Pts',(800.,132.187167891735,0.838213110863222));
#5824=CARTESIAN_POINT('Ctrl Pts',(-800.,132.187167891735,0.838213110863222));
#5825=CARTESIAN_POINT('Ctrl Pts',(800.,136.097285051596,-0.231873720689209));
#5826=CARTESIAN_POINT('Ctrl Pts',(-800.,136.097285051596,-0.231873720689209));
#5827=CARTESIAN_POINT('Ctrl Pts',(800.,140.066825756872,-1.35074087161356));
#5828=CARTESIAN_POINT('Ctrl Pts',(-800.,140.066825756872,-1.35074087161356));
#5829=CARTESIAN_POINT('Ctrl Pts',(800.,144.075841446534,-2.51617318262242));
#5830=CARTESIAN_POINT('Ctrl Pts',(-800.,144.075841446534,-2.51617318262242));
#5831=CARTESIAN_POINT('Ctrl Pts',(800.,148.09597299762,-3.72447926791222));
#5832=CARTESIAN_POINT('Ctrl Pts',(-800.,148.09597299762,-3.72447926791222));
#5833=CARTESIAN_POINT('Ctrl Pts',(800.,152.095393297979,-4.97126738351596));
#5834=CARTESIAN_POINT('Ctrl Pts',(-800.,152.095393297979,-4.97126738351596));
#5835=CARTESIAN_POINT('Ctrl Pts',(800.,156.043268308517,-6.25214554833364));
#5836=CARTESIAN_POINT('Ctrl Pts',(-800.,156.043268308517,-6.25214554833364));
#5837=CARTESIAN_POINT('Ctrl Pts',(800.,159.915198575494,-7.56356942476232));
#5838=CARTESIAN_POINT('Ctrl Pts',(-800.,159.915198575494,-7.56356942476232));
#5839=CARTESIAN_POINT('Ctrl Pts',(800.,163.695504608598,-8.90321545597421));
#5840=CARTESIAN_POINT('Ctrl Pts',(-800.,163.695504608598,-8.90321545597421));
#5841=CARTESIAN_POINT('Ctrl Pts',(800.,167.374743391179,-10.269638024248));
#5842=CARTESIAN_POINT('Ctrl Pts',(-800.,167.374743391179,-10.269638024248));
#5843=CARTESIAN_POINT('Ctrl Pts',(800.,170.233644328871,-11.3836058550875));
#5844=CARTESIAN_POINT('Ctrl Pts',(-800.,170.233644328871,-11.3836058550875));
#5845=CARTESIAN_POINT('Ctrl Pts',(800.,172.329645799811,-12.2306754946784));
#5846=CARTESIAN_POINT('Ctrl Pts',(-800.,172.329645799811,-12.2306754946784));
#5847=CARTESIAN_POINT('Ctrl Pts',(800.,173.705580311897,-12.8005392360454));
#5848=CARTESIAN_POINT('Ctrl Pts',(-800.,173.705580311897,-12.8005392360454));
#5849=CARTESIAN_POINT('Ctrl Pts',(800.,174.388197543224,-13.0867587577198));
#5850=CARTESIAN_POINT('Ctrl Pts',(-800.,174.388197543224,-13.0867587577198));
#5851=CARTESIAN_POINT('',(-800.,-36.5164678315322,-13.2772587652896));
#5852=CARTESIAN_POINT('Ctrl Pts',(-800.,-36.5164678315322,-13.2772587652896));
#5853=CARTESIAN_POINT('Ctrl Pts',(-800.,-36.5357621408144,-13.0535691253532));
#5854=CARTESIAN_POINT('Ctrl Pts',(-800.,-36.5277571953728,-12.5800873276616));
#5855=CARTESIAN_POINT('Ctrl Pts',(-800.,-36.3759516215581,-11.7915270159042));
#5856=CARTESIAN_POINT('Ctrl Pts',(-800.,-35.8939731618699,-10.5836283648473));
#5857=CARTESIAN_POINT('Ctrl Pts',(-800.,-34.8361992291384,-8.83216476704085));
#5858=CARTESIAN_POINT('Ctrl Pts',(-800.,-33.3593207647594,-6.90259496960987));
#5859=CARTESIAN_POINT('Ctrl Pts',(-800.,-31.5287267244977,-4.90874954991736));
#5860=CARTESIAN_POINT('Ctrl Pts',(-800.,-29.415089321684,-2.97385914840521));
#5861=CARTESIAN_POINT('Ctrl Pts',(-800.,-27.0781230136416,-1.20236069954381));
#5862=CARTESIAN_POINT('Ctrl Pts',(-800.,-24.5422907487483,0.361185370739194));
#5863=CARTESIAN_POINT('Ctrl Pts',(-800.,-21.7941416996744,1.7392847999678));
#5864=CARTESIAN_POINT('Ctrl Pts',(-800.,-18.8052885243097,2.98869701515252));
#5865=CARTESIAN_POINT('Ctrl Pts',(-800.,-15.5490892342828,4.17751979474996));
#5866=CARTESIAN_POINT('Ctrl Pts',(-800.,-12.0195343249919,5.35870058588133));
#5867=CARTESIAN_POINT('Ctrl Pts',(-800.,-8.25014512723938,6.54398449178994));
#5868=CARTESIAN_POINT('Ctrl Pts',(-800.,-4.30165488030713,7.71465660659444));
#5869=CARTESIAN_POINT('Ctrl Pts',(-800.,-0.24862581687783,8.83371859582227));
#5870=CARTESIAN_POINT('Ctrl Pts',(-800.,3.8340032134728,9.85790319089499));
#5871=CARTESIAN_POINT('Ctrl Pts',(-800.,7.88318060359241,10.7487798423003));
#5872=CARTESIAN_POINT('Ctrl Pts',(-800.,11.8633393708056,11.486599527629));
#5873=CARTESIAN_POINT('Ctrl Pts',(-800.,15.7703353598009,12.0744149555804));
#5874=CARTESIAN_POINT('Ctrl Pts',(-800.,19.6198397150285,12.5292062829367));
#5875=CARTESIAN_POINT('Ctrl Pts',(-800.,23.4396120399643,12.8762500619349));
#5876=CARTESIAN_POINT('Ctrl Pts',(-800.,27.2602868475888,13.1422391186083));
#5877=CARTESIAN_POINT('Ctrl Pts',(-800.,31.1066711445274,13.3488399918652));
#5878=CARTESIAN_POINT('Ctrl Pts',(-800.,34.989201083066,13.5063551257174));
#5879=CARTESIAN_POINT('Ctrl Pts',(-800.,38.9075584319943,13.6169199911638));
#5880=CARTESIAN_POINT('Ctrl Pts',(-800.,42.8537598627693,13.6772617687075));
#5881=CARTESIAN_POINT('Ctrl Pts',(-800.,46.8155049643492,13.6817191664438));
#5882=CARTESIAN_POINT('Ctrl Pts',(-800.,50.7792339447565,13.6249057690435));
#5883=CARTESIAN_POINT('Ctrl Pts',(-800.,54.7337354841695,13.5051331399415));
#5884=CARTESIAN_POINT('Ctrl Pts',(-800.,58.6712778224835,13.3243697384347));
#5885=CARTESIAN_POINT('Ctrl Pts',(-800.,62.5875119771892,13.0865345777813));
#5886=CARTESIAN_POINT('Ctrl Pts',(-800.,66.4818122368095,12.7962802019155));
#5887=CARTESIAN_POINT('Ctrl Pts',(-800.,70.3573414890395,12.4576614160629));
#5888=CARTESIAN_POINT('Ctrl Pts',(-800.,74.2214834916897,12.0726474610896));
#5889=CARTESIAN_POINT('Ctrl Pts',(-800.,78.0853562288986,11.6403540323288));
#5890=CARTESIAN_POINT('Ctrl Pts',(-800.,81.9607313714361,11.1584887121834));
#5891=CARTESIAN_POINT('Ctrl Pts',(-800.,85.8574636858045,10.6243779088383));
#5892=CARTESIAN_POINT('Ctrl Pts',(-800.,89.7806226383949,10.0361884107003));
#5893=CARTESIAN_POINT('Ctrl Pts',(-800.,93.7279614385037,9.39399889259018));
#5894=CARTESIAN_POINT('Ctrl Pts',(-800.,97.6866485260683,8.70112223146966));
#5895=CARTESIAN_POINT('Ctrl Pts',(-800.,101.637587903575,7.96301120913302));
#5896=CARTESIAN_POINT('Ctrl Pts',(-800.,105.560474733478,7.18592207321599));
#5897=CARTESIAN_POINT('Ctrl Pts',(-800.,109.438843955492,6.37560852336829));
#5898=CARTESIAN_POINT('Ctrl Pts',(-800.,113.264542370552,5.53613432175739));
#5899=CARTESIAN_POINT('Ctrl Pts',(-800.,117.043886165961,4.6683133977657));
#5900=CARTESIAN_POINT('Ctrl Pts',(-800.,120.797979770851,3.7694583691052));
#5901=CARTESIAN_POINT('Ctrl Pts',(-800.,124.554827462804,2.83497295353557));
#5902=CARTESIAN_POINT('Ctrl Pts',(-800.,128.34343204115,1.85949617558779));
#5903=CARTESIAN_POINT('Ctrl Pts',(-800.,132.187167891735,0.838213110863222));
#5904=CARTESIAN_POINT('Ctrl Pts',(-800.,136.097285051596,-0.231873720689209));
#5905=CARTESIAN_POINT('Ctrl Pts',(-800.,140.066825756872,-1.35074087161356));
#5906=CARTESIAN_POINT('Ctrl Pts',(-800.,144.075841446534,-2.51617318262242));
#5907=CARTESIAN_POINT('Ctrl Pts',(-800.,148.09597299762,-3.72447926791222));
#5908=CARTESIAN_POINT('Ctrl Pts',(-800.,152.095393297979,-4.97126738351596));
#5909=CARTESIAN_POINT('Ctrl Pts',(-800.,156.043268308517,-6.25214554833364));
#5910=CARTESIAN_POINT('Ctrl Pts',(-800.,159.915198575494,-7.56356942476232));
#5911=CARTESIAN_POINT('Ctrl Pts',(-800.,163.695504608598,-8.90321545597421));
#5912=CARTESIAN_POINT('Ctrl Pts',(-800.,167.374743391179,-10.269638024248));
#5913=CARTESIAN_POINT('Ctrl Pts',(-800.,170.233644328871,-11.3836058550875));
#5914=CARTESIAN_POINT('Ctrl Pts',(-800.,172.329645799811,-12.2306754946784));
#5915=CARTESIAN_POINT('Ctrl Pts',(-800.,173.705580311897,-12.8005392360454));
#5916=CARTESIAN_POINT('Ctrl Pts',(-800.,174.388197543224,-13.0867587577198));
#5917=CARTESIAN_POINT('',(800.,-36.5164678315322,-13.2772587652896));
#5918=CARTESIAN_POINT('',(0.,-36.5164678315322,-13.2772587652896));
#5919=CARTESIAN_POINT('Ctrl Pts',(800.,-36.5164678315322,-13.2772587652896));
#5920=CARTESIAN_POINT('Ctrl Pts',(800.,-36.5357621408144,-13.0535691253532));
#5921=CARTESIAN_POINT('Ctrl Pts',(800.,-36.5277571953728,-12.5800873276616));
#5922=CARTESIAN_POINT('Ctrl Pts',(800.,-36.3759516215581,-11.7915270159042));
#5923=CARTESIAN_POINT('Ctrl Pts',(800.,-35.8939731618699,-10.5836283648473));
#5924=CARTESIAN_POINT('Ctrl Pts',(800.,-34.8361992291384,-8.83216476704085));
#5925=CARTESIAN_POINT('Ctrl Pts',(800.,-33.3593207647594,-6.90259496960987));
#5926=CARTESIAN_POINT('Ctrl Pts',(800.,-31.5287267244977,-4.90874954991736));
#5927=CARTESIAN_POINT('Ctrl Pts',(800.,-29.415089321684,-2.97385914840521));
#5928=CARTESIAN_POINT('Ctrl Pts',(800.,-27.0781230136416,-1.20236069954381));
#5929=CARTESIAN_POINT('Ctrl Pts',(800.,-24.5422907487483,0.361185370739194));
#5930=CARTESIAN_POINT('Ctrl Pts',(800.,-21.7941416996744,1.7392847999678));
#5931=CARTESIAN_POINT('Ctrl Pts',(800.,-18.8052885243097,2.98869701515252));
#5932=CARTESIAN_POINT('Ctrl Pts',(800.,-15.5490892342828,4.17751979474996));
#5933=CARTESIAN_POINT('Ctrl Pts',(800.,-12.0195343249919,5.35870058588133));
#5934=CARTESIAN_POINT('Ctrl Pts',(800.,-8.25014512723938,6.54398449178994));
#5935=CARTESIAN_POINT('Ctrl Pts',(800.,-4.30165488030713,7.71465660659444));
#5936=CARTESIAN_POINT('Ctrl Pts',(800.,-0.24862581687783,8.83371859582227));
#5937=CARTESIAN_POINT('Ctrl Pts',(800.,3.8340032134728,9.85790319089499));
#5938=CARTESIAN_POINT('Ctrl Pts',(800.,7.88318060359241,10.7487798423003));
#5939=CARTESIAN_POINT('Ctrl Pts',(800.,11.8633393708056,11.486599527629));
#5940=CARTESIAN_POINT('Ctrl Pts',(800.,15.7703353598009,12.0744149555804));
#5941=CARTESIAN_POINT('Ctrl Pts',(800.,19.6198397150285,12.5292062829367));
#5942=CARTESIAN_POINT('Ctrl Pts',(800.,23.4396120399643,12.8762500619349));
#5943=CARTESIAN_POINT('Ctrl Pts',(800.,27.2602868475888,13.1422391186083));
#5944=CARTESIAN_POINT('Ctrl Pts',(800.,31.1066711445274,13.3488399918652));
#5945=CARTESIAN_POINT('Ctrl Pts',(800.,34.989201083066,13.5063551257174));
#5946=CARTESIAN_POINT('Ctrl Pts',(800.,38.9075584319943,13.6169199911638));
#5947=CARTESIAN_POINT('Ctrl Pts',(800.,42.8537598627693,13.6772617687075));
#5948=CARTESIAN_POINT('Ctrl Pts',(800.,46.8155049643492,13.6817191664438));
#5949=CARTESIAN_POINT('Ctrl Pts',(800.,50.7792339447565,13.6249057690435));
#5950=CARTESIAN_POINT('Ctrl Pts',(800.,54.7337354841695,13.5051331399415));
#5951=CARTESIAN_POINT('Ctrl Pts',(800.,58.6712778224835,13.3243697384347));
#5952=CARTESIAN_POINT('Ctrl Pts',(800.,62.5875119771892,13.0865345777813));
#5953=CARTESIAN_POINT('Ctrl Pts',(800.,66.4818122368095,12.7962802019155));
#5954=CARTESIAN_POINT('Ctrl Pts',(800.,70.3573414890395,12.4576614160629));
#5955=CARTESIAN_POINT('Ctrl Pts',(800.,74.2214834916897,12.0726474610896));
#5956=CARTESIAN_POINT('Ctrl Pts',(800.,78.0853562288986,11.6403540323288));
#5957=CARTESIAN_POINT('Ctrl Pts',(800.,81.9607313714361,11.1584887121834));
#5958=CARTESIAN_POINT('Ctrl Pts',(800.,85.8574636858045,10.6243779088383));
#5959=CARTESIAN_POINT('Ctrl Pts',(800.,89.7806226383949,10.0361884107003));
#5960=CARTESIAN_POINT('Ctrl Pts',(800.,93.7279614385037,9.39399889259018));
#5961=CARTESIAN_POINT('Ctrl Pts',(800.,97.6866485260683,8.70112223146966));
#5962=CARTESIAN_POINT('Ctrl Pts',(800.,101.637587903575,7.96301120913302));
#5963=CARTESIAN_POINT('Ctrl Pts',(800.,105.560474733478,7.18592207321599));
#5964=CARTESIAN_POINT('Ctrl Pts',(800.,109.438843955492,6.37560852336829));
#5965=CARTESIAN_POINT('Ctrl Pts',(800.,113.264542370552,5.53613432175739));
#5966=CARTESIAN_POINT('Ctrl Pts',(800.,117.043886165961,4.6683133977657));
#5967=CARTESIAN_POINT('Ctrl Pts',(800.,120.797979770851,3.7694583691052));
#5968=CARTESIAN_POINT('Ctrl Pts',(800.,124.554827462804,2.83497295353557));
#5969=CARTESIAN_POINT('Ctrl Pts',(800.,128.34343204115,1.85949617558779));
#5970=CARTESIAN_POINT('Ctrl Pts',(800.,132.187167891735,0.838213110863222));
#5971=CARTESIAN_POINT('Ctrl Pts',(800.,136.097285051596,-0.231873720689209));
#5972=CARTESIAN_POINT('Ctrl Pts',(800.,140.066825756872,-1.35074087161356));
#5973=CARTESIAN_POINT('Ctrl Pts',(800.,144.075841446534,-2.51617318262242));
#5974=CARTESIAN_POINT('Ctrl Pts',(800.,148.09597299762,-3.72447926791222));
#5975=CARTESIAN_POINT('Ctrl Pts',(800.,152.095393297979,-4.97126738351596));
#5976=CARTESIAN_POINT('Ctrl Pts',(800.,156.043268308517,-6.25214554833364));
#5977=CARTESIAN_POINT('Ctrl Pts',(800.,159.915198575494,-7.56356942476232));
#5978=CARTESIAN_POINT('Ctrl Pts',(800.,163.695504608598,-8.90321545597421));
#5979=CARTESIAN_POINT('Ctrl Pts',(800.,167.374743391179,-10.269638024248));
#5980=CARTESIAN_POINT('Ctrl Pts',(800.,170.233644328871,-11.3836058550875));
#5981=CARTESIAN_POINT('Ctrl Pts',(800.,172.329645799811,-12.2306754946784));
#5982=CARTESIAN_POINT('Ctrl Pts',(800.,173.705580311897,-12.8005392360454));
#5983=CARTESIAN_POINT('Ctrl Pts',(800.,174.388197543224,-13.0867587577198));
#5984=CARTESIAN_POINT('Origin',(1035.65204544757,103.200049096183,-3.75282713997123));
#5985=CARTESIAN_POINT('',(1035.65204544757,5.04192335863559,-12.4090933509029));
#5986=CARTESIAN_POINT('',(1035.65204544757,215.925422067198,-11.9857600112614));
#5987=CARTESIAN_POINT('Ctrl Pts',(1035.65204544757,5.02075669244204,-12.1762600188312));
#5988=CARTESIAN_POINT('Ctrl Pts',(1035.65204544757,5.00146238315978,-11.9525703788948));
#5989=CARTESIAN_POINT('Ctrl Pts',(1035.65204544757,5.00946732860136,-11.4790885812032));
#5990=CARTESIAN_POINT('Ctrl Pts',(1035.65204544757,5.16127290241607,-10.6905282694458));
#5991=CARTESIAN_POINT('Ctrl Pts',(1035.65204544757,5.64325136210427,-9.48262961838886));
#5992=CARTESIAN_POINT('Ctrl Pts',(1035.65204544757,6.70102529483582,-7.73116602058242));
#5993=CARTESIAN_POINT('Ctrl Pts',(1035.65204544757,8.17790375921479,-5.80159622315144));
#5994=CARTESIAN_POINT('Ctrl Pts',(1035.65204544757,10.0084977994765,-3.80775080345893));
#5995=CARTESIAN_POINT('Ctrl Pts',(1035.65204544757,12.1221352022902,-1.87286040194678));
#5996=CARTESIAN_POINT('Ctrl Pts',(1035.65204544757,14.4591015103326,-0.101361953085379));
#5997=CARTESIAN_POINT('Ctrl Pts',(1035.65204544757,16.9949337752259,1.46218411719762));
#5998=CARTESIAN_POINT('Ctrl Pts',(1035.65204544757,19.7430828242998,2.84028354642623));
#5999=CARTESIAN_POINT('Ctrl Pts',(1035.65204544757,22.7319359996645,4.08969576161095));
#6000=CARTESIAN_POINT('Ctrl Pts',(1035.65204544757,25.9881352896914,5.27851854120839));
#6001=CARTESIAN_POINT('Ctrl Pts',(1035.65204544757,29.5176901989823,6.45969933233976));
#6002=CARTESIAN_POINT('Ctrl Pts',(1035.65204544757,33.2870793967348,7.64498323824837));
#6003=CARTESIAN_POINT('Ctrl Pts',(1035.65204544757,37.2355696436671,8.81565535305287));
#6004=CARTESIAN_POINT('Ctrl Pts',(1035.65204544757,41.2885987070964,9.9347173422807));
#6005=CARTESIAN_POINT('Ctrl Pts',(1035.65204544757,45.371227737447,10.9589019373534));
#6006=CARTESIAN_POINT('Ctrl Pts',(1035.65204544757,49.4204051275666,11.8497785887587));
#6007=CARTESIAN_POINT('Ctrl Pts',(1035.65204544757,53.4005638947798,12.5875982740874));
#6008=CARTESIAN_POINT('Ctrl Pts',(1035.65204544757,57.3075598837751,13.1754137020389));
#6009=CARTESIAN_POINT('Ctrl Pts',(1035.65204544757,61.1570642390027,13.6302050293951));
#6010=CARTESIAN_POINT('Ctrl Pts',(1035.65204544757,64.9768365639385,13.9772488083933));
#6011=CARTESIAN_POINT('Ctrl Pts',(1035.65204544757,68.797511371563,14.2432378650667));
#6012=CARTESIAN_POINT('Ctrl Pts',(1035.65204544757,72.6438956685016,14.4498387383237));
#6013=CARTESIAN_POINT('Ctrl Pts',(1035.65204544757,76.5264256070402,14.6073538721758));
#6014=CARTESIAN_POINT('Ctrl Pts',(1035.65204544757,80.4447829559685,14.7179187376222));
#6015=CARTESIAN_POINT('Ctrl Pts',(1035.65204544757,84.3909843867435,14.7782605151659));
#6016=CARTESIAN_POINT('Ctrl Pts',(1035.65204544757,88.3527294883235,14.7827179129022));
#6017=CARTESIAN_POINT('Ctrl Pts',(1035.65204544757,92.3164584687307,14.7259045155019));
#6018=CARTESIAN_POINT('Ctrl Pts',(1035.65204544757,96.2709600081437,14.6061318864));
#6019=CARTESIAN_POINT('Ctrl Pts',(1035.65204544757,100.208502346458,14.4253684848931));
#6020=CARTESIAN_POINT('Ctrl Pts',(1035.65204544757,104.124736501163,14.1875333242397));
#6021=CARTESIAN_POINT('Ctrl Pts',(1035.65204544757,108.019036760784,13.8972789483739));
#6022=CARTESIAN_POINT('Ctrl Pts',(1035.65204544757,111.894566013014,13.5586601625213));
#6023=CARTESIAN_POINT('Ctrl Pts',(1035.65204544757,115.758708015664,13.1736462075481));
#6024=CARTESIAN_POINT('Ctrl Pts',(1035.65204544757,119.622580752873,12.7413527787873));
#6025=CARTESIAN_POINT('Ctrl Pts',(1035.65204544757,123.49795589541,12.2594874586418));
#6026=CARTESIAN_POINT('Ctrl Pts',(1035.65204544757,127.394688209779,11.7253766552967));
#6027=CARTESIAN_POINT('Ctrl Pts',(1035.65204544757,131.317847162369,11.1371871571587));
#6028=CARTESIAN_POINT('Ctrl Pts',(1035.65204544757,135.265185962478,10.4949976390486));
#6029=CARTESIAN_POINT('Ctrl Pts',(1035.65204544757,139.223873050043,9.80212097792809));
#6030=CARTESIAN_POINT('Ctrl Pts',(1035.65204544757,143.174812427549,9.06400995559145));
#6031=CARTESIAN_POINT('Ctrl Pts',(1035.65204544757,147.097699257452,8.28692081967442));
#6032=CARTESIAN_POINT('Ctrl Pts',(1035.65204544757,150.976068479466,7.47660726982672));
#6033=CARTESIAN_POINT('Ctrl Pts',(1035.65204544757,154.801766894526,6.63713306821582));
#6034=CARTESIAN_POINT('Ctrl Pts',(1035.65204544757,158.581110689935,5.76931214422413));
#6035=CARTESIAN_POINT('Ctrl Pts',(1035.65204544757,162.335204294826,4.87045711556363));
#6036=CARTESIAN_POINT('Ctrl Pts',(1035.65204544757,166.092051986778,3.93597169999399));
#6037=CARTESIAN_POINT('Ctrl Pts',(1035.65204544757,169.880656565124,2.96049492204622));
#6038=CARTESIAN_POINT('Ctrl Pts',(1035.65204544757,173.724392415709,1.93921185732165));
#6039=CARTESIAN_POINT('Ctrl Pts',(1035.65204544757,177.63450957557,0.86912502576922));
#6040=CARTESIAN_POINT('Ctrl Pts',(1035.65204544757,181.604050280846,-0.249742125155132));
#6041=CARTESIAN_POINT('Ctrl Pts',(1035.65204544757,185.613065970508,-1.41517443616399));
#6042=CARTESIAN_POINT('Ctrl Pts',(1035.65204544757,189.633197521595,-2.62348052145379));
#6043=CARTESIAN_POINT('Ctrl Pts',(1035.65204544757,193.632617821953,-3.87026863705753));
#6044=CARTESIAN_POINT('Ctrl Pts',(1035.65204544757,197.580492832491,-5.15114680187521));
#6045=CARTESIAN_POINT('Ctrl Pts',(1035.65204544757,201.452423099469,-6.4625706783039));
#6046=CARTESIAN_POINT('Ctrl Pts',(1035.65204544757,205.232729132572,-7.80221670951579));
#6047=CARTESIAN_POINT('Ctrl Pts',(1035.65204544757,208.911967915153,-9.16863927778959));
#6048=CARTESIAN_POINT('Ctrl Pts',(1035.65204544757,211.770868852846,-10.282607108629));
#6049=CARTESIAN_POINT('Ctrl Pts',(1035.65204544757,213.866870323785,-11.12967674822));
#6050=CARTESIAN_POINT('Ctrl Pts',(1035.65204544757,215.242804835871,-11.699540489587));
#6051=CARTESIAN_POINT('Ctrl Pts',(1035.65204544757,215.925422067198,-11.9857600112614));
#6052=CARTESIAN_POINT('Ctrl Pts',(1035.65204544757,215.925422067198,-11.9857600112614));
#6053=CARTESIAN_POINT('Ctrl Pts',(1035.65204544757,215.177770915482,-11.8315840529742));
#6054=CARTESIAN_POINT('Ctrl Pts',(1035.65204544757,213.68310944049,-11.5315738212078));
#6055=CARTESIAN_POINT('Ctrl Pts',(1035.65204544757,211.443039579865,-11.1065834293706));
#6056=CARTESIAN_POINT('Ctrl Pts',(1035.65204544757,208.460127367263,-10.5900029772165));
#6057=CARTESIAN_POINT('Ctrl Pts',(1035.65204544757,204.737492853291,-10.0274439403475));
#6058=CARTESIAN_POINT('Ctrl Pts',(1035.65204544757,201.019646876775,-9.54697216855537));
#6059=CARTESIAN_POINT('Ctrl Pts',(1035.65204544757,197.30410234259,-9.14622838739787));
#6060=CARTESIAN_POINT('Ctrl Pts',(1035.65204544757,193.586779445941,-8.82118266718595));
#6061=CARTESIAN_POINT('Ctrl Pts',(1035.65204544757,189.861343996651,-8.56549339094133));
#6062=CARTESIAN_POINT('Ctrl Pts',(1035.65204544757,186.119812494783,-8.37079549496075));
#6063=CARTESIAN_POINT('Ctrl Pts',(1035.65204544757,182.354316004784,-8.22783949878833));
#6064=CARTESIAN_POINT('Ctrl Pts',(1035.65204544757,178.558548438418,-8.12739477890741));
#6065=CARTESIAN_POINT('Ctrl Pts',(1035.65204544757,174.729333750255,-8.06124211102242));
#6066=CARTESIAN_POINT('Ctrl Pts',(1035.65204544757,170.868177919261,-8.02314305497749));
#6067=CARTESIAN_POINT('Ctrl Pts',(1035.65204544757,166.982750202998,-8.00978148319187));
#6068=CARTESIAN_POINT('Ctrl Pts',(1035.65204544757,163.084587241934,-8.0199529958902));
#6069=CARTESIAN_POINT('Ctrl Pts',(1035.65204544757,159.186949119753,-8.05382100875003));
#6070=CARTESIAN_POINT('Ctrl Pts',(1035.65204544757,155.302543780722,-8.11212358743462));
#6071=CARTESIAN_POINT('Ctrl Pts',(1035.65204544757,151.441487355049,-8.19546321147121));
#6072=CARTESIAN_POINT('Ctrl Pts',(1035.65204544757,147.608721387442,-8.30341267224401));
#6073=CARTESIAN_POINT('Ctrl Pts',(1035.65204544757,143.803207807735,-8.43422379485503));
#6074=CARTESIAN_POINT('Ctrl Pts',(1035.65204544757,140.019821555907,-8.58545291561845));
#6075=CARTESIAN_POINT('Ctrl Pts',(1035.65204544757,136.250590599885,-8.7543615071705));
#6076=CARTESIAN_POINT('Ctrl Pts',(1035.65204544757,132.486202464526,-8.93841852710801));
#6077=CARTESIAN_POINT('Ctrl Pts',(1035.65204544757,128.717370833707,-9.135731086771));
#6078=CARTESIAN_POINT('Ctrl Pts',(1035.65204544757,124.936321425523,-9.34558111478338));
#6079=CARTESIAN_POINT('Ctrl Pts',(1035.65204544757,121.137467993436,-9.56804490496678));
#6080=CARTESIAN_POINT('Ctrl Pts',(1035.65204544757,117.317964101125,-9.80350850410247));
#6081=CARTESIAN_POINT('Ctrl Pts',(1035.65204544757,113.478365165161,-10.052200945305));
#6082=CARTESIAN_POINT('Ctrl Pts',(1035.65204544757,109.623110930449,-10.3137636299742));
#6083=CARTESIAN_POINT('Ctrl Pts',(1035.65204544757,105.761429607384,-10.5866972150255));
#6084=CARTESIAN_POINT('Ctrl Pts',(1035.65204544757,101.906943924084,-10.8682126011559));
#6085=CARTESIAN_POINT('Ctrl Pts',(1035.65204544757,98.0745105498133,-11.1549493687718));
#6086=CARTESIAN_POINT('Ctrl Pts',(1035.65204544757,94.2776898295927,-11.4434993131971));
#6087=CARTESIAN_POINT('Ctrl Pts',(1035.65204544757,90.5258559721083,-11.7310334646563));
#6088=CARTESIAN_POINT('Ctrl Pts',(1035.65204544757,86.8217006975583,-12.0158251960592));
#6089=CARTESIAN_POINT('Ctrl Pts',(1035.65204544757,83.1579159990576,-12.2979762427453));
#6090=CARTESIAN_POINT('Ctrl Pts',(1035.65204544757,79.5187161605943,-12.5789671355392));
#6091=CARTESIAN_POINT('Ctrl Pts',(1035.65204544757,75.8827089675023,-12.8608956170054));
#6092=CARTESIAN_POINT('Ctrl Pts',(1035.65204544757,72.2252750894175,-13.145800222729));
#6093=CARTESIAN_POINT('Ctrl Pts',(1035.65204544757,68.5212046533644,-13.4349958676508));
#6094=CARTESIAN_POINT('Ctrl Pts',(1035.65204544757,64.7470768684058,-13.7282881594722));
#6095=CARTESIAN_POINT('Ctrl Pts',(1035.65204544757,60.8842829943546,-14.0236451760143));
#6096=CARTESIAN_POINT('Ctrl Pts',(1035.65204544757,56.923132678573,-14.3175779425068));
#6097=CARTESIAN_POINT('Ctrl Pts',(1035.65204544757,52.8665023092262,-14.6053520997368));
#6098=CARTESIAN_POINT('Ctrl Pts',(1035.65204544757,48.734158119775,-14.8812592529408));
#6099=CARTESIAN_POINT('Ctrl Pts',(1035.65204544757,44.5657414590895,-15.138874736783));
#6100=CARTESIAN_POINT('Ctrl Pts',(1035.65204544757,40.4271075196295,-15.3712846729569));
#6101=CARTESIAN_POINT('Ctrl Pts',(1035.65204544757,36.4009125410808,-15.5715053190688));
#6102=CARTESIAN_POINT('Ctrl Pts',(1035.65204544757,32.5699182505323,-15.7329851048373));
#6103=CARTESIAN_POINT('Ctrl Pts',(1035.65204544757,29.0022433626346,-15.8501050592493));
#6104=CARTESIAN_POINT('Ctrl Pts',(1035.65204544757,25.7365800878133,-15.9186291761056));
#6105=CARTESIAN_POINT('Ctrl Pts',(1035.65204544757,22.7654910408088,-15.9363039511989));
#6106=CARTESIAN_POINT('Ctrl Pts',(1035.65204544757,20.0249065695476,-15.9030379490706));
#6107=CARTESIAN_POINT('Ctrl Pts',(1035.65204544757,17.4330505087528,-15.8178972177392));
#6108=CARTESIAN_POINT('Ctrl Pts',(1035.65204544757,14.9254335211655,-15.6763108730189));
#6109=CARTESIAN_POINT('Ctrl Pts',(1035.65204544757,12.4897573380542,-15.4673755049008));
#6110=CARTESIAN_POINT('Ctrl Pts',(1035.65204544757,10.2050954037831,-15.1706354900171));
#6111=CARTESIAN_POINT('Ctrl Pts',(1035.65204544757,8.19904794992746,-14.7617600273118));
#6112=CARTESIAN_POINT('Ctrl Pts',(1035.65204544757,6.60457653519915,-14.2180819620219));
#6113=CARTESIAN_POINT('Ctrl Pts',(1035.65204544757,5.7269510635855,-13.6640585771041));
#6114=CARTESIAN_POINT('Ctrl Pts',(1035.65204544757,5.30357738696217,-13.1797536150392));
#6115=CARTESIAN_POINT('Ctrl Pts',(1035.65204544757,5.12584077596032,-12.826298787613));
#6116=CARTESIAN_POINT('Ctrl Pts',(1035.65204544757,5.06309002482915,-12.6419266829746));
#6117=UNCERTAINTY_MEASURE_WITH_UNIT(LENGTH_MEASURE(0.01),#6121,
'DISTANCE_ACCURACY_VALUE',
'Maximum model space distance between geometric entities at asserted c
onnectivities');
#6118=UNCERTAINTY_MEASURE_WITH_UNIT(LENGTH_MEASURE(0.01),#6121,
'DISTANCE_ACCURACY_VALUE',
'Maximum model space distance between geometric entities at asserted c
onnectivities');
#6119=(
GEOMETRIC_REPRESENTATION_CONTEXT(3)
GLOBAL_UNCERTAINTY_ASSIGNED_CONTEXT((#6117))
GLOBAL_UNIT_ASSIGNED_CONTEXT((#6121,#6123,#6124))
REPRESENTATION_CONTEXT('','3D')
);
#6120=(
GEOMETRIC_REPRESENTATION_CONTEXT(3)
GLOBAL_UNCERTAINTY_ASSIGNED_CONTEXT((#6118))
GLOBAL_UNIT_ASSIGNED_CONTEXT((#6121,#6123,#6124))
REPRESENTATION_CONTEXT('','3D')
);
#6121=(
LENGTH_UNIT()
NAMED_UNIT(*)
SI_UNIT(.MILLI.,.METRE.)
);
#6122=(
LENGTH_UNIT()
NAMED_UNIT(*)
SI_UNIT($,.METRE.)
);
#6123=(
NAMED_UNIT(*)
PLANE_ANGLE_UNIT()
SI_UNIT($,.RADIAN.)
);
#6124=(
NAMED_UNIT(*)
SI_UNIT($,.STERADIAN.)
SOLID_ANGLE_UNIT()
);
#6125=SHAPE_DEFINITION_REPRESENTATION(#6126,#6127);
#6126=PRODUCT_DEFINITION_SHAPE('',$,#6129);
#6127=SHAPE_REPRESENTATION('',(#928,#894,#895,#896,#897,#898,#899,#900,
#901,#902,#903,#904,#905,#906,#907,#908,#909,#910,#911,#912,#913,#914,#915),
#6119);
#6128=PRODUCT_DEFINITION_CONTEXT('part definition',#6133,'design');
#6129=PRODUCT_DEFINITION('front wing','front wing v7',#6130,#6128);
#6130=PRODUCT_DEFINITION_FORMATION('',$,#6135);
#6131=PRODUCT_RELATED_PRODUCT_CATEGORY('front wing v7','front wing v7',
(#6135));
#6132=APPLICATION_PROTOCOL_DEFINITION('international standard',
'automotive_design',2009,#6133);
#6133=APPLICATION_CONTEXT(
'Core Data for Automotive Mechanical Design Process');
#6134=PRODUCT_CONTEXT('part definition',#6133,'mechanical');
#6135=PRODUCT('front wing','front wing v7',$,(#6134));
#6136=PRESENTATION_STYLE_ASSIGNMENT((#6139));
#6137=PRESENTATION_STYLE_ASSIGNMENT((#6140));
#6138=PRESENTATION_STYLE_ASSIGNMENT((#6141));
#6139=SURFACE_STYLE_USAGE(.BOTH.,#6142);
#6140=SURFACE_STYLE_USAGE(.BOTH.,#6143);
#6141=SURFACE_STYLE_USAGE(.BOTH.,#6144);
#6142=SURFACE_SIDE_STYLE('',(#6145));
#6143=SURFACE_SIDE_STYLE('',(#6146));
#6144=SURFACE_SIDE_STYLE('',(#6147));
#6145=SURFACE_STYLE_FILL_AREA(#6148);
#6146=SURFACE_STYLE_FILL_AREA(#6149);
#6147=SURFACE_STYLE_FILL_AREA(#6150);
#6148=FILL_AREA_STYLE('Steel - Satin',(#6151));
#6149=FILL_AREA_STYLE('Carbon Fiber - Plain',(#6152));
#6150=FILL_AREA_STYLE('PEEK',(#6153));
#6151=FILL_AREA_STYLE_COLOUR('Steel - Satin',#6154);
#6152=FILL_AREA_STYLE_COLOUR('Carbon Fiber - Plain',#6155);
#6153=FILL_AREA_STYLE_COLOUR('PEEK',#6156);
#6154=COLOUR_RGB('Steel - Satin',0.627450980392157,0.627450980392157,0.627450980392157);
#6155=COLOUR_RGB('Carbon Fiber - Plain',0.0980392156862745,0.0980392156862745,
0.0980392156862745);
#6156=COLOUR_RGB('PEEK',0.823529411764706,0.819607843137255,0.815686274509804);
ENDSEC;
END-ISO-10303-21;
