ISO-10303-21;
HEADER;
/* Generated by software containing ST-Developer
 * from STEP Tools, Inc. (www.steptools.com) 
 */

FILE_DESCRIPTION(
/* description */ (''),
/* implementation_level */ '2;1');

FILE_NAME(
/* name */ 'Fuselage type1.step',
/* time_stamp */ '2026-07-25T21:49:38+05:30',
/* author */ (''),
/* organization */ (''),
/* preprocessor_version */ 'ST-DEVELOPER v20.1',
/* originating_system */ 'Autodesk Translation Framework v15.8.0.0',
/* authorisation */ '');

FILE_SCHEMA (('AUTOMOTIVE_DESIGN { 1 0 10303 214 3 1 1 }'));
ENDSEC;

DATA;
#10=MECHANICAL_DESIGN_GEOMETRIC_PRESENTATION_REPRESENTATION('',(#131,#132,
#133,#134,#135,#136,#137,#138,#139,#140,#141,#142,#143,#144,#145,#146,#147),
#4657);
#11=SHAPE_REPRESENTATION_RELATIONSHIP('SRR','None',#4664,#12);
#12=ADVANCED_BREP_SHAPE_REPRESENTATION('',(#16,#17,#18,#19,#20,#21,#22,
#23),#4656);
#13=(
BOUNDED_CURVE()
B_SPLINE_CURVE(5,(#4608,#4609,#4610,#4611,#4612,#4613,#4614,#4615,#4616,
#4617,#4618,#4619,#4620,#4621,#4622,#4623,#4624,#4625,#4626,#4627,#4628,
#4629,#4630,#4631,#4632,#4633,#4634,#4635,#4636,#4637,#4638,#4639,#4640,
#4641,#4642,#4643,#4644,#4645,#4646,#4647,#4648,#4649,#4650,#4651,#4652),
 .UNSPECIFIED.,.F.,.F.)
B_SPLINE_CURVE_WITH_KNOTS((6,1,1,1,1,1,1,1,1,1,1,1,1,1,1,1,1,1,1,1,1,1,
1,1,1,1,1,1,1,1,1,1,1,1,1,1,1,1,1,1,6),(0.,0.025,0.05,0.075,0.1,0.125,0.15,
0.175,0.2,0.225,0.25,0.275,0.3,0.325,0.35,0.375,0.4,0.425,0.45,0.475,0.5,
0.525,0.55,0.575,0.6,0.625,0.65,0.675,0.7,0.725,0.75,0.775,0.8,0.825,0.85,
0.875,0.9,0.925,0.950000000000001,0.975000000000001,1.),.UNSPECIFIED.)
CURVE()
GEOMETRIC_REPRESENTATION_ITEM()
RATIONAL_B_SPLINE_CURVE((1.,1.,1.,1.,1.,1.,1.,1.,1.,1.,1.,1.,1.,1.,1.,1.,
1.,1.,1.,1.,1.,1.,1.,1.,1.,1.,1.,1.,1.,1.,1.,1.,1.,1.,1.,1.,1.,1.,1.,1.,
1.,1.,1.,1.,1.))
REPRESENTATION_ITEM('')
);
#14=(
BOUNDED_SURFACE()
B_SPLINE_SURFACE(5,2,((#4201,#4202,#4203,#4204,#4205,#4206,#4207,#4208,
#4209),(#4210,#4211,#4212,#4213,#4214,#4215,#4216,#4217,#4218),(#4219,#4220,
#4221,#4222,#4223,#4224,#4225,#4226,#4227),(#4228,#4229,#4230,#4231,#4232,
#4233,#4234,#4235,#4236),(#4237,#4238,#4239,#4240,#4241,#4242,#4243,#4244,
#4245),(#4246,#4247,#4248,#4249,#4250,#4251,#4252,#4253,#4254),(#4255,#4256,
#4257,#4258,#4259,#4260,#4261,#4262,#4263),(#4264,#4265,#4266,#4267,#4268,
#4269,#4270,#4271,#4272),(#4273,#4274,#4275,#4276,#4277,#4278,#4279,#4280,
#4281),(#4282,#4283,#4284,#4285,#4286,#4287,#4288,#4289,#4290),(#4291,#4292,
#4293,#4294,#4295,#4296,#4297,#4298,#4299),(#4300,#4301,#4302,#4303,#4304,
#4305,#4306,#4307,#4308),(#4309,#4310,#4311,#4312,#4313,#4314,#4315,#4316,
#4317),(#4318,#4319,#4320,#4321,#4322,#4323,#4324,#4325,#4326),(#4327,#4328,
#4329,#4330,#4331,#4332,#4333,#4334,#4335),(#4336,#4337,#4338,#4339,#4340,
#4341,#4342,#4343,#4344),(#4345,#4346,#4347,#4348,#4349,#4350,#4351,#4352,
#4353),(#4354,#4355,#4356,#4357,#4358,#4359,#4360,#4361,#4362),(#4363,#4364,
#4365,#4366,#4367,#4368,#4369,#4370,#4371),(#4372,#4373,#4374,#4375,#4376,
#4377,#4378,#4379,#4380),(#4381,#4382,#4383,#4384,#4385,#4386,#4387,#4388,
#4389),(#4390,#4391,#4392,#4393,#4394,#4395,#4396,#4397,#4398),(#4399,#4400,
#4401,#4402,#4403,#4404,#4405,#4406,#4407),(#4408,#4409,#4410,#4411,#4412,
#4413,#4414,#4415,#4416),(#4417,#4418,#4419,#4420,#4421,#4422,#4423,#4424,
#4425),(#4426,#4427,#4428,#4429,#4430,#4431,#4432,#4433,#4434),(#4435,#4436,
#4437,#4438,#4439,#4440,#4441,#4442,#4443),(#4444,#4445,#4446,#4447,#4448,
#4449,#4450,#4451,#4452),(#4453,#4454,#4455,#4456,#4457,#4458,#4459,#4460,
#4461),(#4462,#4463,#4464,#4465,#4466,#4467,#4468,#4469,#4470),(#4471,#4472,
#4473,#4474,#4475,#4476,#4477,#4478,#4479),(#4480,#4481,#4482,#4483,#4484,
#4485,#4486,#4487,#4488),(#4489,#4490,#4491,#4492,#4493,#4494,#4495,#4496,
#4497),(#4498,#4499,#4500,#4501,#4502,#4503,#4504,#4505,#4506),(#4507,#4508,
#4509,#4510,#4511,#4512,#4513,#4514,#4515),(#4516,#4517,#4518,#4519,#4520,
#4521,#4522,#4523,#4524),(#4525,#4526,#4527,#4528,#4529,#4530,#4531,#4532,
#4533),(#4534,#4535,#4536,#4537,#4538,#4539,#4540,#4541,#4542),(#4543,#4544,
#4545,#4546,#4547,#4548,#4549,#4550,#4551),(#4552,#4553,#4554,#4555,#4556,
#4557,#4558,#4559,#4560),(#4561,#4562,#4563,#4564,#4565,#4566,#4567,#4568,
#4569),(#4570,#4571,#4572,#4573,#4574,#4575,#4576,#4577,#4578),(#4579,#4580,
#4581,#4582,#4583,#4584,#4585,#4586,#4587),(#4588,#4589,#4590,#4591,#4592,
#4593,#4594,#4595,#4596),(#4597,#4598,#4599,#4600,#4601,#4602,#4603,#4604,
#4605)),.UNSPECIFIED.,.F.,.T.,.F.)
B_SPLINE_SURFACE_WITH_KNOTS((6,1,1,1,1,1,1,1,1,1,1,1,1,1,1,1,1,1,1,1,1,
1,1,1,1,1,1,1,1,1,1,1,1,1,1,1,1,1,1,1,6),(3,2,2,2,3),(0.,0.025,0.05,0.075,
0.1,0.125,0.15,0.175,0.2,0.225,0.25,0.275,0.3,0.325,0.35,0.375,0.4,0.425,
0.45,0.475,0.5,0.525,0.55,0.575,0.6,0.625,0.65,0.675,0.7,0.725,0.75,0.775,
0.8,0.825,0.85,0.875,0.9,0.925,0.950000000000001,0.975000000000001,1.),
(0.,1.5707963267949,3.14159265358979,4.71238898038469,6.28318530717959),
 .UNSPECIFIED.)
GEOMETRIC_REPRESENTATION_ITEM()
RATIONAL_B_SPLINE_SURFACE(((1.,0.707106781186548,1.,0.707106781186548,1.,
0.707106781186548,1.,0.707106781186548,1.),(1.,0.707106781186548,1.,0.707106781186548,
1.,0.707106781186548,1.,0.707106781186548,1.),(1.,0.707106781186548,1.,
0.707106781186548,1.,0.707106781186548,1.,0.707106781186548,1.),(1.,0.707106781186548,
1.,0.707106781186548,1.,0.707106781186548,1.,0.707106781186548,1.),(1.,
0.707106781186548,1.,0.707106781186548,1.,0.707106781186548,1.,0.707106781186548,
1.),(1.,0.707106781186548,1.,0.707106781186548,1.,0.707106781186548,1.,
0.707106781186548,1.),(1.,0.707106781186548,1.,0.707106781186548,1.,0.707106781186548,
1.,0.707106781186548,1.),(1.,0.707106781186548,1.,0.707106781186548,1.,
0.707106781186548,1.,0.707106781186548,1.),(1.,0.707106781186548,1.,0.707106781186548,
1.,0.707106781186548,1.,0.707106781186548,1.),(1.,0.707106781186548,1.,
0.707106781186548,1.,0.707106781186548,1.,0.707106781186548,1.),(1.,0.707106781186548,
1.,0.707106781186548,1.,0.707106781186548,1.,0.707106781186548,1.),(1.,
0.707106781186548,1.,0.707106781186548,1.,0.707106781186548,1.,0.707106781186548,
1.),(1.,0.707106781186548,1.,0.707106781186548,1.,0.707106781186548,1.,
0.707106781186548,1.),(1.,0.707106781186548,1.,0.707106781186548,1.,0.707106781186548,
1.,0.707106781186548,1.),(1.,0.707106781186548,1.,0.707106781186548,1.,
0.707106781186548,1.,0.707106781186548,1.),(1.,0.707106781186548,1.,0.707106781186548,
1.,0.707106781186548,1.,0.707106781186548,1.),(1.,0.707106781186548,1.,
0.707106781186548,1.,0.707106781186548,1.,0.707106781186548,1.),(1.,0.707106781186548,
1.,0.707106781186548,1.,0.707106781186548,1.,0.707106781186548,1.),(1.,
0.707106781186548,1.,0.707106781186548,1.,0.707106781186548,1.,0.707106781186548,
1.),(1.,0.707106781186548,1.,0.707106781186548,1.,0.707106781186548,1.,
0.707106781186548,1.),(1.,0.707106781186548,1.,0.707106781186548,1.,0.707106781186548,
1.,0.707106781186548,1.),(1.,0.707106781186548,1.,0.707106781186548,1.,
0.707106781186548,1.,0.707106781186548,1.),(1.,0.707106781186548,1.,0.707106781186548,
1.,0.707106781186548,1.,0.707106781186548,1.),(1.,0.707106781186548,1.,
0.707106781186548,1.,0.707106781186548,1.,0.707106781186548,1.),(1.,0.707106781186548,
1.,0.707106781186548,1.,0.707106781186548,1.,0.707106781186548,1.),(1.,
0.707106781186548,1.,0.707106781186548,1.,0.707106781186548,1.,0.707106781186548,
1.),(1.,0.707106781186548,1.,0.707106781186548,1.,0.707106781186548,1.,
0.707106781186548,1.),(1.,0.707106781186548,1.,0.707106781186548,1.,0.707106781186548,
1.,0.707106781186548,1.),(1.,0.707106781186548,1.,0.707106781186548,1.,
0.707106781186548,1.,0.707106781186548,1.),(1.,0.707106781186548,1.,0.707106781186548,
1.,0.707106781186548,1.,0.707106781186548,1.),(1.,0.707106781186548,1.,
0.707106781186548,1.,0.707106781186548,1.,0.707106781186548,1.),(1.,0.707106781186548,
1.,0.707106781186548,1.,0.707106781186548,1.,0.707106781186548,1.),(1.,
0.707106781186548,1.,0.707106781186548,1.,0.707106781186548,1.,0.707106781186548,
1.),(1.,0.707106781186548,1.,0.707106781186548,1.,0.707106781186548,1.,
0.707106781186548,1.),(1.,0.707106781186548,1.,0.707106781186548,1.,0.707106781186548,
1.,0.707106781186548,1.),(1.,0.707106781186548,1.,0.707106781186548,1.,
0.707106781186548,1.,0.707106781186548,1.),(1.,0.707106781186548,1.,0.707106781186548,
1.,0.707106781186548,1.,0.707106781186548,1.),(1.,0.707106781186548,1.,
0.707106781186548,1.,0.707106781186548,1.,0.707106781186548,1.),(1.,0.707106781186548,
1.,0.707106781186548,1.,0.707106781186548,1.,0.707106781186548,1.),(1.,
0.707106781186548,1.,0.707106781186548,1.,0.707106781186548,1.,0.707106781186548,
1.),(1.,0.707106781186548,1.,0.707106781186548,1.,0.707106781186548,1.,
0.707106781186548,1.),(1.,0.707106781186548,1.,0.707106781186548,1.,0.707106781186548,
1.,0.707106781186548,1.),(1.,0.707106781186548,1.,0.707106781186548,1.,
0.707106781186548,1.,0.707106781186548,1.),(1.,0.707106781186548,1.,0.707106781186548,
1.,0.707106781186548,1.,0.707106781186548,1.),(1.,0.707106781186548,1.,
0.707106781186548,1.,0.707106781186548,1.,0.707106781186548,1.)))
REPRESENTATION_ITEM('')
SURFACE()
);
#15=TOROIDAL_SURFACE('',#687,7.5,5.);
#16=MANIFOLD_SOLID_BREP('Body8',#123);
#17=MANIFOLD_SOLID_BREP('Body12',#124);
#18=MANIFOLD_SOLID_BREP('Body23',#125);
#19=MANIFOLD_SOLID_BREP('Body24',#126);
#20=MANIFOLD_SOLID_BREP('Body28',#127);
#21=MANIFOLD_SOLID_BREP('Body29',#128);
#22=MANIFOLD_SOLID_BREP('Body34',#129);
#23=MANIFOLD_SOLID_BREP('Body37',#130);
#24=FACE_BOUND('',#198,.T.);
#25=FACE_BOUND('',#200,.T.);
#26=FACE_BOUND('',#207,.T.);
#27=FACE_BOUND('',#214,.T.);
#28=FACE_BOUND('',#216,.T.);
#29=FACE_BOUND('',#220,.T.);
#30=FACE_BOUND('',#222,.T.);
#31=FACE_BOUND('',#239,.T.);
#32=FACE_BOUND('',#241,.T.);
#33=PLANE('',#679);
#34=PLANE('',#680);
#35=PLANE('',#697);
#36=PLANE('',#698);
#37=PLANE('',#700);
#38=PLANE('',#702);
#39=PLANE('',#710);
#40=PLANE('',#711);
#41=PLANE('',#718);
#42=PLANE('',#719);
#43=PLANE('',#720);
#44=PLANE('',#722);
#45=PLANE('',#725);
#46=PLANE('',#730);
#47=PLANE('',#735);
#48=PLANE('',#736);
#49=LINE('',#968,#62);
#50=LINE('',#974,#63);
#51=LINE('',#982,#64);
#52=LINE('',#988,#65);
#53=LINE('',#1002,#66);
#54=LINE('',#1007,#67);
#55=LINE('',#1022,#68);
#56=LINE('',#1028,#69);
#57=LINE('',#1036,#70);
#58=LINE('',#1042,#71);
#59=LINE('',#4187,#72);
#60=LINE('',#4189,#73);
#61=LINE('',#4197,#74);
#62=VECTOR('',#744,15.);
#63=VECTOR('',#751,15.);
#64=VECTOR('',#762,15.);
#65=VECTOR('',#769,12.5);
#66=VECTOR('',#786,12.5);
#67=VECTOR('',#793,12.5);
#68=VECTOR('',#812,15.);
#69=VECTOR('',#819,15.);
#70=VECTOR('',#830,12.5);
#71=VECTOR('',#837,12.5);
#72=VECTOR('',#862,20.3528759335988);
#73=VECTOR('',#865,23.3822854717838);
#74=VECTOR('',#874,30.);
#75=CIRCLE('',#674,13.);
#76=CIRCLE('',#675,13.);
#77=CIRCLE('',#677,15.);
#78=CIRCLE('',#678,15.);
#79=CIRCLE('',#682,15.);
#80=CIRCLE('',#683,15.);
#81=CIRCLE('',#685,12.5);
#82=CIRCLE('',#686,12.5);
#83=CIRCLE('',#688,12.5);
#84=CIRCLE('',#689,12.5);
#85=CIRCLE('',#690,5.);
#86=CIRCLE('',#691,10.5);
#87=CIRCLE('',#692,10.5);
#88=CIRCLE('',#694,12.5);
#89=CIRCLE('',#696,10.5);
#90=CIRCLE('',#699,13.);
#91=CIRCLE('',#701,10.5);
#92=CIRCLE('',#703,15.);
#93=CIRCLE('',#705,13.);
#94=CIRCLE('',#706,13.);
#95=CIRCLE('',#708,15.);
#96=CIRCLE('',#709,15.);
#97=CIRCLE('',#713,10.5);
#98=CIRCLE('',#714,10.5);
#99=CIRCLE('',#716,12.5);
#100=CIRCLE('',#717,12.5);
#101=CIRCLE('',#721,10.5);
#102=CIRCLE('',#723,23.3822854717838);
#103=CIRCLE('',#724,20.3528759335988);
#104=CIRCLE('',#726,23.3822854717838);
#105=CIRCLE('',#727,20.3528759335988);
#106=CIRCLE('',#731,20.3528759335988);
#107=CIRCLE('',#733,30.);
#108=CIRCLE('',#734,30.);
#109=CIRCLE('',#737,23.3822854717838);
#110=CYLINDRICAL_SURFACE('',#673,13.);
#111=CYLINDRICAL_SURFACE('',#676,15.);
#112=CYLINDRICAL_SURFACE('',#681,15.);
#113=CYLINDRICAL_SURFACE('',#684,12.5);
#114=CYLINDRICAL_SURFACE('',#693,12.5);
#115=CYLINDRICAL_SURFACE('',#695,10.5);
#116=CYLINDRICAL_SURFACE('',#704,13.);
#117=CYLINDRICAL_SURFACE('',#707,15.);
#118=CYLINDRICAL_SURFACE('',#712,10.5);
#119=CYLINDRICAL_SURFACE('',#715,12.5);
#120=CYLINDRICAL_SURFACE('',#728,20.3528759335988);
#121=CYLINDRICAL_SURFACE('',#729,23.3822854717838);
#122=CYLINDRICAL_SURFACE('',#732,30.);
#123=CLOSED_SHELL('',(#597,#598,#599,#600));
#124=CLOSED_SHELL('',(#603,#604,#605,#606));
#125=CLOSED_SHELL('',(#610,#611,#612,#613));
#126=CLOSED_SHELL('',(#614,#615,#616,#617));
#127=CLOSED_SHELL('',(#619,#620,#621,#622,#623,#624));
#128=CLOSED_SHELL('',(#625,#626,#627,#628,#629,#630,#631,#632));
#129=CLOSED_SHELL('',(#633,#634,#635,#636));
#130=CLOSED_SHELL('',(#638,#639,#640));
#131=STYLED_ITEM('',(#4674),#651);
#132=STYLED_ITEM('',(#4674),#16);
#133=STYLED_ITEM('',(#4674),#652);
#134=STYLED_ITEM('',(#4674),#653);
#135=STYLED_ITEM('',(#4674),#17);
#136=STYLED_ITEM('',(#4674),#654);
#137=STYLED_ITEM('',(#4674),#655);
#138=STYLED_ITEM('',(#4674),#656);
#139=STYLED_ITEM('',(#4674),#18);
#140=STYLED_ITEM('',(#4674),#19);
#141=STYLED_ITEM('',(#4674),#657);
#142=STYLED_ITEM('',(#4673),#20);
#143=STYLED_ITEM('',(#4675),#21);
#144=STYLED_ITEM('',(#4673),#22);
#145=STYLED_ITEM('',(#4673),#658);
#146=STYLED_ITEM('',(#4673),#23);
#147=STYLED_ITEM('',(#4676),#659);
#148=FACE_OUTER_BOUND('',#194,.T.);
#149=FACE_OUTER_BOUND('',#195,.T.);
#150=FACE_OUTER_BOUND('',#196,.T.);
#151=FACE_OUTER_BOUND('',#197,.T.);
#152=FACE_OUTER_BOUND('',#199,.T.);
#153=FACE_OUTER_BOUND('',#201,.T.);
#154=FACE_OUTER_BOUND('',#202,.T.);
#155=FACE_OUTER_BOUND('',#203,.T.);
#156=FACE_OUTER_BOUND('',#204,.T.);
#157=FACE_OUTER_BOUND('',#205,.T.);
#158=FACE_OUTER_BOUND('',#206,.T.);
#159=FACE_OUTER_BOUND('',#208,.T.);
#160=FACE_OUTER_BOUND('',#209,.T.);
#161=FACE_OUTER_BOUND('',#210,.T.);
#162=FACE_OUTER_BOUND('',#211,.T.);
#163=FACE_OUTER_BOUND('',#212,.T.);
#164=FACE_OUTER_BOUND('',#213,.T.);
#165=FACE_OUTER_BOUND('',#215,.T.);
#166=FACE_OUTER_BOUND('',#217,.T.);
#167=FACE_OUTER_BOUND('',#218,.T.);
#168=FACE_OUTER_BOUND('',#219,.T.);
#169=FACE_OUTER_BOUND('',#221,.T.);
#170=FACE_OUTER_BOUND('',#223,.T.);
#171=FACE_OUTER_BOUND('',#224,.T.);
#172=FACE_OUTER_BOUND('',#225,.T.);
#173=FACE_OUTER_BOUND('',#226,.T.);
#174=FACE_OUTER_BOUND('',#227,.T.);
#175=FACE_OUTER_BOUND('',#228,.T.);
#176=FACE_OUTER_BOUND('',#229,.T.);
#177=FACE_OUTER_BOUND('',#230,.T.);
#178=FACE_OUTER_BOUND('',#231,.T.);
#179=FACE_OUTER_BOUND('',#232,.T.);
#180=FACE_OUTER_BOUND('',#233,.T.);
#181=FACE_OUTER_BOUND('',#234,.T.);
#182=FACE_OUTER_BOUND('',#235,.T.);
#183=FACE_OUTER_BOUND('',#236,.T.);
#184=FACE_OUTER_BOUND('',#237,.T.);
#185=FACE_OUTER_BOUND('',#238,.T.);
#186=FACE_OUTER_BOUND('',#240,.T.);
#187=FACE_OUTER_BOUND('',#242,.T.);
#188=FACE_OUTER_BOUND('',#243,.T.);
#189=FACE_OUTER_BOUND('',#244,.T.);
#190=FACE_OUTER_BOUND('',#245,.T.);
#191=FACE_OUTER_BOUND('',#246,.T.);
#192=FACE_OUTER_BOUND('',#247,.T.);
#193=FACE_OUTER_BOUND('',#248,.T.);
#194=EDGE_LOOP('',(#428,#429,#430,#431,#432));
#195=EDGE_LOOP('',(#433,#434,#435,#436));
#196=EDGE_LOOP('',(#437,#438,#439,#440));
#197=EDGE_LOOP('',(#441));
#198=EDGE_LOOP('',(#442));
#199=EDGE_LOOP('',(#443));
#200=EDGE_LOOP('',(#444));
#201=EDGE_LOOP('',(#445,#446,#447,#448));
#202=EDGE_LOOP('',(#449,#450,#451,#452));
#203=EDGE_LOOP('',(#453,#454,#455,#456,#457,#458));
#204=EDGE_LOOP('',(#459,#460,#461,#462,#463));
#205=EDGE_LOOP('',(#464,#465,#466,#467,#468));
#206=EDGE_LOOP('',(#469));
#207=EDGE_LOOP('',(#470));
#208=EDGE_LOOP('',(#471));
#209=EDGE_LOOP('',(#472));
#210=EDGE_LOOP('',(#473));
#211=EDGE_LOOP('',(#474,#475,#476,#477));
#212=EDGE_LOOP('',(#478,#479,#480,#481));
#213=EDGE_LOOP('',(#482));
#214=EDGE_LOOP('',(#483));
#215=EDGE_LOOP('',(#484));
#216=EDGE_LOOP('',(#485));
#217=EDGE_LOOP('',(#486,#487,#488,#489));
#218=EDGE_LOOP('',(#490,#491,#492,#493));
#219=EDGE_LOOP('',(#494));
#220=EDGE_LOOP('',(#495));
#221=EDGE_LOOP('',(#496));
#222=EDGE_LOOP('',(#497));
#223=EDGE_LOOP('',(#498));
#224=EDGE_LOOP('',(#499,#500,#501,#502));
#225=EDGE_LOOP('',(#503,#504,#505,#506));
#226=EDGE_LOOP('',(#507,#508,#509,#510));
#227=EDGE_LOOP('',(#511,#512,#513,#514));
#228=EDGE_LOOP('',(#515,#516,#517,#518));
#229=EDGE_LOOP('',(#519,#520,#521,#522));
#230=EDGE_LOOP('',(#523,#524));
#231=EDGE_LOOP('',(#525,#526,#527,#528,#529,#530,#531,#532));
#232=EDGE_LOOP('',(#533,#534,#535,#536,#537,#538));
#233=EDGE_LOOP('',(#539,#540,#541,#542));
#234=EDGE_LOOP('',(#543,#544));
#235=EDGE_LOOP('',(#545,#546,#547,#548,#549,#550));
#236=EDGE_LOOP('',(#551,#552,#553,#554));
#237=EDGE_LOOP('',(#555,#556,#557,#558));
#238=EDGE_LOOP('',(#559));
#239=EDGE_LOOP('',(#560));
#240=EDGE_LOOP('',(#561));
#241=EDGE_LOOP('',(#562));
#242=EDGE_LOOP('',(#563,#564,#565,#566));
#243=EDGE_LOOP('',(#567,#568,#569,#570));
#244=EDGE_LOOP('',(#571));
#245=EDGE_LOOP('',(#572,#573,#574,#575));
#246=EDGE_LOOP('',(#576));
#247=EDGE_LOOP('',(#577));
#248=EDGE_LOOP('',(#578,#579,#580));
#249=B_SPLINE_CURVE_WITH_KNOTS('',3,(#911,#912,#913,#914,#915,#916,#917,
#918,#919,#920,#921,#922),.UNSPECIFIED.,.F.,.F.,(4,2,2,2,2,4),(15.9958566827345,
17.3446652725332,21.6808315906665,26.0169979087998,28.99834144711,31.9796849854203),
 .UNSPECIFIED.);
#250=B_SPLINE_CURVE_WITH_KNOTS('',3,(#924,#925,#926,#927,#928,#929,#930,
#931,#932,#933),.UNSPECIFIED.,.F.,.F.,(4,2,2,2,4),(0.,4.33616631813329,
8.67233263626659,13.0084989543999,15.9958566827345),.UNSPECIFIED.);
#251=B_SPLINE_CURVE_WITH_KNOTS('',3,(#935,#936,#937,#938,#939),
 .UNSPECIFIED.,.F.,.F.,(4,1,4),(-1.13216434690453,-1.,-0.867835653095471),
 .UNSPECIFIED.);
#252=B_SPLINE_CURVE_WITH_KNOTS('',3,(#941,#942,#943,#944,#945,#946,#947,
#948,#949,#950,#951,#952,#953,#954,#955,#956,#957,#958),.UNSPECIFIED.,.F.,
 .F.,(4,2,2,2,2,2,2,2,4),(0.,4.33616631813329,8.67233263626659,13.0084989543999,
17.3446652725332,21.6808315906665,26.0169979087998,28.99834144711,31.9796849854203),
 .UNSPECIFIED.);
#253=B_SPLINE_CURVE_WITH_KNOTS('',3,(#959,#960,#961,#962,#963),
 .UNSPECIFIED.,.F.,.F.,(4,1,4),(0.867835653095471,1.,1.13216434690453),
 .UNSPECIFIED.);
#254=B_SPLINE_CURVE_WITH_KNOTS('',3,(#1220,#1221,#1222,#1223,#1224,#1225,
#1226,#1227,#1228,#1229,#1230,#1231,#1232),.UNSPECIFIED.,.F.,.F.,(4,2,2,
1,2,2,4),(0.,0.25,0.5,1.,1.5,1.75,2.),.UNSPECIFIED.);
#255=B_SPLINE_CURVE_WITH_KNOTS('',3,(#1234,#1235,#1236,#1237,#1238,#1239,
#1240,#1241,#1242,#1243,#1244,#1245,#1246),.UNSPECIFIED.,.F.,.F.,(4,2,2,
1,2,2,4),(-2.,-1.75,-1.5,-1.,-0.5,-0.25,0.),.UNSPECIFIED.);
#256=B_SPLINE_CURVE_WITH_KNOTS('',3,(#1248,#1249,#1250,#1251,#1252,#1253,
#1254,#1255,#1256,#1257,#1258,#1259,#1260),.UNSPECIFIED.,.F.,.F.,(4,2,2,
1,2,2,4),(0.,0.25,0.5,1.,1.5,1.75,2.),.UNSPECIFIED.);
#257=B_SPLINE_CURVE_WITH_KNOTS('',3,(#1261,#1262,#1263,#1264,#1265,#1266,
#1267,#1268,#1269,#1270,#1271,#1272,#1273),.UNSPECIFIED.,.F.,.F.,(4,2,2,
1,2,2,4),(0.,0.25,0.5,1.,1.5,1.75,2.),.UNSPECIFIED.);
#258=B_SPLINE_CURVE_WITH_KNOTS('',3,(#1444,#1445,#1446,#1447,#1448,#1449,
#1450,#1451,#1452,#1453,#1454,#1455,#1456),.UNSPECIFIED.,.F.,.F.,(4,2,2,
1,2,2,4),(-2.,-1.75,-1.5,-1.,-0.5,-0.25,0.),.UNSPECIFIED.);
#259=B_SPLINE_CURVE_WITH_KNOTS('',3,(#1458,#1459,#1460,#1461,#1462,#1463,
#1464,#1465,#1466,#1467,#1468,#1469,#1470),.UNSPECIFIED.,.F.,.F.,(4,2,2,
1,2,2,4),(-2.,-1.75,-1.5,-1.,-0.5,-0.25,0.),.UNSPECIFIED.);
#260=B_SPLINE_CURVE_WITH_KNOTS('',3,(#1471,#1472,#1473,#1474,#1475,#1476,
#1477,#1478,#1479,#1480,#1481,#1482,#1483),.UNSPECIFIED.,.F.,.F.,(4,2,2,
1,2,2,4),(-2.,-1.75,-1.5,-1.,-0.5,-0.25,0.),.UNSPECIFIED.);
#261=B_SPLINE_CURVE_WITH_KNOTS('',3,(#1654,#1655,#1656,#1657,#1658,#1659,
#1660,#1661,#1662,#1663,#1664,#1665,#1666),.UNSPECIFIED.,.F.,.F.,(4,2,2,
1,2,2,4),(-2.,-1.75,-1.5,-1.,-0.5,-0.25,0.),.UNSPECIFIED.);
#262=B_SPLINE_CURVE_WITH_KNOTS('',3,(#1667,#1668,#1669,#1670,#1671,#1672,
#1673,#1674,#1675,#1676,#1677,#1678,#1679),.UNSPECIFIED.,.F.,.F.,(4,2,2,
1,2,2,4),(0.,0.25,0.5,1.,1.5,1.75,2.),.UNSPECIFIED.);
#263=B_SPLINE_CURVE_WITH_KNOTS('',3,(#1850,#1851,#1852,#1853,#1854,#1855,
#1856,#1857,#1858,#1859,#1860,#1861,#1862),.UNSPECIFIED.,.F.,.F.,(4,2,2,
1,2,2,4),(-2.,-1.75,-1.5,-1.,-0.5,-0.25,0.),.UNSPECIFIED.);
#264=B_SPLINE_CURVE_WITH_KNOTS('',3,(#1863,#1864,#1865,#1866,#1867,#1868,
#1869,#1870,#1871,#1872,#1873,#1874,#1875),.UNSPECIFIED.,.F.,.F.,(4,2,2,
1,2,2,4),(0.,0.25,0.5,1.,1.5,1.75,2.),.UNSPECIFIED.);
#265=B_SPLINE_CURVE_WITH_KNOTS('',3,(#2045,#2046,#2047,#2048,#2049,#2050,
#2051,#2052,#2053,#2054,#2055,#2056,#2057),.UNSPECIFIED.,.F.,.F.,(4,2,2,
1,2,2,4),(0.,0.25,0.5,1.,1.5,1.75,2.),.UNSPECIFIED.);
#266=B_SPLINE_CURVE_WITH_KNOTS('',3,(#2454,#2455,#2456,#2457,#2458,#2459,
#2460,#2461,#2462,#2463,#2464,#2465,#2466,#2467,#2468,#2469,#2470,#2471,
#2472,#2473),.UNSPECIFIED.,.F.,.F.,(4,2,2,2,2,2,2,2,2,4),(0.,0.328675616599034,
0.954793438893035,2.99093435428233,4.42558358212969,6.31684039133239,7.21310172151472,
8.17069413621528,8.82603906837117,9.40855488496138),.UNSPECIFIED.);
#267=B_SPLINE_CURVE_WITH_KNOTS('',3,(#2474,#2475,#2476,#2477,#2478,#2479),
 .UNSPECIFIED.,.F.,.F.,(4,1,1,4),(0.3925257954957,0.5,1.,1.3643973234772),
 .UNSPECIFIED.);
#268=B_SPLINE_CURVE_WITH_KNOTS('',3,(#2707,#2708,#2709,#2710,#2711,#2712,
#2713,#2714,#2715,#2716,#2717,#2718,#2719,#2720,#2721,#2722,#2723,#2724,
#2725,#2726,#2727,#2728,#2729,#2730,#2731,#2732,#2733,#2734,#2735,#2736,
#2737,#2738,#2739,#2740,#2741,#2742,#2743,#2744,#2745,#2746,#2747,#2748,
#2749,#2750,#2751,#2752,#2753,#2754,#2755),.UNSPECIFIED.,.F.,.F.,(4,3,3,
3,3,3,3,3,3,3,3,3,3,3,3,3,4),(0.,0.499415053355072,1.06106903898211,1.09837603979651,
1.19977204998958,1.68143558336661,1.96380281648237,2.39388706334377,2.74368967200048,
4.0965947081241,4.56591207201189,5.52228092452756,5.78886014552125,6.04919605620218,
6.2257717894185,6.36465091497569,6.47864977704323),.UNSPECIFIED.);
#269=B_SPLINE_CURVE_WITH_KNOTS('',3,(#2757,#2758,#2759,#2760,#2761,#2762,
#2763,#2764),.UNSPECIFIED.,.F.,.F.,(4,2,2,4),(0.,0.125,0.25,0.392525795495698),
 .UNSPECIFIED.);
#270=B_SPLINE_CURVE_WITH_KNOTS('',3,(#2766,#2767,#2768,#2769,#2770,#2771,
#2772,#2773,#2774,#2775,#2776,#2777,#2778,#2779,#2780),.UNSPECIFIED.,.F.,
 .F.,(4,2,2,1,1,1,2,2,4),(-2.,-1.875,-1.75,-1.5,-1.,-0.5,-0.25,-0.125,0.),
 .UNSPECIFIED.);
#271=B_SPLINE_CURVE_WITH_KNOTS('',3,(#2781,#2782,#2783,#2784,#2785,#2786,
#2787,#2788),.UNSPECIFIED.,.F.,.F.,(4,2,2,4),(0.,0.125,0.25,0.3925257954957),
 .UNSPECIFIED.);
#272=B_SPLINE_CURVE_WITH_KNOTS('',3,(#2790,#2791,#2792,#2793,#2794,#2795,
#2796,#2797,#2798),.UNSPECIFIED.,.F.,.F.,(4,1,2,2,4),(1.3643973234772,1.5,
1.75,1.875,2.),.UNSPECIFIED.);
#273=B_SPLINE_CURVE_WITH_KNOTS('',3,(#2800,#2801,#2802,#2803,#2804,#2805,
#2806,#2807,#2808,#2809,#2810,#2811,#2812,#2813,#2814),.UNSPECIFIED.,.F.,
 .F.,(4,2,2,1,1,1,2,2,4),(-2.,-1.875,-1.75,-1.5,-1.,-0.5,-0.25,-0.125,0.),
 .UNSPECIFIED.);
#274=B_SPLINE_CURVE_WITH_KNOTS('',3,(#2815,#2816,#2817,#2818,#2819,#2820,
#2821,#2822,#2823),.UNSPECIFIED.,.F.,.F.,(4,1,2,2,4),(1.3643973234772,1.5,
1.75,1.875,2.),.UNSPECIFIED.);
#275=B_SPLINE_CURVE_WITH_KNOTS('',3,(#3020,#3021,#3022,#3023,#3024,#3025,
#3026,#3027,#3028,#3029,#3030,#3031,#3032),.UNSPECIFIED.,.F.,.F.,(4,2,2,
1,2,2,4),(0.,0.125,0.25,0.5,0.75,0.875,1.),.UNSPECIFIED.);
#276=B_SPLINE_CURVE_WITH_KNOTS('',3,(#3034,#3035,#3036,#3037,#3038,#3039,
#3040,#3041,#3042,#3043,#3044,#3045,#3046,#3047,#3048),.UNSPECIFIED.,.F.,
 .F.,(4,2,2,1,1,1,2,2,4),(-2.,-1.875,-1.75,-1.5,-1.,-0.5,-0.25,-0.125,0.),
 .UNSPECIFIED.);
#277=B_SPLINE_CURVE_WITH_KNOTS('',3,(#3049,#3050,#3051,#3052,#3053,#3054,
#3055,#3056,#3057,#3058,#3059,#3060,#3061),.UNSPECIFIED.,.F.,.F.,(4,2,2,
1,2,2,4),(0.,0.125,0.25,0.5,0.75,0.875,1.),.UNSPECIFIED.);
#278=B_SPLINE_CURVE_WITH_KNOTS('',3,(#3258,#3259,#3260,#3261,#3262,#3263,
#3264,#3265,#3266,#3267,#3268,#3269,#3270,#3271,#3272),.UNSPECIFIED.,.F.,
 .F.,(4,2,2,1,1,1,2,2,4),(-2.,-1.875,-1.75,-1.5,-1.,-0.5,-0.25,-0.125,0.),
 .UNSPECIFIED.);
#279=B_SPLINE_CURVE_WITH_KNOTS('',3,(#3273,#3274,#3275,#3276,#3277,#3278,
#3279,#3280,#3281,#3282,#3283,#3284,#3285),.UNSPECIFIED.,.F.,.F.,(4,2,2,
1,2,2,4),(-1.,-0.875,-0.75,-0.5,-0.25,-0.125,0.),.UNSPECIFIED.);
#280=B_SPLINE_CURVE_WITH_KNOTS('',3,(#3511,#3512,#3513,#3514,#3515,#3516),
 .UNSPECIFIED.,.F.,.F.,(4,1,1,4),(0.392525795495698,0.5,1.,1.3643973234772),
 .UNSPECIFIED.);
#281=B_SPLINE_CURVE_WITH_KNOTS('',3,(#3713,#3714,#3715,#3716,#3717,#3718,
#3719,#3720,#3721,#3722,#3723,#3724,#3725),.UNSPECIFIED.,.F.,.F.,(4,2,2,
1,2,2,4),(-1.,-0.875,-0.75,-0.5,-0.25,-0.125,0.),.UNSPECIFIED.);
#282=B_SPLINE_CURVE_WITH_KNOTS('',3,(#3726,#3727,#3728,#3729,#3730,#3731,
#3732,#3733,#3734,#3735,#3736,#3737,#3738,#3739,#3740),.UNSPECIFIED.,.F.,
 .F.,(4,2,2,1,1,1,2,2,4),(0.,0.125,0.25,0.5,1.,1.5,1.75,1.875,2.),
 .UNSPECIFIED.);
#283=B_SPLINE_CURVE_WITH_KNOTS('',3,(#3936,#3937,#3938,#3939,#3940,#3941,
#3942,#3943,#3944,#3945,#3946,#3947,#3948,#3949,#3950),.UNSPECIFIED.,.F.,
 .F.,(4,2,2,1,1,1,2,2,4),(0.,0.125,0.25,0.5,1.,1.5,1.75,1.875,2.),
 .UNSPECIFIED.);
#284=VERTEX_POINT('',#909);
#285=VERTEX_POINT('',#910);
#286=VERTEX_POINT('',#923);
#287=VERTEX_POINT('',#934);
#288=VERTEX_POINT('',#940);
#289=VERTEX_POINT('',#965);
#290=VERTEX_POINT('',#967);
#291=VERTEX_POINT('',#971);
#292=VERTEX_POINT('',#973);
#293=VERTEX_POINT('',#979);
#294=VERTEX_POINT('',#981);
#295=VERTEX_POINT('',#985);
#296=VERTEX_POINT('',#987);
#297=VERTEX_POINT('',#991);
#298=VERTEX_POINT('',#992);
#299=VERTEX_POINT('',#995);
#300=VERTEX_POINT('',#997);
#301=VERTEX_POINT('',#1001);
#302=VERTEX_POINT('',#1005);
#303=VERTEX_POINT('',#1010);
#304=VERTEX_POINT('',#1013);
#305=VERTEX_POINT('',#1016);
#306=VERTEX_POINT('',#1019);
#307=VERTEX_POINT('',#1021);
#308=VERTEX_POINT('',#1025);
#309=VERTEX_POINT('',#1027);
#310=VERTEX_POINT('',#1033);
#311=VERTEX_POINT('',#1035);
#312=VERTEX_POINT('',#1039);
#313=VERTEX_POINT('',#1041);
#314=VERTEX_POINT('',#1047);
#315=VERTEX_POINT('',#1218);
#316=VERTEX_POINT('',#1219);
#317=VERTEX_POINT('',#1233);
#318=VERTEX_POINT('',#1247);
#319=VERTEX_POINT('',#1443);
#320=VERTEX_POINT('',#1457);
#321=VERTEX_POINT('',#1653);
#322=VERTEX_POINT('',#1849);
#323=VERTEX_POINT('',#2452);
#324=VERTEX_POINT('',#2453);
#325=VERTEX_POINT('',#2705);
#326=VERTEX_POINT('',#2706);
#327=VERTEX_POINT('',#2756);
#328=VERTEX_POINT('',#2765);
#329=VERTEX_POINT('',#2789);
#330=VERTEX_POINT('',#2799);
#331=VERTEX_POINT('',#3019);
#332=VERTEX_POINT('',#3033);
#333=VERTEX_POINT('',#3257);
#334=VERTEX_POINT('',#3712);
#335=VERTEX_POINT('',#4177);
#336=VERTEX_POINT('',#4179);
#337=VERTEX_POINT('',#4182);
#338=VERTEX_POINT('',#4184);
#339=VERTEX_POINT('',#4191);
#340=VERTEX_POINT('',#4194);
#341=VERTEX_POINT('',#4196);
#342=VERTEX_POINT('',#4606);
#343=VERTEX_POINT('',#4607);
#344=EDGE_CURVE('',#284,#285,#249,.T.);
#345=EDGE_CURVE('',#286,#284,#250,.T.);
#346=EDGE_CURVE('',#286,#287,#251,.T.);
#347=EDGE_CURVE('',#288,#287,#252,.T.);
#348=EDGE_CURVE('',#288,#285,#253,.T.);
#349=EDGE_CURVE('',#289,#289,#75,.T.);
#350=EDGE_CURVE('',#289,#290,#49,.T.);
#351=EDGE_CURVE('',#290,#290,#76,.T.);
#352=EDGE_CURVE('',#291,#291,#77,.T.);
#353=EDGE_CURVE('',#291,#292,#50,.T.);
#354=EDGE_CURVE('',#292,#292,#78,.T.);
#355=EDGE_CURVE('',#293,#293,#79,.T.);
#356=EDGE_CURVE('',#293,#294,#51,.T.);
#357=EDGE_CURVE('',#294,#294,#80,.T.);
#358=EDGE_CURVE('',#295,#295,#81,.T.);
#359=EDGE_CURVE('',#295,#296,#52,.T.);
#360=EDGE_CURVE('',#296,#296,#82,.T.);
#361=EDGE_CURVE('',#297,#298,#83,.T.);
#362=EDGE_CURVE('',#298,#297,#84,.T.);
#363=EDGE_CURVE('',#297,#299,#85,.T.);
#364=EDGE_CURVE('',#300,#299,#86,.T.);
#365=EDGE_CURVE('',#299,#300,#87,.T.);
#366=EDGE_CURVE('',#298,#301,#53,.T.);
#367=EDGE_CURVE('',#301,#301,#88,.T.);
#368=EDGE_CURVE('',#302,#302,#89,.T.);
#369=EDGE_CURVE('',#302,#300,#54,.T.);
#370=EDGE_CURVE('',#303,#303,#90,.T.);
#371=EDGE_CURVE('',#304,#304,#91,.T.);
#372=EDGE_CURVE('',#305,#305,#92,.T.);
#373=EDGE_CURVE('',#306,#306,#93,.T.);
#374=EDGE_CURVE('',#306,#307,#55,.T.);
#375=EDGE_CURVE('',#307,#307,#94,.T.);
#376=EDGE_CURVE('',#308,#308,#95,.T.);
#377=EDGE_CURVE('',#308,#309,#56,.T.);
#378=EDGE_CURVE('',#309,#309,#96,.T.);
#379=EDGE_CURVE('',#310,#310,#97,.T.);
#380=EDGE_CURVE('',#310,#311,#57,.T.);
#381=EDGE_CURVE('',#311,#311,#98,.T.);
#382=EDGE_CURVE('',#312,#312,#99,.T.);
#383=EDGE_CURVE('',#312,#313,#58,.T.);
#384=EDGE_CURVE('',#313,#313,#100,.T.);
#385=EDGE_CURVE('',#314,#314,#101,.T.);
#386=EDGE_CURVE('',#315,#316,#254,.T.);
#387=EDGE_CURVE('',#317,#315,#255,.T.);
#388=EDGE_CURVE('',#318,#317,#256,.T.);
#389=EDGE_CURVE('',#316,#318,#257,.T.);
#390=EDGE_CURVE('',#318,#319,#258,.T.);
#391=EDGE_CURVE('',#320,#317,#259,.T.);
#392=EDGE_CURVE('',#319,#320,#260,.T.);
#393=EDGE_CURVE('',#316,#321,#261,.T.);
#394=EDGE_CURVE('',#321,#319,#262,.T.);
#395=EDGE_CURVE('',#321,#322,#263,.T.);
#396=EDGE_CURVE('',#322,#320,#264,.T.);
#397=EDGE_CURVE('',#315,#322,#265,.T.);
#398=EDGE_CURVE('',#323,#324,#266,.T.);
#399=EDGE_CURVE('',#324,#323,#267,.T.);
#400=EDGE_CURVE('',#325,#326,#268,.T.);
#401=EDGE_CURVE('',#327,#325,#269,.T.);
#402=EDGE_CURVE('',#328,#327,#270,.T.);
#403=EDGE_CURVE('',#328,#324,#271,.T.);
#404=EDGE_CURVE('',#323,#329,#272,.T.);
#405=EDGE_CURVE('',#329,#330,#273,.T.);
#406=EDGE_CURVE('',#326,#330,#274,.T.);
#407=EDGE_CURVE('',#331,#328,#275,.T.);
#408=EDGE_CURVE('',#332,#331,#276,.T.);
#409=EDGE_CURVE('',#329,#332,#277,.T.);
#410=EDGE_CURVE('',#333,#332,#278,.T.);
#411=EDGE_CURVE('',#330,#333,#279,.T.);
#412=EDGE_CURVE('',#325,#326,#280,.T.);
#413=EDGE_CURVE('',#327,#334,#281,.T.);
#414=EDGE_CURVE('',#334,#333,#282,.T.);
#415=EDGE_CURVE('',#331,#334,#283,.T.);
#416=EDGE_CURVE('',#335,#335,#102,.T.);
#417=EDGE_CURVE('',#336,#336,#103,.T.);
#418=EDGE_CURVE('',#337,#337,#104,.T.);
#419=EDGE_CURVE('',#338,#338,#105,.T.);
#420=EDGE_CURVE('',#336,#338,#59,.T.);
#421=EDGE_CURVE('',#337,#335,#60,.T.);
#422=EDGE_CURVE('',#339,#339,#106,.T.);
#423=EDGE_CURVE('',#340,#340,#107,.T.);
#424=EDGE_CURVE('',#340,#341,#61,.T.);
#425=EDGE_CURVE('',#341,#341,#108,.T.);
#426=EDGE_CURVE('',#342,#343,#13,.T.);
#427=EDGE_CURVE('',#343,#343,#109,.T.);
#428=ORIENTED_EDGE('',*,*,#344,.F.);
#429=ORIENTED_EDGE('',*,*,#345,.F.);
#430=ORIENTED_EDGE('',*,*,#346,.T.);
#431=ORIENTED_EDGE('',*,*,#347,.F.);
#432=ORIENTED_EDGE('',*,*,#348,.T.);
#433=ORIENTED_EDGE('',*,*,#349,.T.);
#434=ORIENTED_EDGE('',*,*,#350,.T.);
#435=ORIENTED_EDGE('',*,*,#351,.T.);
#436=ORIENTED_EDGE('',*,*,#350,.F.);
#437=ORIENTED_EDGE('',*,*,#352,.T.);
#438=ORIENTED_EDGE('',*,*,#353,.T.);
#439=ORIENTED_EDGE('',*,*,#354,.F.);
#440=ORIENTED_EDGE('',*,*,#353,.F.);
#441=ORIENTED_EDGE('',*,*,#352,.F.);
#442=ORIENTED_EDGE('',*,*,#351,.F.);
#443=ORIENTED_EDGE('',*,*,#354,.T.);
#444=ORIENTED_EDGE('',*,*,#349,.F.);
#445=ORIENTED_EDGE('',*,*,#355,.F.);
#446=ORIENTED_EDGE('',*,*,#356,.T.);
#447=ORIENTED_EDGE('',*,*,#357,.T.);
#448=ORIENTED_EDGE('',*,*,#356,.F.);
#449=ORIENTED_EDGE('',*,*,#358,.F.);
#450=ORIENTED_EDGE('',*,*,#359,.T.);
#451=ORIENTED_EDGE('',*,*,#360,.F.);
#452=ORIENTED_EDGE('',*,*,#359,.F.);
#453=ORIENTED_EDGE('',*,*,#361,.T.);
#454=ORIENTED_EDGE('',*,*,#362,.T.);
#455=ORIENTED_EDGE('',*,*,#363,.T.);
#456=ORIENTED_EDGE('',*,*,#364,.F.);
#457=ORIENTED_EDGE('',*,*,#365,.F.);
#458=ORIENTED_EDGE('',*,*,#363,.F.);
#459=ORIENTED_EDGE('',*,*,#361,.F.);
#460=ORIENTED_EDGE('',*,*,#362,.F.);
#461=ORIENTED_EDGE('',*,*,#366,.T.);
#462=ORIENTED_EDGE('',*,*,#367,.F.);
#463=ORIENTED_EDGE('',*,*,#366,.F.);
#464=ORIENTED_EDGE('',*,*,#368,.T.);
#465=ORIENTED_EDGE('',*,*,#369,.T.);
#466=ORIENTED_EDGE('',*,*,#364,.T.);
#467=ORIENTED_EDGE('',*,*,#365,.T.);
#468=ORIENTED_EDGE('',*,*,#369,.F.);
#469=ORIENTED_EDGE('',*,*,#367,.T.);
#470=ORIENTED_EDGE('',*,*,#368,.F.);
#471=ORIENTED_EDGE('',*,*,#370,.T.);
#472=ORIENTED_EDGE('',*,*,#371,.T.);
#473=ORIENTED_EDGE('',*,*,#372,.T.);
#474=ORIENTED_EDGE('',*,*,#373,.F.);
#475=ORIENTED_EDGE('',*,*,#374,.T.);
#476=ORIENTED_EDGE('',*,*,#375,.F.);
#477=ORIENTED_EDGE('',*,*,#374,.F.);
#478=ORIENTED_EDGE('',*,*,#376,.F.);
#479=ORIENTED_EDGE('',*,*,#377,.T.);
#480=ORIENTED_EDGE('',*,*,#378,.T.);
#481=ORIENTED_EDGE('',*,*,#377,.F.);
#482=ORIENTED_EDGE('',*,*,#376,.T.);
#483=ORIENTED_EDGE('',*,*,#375,.T.);
#484=ORIENTED_EDGE('',*,*,#378,.F.);
#485=ORIENTED_EDGE('',*,*,#373,.T.);
#486=ORIENTED_EDGE('',*,*,#379,.F.);
#487=ORIENTED_EDGE('',*,*,#380,.T.);
#488=ORIENTED_EDGE('',*,*,#381,.F.);
#489=ORIENTED_EDGE('',*,*,#380,.F.);
#490=ORIENTED_EDGE('',*,*,#382,.F.);
#491=ORIENTED_EDGE('',*,*,#383,.T.);
#492=ORIENTED_EDGE('',*,*,#384,.T.);
#493=ORIENTED_EDGE('',*,*,#383,.F.);
#494=ORIENTED_EDGE('',*,*,#382,.T.);
#495=ORIENTED_EDGE('',*,*,#381,.T.);
#496=ORIENTED_EDGE('',*,*,#384,.F.);
#497=ORIENTED_EDGE('',*,*,#379,.T.);
#498=ORIENTED_EDGE('',*,*,#385,.T.);
#499=ORIENTED_EDGE('',*,*,#386,.F.);
#500=ORIENTED_EDGE('',*,*,#387,.F.);
#501=ORIENTED_EDGE('',*,*,#388,.F.);
#502=ORIENTED_EDGE('',*,*,#389,.F.);
#503=ORIENTED_EDGE('',*,*,#390,.F.);
#504=ORIENTED_EDGE('',*,*,#388,.T.);
#505=ORIENTED_EDGE('',*,*,#391,.F.);
#506=ORIENTED_EDGE('',*,*,#392,.F.);
#507=ORIENTED_EDGE('',*,*,#393,.F.);
#508=ORIENTED_EDGE('',*,*,#389,.T.);
#509=ORIENTED_EDGE('',*,*,#390,.T.);
#510=ORIENTED_EDGE('',*,*,#394,.F.);
#511=ORIENTED_EDGE('',*,*,#395,.F.);
#512=ORIENTED_EDGE('',*,*,#394,.T.);
#513=ORIENTED_EDGE('',*,*,#392,.T.);
#514=ORIENTED_EDGE('',*,*,#396,.F.);
#515=ORIENTED_EDGE('',*,*,#397,.F.);
#516=ORIENTED_EDGE('',*,*,#386,.T.);
#517=ORIENTED_EDGE('',*,*,#393,.T.);
#518=ORIENTED_EDGE('',*,*,#395,.T.);
#519=ORIENTED_EDGE('',*,*,#397,.T.);
#520=ORIENTED_EDGE('',*,*,#396,.T.);
#521=ORIENTED_EDGE('',*,*,#391,.T.);
#522=ORIENTED_EDGE('',*,*,#387,.T.);
#523=ORIENTED_EDGE('',*,*,#398,.T.);
#524=ORIENTED_EDGE('',*,*,#399,.T.);
#525=ORIENTED_EDGE('',*,*,#400,.F.);
#526=ORIENTED_EDGE('',*,*,#401,.F.);
#527=ORIENTED_EDGE('',*,*,#402,.F.);
#528=ORIENTED_EDGE('',*,*,#403,.T.);
#529=ORIENTED_EDGE('',*,*,#398,.F.);
#530=ORIENTED_EDGE('',*,*,#404,.T.);
#531=ORIENTED_EDGE('',*,*,#405,.T.);
#532=ORIENTED_EDGE('',*,*,#406,.F.);
#533=ORIENTED_EDGE('',*,*,#407,.F.);
#534=ORIENTED_EDGE('',*,*,#408,.F.);
#535=ORIENTED_EDGE('',*,*,#409,.F.);
#536=ORIENTED_EDGE('',*,*,#404,.F.);
#537=ORIENTED_EDGE('',*,*,#399,.F.);
#538=ORIENTED_EDGE('',*,*,#403,.F.);
#539=ORIENTED_EDGE('',*,*,#405,.F.);
#540=ORIENTED_EDGE('',*,*,#409,.T.);
#541=ORIENTED_EDGE('',*,*,#410,.F.);
#542=ORIENTED_EDGE('',*,*,#411,.F.);
#543=ORIENTED_EDGE('',*,*,#400,.T.);
#544=ORIENTED_EDGE('',*,*,#412,.F.);
#545=ORIENTED_EDGE('',*,*,#413,.F.);
#546=ORIENTED_EDGE('',*,*,#401,.T.);
#547=ORIENTED_EDGE('',*,*,#412,.T.);
#548=ORIENTED_EDGE('',*,*,#406,.T.);
#549=ORIENTED_EDGE('',*,*,#411,.T.);
#550=ORIENTED_EDGE('',*,*,#414,.F.);
#551=ORIENTED_EDGE('',*,*,#415,.F.);
#552=ORIENTED_EDGE('',*,*,#407,.T.);
#553=ORIENTED_EDGE('',*,*,#402,.T.);
#554=ORIENTED_EDGE('',*,*,#413,.T.);
#555=ORIENTED_EDGE('',*,*,#415,.T.);
#556=ORIENTED_EDGE('',*,*,#414,.T.);
#557=ORIENTED_EDGE('',*,*,#410,.T.);
#558=ORIENTED_EDGE('',*,*,#408,.T.);
#559=ORIENTED_EDGE('',*,*,#416,.T.);
#560=ORIENTED_EDGE('',*,*,#417,.T.);
#561=ORIENTED_EDGE('',*,*,#418,.F.);
#562=ORIENTED_EDGE('',*,*,#419,.F.);
#563=ORIENTED_EDGE('',*,*,#417,.F.);
#564=ORIENTED_EDGE('',*,*,#420,.T.);
#565=ORIENTED_EDGE('',*,*,#419,.T.);
#566=ORIENTED_EDGE('',*,*,#420,.F.);
#567=ORIENTED_EDGE('',*,*,#418,.T.);
#568=ORIENTED_EDGE('',*,*,#421,.T.);
#569=ORIENTED_EDGE('',*,*,#416,.F.);
#570=ORIENTED_EDGE('',*,*,#421,.F.);
#571=ORIENTED_EDGE('',*,*,#422,.T.);
#572=ORIENTED_EDGE('',*,*,#423,.F.);
#573=ORIENTED_EDGE('',*,*,#424,.T.);
#574=ORIENTED_EDGE('',*,*,#425,.T.);
#575=ORIENTED_EDGE('',*,*,#424,.F.);
#576=ORIENTED_EDGE('',*,*,#423,.T.);
#577=ORIENTED_EDGE('',*,*,#425,.F.);
#578=ORIENTED_EDGE('',*,*,#426,.T.);
#579=ORIENTED_EDGE('',*,*,#427,.T.);
#580=ORIENTED_EDGE('',*,*,#426,.F.);
#581=B_SPLINE_SURFACE_WITH_KNOTS('',3,3,((#884,#885,#886,#887,#888),(#889,
#890,#891,#892,#893),(#894,#895,#896,#897,#898),(#899,#900,#901,#902,#903),
(#904,#905,#906,#907,#908)),.UNSPECIFIED.,.F.,.F.,.F.,(4,1,4),(4,1,4),(0.,
1.,2.),(0.,1.,2.),.UNSPECIFIED.);
#582=B_SPLINE_SURFACE_WITH_KNOTS('',3,3,((#1049,#1050,#1051,#1052,#1053,
#1054,#1055,#1056,#1057,#1058,#1059,#1060,#1061),(#1062,#1063,#1064,#1065,
#1066,#1067,#1068,#1069,#1070,#1071,#1072,#1073,#1074),(#1075,#1076,#1077,
#1078,#1079,#1080,#1081,#1082,#1083,#1084,#1085,#1086,#1087),(#1088,#1089,
#1090,#1091,#1092,#1093,#1094,#1095,#1096,#1097,#1098,#1099,#1100),(#1101,
#1102,#1103,#1104,#1105,#1106,#1107,#1108,#1109,#1110,#1111,#1112,#1113),
(#1114,#1115,#1116,#1117,#1118,#1119,#1120,#1121,#1122,#1123,#1124,#1125,
#1126),(#1127,#1128,#1129,#1130,#1131,#1132,#1133,#1134,#1135,#1136,#1137,
#1138,#1139),(#1140,#1141,#1142,#1143,#1144,#1145,#1146,#1147,#1148,#1149,
#1150,#1151,#1152),(#1153,#1154,#1155,#1156,#1157,#1158,#1159,#1160,#1161,
#1162,#1163,#1164,#1165),(#1166,#1167,#1168,#1169,#1170,#1171,#1172,#1173,
#1174,#1175,#1176,#1177,#1178),(#1179,#1180,#1181,#1182,#1183,#1184,#1185,
#1186,#1187,#1188,#1189,#1190,#1191),(#1192,#1193,#1194,#1195,#1196,#1197,
#1198,#1199,#1200,#1201,#1202,#1203,#1204),(#1205,#1206,#1207,#1208,#1209,
#1210,#1211,#1212,#1213,#1214,#1215,#1216,#1217)),.UNSPECIFIED.,.F.,.F.,
 .F.,(4,2,2,1,2,2,4),(4,2,2,1,2,2,4),(0.,0.25,0.5,1.,1.5,1.75,2.),(0.,0.25,
0.5,1.,1.5,1.75,2.),.UNSPECIFIED.);
#583=B_SPLINE_SURFACE_WITH_KNOTS('',3,3,((#1274,#1275,#1276,#1277,#1278,
#1279,#1280,#1281,#1282,#1283,#1284,#1285,#1286),(#1287,#1288,#1289,#1290,
#1291,#1292,#1293,#1294,#1295,#1296,#1297,#1298,#1299),(#1300,#1301,#1302,
#1303,#1304,#1305,#1306,#1307,#1308,#1309,#1310,#1311,#1312),(#1313,#1314,
#1315,#1316,#1317,#1318,#1319,#1320,#1321,#1322,#1323,#1324,#1325),(#1326,
#1327,#1328,#1329,#1330,#1331,#1332,#1333,#1334,#1335,#1336,#1337,#1338),
(#1339,#1340,#1341,#1342,#1343,#1344,#1345,#1346,#1347,#1348,#1349,#1350,
#1351),(#1352,#1353,#1354,#1355,#1356,#1357,#1358,#1359,#1360,#1361,#1362,
#1363,#1364),(#1365,#1366,#1367,#1368,#1369,#1370,#1371,#1372,#1373,#1374,
#1375,#1376,#1377),(#1378,#1379,#1380,#1381,#1382,#1383,#1384,#1385,#1386,
#1387,#1388,#1389,#1390),(#1391,#1392,#1393,#1394,#1395,#1396,#1397,#1398,
#1399,#1400,#1401,#1402,#1403),(#1404,#1405,#1406,#1407,#1408,#1409,#1410,
#1411,#1412,#1413,#1414,#1415,#1416),(#1417,#1418,#1419,#1420,#1421,#1422,
#1423,#1424,#1425,#1426,#1427,#1428,#1429),(#1430,#1431,#1432,#1433,#1434,
#1435,#1436,#1437,#1438,#1439,#1440,#1441,#1442)),.UNSPECIFIED.,.F.,.F.,
 .F.,(4,2,2,1,2,2,4),(4,2,2,1,2,2,4),(0.,0.25,0.5,1.,1.5,1.75,2.),(0.,0.25,
0.5,1.,1.5,1.75,2.),.UNSPECIFIED.);
#584=B_SPLINE_SURFACE_WITH_KNOTS('',3,3,((#1484,#1485,#1486,#1487,#1488,
#1489,#1490,#1491,#1492,#1493,#1494,#1495,#1496),(#1497,#1498,#1499,#1500,
#1501,#1502,#1503,#1504,#1505,#1506,#1507,#1508,#1509),(#1510,#1511,#1512,
#1513,#1514,#1515,#1516,#1517,#1518,#1519,#1520,#1521,#1522),(#1523,#1524,
#1525,#1526,#1527,#1528,#1529,#1530,#1531,#1532,#1533,#1534,#1535),(#1536,
#1537,#1538,#1539,#1540,#1541,#1542,#1543,#1544,#1545,#1546,#1547,#1548),
(#1549,#1550,#1551,#1552,#1553,#1554,#1555,#1556,#1557,#1558,#1559,#1560,
#1561),(#1562,#1563,#1564,#1565,#1566,#1567,#1568,#1569,#1570,#1571,#1572,
#1573,#1574),(#1575,#1576,#1577,#1578,#1579,#1580,#1581,#1582,#1583,#1584,
#1585,#1586,#1587),(#1588,#1589,#1590,#1591,#1592,#1593,#1594,#1595,#1596,
#1597,#1598,#1599,#1600),(#1601,#1602,#1603,#1604,#1605,#1606,#1607,#1608,
#1609,#1610,#1611,#1612,#1613),(#1614,#1615,#1616,#1617,#1618,#1619,#1620,
#1621,#1622,#1623,#1624,#1625,#1626),(#1627,#1628,#1629,#1630,#1631,#1632,
#1633,#1634,#1635,#1636,#1637,#1638,#1639),(#1640,#1641,#1642,#1643,#1644,
#1645,#1646,#1647,#1648,#1649,#1650,#1651,#1652)),.UNSPECIFIED.,.F.,.F.,
 .F.,(4,2,2,1,2,2,4),(4,2,2,1,2,2,4),(0.,0.25,0.5,1.,1.5,1.75,2.),(0.,0.25,
0.5,1.,1.5,1.75,2.),.UNSPECIFIED.);
#585=B_SPLINE_SURFACE_WITH_KNOTS('',3,3,((#1680,#1681,#1682,#1683,#1684,
#1685,#1686,#1687,#1688,#1689,#1690,#1691,#1692),(#1693,#1694,#1695,#1696,
#1697,#1698,#1699,#1700,#1701,#1702,#1703,#1704,#1705),(#1706,#1707,#1708,
#1709,#1710,#1711,#1712,#1713,#1714,#1715,#1716,#1717,#1718),(#1719,#1720,
#1721,#1722,#1723,#1724,#1725,#1726,#1727,#1728,#1729,#1730,#1731),(#1732,
#1733,#1734,#1735,#1736,#1737,#1738,#1739,#1740,#1741,#1742,#1743,#1744),
(#1745,#1746,#1747,#1748,#1749,#1750,#1751,#1752,#1753,#1754,#1755,#1756,
#1757),(#1758,#1759,#1760,#1761,#1762,#1763,#1764,#1765,#1766,#1767,#1768,
#1769,#1770),(#1771,#1772,#1773,#1774,#1775,#1776,#1777,#1778,#1779,#1780,
#1781,#1782,#1783),(#1784,#1785,#1786,#1787,#1788,#1789,#1790,#1791,#1792,
#1793,#1794,#1795,#1796),(#1797,#1798,#1799,#1800,#1801,#1802,#1803,#1804,
#1805,#1806,#1807,#1808,#1809),(#1810,#1811,#1812,#1813,#1814,#1815,#1816,
#1817,#1818,#1819,#1820,#1821,#1822),(#1823,#1824,#1825,#1826,#1827,#1828,
#1829,#1830,#1831,#1832,#1833,#1834,#1835),(#1836,#1837,#1838,#1839,#1840,
#1841,#1842,#1843,#1844,#1845,#1846,#1847,#1848)),.UNSPECIFIED.,.F.,.F.,
 .F.,(4,2,2,1,2,2,4),(4,2,2,1,2,2,4),(0.,0.25,0.5,1.,1.5,1.75,2.),(0.,0.25,
0.5,1.,1.5,1.75,2.),.UNSPECIFIED.);
#586=B_SPLINE_SURFACE_WITH_KNOTS('',3,3,((#1876,#1877,#1878,#1879,#1880,
#1881,#1882,#1883,#1884,#1885,#1886,#1887,#1888),(#1889,#1890,#1891,#1892,
#1893,#1894,#1895,#1896,#1897,#1898,#1899,#1900,#1901),(#1902,#1903,#1904,
#1905,#1906,#1907,#1908,#1909,#1910,#1911,#1912,#1913,#1914),(#1915,#1916,
#1917,#1918,#1919,#1920,#1921,#1922,#1923,#1924,#1925,#1926,#1927),(#1928,
#1929,#1930,#1931,#1932,#1933,#1934,#1935,#1936,#1937,#1938,#1939,#1940),
(#1941,#1942,#1943,#1944,#1945,#1946,#1947,#1948,#1949,#1950,#1951,#1952,
#1953),(#1954,#1955,#1956,#1957,#1958,#1959,#1960,#1961,#1962,#1963,#1964,
#1965,#1966),(#1967,#1968,#1969,#1970,#1971,#1972,#1973,#1974,#1975,#1976,
#1977,#1978,#1979),(#1980,#1981,#1982,#1983,#1984,#1985,#1986,#1987,#1988,
#1989,#1990,#1991,#1992),(#1993,#1994,#1995,#1996,#1997,#1998,#1999,#2000,
#2001,#2002,#2003,#2004,#2005),(#2006,#2007,#2008,#2009,#2010,#2011,#2012,
#2013,#2014,#2015,#2016,#2017,#2018),(#2019,#2020,#2021,#2022,#2023,#2024,
#2025,#2026,#2027,#2028,#2029,#2030,#2031),(#2032,#2033,#2034,#2035,#2036,
#2037,#2038,#2039,#2040,#2041,#2042,#2043,#2044)),.UNSPECIFIED.,.F.,.F.,
 .F.,(4,2,2,1,2,2,4),(4,2,2,1,2,2,4),(0.,0.25,0.5,1.,1.5,1.75,2.),(0.,0.25,
0.5,1.,1.5,1.75,2.),.UNSPECIFIED.);
#587=B_SPLINE_SURFACE_WITH_KNOTS('',3,3,((#2058,#2059,#2060,#2061,#2062,
#2063,#2064,#2065,#2066,#2067,#2068,#2069,#2070),(#2071,#2072,#2073,#2074,
#2075,#2076,#2077,#2078,#2079,#2080,#2081,#2082,#2083),(#2084,#2085,#2086,
#2087,#2088,#2089,#2090,#2091,#2092,#2093,#2094,#2095,#2096),(#2097,#2098,
#2099,#2100,#2101,#2102,#2103,#2104,#2105,#2106,#2107,#2108,#2109),(#2110,
#2111,#2112,#2113,#2114,#2115,#2116,#2117,#2118,#2119,#2120,#2121,#2122),
(#2123,#2124,#2125,#2126,#2127,#2128,#2129,#2130,#2131,#2132,#2133,#2134,
#2135),(#2136,#2137,#2138,#2139,#2140,#2141,#2142,#2143,#2144,#2145,#2146,
#2147,#2148),(#2149,#2150,#2151,#2152,#2153,#2154,#2155,#2156,#2157,#2158,
#2159,#2160,#2161),(#2162,#2163,#2164,#2165,#2166,#2167,#2168,#2169,#2170,
#2171,#2172,#2173,#2174),(#2175,#2176,#2177,#2178,#2179,#2180,#2181,#2182,
#2183,#2184,#2185,#2186,#2187),(#2188,#2189,#2190,#2191,#2192,#2193,#2194,
#2195,#2196,#2197,#2198,#2199,#2200),(#2201,#2202,#2203,#2204,#2205,#2206,
#2207,#2208,#2209,#2210,#2211,#2212,#2213),(#2214,#2215,#2216,#2217,#2218,
#2219,#2220,#2221,#2222,#2223,#2224,#2225,#2226)),.UNSPECIFIED.,.F.,.F.,
 .F.,(4,2,2,1,2,2,4),(4,2,2,1,2,2,4),(0.,0.25,0.5,1.,1.5,1.75,2.),(0.,0.25,
0.5,1.,1.5,1.75,2.),.UNSPECIFIED.);
#588=B_SPLINE_SURFACE_WITH_KNOTS('',3,3,((#2227,#2228,#2229,#2230,#2231,
#2232,#2233,#2234,#2235,#2236,#2237,#2238,#2239,#2240,#2241),(#2242,#2243,
#2244,#2245,#2246,#2247,#2248,#2249,#2250,#2251,#2252,#2253,#2254,#2255,
#2256),(#2257,#2258,#2259,#2260,#2261,#2262,#2263,#2264,#2265,#2266,#2267,
#2268,#2269,#2270,#2271),(#2272,#2273,#2274,#2275,#2276,#2277,#2278,#2279,
#2280,#2281,#2282,#2283,#2284,#2285,#2286),(#2287,#2288,#2289,#2290,#2291,
#2292,#2293,#2294,#2295,#2296,#2297,#2298,#2299,#2300,#2301),(#2302,#2303,
#2304,#2305,#2306,#2307,#2308,#2309,#2310,#2311,#2312,#2313,#2314,#2315,
#2316),(#2317,#2318,#2319,#2320,#2321,#2322,#2323,#2324,#2325,#2326,#2327,
#2328,#2329,#2330,#2331),(#2332,#2333,#2334,#2335,#2336,#2337,#2338,#2339,
#2340,#2341,#2342,#2343,#2344,#2345,#2346),(#2347,#2348,#2349,#2350,#2351,
#2352,#2353,#2354,#2355,#2356,#2357,#2358,#2359,#2360,#2361),(#2362,#2363,
#2364,#2365,#2366,#2367,#2368,#2369,#2370,#2371,#2372,#2373,#2374,#2375,
#2376),(#2377,#2378,#2379,#2380,#2381,#2382,#2383,#2384,#2385,#2386,#2387,
#2388,#2389,#2390,#2391),(#2392,#2393,#2394,#2395,#2396,#2397,#2398,#2399,
#2400,#2401,#2402,#2403,#2404,#2405,#2406),(#2407,#2408,#2409,#2410,#2411,
#2412,#2413,#2414,#2415,#2416,#2417,#2418,#2419,#2420,#2421),(#2422,#2423,
#2424,#2425,#2426,#2427,#2428,#2429,#2430,#2431,#2432,#2433,#2434,#2435,
#2436),(#2437,#2438,#2439,#2440,#2441,#2442,#2443,#2444,#2445,#2446,#2447,
#2448,#2449,#2450,#2451)),.UNSPECIFIED.,.F.,.F.,.F.,(4,2,2,1,1,1,2,2,4),
(4,2,2,1,1,1,2,2,4),(0.,0.125,0.25,0.5,1.,1.5,1.75,1.875,2.),(0.,0.125,
0.25,0.5,1.,1.5,1.75,1.875,2.),.UNSPECIFIED.);
#589=B_SPLINE_SURFACE_WITH_KNOTS('',3,3,((#2480,#2481,#2482,#2483,#2484,
#2485,#2486,#2487,#2488,#2489,#2490,#2491,#2492,#2493,#2494),(#2495,#2496,
#2497,#2498,#2499,#2500,#2501,#2502,#2503,#2504,#2505,#2506,#2507,#2508,
#2509),(#2510,#2511,#2512,#2513,#2514,#2515,#2516,#2517,#2518,#2519,#2520,
#2521,#2522,#2523,#2524),(#2525,#2526,#2527,#2528,#2529,#2530,#2531,#2532,
#2533,#2534,#2535,#2536,#2537,#2538,#2539),(#2540,#2541,#2542,#2543,#2544,
#2545,#2546,#2547,#2548,#2549,#2550,#2551,#2552,#2553,#2554),(#2555,#2556,
#2557,#2558,#2559,#2560,#2561,#2562,#2563,#2564,#2565,#2566,#2567,#2568,
#2569),(#2570,#2571,#2572,#2573,#2574,#2575,#2576,#2577,#2578,#2579,#2580,
#2581,#2582,#2583,#2584),(#2585,#2586,#2587,#2588,#2589,#2590,#2591,#2592,
#2593,#2594,#2595,#2596,#2597,#2598,#2599),(#2600,#2601,#2602,#2603,#2604,
#2605,#2606,#2607,#2608,#2609,#2610,#2611,#2612,#2613,#2614),(#2615,#2616,
#2617,#2618,#2619,#2620,#2621,#2622,#2623,#2624,#2625,#2626,#2627,#2628,
#2629),(#2630,#2631,#2632,#2633,#2634,#2635,#2636,#2637,#2638,#2639,#2640,
#2641,#2642,#2643,#2644),(#2645,#2646,#2647,#2648,#2649,#2650,#2651,#2652,
#2653,#2654,#2655,#2656,#2657,#2658,#2659),(#2660,#2661,#2662,#2663,#2664,
#2665,#2666,#2667,#2668,#2669,#2670,#2671,#2672,#2673,#2674),(#2675,#2676,
#2677,#2678,#2679,#2680,#2681,#2682,#2683,#2684,#2685,#2686,#2687,#2688,
#2689),(#2690,#2691,#2692,#2693,#2694,#2695,#2696,#2697,#2698,#2699,#2700,
#2701,#2702,#2703,#2704)),.UNSPECIFIED.,.F.,.F.,.F.,(4,2,2,1,1,1,2,2,4),
(4,2,2,1,1,1,2,2,4),(0.,0.125,0.25,0.5,1.,1.5,1.75,1.875,2.),(0.,0.125,
0.25,0.5,1.,1.5,1.75,1.875,2.),.UNSPECIFIED.);
#590=B_SPLINE_SURFACE_WITH_KNOTS('',3,3,((#2824,#2825,#2826,#2827,#2828,
#2829,#2830,#2831,#2832,#2833,#2834,#2835,#2836,#2837,#2838),(#2839,#2840,
#2841,#2842,#2843,#2844,#2845,#2846,#2847,#2848,#2849,#2850,#2851,#2852,
#2853),(#2854,#2855,#2856,#2857,#2858,#2859,#2860,#2861,#2862,#2863,#2864,
#2865,#2866,#2867,#2868),(#2869,#2870,#2871,#2872,#2873,#2874,#2875,#2876,
#2877,#2878,#2879,#2880,#2881,#2882,#2883),(#2884,#2885,#2886,#2887,#2888,
#2889,#2890,#2891,#2892,#2893,#2894,#2895,#2896,#2897,#2898),(#2899,#2900,
#2901,#2902,#2903,#2904,#2905,#2906,#2907,#2908,#2909,#2910,#2911,#2912,
#2913),(#2914,#2915,#2916,#2917,#2918,#2919,#2920,#2921,#2922,#2923,#2924,
#2925,#2926,#2927,#2928),(#2929,#2930,#2931,#2932,#2933,#2934,#2935,#2936,
#2937,#2938,#2939,#2940,#2941,#2942,#2943),(#2944,#2945,#2946,#2947,#2948,
#2949,#2950,#2951,#2952,#2953,#2954,#2955,#2956,#2957,#2958),(#2959,#2960,
#2961,#2962,#2963,#2964,#2965,#2966,#2967,#2968,#2969,#2970,#2971,#2972,
#2973),(#2974,#2975,#2976,#2977,#2978,#2979,#2980,#2981,#2982,#2983,#2984,
#2985,#2986,#2987,#2988),(#2989,#2990,#2991,#2992,#2993,#2994,#2995,#2996,
#2997,#2998,#2999,#3000,#3001,#3002,#3003),(#3004,#3005,#3006,#3007,#3008,
#3009,#3010,#3011,#3012,#3013,#3014,#3015,#3016,#3017,#3018)),
 .UNSPECIFIED.,.F.,.F.,.F.,(4,2,2,1,2,2,4),(4,2,2,1,1,1,2,2,4),(0.,0.125,
0.25,0.5,0.75,0.875,1.),(0.,0.125,0.25,0.5,1.,1.5,1.75,1.875,2.),
 .UNSPECIFIED.);
#591=B_SPLINE_SURFACE_WITH_KNOTS('',3,3,((#3062,#3063,#3064,#3065,#3066,
#3067,#3068,#3069,#3070,#3071,#3072,#3073,#3074),(#3075,#3076,#3077,#3078,
#3079,#3080,#3081,#3082,#3083,#3084,#3085,#3086,#3087),(#3088,#3089,#3090,
#3091,#3092,#3093,#3094,#3095,#3096,#3097,#3098,#3099,#3100),(#3101,#3102,
#3103,#3104,#3105,#3106,#3107,#3108,#3109,#3110,#3111,#3112,#3113),(#3114,
#3115,#3116,#3117,#3118,#3119,#3120,#3121,#3122,#3123,#3124,#3125,#3126),
(#3127,#3128,#3129,#3130,#3131,#3132,#3133,#3134,#3135,#3136,#3137,#3138,
#3139),(#3140,#3141,#3142,#3143,#3144,#3145,#3146,#3147,#3148,#3149,#3150,
#3151,#3152),(#3153,#3154,#3155,#3156,#3157,#3158,#3159,#3160,#3161,#3162,
#3163,#3164,#3165),(#3166,#3167,#3168,#3169,#3170,#3171,#3172,#3173,#3174,
#3175,#3176,#3177,#3178),(#3179,#3180,#3181,#3182,#3183,#3184,#3185,#3186,
#3187,#3188,#3189,#3190,#3191),(#3192,#3193,#3194,#3195,#3196,#3197,#3198,
#3199,#3200,#3201,#3202,#3203,#3204),(#3205,#3206,#3207,#3208,#3209,#3210,
#3211,#3212,#3213,#3214,#3215,#3216,#3217),(#3218,#3219,#3220,#3221,#3222,
#3223,#3224,#3225,#3226,#3227,#3228,#3229,#3230),(#3231,#3232,#3233,#3234,
#3235,#3236,#3237,#3238,#3239,#3240,#3241,#3242,#3243),(#3244,#3245,#3246,
#3247,#3248,#3249,#3250,#3251,#3252,#3253,#3254,#3255,#3256)),
 .UNSPECIFIED.,.F.,.F.,.F.,(4,2,2,1,1,1,2,2,4),(4,2,2,1,2,2,4),(0.,0.125,
0.25,0.5,1.,1.5,1.75,1.875,2.),(0.,0.125,0.25,0.5,0.75,0.875,1.),
 .UNSPECIFIED.);
#592=B_SPLINE_SURFACE_WITH_KNOTS('',3,3,((#3286,#3287,#3288,#3289,#3290,
#3291,#3292,#3293,#3294,#3295,#3296,#3297,#3298,#3299,#3300),(#3301,#3302,
#3303,#3304,#3305,#3306,#3307,#3308,#3309,#3310,#3311,#3312,#3313,#3314,
#3315),(#3316,#3317,#3318,#3319,#3320,#3321,#3322,#3323,#3324,#3325,#3326,
#3327,#3328,#3329,#3330),(#3331,#3332,#3333,#3334,#3335,#3336,#3337,#3338,
#3339,#3340,#3341,#3342,#3343,#3344,#3345),(#3346,#3347,#3348,#3349,#3350,
#3351,#3352,#3353,#3354,#3355,#3356,#3357,#3358,#3359,#3360),(#3361,#3362,
#3363,#3364,#3365,#3366,#3367,#3368,#3369,#3370,#3371,#3372,#3373,#3374,
#3375),(#3376,#3377,#3378,#3379,#3380,#3381,#3382,#3383,#3384,#3385,#3386,
#3387,#3388,#3389,#3390),(#3391,#3392,#3393,#3394,#3395,#3396,#3397,#3398,
#3399,#3400,#3401,#3402,#3403,#3404,#3405),(#3406,#3407,#3408,#3409,#3410,
#3411,#3412,#3413,#3414,#3415,#3416,#3417,#3418,#3419,#3420),(#3421,#3422,
#3423,#3424,#3425,#3426,#3427,#3428,#3429,#3430,#3431,#3432,#3433,#3434,
#3435),(#3436,#3437,#3438,#3439,#3440,#3441,#3442,#3443,#3444,#3445,#3446,
#3447,#3448,#3449,#3450),(#3451,#3452,#3453,#3454,#3455,#3456,#3457,#3458,
#3459,#3460,#3461,#3462,#3463,#3464,#3465),(#3466,#3467,#3468,#3469,#3470,
#3471,#3472,#3473,#3474,#3475,#3476,#3477,#3478,#3479,#3480),(#3481,#3482,
#3483,#3484,#3485,#3486,#3487,#3488,#3489,#3490,#3491,#3492,#3493,#3494,
#3495),(#3496,#3497,#3498,#3499,#3500,#3501,#3502,#3503,#3504,#3505,#3506,
#3507,#3508,#3509,#3510)),.UNSPECIFIED.,.F.,.F.,.F.,(4,2,2,1,1,1,2,2,4),
(4,2,2,1,1,1,2,2,4),(0.,0.125,0.25,0.5,1.,1.5,1.75,1.875,2.),(0.,0.125,
0.25,0.5,1.,1.5,1.75,1.875,2.),.UNSPECIFIED.);
#593=B_SPLINE_SURFACE_WITH_KNOTS('',3,3,((#3517,#3518,#3519,#3520,#3521,
#3522,#3523,#3524,#3525,#3526,#3527,#3528,#3529,#3530,#3531),(#3532,#3533,
#3534,#3535,#3536,#3537,#3538,#3539,#3540,#3541,#3542,#3543,#3544,#3545,
#3546),(#3547,#3548,#3549,#3550,#3551,#3552,#3553,#3554,#3555,#3556,#3557,
#3558,#3559,#3560,#3561),(#3562,#3563,#3564,#3565,#3566,#3567,#3568,#3569,
#3570,#3571,#3572,#3573,#3574,#3575,#3576),(#3577,#3578,#3579,#3580,#3581,
#3582,#3583,#3584,#3585,#3586,#3587,#3588,#3589,#3590,#3591),(#3592,#3593,
#3594,#3595,#3596,#3597,#3598,#3599,#3600,#3601,#3602,#3603,#3604,#3605,
#3606),(#3607,#3608,#3609,#3610,#3611,#3612,#3613,#3614,#3615,#3616,#3617,
#3618,#3619,#3620,#3621),(#3622,#3623,#3624,#3625,#3626,#3627,#3628,#3629,
#3630,#3631,#3632,#3633,#3634,#3635,#3636),(#3637,#3638,#3639,#3640,#3641,
#3642,#3643,#3644,#3645,#3646,#3647,#3648,#3649,#3650,#3651),(#3652,#3653,
#3654,#3655,#3656,#3657,#3658,#3659,#3660,#3661,#3662,#3663,#3664,#3665,
#3666),(#3667,#3668,#3669,#3670,#3671,#3672,#3673,#3674,#3675,#3676,#3677,
#3678,#3679,#3680,#3681),(#3682,#3683,#3684,#3685,#3686,#3687,#3688,#3689,
#3690,#3691,#3692,#3693,#3694,#3695,#3696),(#3697,#3698,#3699,#3700,#3701,
#3702,#3703,#3704,#3705,#3706,#3707,#3708,#3709,#3710,#3711)),
 .UNSPECIFIED.,.F.,.F.,.F.,(4,2,2,1,2,2,4),(4,2,2,1,1,1,2,2,4),(0.,0.125,
0.25,0.5,0.75,0.875,1.),(0.,0.125,0.25,0.5,1.,1.5,1.75,1.875,2.),
 .UNSPECIFIED.);
#594=B_SPLINE_SURFACE_WITH_KNOTS('',3,3,((#3741,#3742,#3743,#3744,#3745,
#3746,#3747,#3748,#3749,#3750,#3751,#3752,#3753),(#3754,#3755,#3756,#3757,
#3758,#3759,#3760,#3761,#3762,#3763,#3764,#3765,#3766),(#3767,#3768,#3769,
#3770,#3771,#3772,#3773,#3774,#3775,#3776,#3777,#3778,#3779),(#3780,#3781,
#3782,#3783,#3784,#3785,#3786,#3787,#3788,#3789,#3790,#3791,#3792),(#3793,
#3794,#3795,#3796,#3797,#3798,#3799,#3800,#3801,#3802,#3803,#3804,#3805),
(#3806,#3807,#3808,#3809,#3810,#3811,#3812,#3813,#3814,#3815,#3816,#3817,
#3818),(#3819,#3820,#3821,#3822,#3823,#3824,#3825,#3826,#3827,#3828,#3829,
#3830,#3831),(#3832,#3833,#3834,#3835,#3836,#3837,#3838,#3839,#3840,#3841,
#3842,#3843,#3844),(#3845,#3846,#3847,#3848,#3849,#3850,#3851,#3852,#3853,
#3854,#3855,#3856,#3857),(#3858,#3859,#3860,#3861,#3862,#3863,#3864,#3865,
#3866,#3867,#3868,#3869,#3870),(#3871,#3872,#3873,#3874,#3875,#3876,#3877,
#3878,#3879,#3880,#3881,#3882,#3883),(#3884,#3885,#3886,#3887,#3888,#3889,
#3890,#3891,#3892,#3893,#3894,#3895,#3896),(#3897,#3898,#3899,#3900,#3901,
#3902,#3903,#3904,#3905,#3906,#3907,#3908,#3909),(#3910,#3911,#3912,#3913,
#3914,#3915,#3916,#3917,#3918,#3919,#3920,#3921,#3922),(#3923,#3924,#3925,
#3926,#3927,#3928,#3929,#3930,#3931,#3932,#3933,#3934,#3935)),
 .UNSPECIFIED.,.F.,.F.,.F.,(4,2,2,1,1,1,2,2,4),(4,2,2,1,2,2,4),(0.,0.125,
0.25,0.5,1.,1.5,1.75,1.875,2.),(0.,0.125,0.25,0.5,0.75,0.875,1.),
 .UNSPECIFIED.);
#595=B_SPLINE_SURFACE_WITH_KNOTS('',3,3,((#3951,#3952,#3953,#3954,#3955,
#3956,#3957,#3958,#3959,#3960,#3961,#3962,#3963,#3964,#3965),(#3966,#3967,
#3968,#3969,#3970,#3971,#3972,#3973,#3974,#3975,#3976,#3977,#3978,#3979,
#3980),(#3981,#3982,#3983,#3984,#3985,#3986,#3987,#3988,#3989,#3990,#3991,
#3992,#3993,#3994,#3995),(#3996,#3997,#3998,#3999,#4000,#4001,#4002,#4003,
#4004,#4005,#4006,#4007,#4008,#4009,#4010),(#4011,#4012,#4013,#4014,#4015,
#4016,#4017,#4018,#4019,#4020,#4021,#4022,#4023,#4024,#4025),(#4026,#4027,
#4028,#4029,#4030,#4031,#4032,#4033,#4034,#4035,#4036,#4037,#4038,#4039,
#4040),(#4041,#4042,#4043,#4044,#4045,#4046,#4047,#4048,#4049,#4050,#4051,
#4052,#4053,#4054,#4055),(#4056,#4057,#4058,#4059,#4060,#4061,#4062,#4063,
#4064,#4065,#4066,#4067,#4068,#4069,#4070),(#4071,#4072,#4073,#4074,#4075,
#4076,#4077,#4078,#4079,#4080,#4081,#4082,#4083,#4084,#4085),(#4086,#4087,
#4088,#4089,#4090,#4091,#4092,#4093,#4094,#4095,#4096,#4097,#4098,#4099,
#4100),(#4101,#4102,#4103,#4104,#4105,#4106,#4107,#4108,#4109,#4110,#4111,
#4112,#4113,#4114,#4115),(#4116,#4117,#4118,#4119,#4120,#4121,#4122,#4123,
#4124,#4125,#4126,#4127,#4128,#4129,#4130),(#4131,#4132,#4133,#4134,#4135,
#4136,#4137,#4138,#4139,#4140,#4141,#4142,#4143,#4144,#4145),(#4146,#4147,
#4148,#4149,#4150,#4151,#4152,#4153,#4154,#4155,#4156,#4157,#4158,#4159,
#4160),(#4161,#4162,#4163,#4164,#4165,#4166,#4167,#4168,#4169,#4170,#4171,
#4172,#4173,#4174,#4175)),.UNSPECIFIED.,.F.,.F.,.F.,(4,2,2,1,1,1,2,2,4),
(4,2,2,1,1,1,2,2,4),(0.,0.125,0.25,0.5,1.,1.5,1.75,1.875,2.),(0.,0.125,
0.25,0.5,1.,1.5,1.75,1.875,2.),.UNSPECIFIED.);
#596=ADVANCED_FACE('',(#148),#581,.T.);
#597=ADVANCED_FACE('',(#149),#110,.F.);
#598=ADVANCED_FACE('',(#150),#111,.T.);
#599=ADVANCED_FACE('',(#151,#24),#33,.F.);
#600=ADVANCED_FACE('',(#152,#25),#34,.T.);
#601=ADVANCED_FACE('',(#153),#112,.T.);
#602=ADVANCED_FACE('',(#154),#113,.T.);
#603=ADVANCED_FACE('',(#155),#15,.T.);
#604=ADVANCED_FACE('',(#156),#114,.T.);
#605=ADVANCED_FACE('',(#157),#115,.F.);
#606=ADVANCED_FACE('',(#158,#26),#35,.T.);
#607=ADVANCED_FACE('',(#159),#36,.T.);
#608=ADVANCED_FACE('',(#160),#37,.T.);
#609=ADVANCED_FACE('',(#161),#38,.T.);
#610=ADVANCED_FACE('',(#162),#116,.F.);
#611=ADVANCED_FACE('',(#163),#117,.T.);
#612=ADVANCED_FACE('',(#164,#27),#39,.T.);
#613=ADVANCED_FACE('',(#165,#28),#40,.F.);
#614=ADVANCED_FACE('',(#166),#118,.F.);
#615=ADVANCED_FACE('',(#167),#119,.T.);
#616=ADVANCED_FACE('',(#168,#29),#41,.T.);
#617=ADVANCED_FACE('',(#169,#30),#42,.F.);
#618=ADVANCED_FACE('',(#170),#43,.T.);
#619=ADVANCED_FACE('',(#171),#582,.T.);
#620=ADVANCED_FACE('',(#172),#583,.T.);
#621=ADVANCED_FACE('',(#173),#584,.T.);
#622=ADVANCED_FACE('',(#174),#585,.T.);
#623=ADVANCED_FACE('',(#175),#586,.T.);
#624=ADVANCED_FACE('',(#176),#587,.T.);
#625=ADVANCED_FACE('',(#177),#588,.T.);
#626=ADVANCED_FACE('',(#178),#589,.T.);
#627=ADVANCED_FACE('',(#179),#590,.T.);
#628=ADVANCED_FACE('',(#180),#591,.T.);
#629=ADVANCED_FACE('',(#181),#592,.T.);
#630=ADVANCED_FACE('',(#182),#593,.T.);
#631=ADVANCED_FACE('',(#183),#594,.T.);
#632=ADVANCED_FACE('',(#184),#595,.T.);
#633=ADVANCED_FACE('',(#185,#31),#44,.T.);
#634=ADVANCED_FACE('',(#186,#32),#45,.F.);
#635=ADVANCED_FACE('',(#187),#120,.F.);
#636=ADVANCED_FACE('',(#188),#121,.T.);
#637=ADVANCED_FACE('',(#189),#46,.T.);
#638=ADVANCED_FACE('',(#190),#122,.T.);
#639=ADVANCED_FACE('',(#191),#47,.T.);
#640=ADVANCED_FACE('',(#192),#48,.F.);
#641=ADVANCED_FACE('',(#193),#14,.T.);
#642=OPEN_SHELL('',(#596));
#643=OPEN_SHELL('',(#601));
#644=OPEN_SHELL('',(#602));
#645=OPEN_SHELL('',(#607));
#646=OPEN_SHELL('',(#608));
#647=OPEN_SHELL('',(#609));
#648=OPEN_SHELL('',(#618));
#649=OPEN_SHELL('',(#637));
#650=OPEN_SHELL('',(#641));
#651=SHELL_BASED_SURFACE_MODEL('Body4',(#642));
#652=SHELL_BASED_SURFACE_MODEL('Body9',(#643));
#653=SHELL_BASED_SURFACE_MODEL('Body10',(#644));
#654=SHELL_BASED_SURFACE_MODEL('Body19',(#645));
#655=SHELL_BASED_SURFACE_MODEL('Body20',(#646));
#656=SHELL_BASED_SURFACE_MODEL('Body22',(#647));
#657=SHELL_BASED_SURFACE_MODEL('Body26',(#648));
#658=SHELL_BASED_SURFACE_MODEL('Body35',(#649));
#659=SHELL_BASED_SURFACE_MODEL('Body38',(#650));
#660=DERIVED_UNIT_ELEMENT(#662,1.);
#661=DERIVED_UNIT_ELEMENT(#4659,-3.);
#662=(
MASS_UNIT()
NAMED_UNIT(*)
SI_UNIT(.KILO.,.GRAM.)
);
#663=DERIVED_UNIT((#660,#661));
#664=MEASURE_REPRESENTATION_ITEM('density measure',
POSITIVE_RATIO_MEASURE(7850.),#663);
#665=PROPERTY_DEFINITION_REPRESENTATION(#670,#667);
#666=PROPERTY_DEFINITION_REPRESENTATION(#671,#668);
#667=REPRESENTATION('material name',(#669),#4656);
#668=REPRESENTATION('density',(#664),#4656);
#669=DESCRIPTIVE_REPRESENTATION_ITEM('Steel','Steel');
#670=PROPERTY_DEFINITION('material property','material name',#4666);
#671=PROPERTY_DEFINITION('material property','density of part',#4666);
#672=AXIS2_PLACEMENT_3D('',#883,#738,#739);
#673=AXIS2_PLACEMENT_3D('',#964,#740,#741);
#674=AXIS2_PLACEMENT_3D('',#966,#742,#743);
#675=AXIS2_PLACEMENT_3D('',#969,#745,#746);
#676=AXIS2_PLACEMENT_3D('',#970,#747,#748);
#677=AXIS2_PLACEMENT_3D('',#972,#749,#750);
#678=AXIS2_PLACEMENT_3D('',#975,#752,#753);
#679=AXIS2_PLACEMENT_3D('',#976,#754,#755);
#680=AXIS2_PLACEMENT_3D('',#977,#756,#757);
#681=AXIS2_PLACEMENT_3D('',#978,#758,#759);
#682=AXIS2_PLACEMENT_3D('',#980,#760,#761);
#683=AXIS2_PLACEMENT_3D('',#983,#763,#764);
#684=AXIS2_PLACEMENT_3D('',#984,#765,#766);
#685=AXIS2_PLACEMENT_3D('',#986,#767,#768);
#686=AXIS2_PLACEMENT_3D('',#989,#770,#771);
#687=AXIS2_PLACEMENT_3D('',#990,#772,#773);
#688=AXIS2_PLACEMENT_3D('',#993,#774,#775);
#689=AXIS2_PLACEMENT_3D('',#994,#776,#777);
#690=AXIS2_PLACEMENT_3D('',#996,#778,#779);
#691=AXIS2_PLACEMENT_3D('',#998,#780,#781);
#692=AXIS2_PLACEMENT_3D('',#999,#782,#783);
#693=AXIS2_PLACEMENT_3D('',#1000,#784,#785);
#694=AXIS2_PLACEMENT_3D('',#1003,#787,#788);
#695=AXIS2_PLACEMENT_3D('',#1004,#789,#790);
#696=AXIS2_PLACEMENT_3D('',#1006,#791,#792);
#697=AXIS2_PLACEMENT_3D('',#1008,#794,#795);
#698=AXIS2_PLACEMENT_3D('',#1009,#796,#797);
#699=AXIS2_PLACEMENT_3D('',#1011,#798,#799);
#700=AXIS2_PLACEMENT_3D('',#1012,#800,#801);
#701=AXIS2_PLACEMENT_3D('',#1014,#802,#803);
#702=AXIS2_PLACEMENT_3D('',#1015,#804,#805);
#703=AXIS2_PLACEMENT_3D('',#1017,#806,#807);
#704=AXIS2_PLACEMENT_3D('',#1018,#808,#809);
#705=AXIS2_PLACEMENT_3D('',#1020,#810,#811);
#706=AXIS2_PLACEMENT_3D('',#1023,#813,#814);
#707=AXIS2_PLACEMENT_3D('',#1024,#815,#816);
#708=AXIS2_PLACEMENT_3D('',#1026,#817,#818);
#709=AXIS2_PLACEMENT_3D('',#1029,#820,#821);
#710=AXIS2_PLACEMENT_3D('',#1030,#822,#823);
#711=AXIS2_PLACEMENT_3D('',#1031,#824,#825);
#712=AXIS2_PLACEMENT_3D('',#1032,#826,#827);
#713=AXIS2_PLACEMENT_3D('',#1034,#828,#829);
#714=AXIS2_PLACEMENT_3D('',#1037,#831,#832);
#715=AXIS2_PLACEMENT_3D('',#1038,#833,#834);
#716=AXIS2_PLACEMENT_3D('',#1040,#835,#836);
#717=AXIS2_PLACEMENT_3D('',#1043,#838,#839);
#718=AXIS2_PLACEMENT_3D('',#1044,#840,#841);
#719=AXIS2_PLACEMENT_3D('',#1045,#842,#843);
#720=AXIS2_PLACEMENT_3D('',#1046,#844,#845);
#721=AXIS2_PLACEMENT_3D('',#1048,#846,#847);
#722=AXIS2_PLACEMENT_3D('',#4176,#848,#849);
#723=AXIS2_PLACEMENT_3D('',#4178,#850,#851);
#724=AXIS2_PLACEMENT_3D('',#4180,#852,#853);
#725=AXIS2_PLACEMENT_3D('',#4181,#854,#855);
#726=AXIS2_PLACEMENT_3D('',#4183,#856,#857);
#727=AXIS2_PLACEMENT_3D('',#4185,#858,#859);
#728=AXIS2_PLACEMENT_3D('',#4186,#860,#861);
#729=AXIS2_PLACEMENT_3D('',#4188,#863,#864);
#730=AXIS2_PLACEMENT_3D('',#4190,#866,#867);
#731=AXIS2_PLACEMENT_3D('',#4192,#868,#869);
#732=AXIS2_PLACEMENT_3D('',#4193,#870,#871);
#733=AXIS2_PLACEMENT_3D('',#4195,#872,#873);
#734=AXIS2_PLACEMENT_3D('',#4198,#875,#876);
#735=AXIS2_PLACEMENT_3D('',#4199,#877,#878);
#736=AXIS2_PLACEMENT_3D('',#4200,#879,#880);
#737=AXIS2_PLACEMENT_3D('',#4653,#881,#882);
#738=DIRECTION('axis',(0.,0.,1.));
#739=DIRECTION('refdir',(1.,0.,0.));
#740=DIRECTION('center_axis',(1.,0.,0.));
#741=DIRECTION('ref_axis',(0.,1.,0.));
#742=DIRECTION('center_axis',(1.,0.,0.));
#743=DIRECTION('ref_axis',(0.,1.,0.));
#744=DIRECTION('',(-1.,0.,0.));
#745=DIRECTION('center_axis',(-1.,0.,0.));
#746=DIRECTION('ref_axis',(0.,1.,0.));
#747=DIRECTION('center_axis',(1.,0.,0.));
#748=DIRECTION('ref_axis',(0.,1.,0.));
#749=DIRECTION('center_axis',(1.,0.,0.));
#750=DIRECTION('ref_axis',(0.,1.,0.));
#751=DIRECTION('',(1.,0.,0.));
#752=DIRECTION('center_axis',(1.,0.,0.));
#753=DIRECTION('ref_axis',(0.,1.,0.));
#754=DIRECTION('center_axis',(1.,0.,0.));
#755=DIRECTION('ref_axis',(0.,0.,-1.));
#756=DIRECTION('center_axis',(1.,0.,0.));
#757=DIRECTION('ref_axis',(0.,0.,-1.));
#758=DIRECTION('center_axis',(1.,2.08650578469359E-15,0.));
#759=DIRECTION('ref_axis',(-2.08650578469359E-15,1.,0.));
#760=DIRECTION('center_axis',(1.,0.,0.));
#761=DIRECTION('ref_axis',(0.,1.,0.));
#762=DIRECTION('',(-1.,-2.08650578469359E-15,0.));
#763=DIRECTION('center_axis',(1.,0.,0.));
#764=DIRECTION('ref_axis',(0.,1.,0.));
#765=DIRECTION('center_axis',(1.,0.,0.));
#766=DIRECTION('ref_axis',(0.,1.,0.));
#767=DIRECTION('center_axis',(1.,0.,0.));
#768=DIRECTION('ref_axis',(0.,1.,0.));
#769=DIRECTION('',(-1.,0.,0.));
#770=DIRECTION('center_axis',(-1.,0.,0.));
#771=DIRECTION('ref_axis',(0.,1.,0.));
#772=DIRECTION('center_axis',(1.,0.,0.));
#773=DIRECTION('ref_axis',(0.,-1.,0.));
#774=DIRECTION('center_axis',(-1.,0.,0.));
#775=DIRECTION('ref_axis',(0.,-1.,0.));
#776=DIRECTION('center_axis',(-1.,0.,0.));
#777=DIRECTION('ref_axis',(0.,-1.,0.));
#778=DIRECTION('center_axis',(0.,1.22124532708767E-16,1.));
#779=DIRECTION('ref_axis',(0.,1.,-1.22124532708767E-16));
#780=DIRECTION('center_axis',(-1.,0.,0.));
#781=DIRECTION('ref_axis',(0.,1.,0.));
#782=DIRECTION('center_axis',(-1.,0.,0.));
#783=DIRECTION('ref_axis',(0.,1.,0.));
#784=DIRECTION('center_axis',(1.,0.,0.));
#785=DIRECTION('ref_axis',(0.,1.,0.));
#786=DIRECTION('',(1.,0.,0.));
#787=DIRECTION('center_axis',(1.,0.,0.));
#788=DIRECTION('ref_axis',(0.,1.,0.));
#789=DIRECTION('center_axis',(1.,0.,0.));
#790=DIRECTION('ref_axis',(0.,1.,0.));
#791=DIRECTION('center_axis',(1.,0.,0.));
#792=DIRECTION('ref_axis',(0.,1.,0.));
#793=DIRECTION('',(-1.,0.,0.));
#794=DIRECTION('center_axis',(1.,0.,0.));
#795=DIRECTION('ref_axis',(0.,0.,-1.));
#796=DIRECTION('center_axis',(-1.,0.,0.));
#797=DIRECTION('ref_axis',(0.,0.,1.));
#798=DIRECTION('center_axis',(-1.,0.,0.));
#799=DIRECTION('ref_axis',(0.,1.,0.));
#800=DIRECTION('center_axis',(-1.,0.,0.));
#801=DIRECTION('ref_axis',(0.,0.,1.));
#802=DIRECTION('center_axis',(-1.,0.,0.));
#803=DIRECTION('ref_axis',(0.,1.,0.));
#804=DIRECTION('center_axis',(1.,0.,0.));
#805=DIRECTION('ref_axis',(0.,0.,-1.));
#806=DIRECTION('center_axis',(1.,0.,0.));
#807=DIRECTION('ref_axis',(0.,1.,0.));
#808=DIRECTION('center_axis',(1.,0.,0.));
#809=DIRECTION('ref_axis',(0.,1.,0.));
#810=DIRECTION('center_axis',(1.,0.,0.));
#811=DIRECTION('ref_axis',(0.,1.,0.));
#812=DIRECTION('',(1.,0.,0.));
#813=DIRECTION('center_axis',(-1.,0.,0.));
#814=DIRECTION('ref_axis',(0.,1.,0.));
#815=DIRECTION('center_axis',(1.,0.,0.));
#816=DIRECTION('ref_axis',(0.,1.,0.));
#817=DIRECTION('center_axis',(1.,0.,0.));
#818=DIRECTION('ref_axis',(0.,1.,0.));
#819=DIRECTION('',(-1.,0.,0.));
#820=DIRECTION('center_axis',(1.,0.,0.));
#821=DIRECTION('ref_axis',(0.,1.,0.));
#822=DIRECTION('center_axis',(1.,0.,0.));
#823=DIRECTION('ref_axis',(0.,0.,-1.));
#824=DIRECTION('center_axis',(1.,0.,0.));
#825=DIRECTION('ref_axis',(0.,0.,-1.));
#826=DIRECTION('center_axis',(1.,0.,0.));
#827=DIRECTION('ref_axis',(0.,1.,0.));
#828=DIRECTION('center_axis',(1.,0.,0.));
#829=DIRECTION('ref_axis',(0.,1.,0.));
#830=DIRECTION('',(1.,0.,0.));
#831=DIRECTION('center_axis',(-1.,0.,0.));
#832=DIRECTION('ref_axis',(0.,1.,0.));
#833=DIRECTION('center_axis',(1.,0.,0.));
#834=DIRECTION('ref_axis',(0.,1.,0.));
#835=DIRECTION('center_axis',(1.,0.,0.));
#836=DIRECTION('ref_axis',(0.,1.,0.));
#837=DIRECTION('',(-1.,0.,0.));
#838=DIRECTION('center_axis',(1.,0.,0.));
#839=DIRECTION('ref_axis',(0.,1.,0.));
#840=DIRECTION('center_axis',(1.,0.,0.));
#841=DIRECTION('ref_axis',(0.,0.,-1.));
#842=DIRECTION('center_axis',(1.,0.,0.));
#843=DIRECTION('ref_axis',(0.,0.,-1.));
#844=DIRECTION('center_axis',(-1.,0.,0.));
#845=DIRECTION('ref_axis',(0.,0.,1.));
#846=DIRECTION('center_axis',(-1.,0.,0.));
#847=DIRECTION('ref_axis',(0.,1.,0.));
#848=DIRECTION('center_axis',(0.,1.,0.));
#849=DIRECTION('ref_axis',(1.,0.,0.));
#850=DIRECTION('center_axis',(0.,1.,0.));
#851=DIRECTION('ref_axis',(1.,0.,0.));
#852=DIRECTION('center_axis',(0.,-1.,0.));
#853=DIRECTION('ref_axis',(1.,0.,0.));
#854=DIRECTION('center_axis',(0.,1.,0.));
#855=DIRECTION('ref_axis',(1.,0.,0.));
#856=DIRECTION('center_axis',(0.,1.,0.));
#857=DIRECTION('ref_axis',(1.,0.,0.));
#858=DIRECTION('center_axis',(0.,-1.,0.));
#859=DIRECTION('ref_axis',(1.,0.,0.));
#860=DIRECTION('center_axis',(0.,-1.,0.));
#861=DIRECTION('ref_axis',(1.,0.,0.));
#862=DIRECTION('',(0.,-1.,0.));
#863=DIRECTION('center_axis',(0.,1.,0.));
#864=DIRECTION('ref_axis',(1.,0.,0.));
#865=DIRECTION('',(0.,1.,0.));
#866=DIRECTION('center_axis',(0.,1.,0.));
#867=DIRECTION('ref_axis',(0.,0.,1.));
#868=DIRECTION('center_axis',(0.,1.,0.));
#869=DIRECTION('ref_axis',(1.,0.,0.));
#870=DIRECTION('center_axis',(0.,1.,0.));
#871=DIRECTION('ref_axis',(-1.,0.,0.));
#872=DIRECTION('center_axis',(0.,1.,0.));
#873=DIRECTION('ref_axis',(-1.,0.,0.));
#874=DIRECTION('',(0.,-1.,0.));
#875=DIRECTION('center_axis',(0.,1.,0.));
#876=DIRECTION('ref_axis',(-1.,0.,0.));
#877=DIRECTION('center_axis',(0.,1.,0.));
#878=DIRECTION('ref_axis',(-1.,0.,0.));
#879=DIRECTION('center_axis',(0.,1.,0.));
#880=DIRECTION('ref_axis',(-1.,0.,0.));
#881=DIRECTION('center_axis',(0.,1.,0.));
#882=DIRECTION('ref_axis',(1.,0.,0.));
#883=CARTESIAN_POINT('',(0.,0.,0.));
#884=CARTESIAN_POINT('Ctrl Pts',(110.,0.,-112.5));
#885=CARTESIAN_POINT('Ctrl Pts',(110.,0.,-75.));
#886=CARTESIAN_POINT('Ctrl Pts',(110.,0.,0.));
#887=CARTESIAN_POINT('Ctrl Pts',(110.,0.,75.));
#888=CARTESIAN_POINT('Ctrl Pts',(110.,0.,112.5));
#889=CARTESIAN_POINT('Ctrl Pts',(73.3333333333333,0.,-112.5));
#890=CARTESIAN_POINT('Ctrl Pts',(73.3333333333333,0.,-75.));
#891=CARTESIAN_POINT('Ctrl Pts',(73.3333333333333,0.,0.));
#892=CARTESIAN_POINT('Ctrl Pts',(73.3333333333333,0.,75.));
#893=CARTESIAN_POINT('Ctrl Pts',(73.3333333333333,0.,112.5));
#894=CARTESIAN_POINT('Ctrl Pts',(0.,0.,-112.5));
#895=CARTESIAN_POINT('Ctrl Pts',(0.,0.,-75.));
#896=CARTESIAN_POINT('Ctrl Pts',(0.,0.,0.));
#897=CARTESIAN_POINT('Ctrl Pts',(0.,0.,75.));
#898=CARTESIAN_POINT('Ctrl Pts',(0.,0.,112.5));
#899=CARTESIAN_POINT('Ctrl Pts',(-73.3333333333333,0.,-112.5));
#900=CARTESIAN_POINT('Ctrl Pts',(-73.3333333333333,0.,-75.));
#901=CARTESIAN_POINT('Ctrl Pts',(-73.3333333333333,0.,0.));
#902=CARTESIAN_POINT('Ctrl Pts',(-73.3333333333333,0.,75.));
#903=CARTESIAN_POINT('Ctrl Pts',(-73.3333333333333,0.,112.5));
#904=CARTESIAN_POINT('Ctrl Pts',(-110.,0.,-112.5));
#905=CARTESIAN_POINT('Ctrl Pts',(-110.,0.,-75.));
#906=CARTESIAN_POINT('Ctrl Pts',(-110.,0.,0.));
#907=CARTESIAN_POINT('Ctrl Pts',(-110.,0.,75.));
#908=CARTESIAN_POINT('Ctrl Pts',(-110.,0.,112.5));
#909=CARTESIAN_POINT('',(-2.71872383399253E-14,-2.69619396253695E-14,111.000324170422));
#910=CARTESIAN_POINT('',(-110.,0.,14.8684890267596));
#911=CARTESIAN_POINT('Ctrl Pts',(-2.55351295663786E-14,-1.33226762955019E-14,
111.000324170422));
#912=CARTESIAN_POINT('Ctrl Pts',(-4.47790213724796,-1.33226762955019E-14,
111.000324170422));
#913=CARTESIAN_POINT('Ctrl Pts',(-8.96069468101684,-2.66453525910038E-14,
110.729364624919));
#914=CARTESIAN_POINT('Ctrl Pts',(-27.7715288354493,-2.66453525910038E-14,
108.437673446587));
#915=CARTESIAN_POINT('Ctrl Pts',(-41.6407429506575,-2.66453525910038E-14,
103.903971834016));
#916=CARTESIAN_POINT('Ctrl Pts',(-66.8606785491467,-2.66453525910038E-14,
89.7754782795084));
#917=CARTESIAN_POINT('Ctrl Pts',(-77.9702837021792,-2.66453525910038E-14,
80.3157624365758));
#918=CARTESIAN_POINT('Ctrl Pts',(-93.1311170564664,-2.66453525910038E-14,
61.2080640521647));
#919=CARTESIAN_POINT('Ctrl Pts',(-98.2346747486455,-2.66453525910038E-14,
52.6287064844556));
#920=CARTESIAN_POINT('Ctrl Pts',(-106.021104812598,-2.66453525910038E-14,
34.3417734474407));
#921=CARTESIAN_POINT('Ctrl Pts',(-108.668830503705,-1.33226762955019E-14,
24.7167422237687));
#922=CARTESIAN_POINT('Ctrl Pts',(-110.,-1.33226762955019E-14,14.8684890267595));
#923=CARTESIAN_POINT('',(110.,0.,14.8684890267597));
#924=CARTESIAN_POINT('Ctrl Pts',(110.,-1.33226762955019E-14,14.8684890267595));
#925=CARTESIAN_POINT('Ctrl Pts',(108.063902311361,-1.33226762955019E-14,
29.1921197176135));
#926=CARTESIAN_POINT('Ctrl Pts',(103.348591187771,-2.66453525910038E-14,
43.000645761079));
#927=CARTESIAN_POINT('Ctrl Pts',(88.8903635185819,-2.66453525910038E-14,
68.0330075029846));
#928=CARTESIAN_POINT('Ctrl Pts',(79.2856755098432,-2.66453525910038E-14,
79.0175201794808));
#929=CARTESIAN_POINT('Ctrl Pts',(56.4063893193999,-2.66453525910038E-14,
96.6866385821489));
#930=CARTESIAN_POINT('Ctrl Pts',(43.3505295838504,-2.66453525910038E-14,
103.202317905978));
#931=CARTESIAN_POINT('Ctrl Pts',(19.8114352558591,-2.66453525910038E-14,
109.67104429514));
#932=CARTESIAN_POINT('Ctrl Pts',(9.9177123111514,-1.33226762955019E-14,
111.000324170422));
#933=CARTESIAN_POINT('Ctrl Pts',(-2.44249065417534E-14,-1.33226762955019E-14,
111.000324170422));
#934=CARTESIAN_POINT('',(110.,0.,-14.8684890267596));
#935=CARTESIAN_POINT('Ctrl Pts',(110.,0.,14.8684890267597));
#936=CARTESIAN_POINT('Ctrl Pts',(110.,0.,9.91232601783981));
#937=CARTESIAN_POINT('Ctrl Pts',(110.,0.,5.15143483426073E-14));
#938=CARTESIAN_POINT('Ctrl Pts',(110.,0.,-9.91232601783971));
#939=CARTESIAN_POINT('Ctrl Pts',(110.,0.,-14.8684890267596));
#940=CARTESIAN_POINT('',(-110.,0.,-14.8684890267595));
#941=CARTESIAN_POINT('Ctrl Pts',(-110.,-1.33226762955019E-14,-14.8684890267595));
#942=CARTESIAN_POINT('Ctrl Pts',(-108.063902311361,-1.33226762955019E-14,
-29.1921197176135));
#943=CARTESIAN_POINT('Ctrl Pts',(-103.348591187771,-2.66453525910038E-14,
-43.000645761079));
#944=CARTESIAN_POINT('Ctrl Pts',(-88.8903635185819,-2.66453525910038E-14,
-68.0330075029846));
#945=CARTESIAN_POINT('Ctrl Pts',(-79.2856755098432,-2.66453525910038E-14,
-79.0175201794808));
#946=CARTESIAN_POINT('Ctrl Pts',(-56.4063893193999,-2.66453525910038E-14,
-96.686638582149));
#947=CARTESIAN_POINT('Ctrl Pts',(-43.3505295838503,-2.66453525910038E-14,
-103.202317905978));
#948=CARTESIAN_POINT('Ctrl Pts',(-15.4761272232473,-2.66453525910038E-14,
-110.862420695819));
#949=CARTESIAN_POINT('Ctrl Pts',(-0.924079077484223,-2.66453525910038E-14,
-111.933609404081));
#950=CARTESIAN_POINT('Ctrl Pts',(27.7715288354494,-2.66453525910038E-14,
-108.437673446587));
#951=CARTESIAN_POINT('Ctrl Pts',(41.6407429506576,-2.66453525910038E-14,
-103.903971834016));
#952=CARTESIAN_POINT('Ctrl Pts',(66.8606785491468,-2.66453525910038E-14,
-89.7754782795083));
#953=CARTESIAN_POINT('Ctrl Pts',(77.9702837021793,-2.66453525910038E-14,
-80.3157624365758));
#954=CARTESIAN_POINT('Ctrl Pts',(93.1311170564664,-2.66453525910038E-14,
-61.2080640521647));
#955=CARTESIAN_POINT('Ctrl Pts',(98.2346747486455,-2.66453525910038E-14,
-52.6287064844555));
#956=CARTESIAN_POINT('Ctrl Pts',(106.021104812598,-2.66453525910038E-14,
-34.3417734474408));
#957=CARTESIAN_POINT('Ctrl Pts',(108.668830503705,-1.33226762955019E-14,
-24.7167422237688));
#958=CARTESIAN_POINT('Ctrl Pts',(110.,-1.33226762955019E-14,-14.8684890267596));
#959=CARTESIAN_POINT('Ctrl Pts',(-110.,0.,-14.8684890267595));
#960=CARTESIAN_POINT('Ctrl Pts',(-110.,0.,-9.91232601783968));
#961=CARTESIAN_POINT('Ctrl Pts',(-110.,0.,4.08562073062058E-14));
#962=CARTESIAN_POINT('Ctrl Pts',(-110.,0.,9.91232601783977));
#963=CARTESIAN_POINT('Ctrl Pts',(-110.,0.,14.8684890267596));
#964=CARTESIAN_POINT('Origin',(-102.162583153027,-349.99720364784,0.0792015885384112));
#965=CARTESIAN_POINT('',(-102.162583153027,-362.99720364784,0.0792015885384127));
#966=CARTESIAN_POINT('Origin',(-102.162583153027,-349.99720364784,0.0792015885384112));
#967=CARTESIAN_POINT('',(-302.162583153027,-362.99720364784,0.0792015885384127));
#968=CARTESIAN_POINT('',(-102.162583153027,-362.99720364784,0.0792015885384096));
#969=CARTESIAN_POINT('Origin',(-302.162583153027,-349.99720364784,0.0792015885384112));
#970=CARTESIAN_POINT('Origin',(-102.162583153027,-349.99720364784,0.0792015885384112));
#971=CARTESIAN_POINT('',(-302.162583153027,-364.99720364784,0.0792015885384093));
#972=CARTESIAN_POINT('Origin',(-302.162583153027,-349.99720364784,0.0792015885384112));
#973=CARTESIAN_POINT('',(-102.162583153027,-364.99720364784,0.0792015885384093));
#974=CARTESIAN_POINT('',(-102.162583153027,-364.99720364784,0.0792015885384093));
#975=CARTESIAN_POINT('Origin',(-102.162583153027,-349.99720364784,0.0792015885384112));
#976=CARTESIAN_POINT('Origin',(-302.162583153027,-349.99720364784,0.0792015885384117));
#977=CARTESIAN_POINT('Origin',(-102.162583153027,-349.99720364784,0.0792015885384117));
#978=CARTESIAN_POINT('Origin',(0.,-349.99720364784,0.0792015885384112));
#979=CARTESIAN_POINT('',(102.162583153027,-364.99720364784,0.0792015885384093));
#980=CARTESIAN_POINT('Origin',(102.162583153027,-349.99720364784,0.0792015885384112));
#981=CARTESIAN_POINT('',(-102.162583153027,-364.99720364784,0.0792015885384093));
#982=CARTESIAN_POINT('',(3.12975867704039E-14,-364.99720364784,0.0792015885384093));
#983=CARTESIAN_POINT('Origin',(-102.162583153027,-349.99720364784,0.0792015885384112));
#984=CARTESIAN_POINT('Origin',(0.,313.220243669174,-0.348911380013402));
#985=CARTESIAN_POINT('',(72.,300.720243669174,-0.348911380013404));
#986=CARTESIAN_POINT('Origin',(72.,313.220243669174,-0.348911380013402));
#987=CARTESIAN_POINT('',(-72.,300.720243669174,-0.348911380013404));
#988=CARTESIAN_POINT('',(0.,300.720243669174,-0.348911380013404));
#989=CARTESIAN_POINT('Origin',(-72.,313.220243669174,-0.348911380013402));
#990=CARTESIAN_POINT('Origin',(-268.,313.220243669174,-0.348911380013402));
#991=CARTESIAN_POINT('',(-268.,325.720243669174,-0.348911380013404));
#992=CARTESIAN_POINT('',(-268.,300.720243669174,-0.348911380013404));
#993=CARTESIAN_POINT('Origin',(-268.,313.220243669174,-0.348911380013402));
#994=CARTESIAN_POINT('Origin',(-268.,313.220243669174,-0.348911380013402));
#995=CARTESIAN_POINT('',(-272.,323.720243669174,-0.348911380013404));
#996=CARTESIAN_POINT('Origin',(-268.,320.720243669174,-0.348911380013403));
#997=CARTESIAN_POINT('',(-272.,302.720243669174,-0.348911380013401));
#998=CARTESIAN_POINT('Origin',(-272.,313.220243669174,-0.348911380013402));
#999=CARTESIAN_POINT('Origin',(-272.,313.220243669174,-0.348911380013402));
#1000=CARTESIAN_POINT('Origin',(-72.,313.220243669174,-0.348911380013402));
#1001=CARTESIAN_POINT('',(-72.,300.720243669174,-0.348911380013404));
#1002=CARTESIAN_POINT('',(-72.,300.720243669174,-0.348911380013404));
#1003=CARTESIAN_POINT('Origin',(-72.,313.220243669174,-0.348911380013402));
#1004=CARTESIAN_POINT('Origin',(-72.,313.220243669174,-0.348911380013402));
#1005=CARTESIAN_POINT('',(-72.,302.720243669174,-0.348911380013401));
#1006=CARTESIAN_POINT('Origin',(-72.,313.220243669174,-0.348911380013402));
#1007=CARTESIAN_POINT('',(-72.,302.720243669174,-0.348911380013404));
#1008=CARTESIAN_POINT('Origin',(-72.,313.220243669174,-0.348911380013403));
#1009=CARTESIAN_POINT('Origin',(302.162583153027,-349.99720364784,0.0792015885384112));
#1010=CARTESIAN_POINT('',(302.162583153027,-362.99720364784,0.0792015885384127));
#1011=CARTESIAN_POINT('Origin',(302.162583153027,-349.99720364784,0.0792015885384112));
#1012=CARTESIAN_POINT('Origin',(272.,313.220243669174,-0.348911380013402));
#1013=CARTESIAN_POINT('',(272.,302.720243669174,-0.348911380013401));
#1014=CARTESIAN_POINT('Origin',(272.,313.220243669174,-0.348911380013402));
#1015=CARTESIAN_POINT('Origin',(-302.162583153027,-349.99720364784,0.0792015885384112));
#1016=CARTESIAN_POINT('',(-302.162583153027,-364.99720364784,0.0792015885384093));
#1017=CARTESIAN_POINT('Origin',(-302.162583153027,-349.99720364784,0.0792015885384112));
#1018=CARTESIAN_POINT('Origin',(102.162583153027,-349.99720364784,0.0792015885384112));
#1019=CARTESIAN_POINT('',(102.162583153027,-362.99720364784,0.0792015885384127));
#1020=CARTESIAN_POINT('Origin',(102.162583153027,-349.99720364784,0.0792015885384112));
#1021=CARTESIAN_POINT('',(302.162583153027,-362.99720364784,0.0792015885384127));
#1022=CARTESIAN_POINT('',(102.162583153027,-362.99720364784,0.0792015885384096));
#1023=CARTESIAN_POINT('Origin',(302.162583153027,-349.99720364784,0.0792015885384112));
#1024=CARTESIAN_POINT('Origin',(102.162583153027,-349.99720364784,0.0792015885384112));
#1025=CARTESIAN_POINT('',(302.162583153027,-364.99720364784,0.0792015885384093));
#1026=CARTESIAN_POINT('Origin',(302.162583153027,-349.99720364784,0.0792015885384112));
#1027=CARTESIAN_POINT('',(102.162583153027,-364.99720364784,0.0792015885384093));
#1028=CARTESIAN_POINT('',(102.162583153027,-364.99720364784,0.0792015885384093));
#1029=CARTESIAN_POINT('Origin',(102.162583153027,-349.99720364784,0.0792015885384112));
#1030=CARTESIAN_POINT('Origin',(302.162583153027,-349.99720364784,0.0792015885384117));
#1031=CARTESIAN_POINT('Origin',(102.162583153027,-349.99720364784,0.0792015885384117));
#1032=CARTESIAN_POINT('Origin',(72.,313.220243669174,-0.348911380013402));
#1033=CARTESIAN_POINT('',(72.,302.720243669174,-0.348911380013401));
#1034=CARTESIAN_POINT('Origin',(72.,313.220243669174,-0.348911380013402));
#1035=CARTESIAN_POINT('',(272.,302.720243669174,-0.348911380013401));
#1036=CARTESIAN_POINT('',(72.,302.720243669174,-0.348911380013404));
#1037=CARTESIAN_POINT('Origin',(272.,313.220243669174,-0.348911380013402));
#1038=CARTESIAN_POINT('Origin',(72.,313.220243669174,-0.348911380013402));
#1039=CARTESIAN_POINT('',(272.,300.720243669174,-0.348911380013404));
#1040=CARTESIAN_POINT('Origin',(272.,313.220243669174,-0.348911380013402));
#1041=CARTESIAN_POINT('',(72.,300.720243669174,-0.348911380013404));
#1042=CARTESIAN_POINT('',(72.,300.720243669174,-0.348911380013404));
#1043=CARTESIAN_POINT('Origin',(72.,313.220243669174,-0.348911380013402));
#1044=CARTESIAN_POINT('Origin',(272.,313.220243669174,-0.348911380013403));
#1045=CARTESIAN_POINT('Origin',(72.,313.220243669174,-0.348911380013403));
#1046=CARTESIAN_POINT('Origin',(-272.,313.220243669174,-0.348911380013402));
#1047=CARTESIAN_POINT('',(-272.,302.720243669174,-0.348911380013401));
#1048=CARTESIAN_POINT('Origin',(-272.,313.220243669174,-0.348911380013402));
#1049=CARTESIAN_POINT('Ctrl Pts',(-48.1422077105392,71.7943915092293,-61.9762987149101));
#1050=CARTESIAN_POINT('Ctrl Pts',(-49.2244979484326,75.3092497140406,-62.5174438338569));
#1051=CARTESIAN_POINT('Ctrl Pts',(-50.1022356776913,78.8834163863094,-62.9563126984862));
#1052=CARTESIAN_POINT('Ctrl Pts',(-51.5688926511865,88.3234034450396,-63.6896411852338));
#1053=CARTESIAN_POINT('Ctrl Pts',(-52.157811895423,94.189223831501,-63.9841008073521));
#1054=CARTESIAN_POINT('Ctrl Pts',(-53.4913419005991,115.224165562174,-64.6508658099401));
#1055=CARTESIAN_POINT('Ctrl Pts',(-53.4913419005991,149.96798480453,-64.6508658099401));
#1056=CARTESIAN_POINT('Ctrl Pts',(-53.4913419005991,184.711804046887,-64.6508658099401));
#1057=CARTESIAN_POINT('Ctrl Pts',(-52.157811895423,205.74674577756,-63.984100807352));
#1058=CARTESIAN_POINT('Ctrl Pts',(-51.5688926511865,211.612566164022,-63.6896411852338));
#1059=CARTESIAN_POINT('Ctrl Pts',(-50.1022356776913,221.052553222752,-62.9563126984862));
#1060=CARTESIAN_POINT('Ctrl Pts',(-49.2244979484326,224.626719895021,-62.5174438338569));
#1061=CARTESIAN_POINT('Ctrl Pts',(-48.1422077105392,228.141578099832,-61.9762987149101));
#1062=CARTESIAN_POINT('Ctrl Pts',(-49.2244979484326,70.0369624068237,-60.8940084770167));
#1063=CARTESIAN_POINT('Ctrl Pts',(-50.9119996218511,73.9225909230171,-61.3209865186229));
#1064=CARTESIAN_POINT('Ctrl Pts',(-51.9719933918635,77.6996211678298,-61.8016860125801));
#1065=CARTESIAN_POINT('Ctrl Pts',(-53.9680240809616,87.9338674870641,-62.4653804702505));
#1066=CARTESIAN_POINT('Ctrl Pts',(-54.6652185470136,94.189223831501,-62.7303974815568));
#1067=CARTESIAN_POINT('Ctrl Pts',(-56.165908995629,115.224165562174,-63.3135822624251));
#1068=CARTESIAN_POINT('Ctrl Pts',(-56.165908995629,149.967984804531,-63.3135822624251));
#1069=CARTESIAN_POINT('Ctrl Pts',(-56.165908995629,184.711804046887,-63.3135822624251));
#1070=CARTESIAN_POINT('Ctrl Pts',(-54.6652185470136,205.74674577756,-62.7303974815568));
#1071=CARTESIAN_POINT('Ctrl Pts',(-53.9680240809616,212.002102121997,-62.4653804702504));
#1072=CARTESIAN_POINT('Ctrl Pts',(-51.9719933918635,222.236348441231,-61.8016860125801));
#1073=CARTESIAN_POINT('Ctrl Pts',(-50.9119996218511,226.013378686044,-61.3209865186229));
#1074=CARTESIAN_POINT('Ctrl Pts',(-49.2244979484326,229.899007202237,-60.8940084770166));
#1075=CARTESIAN_POINT('Ctrl Pts',(-50.1022356776913,68.6116868424048,-59.7934560585135));
#1076=CARTESIAN_POINT('Ctrl Pts',(-51.9719933918635,72.3614657264406,-60.1579686317012));
#1077=CARTESIAN_POINT('Ctrl Pts',(-53.4455122141891,76.8231063786207,-60.4278638435284));
#1078=CARTESIAN_POINT('Ctrl Pts',(-55.745539823189,87.6153012635772,-60.9477278996863));
#1079=CARTESIAN_POINT('Ctrl Pts',(-56.5543046544265,93.9229377595799,-61.179144542468));
#1080=CARTESIAN_POINT('Ctrl Pts',(-58.1718343169015,115.224165562174,-61.6419778280314));
#1081=CARTESIAN_POINT('Ctrl Pts',(-58.1718343169015,149.967984804531,-61.6419778280314));
#1082=CARTESIAN_POINT('Ctrl Pts',(-58.1718343169015,184.711804046887,-61.6419778280314));
#1083=CARTESIAN_POINT('Ctrl Pts',(-56.5543046544265,206.013031849481,-61.1791445424679));
#1084=CARTESIAN_POINT('Ctrl Pts',(-55.745539823189,212.320668345484,-60.9477278996863));
#1085=CARTESIAN_POINT('Ctrl Pts',(-53.4455122141891,223.11286323044,-60.4278638435284));
#1086=CARTESIAN_POINT('Ctrl Pts',(-51.9719933918635,227.574503882621,-60.1579686317012));
#1087=CARTESIAN_POINT('Ctrl Pts',(-50.1022356776913,231.324282766656,-59.7934560585136));
#1088=CARTESIAN_POINT('Ctrl Pts',(-51.5688926511865,66.2301208278361,-56.8867084049327));
#1089=CARTESIAN_POINT('Ctrl Pts',(-53.9680240809616,70.2060439843295,-57.0066537740086));
#1090=CARTESIAN_POINT('Ctrl Pts',(-55.745539823189,75.1347899001044,-57.104746241389));
#1091=CARTESIAN_POINT('Ctrl Pts',(-58.4535474343366,86.7296754639447,-57.377446902843));
#1092=CARTESIAN_POINT('Ctrl Pts',(-59.3626057224945,93.332520559825,-57.5173938115373));
#1093=CARTESIAN_POINT('Ctrl Pts',(-61.1807222988102,115.224165562174,-57.7972876289258));
#1094=CARTESIAN_POINT('Ctrl Pts',(-61.1807222988102,149.967984804531,-57.7972876289258));
#1095=CARTESIAN_POINT('Ctrl Pts',(-61.1807222988102,184.711804046887,-57.7972876289258));
#1096=CARTESIAN_POINT('Ctrl Pts',(-59.3626057224945,206.603449049236,-57.5173938115373));
#1097=CARTESIAN_POINT('Ctrl Pts',(-58.4535474343366,213.206294145116,-57.377446902843));
#1098=CARTESIAN_POINT('Ctrl Pts',(-55.7455398231891,224.801179708957,-57.1047462413891));
#1099=CARTESIAN_POINT('Ctrl Pts',(-53.9680240809616,229.729925624732,-57.0066537740086));
#1100=CARTESIAN_POINT('Ctrl Pts',(-51.5688926511865,233.705848781225,-56.8867084049328));
#1101=CARTESIAN_POINT('Ctrl Pts',(-52.157811895423,65.2738303776863,-55.0805131698551));
#1102=CARTESIAN_POINT('Ctrl Pts',(-54.6652185470136,69.3453716951499,-55.0805131698551));
#1103=CARTESIAN_POINT('Ctrl Pts',(-56.5543046544265,74.3832385535873,-55.1625076058561));
#1104=CARTESIAN_POINT('Ctrl Pts',(-59.3626057224945,86.2751822762214,-55.3443080468254));
#1105=CARTESIAN_POINT('Ctrl Pts',(-60.2891999338002,93.0568850559838,-55.4291813468681));
#1106=CARTESIAN_POINT('Ctrl Pts',(-62.1836849594464,115.224165562174,-55.624201864214));
#1107=CARTESIAN_POINT('Ctrl Pts',(-62.1836849594464,149.967984804531,-55.624201864214));
#1108=CARTESIAN_POINT('Ctrl Pts',(-62.1836849594464,184.711804046887,-55.624201864214));
#1109=CARTESIAN_POINT('Ctrl Pts',(-60.2891999338002,206.879084553077,-55.4291813468681));
#1110=CARTESIAN_POINT('Ctrl Pts',(-59.3626057224945,213.66078733284,-55.3443080468254));
#1111=CARTESIAN_POINT('Ctrl Pts',(-56.5543046544265,225.552731055474,-55.1625076058561));
#1112=CARTESIAN_POINT('Ctrl Pts',(-54.6652185470136,230.590597913911,-55.0805131698551));
#1113=CARTESIAN_POINT('Ctrl Pts',(-52.157811895423,234.662139231375,-55.0805131698552));
#1114=CARTESIAN_POINT('Ctrl Pts',(-53.4913419005991,63.1084366986403,-48.6034632397604));
#1115=CARTESIAN_POINT('Ctrl Pts',(-56.165908995629,67.4514141039348,-48.6034632397604));
#1116=CARTESIAN_POINT('Ctrl Pts',(-58.1718343169015,72.880135860553,-48.6034632397604));
#1117=CARTESIAN_POINT('Ctrl Pts',(-61.1807222988102,85.3661959007747,-48.6034632397604));
#1118=CARTESIAN_POINT('Ctrl Pts',(-62.1836849594464,92.4235341843783,-48.6034632397604));
#1119=CARTESIAN_POINT('Ctrl Pts',(-64.1896102807189,115.224165562174,-48.6034632397604));
#1120=CARTESIAN_POINT('Ctrl Pts',(-64.1896102807189,149.96798480453,-48.6034632397604));
#1121=CARTESIAN_POINT('Ctrl Pts',(-64.1896102807189,184.711804046887,-48.6034632397604));
#1122=CARTESIAN_POINT('Ctrl Pts',(-62.1836849594464,207.512435424683,-48.6034632397604));
#1123=CARTESIAN_POINT('Ctrl Pts',(-61.1807222988102,214.569773708286,-48.6034632397604));
#1124=CARTESIAN_POINT('Ctrl Pts',(-58.1718343169015,227.055833748508,-48.6034632397604));
#1125=CARTESIAN_POINT('Ctrl Pts',(-56.165908995629,232.484555505126,-48.6034632397604));
#1126=CARTESIAN_POINT('Ctrl Pts',(-53.4913419005991,236.827532910421,-48.6034632397604));
#1127=CARTESIAN_POINT('Ctrl Pts',(-53.4913419005991,63.1084366986403,-37.9051948596405));
#1128=CARTESIAN_POINT('Ctrl Pts',(-56.165908995629,67.4514141039348,-37.9051948596405));
#1129=CARTESIAN_POINT('Ctrl Pts',(-58.1718343169015,72.880135860553,-37.9051948596405));
#1130=CARTESIAN_POINT('Ctrl Pts',(-61.1807222988102,85.3661959007747,-37.9051948596405));
#1131=CARTESIAN_POINT('Ctrl Pts',(-62.1836849594464,92.4235341843783,-37.9051948596405));
#1132=CARTESIAN_POINT('Ctrl Pts',(-64.1896102807189,115.224165562174,-37.9051948596405));
#1133=CARTESIAN_POINT('Ctrl Pts',(-64.189610280719,149.967984804531,-37.9051948596406));
#1134=CARTESIAN_POINT('Ctrl Pts',(-64.1896102807189,184.711804046887,-37.9051948596405));
#1135=CARTESIAN_POINT('Ctrl Pts',(-62.1836849594464,207.512435424683,-37.9051948596406));
#1136=CARTESIAN_POINT('Ctrl Pts',(-61.1807222988102,214.569773708286,-37.9051948596405));
#1137=CARTESIAN_POINT('Ctrl Pts',(-58.1718343169015,227.055833748508,-37.9051948596406));
#1138=CARTESIAN_POINT('Ctrl Pts',(-56.165908995629,232.484555505126,-37.9051948596406));
#1139=CARTESIAN_POINT('Ctrl Pts',(-53.4913419005991,236.827532910421,-37.9051948596406));
#1140=CARTESIAN_POINT('Ctrl Pts',(-53.4913419005991,63.1084366986403,-27.2069264795207));
#1141=CARTESIAN_POINT('Ctrl Pts',(-56.165908995629,67.4514141039348,-27.2069264795207));
#1142=CARTESIAN_POINT('Ctrl Pts',(-58.1718343169015,72.880135860553,-27.2069264795207));
#1143=CARTESIAN_POINT('Ctrl Pts',(-61.1807222988102,85.3661959007747,-27.2069264795207));
#1144=CARTESIAN_POINT('Ctrl Pts',(-62.1836849594464,92.4235341843783,-27.2069264795207));
#1145=CARTESIAN_POINT('Ctrl Pts',(-64.1896102807189,115.224165562174,-27.2069264795207));
#1146=CARTESIAN_POINT('Ctrl Pts',(-64.1896102807189,149.967984804531,-27.2069264795207));
#1147=CARTESIAN_POINT('Ctrl Pts',(-64.1896102807189,184.711804046887,-27.2069264795207));
#1148=CARTESIAN_POINT('Ctrl Pts',(-62.1836849594464,207.512435424683,-27.2069264795207));
#1149=CARTESIAN_POINT('Ctrl Pts',(-61.1807222988102,214.569773708286,-27.2069264795207));
#1150=CARTESIAN_POINT('Ctrl Pts',(-58.1718343169015,227.055833748508,-27.2069264795207));
#1151=CARTESIAN_POINT('Ctrl Pts',(-56.165908995629,232.484555505126,-27.2069264795207));
#1152=CARTESIAN_POINT('Ctrl Pts',(-53.4913419005991,236.827532910421,-27.2069264795207));
#1153=CARTESIAN_POINT('Ctrl Pts',(-52.157811895423,65.2738303776863,-20.729876549426));
#1154=CARTESIAN_POINT('Ctrl Pts',(-54.6652185470136,69.3453716951499,-20.729876549426));
#1155=CARTESIAN_POINT('Ctrl Pts',(-56.5543046544265,74.3832385535873,-20.647882113425));
#1156=CARTESIAN_POINT('Ctrl Pts',(-59.3626057224945,86.2751822762214,-20.4660816724557));
#1157=CARTESIAN_POINT('Ctrl Pts',(-60.2891999338002,93.0568850559837,-20.381208372413));
#1158=CARTESIAN_POINT('Ctrl Pts',(-62.1836849594464,115.224165562174,-20.1861878550671));
#1159=CARTESIAN_POINT('Ctrl Pts',(-62.1836849594464,149.967984804531,-20.1861878550671));
#1160=CARTESIAN_POINT('Ctrl Pts',(-62.1836849594464,184.711804046887,-20.1861878550671));
#1161=CARTESIAN_POINT('Ctrl Pts',(-60.2891999338002,206.879084553077,-20.381208372413));
#1162=CARTESIAN_POINT('Ctrl Pts',(-59.3626057224945,213.66078733284,-20.4660816724557));
#1163=CARTESIAN_POINT('Ctrl Pts',(-56.5543046544266,225.552731055474,-20.647882113425));
#1164=CARTESIAN_POINT('Ctrl Pts',(-54.6652185470136,230.590597913911,-20.729876549426));
#1165=CARTESIAN_POINT('Ctrl Pts',(-52.157811895423,234.662139231375,-20.729876549426));
#1166=CARTESIAN_POINT('Ctrl Pts',(-51.5688926511865,66.2301208278361,-18.9236813143484));
#1167=CARTESIAN_POINT('Ctrl Pts',(-53.9680240809615,70.2060439843295,-18.8037359452725));
#1168=CARTESIAN_POINT('Ctrl Pts',(-55.745539823189,75.1347899001044,-18.7056434778921));
#1169=CARTESIAN_POINT('Ctrl Pts',(-58.4535474343366,86.7296754639447,-18.4329428164381));
#1170=CARTESIAN_POINT('Ctrl Pts',(-59.3626057224945,93.3325205598249,-18.2929959077438));
#1171=CARTESIAN_POINT('Ctrl Pts',(-61.1807222988102,115.224165562174,-18.0131020903553));
#1172=CARTESIAN_POINT('Ctrl Pts',(-61.1807222988102,149.967984804531,-18.0131020903553));
#1173=CARTESIAN_POINT('Ctrl Pts',(-61.1807222988102,184.711804046887,-18.0131020903553));
#1174=CARTESIAN_POINT('Ctrl Pts',(-59.3626057224945,206.603449049236,-18.2929959077438));
#1175=CARTESIAN_POINT('Ctrl Pts',(-58.4535474343366,213.206294145116,-18.4329428164381));
#1176=CARTESIAN_POINT('Ctrl Pts',(-55.7455398231891,224.801179708957,-18.705643477892));
#1177=CARTESIAN_POINT('Ctrl Pts',(-53.9680240809616,229.729925624732,-18.8037359452725));
#1178=CARTESIAN_POINT('Ctrl Pts',(-51.5688926511865,233.705848781225,-18.9236813143484));
#1179=CARTESIAN_POINT('Ctrl Pts',(-50.1022356776913,68.6116868424048,-16.0169336607676));
#1180=CARTESIAN_POINT('Ctrl Pts',(-51.9719933918635,72.3614657264406,-15.6524210875799));
#1181=CARTESIAN_POINT('Ctrl Pts',(-53.4455122141891,76.8231063786207,-15.3825258757527));
#1182=CARTESIAN_POINT('Ctrl Pts',(-55.7455398231891,87.6153012635772,-14.8626618195949));
#1183=CARTESIAN_POINT('Ctrl Pts',(-56.5543046544265,93.92293775958,-14.6312451768132));
#1184=CARTESIAN_POINT('Ctrl Pts',(-58.1718343169015,115.224165562174,-14.1684118912497));
#1185=CARTESIAN_POINT('Ctrl Pts',(-58.1718343169015,149.967984804531,-14.1684118912497));
#1186=CARTESIAN_POINT('Ctrl Pts',(-58.1718343169015,184.711804046887,-14.1684118912497));
#1187=CARTESIAN_POINT('Ctrl Pts',(-56.5543046544265,206.013031849481,-14.6312451768132));
#1188=CARTESIAN_POINT('Ctrl Pts',(-55.745539823189,212.320668345484,-14.8626618195949));
#1189=CARTESIAN_POINT('Ctrl Pts',(-53.4455122141891,223.11286323044,-15.3825258757527));
#1190=CARTESIAN_POINT('Ctrl Pts',(-51.9719933918635,227.57450388262,-15.6524210875799));
#1191=CARTESIAN_POINT('Ctrl Pts',(-50.1022356776913,231.324282766656,-16.0169336607676));
#1192=CARTESIAN_POINT('Ctrl Pts',(-49.2244979484326,70.0369624068237,-14.9163812422644));
#1193=CARTESIAN_POINT('Ctrl Pts',(-50.9119996218511,73.9225909230171,-14.4894032006582));
#1194=CARTESIAN_POINT('Ctrl Pts',(-51.9719933918635,77.6996211678298,-14.008703706701));
#1195=CARTESIAN_POINT('Ctrl Pts',(-53.9680240809616,87.9338674870641,-13.3450092490307));
#1196=CARTESIAN_POINT('Ctrl Pts',(-54.6652185470136,94.189223831501,-13.0799922377244));
#1197=CARTESIAN_POINT('Ctrl Pts',(-56.165908995629,115.224165562174,-12.496807456856));
#1198=CARTESIAN_POINT('Ctrl Pts',(-56.165908995629,149.967984804531,-12.496807456856));
#1199=CARTESIAN_POINT('Ctrl Pts',(-56.165908995629,184.711804046887,-12.496807456856));
#1200=CARTESIAN_POINT('Ctrl Pts',(-54.6652185470136,205.74674577756,-13.0799922377244));
#1201=CARTESIAN_POINT('Ctrl Pts',(-53.9680240809615,212.002102121997,-13.3450092490307));
#1202=CARTESIAN_POINT('Ctrl Pts',(-51.9719933918635,222.236348441231,-14.008703706701));
#1203=CARTESIAN_POINT('Ctrl Pts',(-50.9119996218511,226.013378686044,-14.4894032006582));
#1204=CARTESIAN_POINT('Ctrl Pts',(-49.2244979484326,229.899007202237,-14.9163812422644));
#1205=CARTESIAN_POINT('Ctrl Pts',(-48.1422077105392,71.7943915092293,-13.834091004371));
#1206=CARTESIAN_POINT('Ctrl Pts',(-49.2244979484326,75.3092497140406,-13.2929458854242));
#1207=CARTESIAN_POINT('Ctrl Pts',(-50.1022356776914,78.8834163863094,-12.8540770207949));
#1208=CARTESIAN_POINT('Ctrl Pts',(-51.5688926511865,88.3234034450396,-12.1207485340473));
#1209=CARTESIAN_POINT('Ctrl Pts',(-52.157811895423,94.189223831501,-11.8262889119291));
#1210=CARTESIAN_POINT('Ctrl Pts',(-53.4913419005991,115.224165562174,-11.159523909341));
#1211=CARTESIAN_POINT('Ctrl Pts',(-53.4913419005991,149.967984804531,-11.159523909341));
#1212=CARTESIAN_POINT('Ctrl Pts',(-53.4913419005991,184.711804046887,-11.159523909341));
#1213=CARTESIAN_POINT('Ctrl Pts',(-52.157811895423,205.74674577756,-11.8262889119291));
#1214=CARTESIAN_POINT('Ctrl Pts',(-51.5688926511865,211.612566164022,-12.1207485340473));
#1215=CARTESIAN_POINT('Ctrl Pts',(-50.1022356776913,221.052553222752,-12.8540770207949));
#1216=CARTESIAN_POINT('Ctrl Pts',(-49.2244979484326,224.62671989502,-13.2929458854242));
#1217=CARTESIAN_POINT('Ctrl Pts',(-48.1422077105392,228.141578099832,-13.834091004371));
#1218=CARTESIAN_POINT('',(-48.1422077105392,71.7943915092293,-13.834091004371));
#1219=CARTESIAN_POINT('',(-48.1422077105392,71.7943915092294,-61.9762987149101));
#1220=CARTESIAN_POINT('Ctrl Pts',(-48.1422077105392,71.7943915092293,-13.834091004371));
#1221=CARTESIAN_POINT('Ctrl Pts',(-49.2244979484326,70.0369624068237,-14.9163812422644));
#1222=CARTESIAN_POINT('Ctrl Pts',(-50.1022356776913,68.6116868424048,-16.0169336607676));
#1223=CARTESIAN_POINT('Ctrl Pts',(-51.5688926511865,66.2301208278361,-18.9236813143484));
#1224=CARTESIAN_POINT('Ctrl Pts',(-52.157811895423,65.2738303776863,-20.729876549426));
#1225=CARTESIAN_POINT('Ctrl Pts',(-53.4913419005991,63.1084366986403,-27.2069264795207));
#1226=CARTESIAN_POINT('Ctrl Pts',(-53.4913419005991,63.1084366986403,-37.9051948596406));
#1227=CARTESIAN_POINT('Ctrl Pts',(-53.4913419005991,63.1084366986403,-48.6034632397604));
#1228=CARTESIAN_POINT('Ctrl Pts',(-52.157811895423,65.2738303776863,-55.0805131698551));
#1229=CARTESIAN_POINT('Ctrl Pts',(-51.5688926511865,66.2301208278361,-56.8867084049327));
#1230=CARTESIAN_POINT('Ctrl Pts',(-50.1022356776913,68.6116868424048,-59.7934560585135));
#1231=CARTESIAN_POINT('Ctrl Pts',(-49.2244979484326,70.0369624068237,-60.8940084770167));
#1232=CARTESIAN_POINT('Ctrl Pts',(-48.1422077105392,71.7943915092293,-61.9762987149101));
#1233=CARTESIAN_POINT('',(-48.1422077105392,228.141578099832,-13.834091004371));
#1234=CARTESIAN_POINT('Ctrl Pts',(-48.1422077105392,228.141578099832,-13.834091004371));
#1235=CARTESIAN_POINT('Ctrl Pts',(-49.2244979484326,224.62671989502,-13.2929458854242));
#1236=CARTESIAN_POINT('Ctrl Pts',(-50.1022356776913,221.052553222752,-12.8540770207949));
#1237=CARTESIAN_POINT('Ctrl Pts',(-51.5688926511865,211.612566164022,-12.1207485340473));
#1238=CARTESIAN_POINT('Ctrl Pts',(-52.157811895423,205.74674577756,-11.8262889119291));
#1239=CARTESIAN_POINT('Ctrl Pts',(-53.4913419005991,184.711804046887,-11.159523909341));
#1240=CARTESIAN_POINT('Ctrl Pts',(-53.4913419005991,149.967984804531,-11.159523909341));
#1241=CARTESIAN_POINT('Ctrl Pts',(-53.4913419005991,115.224165562174,-11.159523909341));
#1242=CARTESIAN_POINT('Ctrl Pts',(-52.157811895423,94.189223831501,-11.8262889119291));
#1243=CARTESIAN_POINT('Ctrl Pts',(-51.5688926511865,88.3234034450396,-12.1207485340473));
#1244=CARTESIAN_POINT('Ctrl Pts',(-50.1022356776914,78.8834163863094,-12.8540770207949));
#1245=CARTESIAN_POINT('Ctrl Pts',(-49.2244979484326,75.3092497140406,-13.2929458854242));
#1246=CARTESIAN_POINT('Ctrl Pts',(-48.1422077105392,71.7943915092293,-13.834091004371));
#1247=CARTESIAN_POINT('',(-48.1422077105392,228.141578099832,-61.9762987149101));
#1248=CARTESIAN_POINT('Ctrl Pts',(-48.1422077105392,228.141578099832,-61.9762987149101));
#1249=CARTESIAN_POINT('Ctrl Pts',(-49.2244979484326,229.899007202237,-60.8940084770166));
#1250=CARTESIAN_POINT('Ctrl Pts',(-50.1022356776913,231.324282766656,-59.7934560585136));
#1251=CARTESIAN_POINT('Ctrl Pts',(-51.5688926511865,233.705848781225,-56.8867084049328));
#1252=CARTESIAN_POINT('Ctrl Pts',(-52.157811895423,234.662139231375,-55.0805131698552));
#1253=CARTESIAN_POINT('Ctrl Pts',(-53.4913419005991,236.827532910421,-48.6034632397604));
#1254=CARTESIAN_POINT('Ctrl Pts',(-53.4913419005991,236.827532910421,-37.9051948596406));
#1255=CARTESIAN_POINT('Ctrl Pts',(-53.4913419005991,236.827532910421,-27.2069264795207));
#1256=CARTESIAN_POINT('Ctrl Pts',(-52.157811895423,234.662139231375,-20.729876549426));
#1257=CARTESIAN_POINT('Ctrl Pts',(-51.5688926511865,233.705848781225,-18.9236813143484));
#1258=CARTESIAN_POINT('Ctrl Pts',(-50.1022356776913,231.324282766656,-16.0169336607676));
#1259=CARTESIAN_POINT('Ctrl Pts',(-49.2244979484326,229.899007202237,-14.9163812422644));
#1260=CARTESIAN_POINT('Ctrl Pts',(-48.1422077105392,228.141578099832,-13.834091004371));
#1261=CARTESIAN_POINT('Ctrl Pts',(-48.1422077105392,71.7943915092293,-61.9762987149101));
#1262=CARTESIAN_POINT('Ctrl Pts',(-49.2244979484326,75.3092497140406,-62.5174438338569));
#1263=CARTESIAN_POINT('Ctrl Pts',(-50.1022356776913,78.8834163863094,-62.9563126984862));
#1264=CARTESIAN_POINT('Ctrl Pts',(-51.5688926511865,88.3234034450396,-63.6896411852338));
#1265=CARTESIAN_POINT('Ctrl Pts',(-52.157811895423,94.189223831501,-63.9841008073521));
#1266=CARTESIAN_POINT('Ctrl Pts',(-53.4913419005991,115.224165562174,-64.6508658099401));
#1267=CARTESIAN_POINT('Ctrl Pts',(-53.4913419005991,149.96798480453,-64.6508658099401));
#1268=CARTESIAN_POINT('Ctrl Pts',(-53.4913419005991,184.711804046887,-64.6508658099401));
#1269=CARTESIAN_POINT('Ctrl Pts',(-52.157811895423,205.74674577756,-63.984100807352));
#1270=CARTESIAN_POINT('Ctrl Pts',(-51.5688926511865,211.612566164022,-63.6896411852338));
#1271=CARTESIAN_POINT('Ctrl Pts',(-50.1022356776913,221.052553222752,-62.9563126984862));
#1272=CARTESIAN_POINT('Ctrl Pts',(-49.2244979484326,224.626719895021,-62.5174438338569));
#1273=CARTESIAN_POINT('Ctrl Pts',(-48.1422077105392,228.141578099832,-61.9762987149101));
#1274=CARTESIAN_POINT('Ctrl Pts',(48.1422077105392,228.141578099832,-61.9762987149101));
#1275=CARTESIAN_POINT('Ctrl Pts',(49.2244979484326,229.899007202237,-60.8940084770166));
#1276=CARTESIAN_POINT('Ctrl Pts',(50.1022356776913,231.324282766656,-59.7934560585136));
#1277=CARTESIAN_POINT('Ctrl Pts',(51.5688926511865,233.705848781225,-56.8867084049328));
#1278=CARTESIAN_POINT('Ctrl Pts',(52.157811895423,234.662139231375,-55.0805131698551));
#1279=CARTESIAN_POINT('Ctrl Pts',(53.4913419005991,236.827532910421,-48.6034632397604));
#1280=CARTESIAN_POINT('Ctrl Pts',(53.4913419005991,236.827532910421,-37.9051948596406));
#1281=CARTESIAN_POINT('Ctrl Pts',(53.4913419005991,236.827532910421,-27.2069264795207));
#1282=CARTESIAN_POINT('Ctrl Pts',(52.157811895423,234.662139231375,-20.729876549426));
#1283=CARTESIAN_POINT('Ctrl Pts',(51.5688926511865,233.705848781225,-18.9236813143484));
#1284=CARTESIAN_POINT('Ctrl Pts',(50.1022356776913,231.324282766656,-16.0169336607676));
#1285=CARTESIAN_POINT('Ctrl Pts',(49.2244979484326,229.899007202237,-14.9163812422644));
#1286=CARTESIAN_POINT('Ctrl Pts',(48.1422077105392,228.141578099832,-13.834091004371));
#1287=CARTESIAN_POINT('Ctrl Pts',(45.9776272347522,229.899007202237,-62.5174438338569));
#1288=CARTESIAN_POINT('Ctrl Pts',(46.8315833179647,232.639182108551,-61.3209865186229));
#1289=CARTESIAN_POINT('Ctrl Pts',(47.7929823058792,234.360406078393,-60.1579686317012));
#1290=CARTESIAN_POINT('Ctrl Pts',(49.1203712212198,237.601572171828,-57.0066537740086));
#1291=CARTESIAN_POINT('Ctrl Pts',(49.6504052438324,238.733680548839,-55.0805131698551));
#1292=CARTESIAN_POINT('Ctrl Pts',(50.8167748055691,241.170510315715,-48.6034632397604));
#1293=CARTESIAN_POINT('Ctrl Pts',(50.8167748055691,241.170510315715,-37.9051948596406));
#1294=CARTESIAN_POINT('Ctrl Pts',(50.8167748055691,241.170510315715,-27.2069264795207));
#1295=CARTESIAN_POINT('Ctrl Pts',(49.6504052438324,238.733680548839,-20.729876549426));
#1296=CARTESIAN_POINT('Ctrl Pts',(49.1203712212198,237.601572171828,-18.8037359452725));
#1297=CARTESIAN_POINT('Ctrl Pts',(47.7929823058792,234.360406078393,-15.6524210875799));
#1298=CARTESIAN_POINT('Ctrl Pts',(46.8315833179647,232.639182108551,-14.4894032006582));
#1299=CARTESIAN_POINT('Ctrl Pts',(45.9776272347522,229.899007202237,-13.2929458854242));
#1300=CARTESIAN_POINT('Ctrl Pts',(43.7765223977459,231.324282766656,-62.9563126984862));
#1301=CARTESIAN_POINT('Ctrl Pts',(44.5055475441212,234.360406078393,-61.8016860125801));
#1302=CARTESIAN_POINT('Ctrl Pts',(45.0453379677757,236.753114402491,-60.4278638435284));
#1303=CARTESIAN_POINT('Ctrl Pts',(46.0850660800914,240.487912439901,-57.1047462413891));
#1304=CARTESIAN_POINT('Ctrl Pts',(46.5478993656548,241.801189416496,-55.1625076058561));
#1305=CARTESIAN_POINT('Ctrl Pts',(47.4735659367817,244.427743369686,-48.6034632397604));
#1306=CARTESIAN_POINT('Ctrl Pts',(47.4735659367817,244.427743369686,-37.9051948596406));
#1307=CARTESIAN_POINT('Ctrl Pts',(47.4735659367817,244.427743369686,-27.2069264795207));
#1308=CARTESIAN_POINT('Ctrl Pts',(46.5478993656548,241.801189416496,-20.647882113425));
#1309=CARTESIAN_POINT('Ctrl Pts',(46.0850660800914,240.487912439901,-18.705643477892));
#1310=CARTESIAN_POINT('Ctrl Pts',(45.0453379677757,236.753114402491,-15.3825258757527));
#1311=CARTESIAN_POINT('Ctrl Pts',(44.5055475441212,234.360406078393,-14.008703706701));
#1312=CARTESIAN_POINT('Ctrl Pts',(43.7765223977459,231.324282766656,-12.8540770207949));
#1313=CARTESIAN_POINT('Ctrl Pts',(37.9630270905844,233.705848781225,-63.6896411852338));
#1314=CARTESIAN_POINT('Ctrl Pts',(38.2029178287361,237.601572171828,-62.4653804702504));
#1315=CARTESIAN_POINT('Ctrl Pts',(38.399102763497,240.487912439901,-60.9477278996862));
#1316=CARTESIAN_POINT('Ctrl Pts',(38.9445040864049,244.885190747271,-57.377446902843));
#1317=CARTESIAN_POINT('Ctrl Pts',(39.2243979037935,246.361324815061,-55.3443080468254));
#1318=CARTESIAN_POINT('Ctrl Pts',(39.7841855385706,249.313592950642,-48.6034632397604));
#1319=CARTESIAN_POINT('Ctrl Pts',(39.7841855385706,249.313592950642,-37.9051948596406));
#1320=CARTESIAN_POINT('Ctrl Pts',(39.7841855385706,249.313592950642,-27.2069264795207));
#1321=CARTESIAN_POINT('Ctrl Pts',(39.2243979037934,246.361324815061,-20.4660816724557));
#1322=CARTESIAN_POINT('Ctrl Pts',(38.9445040864049,244.885190747271,-18.4329428164381));
#1323=CARTESIAN_POINT('Ctrl Pts',(38.399102763497,240.487912439901,-14.8626618195949));
#1324=CARTESIAN_POINT('Ctrl Pts',(38.2029178287361,237.601572171828,-13.3450092490307));
#1325=CARTESIAN_POINT('Ctrl Pts',(37.9630270905844,233.705848781225,-12.1207485340473));
#1326=CARTESIAN_POINT('Ctrl Pts',(34.3506366204291,234.662139231375,-63.984100807352));
#1327=CARTESIAN_POINT('Ctrl Pts',(34.3506366204291,238.733680548838,-62.7303974815568));
#1328=CARTESIAN_POINT('Ctrl Pts',(34.5146254924312,241.801189416496,-61.1791445424679));
#1329=CARTESIAN_POINT('Ctrl Pts',(34.8782263743698,246.361324815061,-57.5173938115373));
#1330=CARTESIAN_POINT('Ctrl Pts',(35.047972974455,247.865933815544,-55.4291813468681));
#1331=CARTESIAN_POINT('Ctrl Pts',(35.4380140091469,250.942209477628,-48.6034632397604));
#1332=CARTESIAN_POINT('Ctrl Pts',(35.4380140091469,250.942209477628,-37.9051948596405));
#1333=CARTESIAN_POINT('Ctrl Pts',(35.4380140091469,250.942209477628,-27.2069264795207));
#1334=CARTESIAN_POINT('Ctrl Pts',(35.047972974455,247.865933815544,-20.381208372413));
#1335=CARTESIAN_POINT('Ctrl Pts',(34.8782263743698,246.361324815061,-18.2929959077438));
#1336=CARTESIAN_POINT('Ctrl Pts',(34.5146254924312,241.801189416496,-14.6312451768131));
#1337=CARTESIAN_POINT('Ctrl Pts',(34.3506366204291,238.733680548839,-13.0799922377244));
#1338=CARTESIAN_POINT('Ctrl Pts',(34.3506366204291,234.662139231375,-11.8262889119291));
#1339=CARTESIAN_POINT('Ctrl Pts',(21.3965367602396,236.827532910421,-64.6508658099401));
#1340=CARTESIAN_POINT('Ctrl Pts',(21.3965367602396,241.170510315715,-63.3135822624251));
#1341=CARTESIAN_POINT('Ctrl Pts',(21.3965367602396,244.427743369686,-61.6419778280314));
#1342=CARTESIAN_POINT('Ctrl Pts',(21.3965367602396,249.313592950642,-57.7972876289258));
#1343=CARTESIAN_POINT('Ctrl Pts',(21.3965367602396,250.942209477628,-55.624201864214));
#1344=CARTESIAN_POINT('Ctrl Pts',(21.3965367602396,254.199442531599,-48.6034632397604));
#1345=CARTESIAN_POINT('Ctrl Pts',(21.3965367602396,254.199442531599,-37.9051948596405));
#1346=CARTESIAN_POINT('Ctrl Pts',(21.3965367602396,254.199442531599,-27.2069264795207));
#1347=CARTESIAN_POINT('Ctrl Pts',(21.3965367602396,250.942209477628,-20.1861878550671));
#1348=CARTESIAN_POINT('Ctrl Pts',(21.3965367602396,249.313592950643,-18.0131020903553));
#1349=CARTESIAN_POINT('Ctrl Pts',(21.3965367602396,244.427743369686,-14.1684118912497));
#1350=CARTESIAN_POINT('Ctrl Pts',(21.3965367602396,241.170510315715,-12.496807456856));
#1351=CARTESIAN_POINT('Ctrl Pts',(21.3965367602396,236.827532910421,-11.159523909341));
#1352=CARTESIAN_POINT('Ctrl Pts',(-4.44089209850063E-15,236.827532910421,
-64.6508658099401));
#1353=CARTESIAN_POINT('Ctrl Pts',(-4.44089209850063E-15,241.170510315715,
-63.3135822624251));
#1354=CARTESIAN_POINT('Ctrl Pts',(0.,244.427743369686,-61.6419778280314));
#1355=CARTESIAN_POINT('Ctrl Pts',(4.44089209850063E-15,249.313592950643,
-57.7972876289258));
#1356=CARTESIAN_POINT('Ctrl Pts',(0.,250.942209477628,-55.624201864214));
#1357=CARTESIAN_POINT('Ctrl Pts',(4.44089209850063E-15,254.199442531599,
-48.6034632397604));
#1358=CARTESIAN_POINT('Ctrl Pts',(-1.33226762955019E-14,254.199442531599,
-37.9051948596406));
#1359=CARTESIAN_POINT('Ctrl Pts',(4.44089209850063E-15,254.199442531599,
-27.2069264795207));
#1360=CARTESIAN_POINT('Ctrl Pts',(0.,250.942209477628,-20.1861878550671));
#1361=CARTESIAN_POINT('Ctrl Pts',(4.44089209850063E-15,249.313592950642,
-18.0131020903553));
#1362=CARTESIAN_POINT('Ctrl Pts',(0.,244.427743369686,-14.1684118912497));
#1363=CARTESIAN_POINT('Ctrl Pts',(0.,241.170510315715,-12.496807456856));
#1364=CARTESIAN_POINT('Ctrl Pts',(-4.44089209850063E-15,236.827532910421,
-11.159523909341));
#1365=CARTESIAN_POINT('Ctrl Pts',(-21.3965367602396,236.827532910421,-64.6508658099401));
#1366=CARTESIAN_POINT('Ctrl Pts',(-21.3965367602396,241.170510315715,-63.3135822624251));
#1367=CARTESIAN_POINT('Ctrl Pts',(-21.3965367602396,244.427743369686,-61.6419778280314));
#1368=CARTESIAN_POINT('Ctrl Pts',(-21.3965367602396,249.313592950642,-57.7972876289259));
#1369=CARTESIAN_POINT('Ctrl Pts',(-21.3965367602396,250.942209477628,-55.624201864214));
#1370=CARTESIAN_POINT('Ctrl Pts',(-21.3965367602396,254.199442531599,-48.6034632397604));
#1371=CARTESIAN_POINT('Ctrl Pts',(-21.3965367602396,254.199442531599,-37.9051948596405));
#1372=CARTESIAN_POINT('Ctrl Pts',(-21.3965367602396,254.199442531599,-27.2069264795207));
#1373=CARTESIAN_POINT('Ctrl Pts',(-21.3965367602396,250.942209477628,-20.1861878550671));
#1374=CARTESIAN_POINT('Ctrl Pts',(-21.3965367602396,249.313592950642,-18.0131020903553));
#1375=CARTESIAN_POINT('Ctrl Pts',(-21.3965367602396,244.427743369686,-14.1684118912497));
#1376=CARTESIAN_POINT('Ctrl Pts',(-21.3965367602396,241.170510315715,-12.496807456856));
#1377=CARTESIAN_POINT('Ctrl Pts',(-21.3965367602396,236.827532910421,-11.159523909341));
#1378=CARTESIAN_POINT('Ctrl Pts',(-34.3506366204291,234.662139231375,-63.9841008073521));
#1379=CARTESIAN_POINT('Ctrl Pts',(-34.3506366204291,238.733680548839,-62.7303974815568));
#1380=CARTESIAN_POINT('Ctrl Pts',(-34.5146254924312,241.801189416496,-61.179144542468));
#1381=CARTESIAN_POINT('Ctrl Pts',(-34.8782263743698,246.361324815062,-57.5173938115373));
#1382=CARTESIAN_POINT('Ctrl Pts',(-35.047972974455,247.865933815544,-55.4291813468681));
#1383=CARTESIAN_POINT('Ctrl Pts',(-35.4380140091469,250.942209477628,-48.6034632397604));
#1384=CARTESIAN_POINT('Ctrl Pts',(-35.4380140091469,250.942209477628,-37.9051948596405));
#1385=CARTESIAN_POINT('Ctrl Pts',(-35.4380140091469,250.942209477628,-27.2069264795207));
#1386=CARTESIAN_POINT('Ctrl Pts',(-35.047972974455,247.865933815544,-20.381208372413));
#1387=CARTESIAN_POINT('Ctrl Pts',(-34.8782263743698,246.361324815061,-18.2929959077438));
#1388=CARTESIAN_POINT('Ctrl Pts',(-34.5146254924312,241.801189416496,-14.6312451768131));
#1389=CARTESIAN_POINT('Ctrl Pts',(-34.3506366204291,238.733680548839,-13.0799922377244));
#1390=CARTESIAN_POINT('Ctrl Pts',(-34.3506366204291,234.662139231375,-11.8262889119291));
#1391=CARTESIAN_POINT('Ctrl Pts',(-37.9630270905844,233.705848781225,-63.6896411852338));
#1392=CARTESIAN_POINT('Ctrl Pts',(-38.2029178287361,237.601572171828,-62.4653804702504));
#1393=CARTESIAN_POINT('Ctrl Pts',(-38.399102763497,240.487912439901,-60.9477278996862));
#1394=CARTESIAN_POINT('Ctrl Pts',(-38.9445040864049,244.885190747271,-57.377446902843));
#1395=CARTESIAN_POINT('Ctrl Pts',(-39.2243979037934,246.361324815061,-55.3443080468254));
#1396=CARTESIAN_POINT('Ctrl Pts',(-39.7841855385706,249.313592950642,-48.6034632397604));
#1397=CARTESIAN_POINT('Ctrl Pts',(-39.7841855385706,249.313592950642,-37.9051948596406));
#1398=CARTESIAN_POINT('Ctrl Pts',(-39.7841855385706,249.313592950642,-27.2069264795207));
#1399=CARTESIAN_POINT('Ctrl Pts',(-39.2243979037935,246.361324815061,-20.4660816724557));
#1400=CARTESIAN_POINT('Ctrl Pts',(-38.9445040864049,244.885190747271,-18.4329428164381));
#1401=CARTESIAN_POINT('Ctrl Pts',(-38.399102763497,240.487912439901,-14.8626618195949));
#1402=CARTESIAN_POINT('Ctrl Pts',(-38.2029178287361,237.601572171828,-13.3450092490307));
#1403=CARTESIAN_POINT('Ctrl Pts',(-37.9630270905844,233.705848781225,-12.1207485340473));
#1404=CARTESIAN_POINT('Ctrl Pts',(-43.7765223977459,231.324282766656,-62.9563126984862));
#1405=CARTESIAN_POINT('Ctrl Pts',(-44.5055475441212,234.360406078393,-61.8016860125801));
#1406=CARTESIAN_POINT('Ctrl Pts',(-45.0453379677757,236.753114402491,-60.4278638435284));
#1407=CARTESIAN_POINT('Ctrl Pts',(-46.0850660800914,240.487912439902,-57.1047462413891));
#1408=CARTESIAN_POINT('Ctrl Pts',(-46.5478993656548,241.801189416496,-55.1625076058561));
#1409=CARTESIAN_POINT('Ctrl Pts',(-47.4735659367817,244.427743369686,-48.6034632397604));
#1410=CARTESIAN_POINT('Ctrl Pts',(-47.4735659367817,244.427743369686,-37.9051948596406));
#1411=CARTESIAN_POINT('Ctrl Pts',(-47.4735659367817,244.427743369686,-27.2069264795207));
#1412=CARTESIAN_POINT('Ctrl Pts',(-46.5478993656548,241.801189416496,-20.647882113425));
#1413=CARTESIAN_POINT('Ctrl Pts',(-46.0850660800914,240.487912439901,-18.705643477892));
#1414=CARTESIAN_POINT('Ctrl Pts',(-45.0453379677757,236.753114402491,-15.3825258757527));
#1415=CARTESIAN_POINT('Ctrl Pts',(-44.5055475441212,234.360406078393,-14.008703706701));
#1416=CARTESIAN_POINT('Ctrl Pts',(-43.776522397746,231.324282766656,-12.8540770207949));
#1417=CARTESIAN_POINT('Ctrl Pts',(-45.9776272347522,229.899007202237,-62.5174438338568));
#1418=CARTESIAN_POINT('Ctrl Pts',(-46.8315833179647,232.639182108551,-61.3209865186229));
#1419=CARTESIAN_POINT('Ctrl Pts',(-47.7929823058792,234.360406078393,-60.1579686317012));
#1420=CARTESIAN_POINT('Ctrl Pts',(-49.1203712212198,237.601572171828,-57.0066537740086));
#1421=CARTESIAN_POINT('Ctrl Pts',(-49.6504052438324,238.733680548839,-55.0805131698552));
#1422=CARTESIAN_POINT('Ctrl Pts',(-50.8167748055691,241.170510315715,-48.6034632397604));
#1423=CARTESIAN_POINT('Ctrl Pts',(-50.8167748055691,241.170510315715,-37.9051948596406));
#1424=CARTESIAN_POINT('Ctrl Pts',(-50.8167748055691,241.170510315715,-27.2069264795207));
#1425=CARTESIAN_POINT('Ctrl Pts',(-49.6504052438324,238.733680548839,-20.729876549426));
#1426=CARTESIAN_POINT('Ctrl Pts',(-49.1203712212198,237.601572171828,-18.8037359452725));
#1427=CARTESIAN_POINT('Ctrl Pts',(-47.7929823058792,234.360406078393,-15.6524210875799));
#1428=CARTESIAN_POINT('Ctrl Pts',(-46.8315833179647,232.639182108551,-14.4894032006582));
#1429=CARTESIAN_POINT('Ctrl Pts',(-45.9776272347522,229.899007202237,-13.2929458854242));
#1430=CARTESIAN_POINT('Ctrl Pts',(-48.1422077105392,228.141578099832,-61.9762987149101));
#1431=CARTESIAN_POINT('Ctrl Pts',(-49.2244979484326,229.899007202237,-60.8940084770166));
#1432=CARTESIAN_POINT('Ctrl Pts',(-50.1022356776913,231.324282766656,-59.7934560585136));
#1433=CARTESIAN_POINT('Ctrl Pts',(-51.5688926511865,233.705848781225,-56.8867084049328));
#1434=CARTESIAN_POINT('Ctrl Pts',(-52.157811895423,234.662139231375,-55.0805131698552));
#1435=CARTESIAN_POINT('Ctrl Pts',(-53.4913419005991,236.827532910421,-48.6034632397604));
#1436=CARTESIAN_POINT('Ctrl Pts',(-53.4913419005991,236.827532910421,-37.9051948596406));
#1437=CARTESIAN_POINT('Ctrl Pts',(-53.4913419005991,236.827532910421,-27.2069264795207));
#1438=CARTESIAN_POINT('Ctrl Pts',(-52.157811895423,234.662139231375,-20.729876549426));
#1439=CARTESIAN_POINT('Ctrl Pts',(-51.5688926511865,233.705848781225,-18.9236813143484));
#1440=CARTESIAN_POINT('Ctrl Pts',(-50.1022356776913,231.324282766656,-16.0169336607676));
#1441=CARTESIAN_POINT('Ctrl Pts',(-49.2244979484326,229.899007202237,-14.9163812422644));
#1442=CARTESIAN_POINT('Ctrl Pts',(-48.1422077105392,228.141578099832,-13.834091004371));
#1443=CARTESIAN_POINT('',(48.1422077105392,228.141578099832,-61.9762987149101));
#1444=CARTESIAN_POINT('Ctrl Pts',(-48.1422077105392,228.141578099832,-61.9762987149101));
#1445=CARTESIAN_POINT('Ctrl Pts',(-45.9776272347522,229.899007202237,-62.5174438338568));
#1446=CARTESIAN_POINT('Ctrl Pts',(-43.7765223977459,231.324282766656,-62.9563126984862));
#1447=CARTESIAN_POINT('Ctrl Pts',(-37.9630270905844,233.705848781225,-63.6896411852338));
#1448=CARTESIAN_POINT('Ctrl Pts',(-34.3506366204291,234.662139231375,-63.9841008073521));
#1449=CARTESIAN_POINT('Ctrl Pts',(-21.3965367602396,236.827532910421,-64.6508658099401));
#1450=CARTESIAN_POINT('Ctrl Pts',(-4.44089209850063E-15,236.827532910421,
-64.6508658099401));
#1451=CARTESIAN_POINT('Ctrl Pts',(21.3965367602396,236.827532910421,-64.6508658099401));
#1452=CARTESIAN_POINT('Ctrl Pts',(34.3506366204291,234.662139231375,-63.984100807352));
#1453=CARTESIAN_POINT('Ctrl Pts',(37.9630270905844,233.705848781225,-63.6896411852338));
#1454=CARTESIAN_POINT('Ctrl Pts',(43.7765223977459,231.324282766656,-62.9563126984862));
#1455=CARTESIAN_POINT('Ctrl Pts',(45.9776272347522,229.899007202237,-62.5174438338569));
#1456=CARTESIAN_POINT('Ctrl Pts',(48.1422077105392,228.141578099832,-61.9762987149101));
#1457=CARTESIAN_POINT('',(48.1422077105392,228.141578099832,-13.834091004371));
#1458=CARTESIAN_POINT('Ctrl Pts',(48.1422077105392,228.141578099832,-13.834091004371));
#1459=CARTESIAN_POINT('Ctrl Pts',(45.9776272347522,229.899007202237,-13.2929458854242));
#1460=CARTESIAN_POINT('Ctrl Pts',(43.7765223977459,231.324282766656,-12.8540770207949));
#1461=CARTESIAN_POINT('Ctrl Pts',(37.9630270905844,233.705848781225,-12.1207485340473));
#1462=CARTESIAN_POINT('Ctrl Pts',(34.3506366204291,234.662139231375,-11.8262889119291));
#1463=CARTESIAN_POINT('Ctrl Pts',(21.3965367602396,236.827532910421,-11.159523909341));
#1464=CARTESIAN_POINT('Ctrl Pts',(4.44089209850063E-15,236.827532910421,
-11.159523909341));
#1465=CARTESIAN_POINT('Ctrl Pts',(-21.3965367602396,236.827532910421,-11.159523909341));
#1466=CARTESIAN_POINT('Ctrl Pts',(-34.3506366204291,234.662139231375,-11.8262889119291));
#1467=CARTESIAN_POINT('Ctrl Pts',(-37.9630270905844,233.705848781225,-12.1207485340473));
#1468=CARTESIAN_POINT('Ctrl Pts',(-43.776522397746,231.324282766656,-12.8540770207949));
#1469=CARTESIAN_POINT('Ctrl Pts',(-45.9776272347522,229.899007202237,-13.2929458854242));
#1470=CARTESIAN_POINT('Ctrl Pts',(-48.1422077105392,228.141578099832,-13.834091004371));
#1471=CARTESIAN_POINT('Ctrl Pts',(48.1422077105392,228.141578099832,-61.9762987149101));
#1472=CARTESIAN_POINT('Ctrl Pts',(49.2244979484326,229.899007202237,-60.8940084770166));
#1473=CARTESIAN_POINT('Ctrl Pts',(50.1022356776913,231.324282766656,-59.7934560585136));
#1474=CARTESIAN_POINT('Ctrl Pts',(51.5688926511865,233.705848781225,-56.8867084049328));
#1475=CARTESIAN_POINT('Ctrl Pts',(52.157811895423,234.662139231375,-55.0805131698551));
#1476=CARTESIAN_POINT('Ctrl Pts',(53.4913419005991,236.827532910421,-48.6034632397604));
#1477=CARTESIAN_POINT('Ctrl Pts',(53.4913419005991,236.827532910421,-37.9051948596406));
#1478=CARTESIAN_POINT('Ctrl Pts',(53.4913419005991,236.827532910421,-27.2069264795207));
#1479=CARTESIAN_POINT('Ctrl Pts',(52.157811895423,234.662139231375,-20.729876549426));
#1480=CARTESIAN_POINT('Ctrl Pts',(51.5688926511865,233.705848781225,-18.9236813143484));
#1481=CARTESIAN_POINT('Ctrl Pts',(50.1022356776913,231.324282766656,-16.0169336607676));
#1482=CARTESIAN_POINT('Ctrl Pts',(49.2244979484326,229.899007202237,-14.9163812422644));
#1483=CARTESIAN_POINT('Ctrl Pts',(48.1422077105392,228.141578099832,-13.834091004371));
#1484=CARTESIAN_POINT('Ctrl Pts',(48.1422077105392,71.7943915092293,-61.9762987149101));
#1485=CARTESIAN_POINT('Ctrl Pts',(49.2244979484326,75.3092497140406,-62.5174438338569));
#1486=CARTESIAN_POINT('Ctrl Pts',(50.1022356776913,78.8834163863094,-62.9563126984862));
#1487=CARTESIAN_POINT('Ctrl Pts',(51.5688926511865,88.3234034450395,-63.6896411852338));
#1488=CARTESIAN_POINT('Ctrl Pts',(52.157811895423,94.189223831501,-63.984100807352));
#1489=CARTESIAN_POINT('Ctrl Pts',(53.4913419005991,115.224165562174,-64.6508658099401));
#1490=CARTESIAN_POINT('Ctrl Pts',(53.4913419005991,149.967984804531,-64.6508658099401));
#1491=CARTESIAN_POINT('Ctrl Pts',(53.4913419005991,184.711804046887,-64.6508658099401));
#1492=CARTESIAN_POINT('Ctrl Pts',(52.157811895423,205.74674577756,-63.9841008073521));
#1493=CARTESIAN_POINT('Ctrl Pts',(51.5688926511865,211.612566164022,-63.6896411852338));
#1494=CARTESIAN_POINT('Ctrl Pts',(50.1022356776913,221.052553222752,-62.9563126984862));
#1495=CARTESIAN_POINT('Ctrl Pts',(49.2244979484326,224.62671989502,-62.5174438338568));
#1496=CARTESIAN_POINT('Ctrl Pts',(48.1422077105392,228.141578099832,-61.9762987149101));
#1497=CARTESIAN_POINT('Ctrl Pts',(45.9776272347522,70.0369624068237,-62.5174438338569));
#1498=CARTESIAN_POINT('Ctrl Pts',(46.8315833179647,73.9225909230171,-63.3611946705661));
#1499=CARTESIAN_POINT('Ctrl Pts',(47.7929823058792,77.6996211678298,-63.8911915555723));
#1500=CARTESIAN_POINT('Ctrl Pts',(49.1203712212198,87.9338674870641,-64.8892069001213));
#1501=CARTESIAN_POINT('Ctrl Pts',(49.6504052438324,94.189223831501,-65.2378041331473));
#1502=CARTESIAN_POINT('Ctrl Pts',(50.8167748055691,115.224165562174,-65.9881493574551));
#1503=CARTESIAN_POINT('Ctrl Pts',(50.8167748055691,149.967984804531,-65.9881493574551));
#1504=CARTESIAN_POINT('Ctrl Pts',(50.8167748055691,184.711804046887,-65.9881493574551));
#1505=CARTESIAN_POINT('Ctrl Pts',(49.6504052438324,205.74674577756,-65.2378041331474));
#1506=CARTESIAN_POINT('Ctrl Pts',(49.1203712212197,212.002102121997,-64.8892069001213));
#1507=CARTESIAN_POINT('Ctrl Pts',(47.7929823058791,222.236348441231,-63.8911915555723));
#1508=CARTESIAN_POINT('Ctrl Pts',(46.8315833179647,226.013378686044,-63.3611946705661));
#1509=CARTESIAN_POINT('Ctrl Pts',(45.9776272347522,229.899007202237,-62.5174438338569));
#1510=CARTESIAN_POINT('Ctrl Pts',(43.7765223977459,68.6116868424048,-62.9563126984862));
#1511=CARTESIAN_POINT('Ctrl Pts',(44.5055475441212,72.3614657264406,-63.8911915555723));
#1512=CARTESIAN_POINT('Ctrl Pts',(45.0453379677757,76.8231063786207,-64.6279509667351));
#1513=CARTESIAN_POINT('Ctrl Pts',(46.0850660800914,87.6153012635772,-65.7779647712351));
#1514=CARTESIAN_POINT('Ctrl Pts',(46.5478993656548,93.9229377595799,-66.1823471868538));
#1515=CARTESIAN_POINT('Ctrl Pts',(47.4735659367817,115.224165562174,-66.9911120180913));
#1516=CARTESIAN_POINT('Ctrl Pts',(47.4735659367817,149.967984804531,-66.9911120180913));
#1517=CARTESIAN_POINT('Ctrl Pts',(47.4735659367817,184.711804046887,-66.9911120180913));
#1518=CARTESIAN_POINT('Ctrl Pts',(46.5478993656548,206.013031849481,-66.1823471868538));
#1519=CARTESIAN_POINT('Ctrl Pts',(46.0850660800914,212.320668345484,-65.7779647712351));
#1520=CARTESIAN_POINT('Ctrl Pts',(45.0453379677757,223.11286323044,-64.6279509667351));
#1521=CARTESIAN_POINT('Ctrl Pts',(44.5055475441212,227.57450388262,-63.8911915555723));
#1522=CARTESIAN_POINT('Ctrl Pts',(43.7765223977459,231.324282766656,-62.9563126984862));
#1523=CARTESIAN_POINT('Ctrl Pts',(37.9630270905844,66.2301208278361,-63.6896411852338));
#1524=CARTESIAN_POINT('Ctrl Pts',(38.2029178287361,70.2060439843295,-64.8892069001213));
#1525=CARTESIAN_POINT('Ctrl Pts',(38.399102763497,75.1347899001044,-65.7779647712351));
#1526=CARTESIAN_POINT('Ctrl Pts',(38.9445040864049,86.7296754639447,-67.1319685768089));
#1527=CARTESIAN_POINT('Ctrl Pts',(39.2243979037935,93.332520559825,-67.5864977208878));
#1528=CARTESIAN_POINT('Ctrl Pts',(39.7841855385706,115.224165562174,-68.4955560090457));
#1529=CARTESIAN_POINT('Ctrl Pts',(39.7841855385706,149.967984804531,-68.4955560090456));
#1530=CARTESIAN_POINT('Ctrl Pts',(39.7841855385706,184.711804046887,-68.4955560090456));
#1531=CARTESIAN_POINT('Ctrl Pts',(39.2243979037934,206.603449049236,-67.5864977208878));
#1532=CARTESIAN_POINT('Ctrl Pts',(38.9445040864049,213.206294145116,-67.1319685768089));
#1533=CARTESIAN_POINT('Ctrl Pts',(38.399102763497,224.801179708957,-65.7779647712351));
#1534=CARTESIAN_POINT('Ctrl Pts',(38.2029178287361,229.729925624732,-64.8892069001213));
#1535=CARTESIAN_POINT('Ctrl Pts',(37.9630270905844,233.705848781225,-63.6896411852338));
#1536=CARTESIAN_POINT('Ctrl Pts',(34.3506366204291,65.2738303776863,-63.984100807352));
#1537=CARTESIAN_POINT('Ctrl Pts',(34.3506366204291,69.3453716951499,-65.2378041331473));
#1538=CARTESIAN_POINT('Ctrl Pts',(34.5146254924312,74.3832385535873,-66.1823471868538));
#1539=CARTESIAN_POINT('Ctrl Pts',(34.8782263743698,86.2751822762214,-67.5864977208878));
#1540=CARTESIAN_POINT('Ctrl Pts',(35.047972974455,93.0568850559837,-68.0497948265406));
#1541=CARTESIAN_POINT('Ctrl Pts',(35.4380140091469,115.224165562174,-68.9970373393638));
#1542=CARTESIAN_POINT('Ctrl Pts',(35.4380140091469,149.967984804531,-68.9970373393638));
#1543=CARTESIAN_POINT('Ctrl Pts',(35.4380140091469,184.711804046887,-68.9970373393638));
#1544=CARTESIAN_POINT('Ctrl Pts',(35.047972974455,206.879084553077,-68.0497948265406));
#1545=CARTESIAN_POINT('Ctrl Pts',(34.8782263743698,213.66078733284,-67.5864977208878));
#1546=CARTESIAN_POINT('Ctrl Pts',(34.5146254924312,225.552731055474,-66.1823471868538));
#1547=CARTESIAN_POINT('Ctrl Pts',(34.3506366204291,230.590597913911,-65.2378041331473));
#1548=CARTESIAN_POINT('Ctrl Pts',(34.3506366204291,234.662139231375,-63.984100807352));
#1549=CARTESIAN_POINT('Ctrl Pts',(21.3965367602396,63.1084366986403,-64.6508658099401));
#1550=CARTESIAN_POINT('Ctrl Pts',(21.3965367602396,67.4514141039348,-65.9881493574551));
#1551=CARTESIAN_POINT('Ctrl Pts',(21.3965367602396,72.880135860553,-66.9911120180913));
#1552=CARTESIAN_POINT('Ctrl Pts',(21.3965367602396,85.3661959007747,-68.4955560090457));
#1553=CARTESIAN_POINT('Ctrl Pts',(21.3965367602396,92.4235341843783,-68.9970373393638));
#1554=CARTESIAN_POINT('Ctrl Pts',(21.3965367602396,115.224165562174,-70.));
#1555=CARTESIAN_POINT('Ctrl Pts',(21.3965367602396,149.96798480453,-70.));
#1556=CARTESIAN_POINT('Ctrl Pts',(21.3965367602396,184.711804046887,-70.));
#1557=CARTESIAN_POINT('Ctrl Pts',(21.3965367602396,207.512435424683,-68.9970373393638));
#1558=CARTESIAN_POINT('Ctrl Pts',(21.3965367602396,214.569773708286,-68.4955560090456));
#1559=CARTESIAN_POINT('Ctrl Pts',(21.3965367602396,227.055833748508,-66.9911120180913));
#1560=CARTESIAN_POINT('Ctrl Pts',(21.3965367602396,232.484555505126,-65.9881493574551));
#1561=CARTESIAN_POINT('Ctrl Pts',(21.3965367602396,236.827532910421,-64.6508658099401));
#1562=CARTESIAN_POINT('Ctrl Pts',(-4.44089209850063E-15,63.1084366986403,
-64.6508658099401));
#1563=CARTESIAN_POINT('Ctrl Pts',(-4.44089209850063E-15,67.4514141039348,
-65.9881493574551));
#1564=CARTESIAN_POINT('Ctrl Pts',(-4.44089209850063E-15,72.880135860553,
-66.9911120180913));
#1565=CARTESIAN_POINT('Ctrl Pts',(0.,85.3661959007747,-68.4955560090456));
#1566=CARTESIAN_POINT('Ctrl Pts',(4.44089209850063E-15,92.4235341843782,
-68.9970373393638));
#1567=CARTESIAN_POINT('Ctrl Pts',(4.44089209850063E-15,115.224165562174,
-70.));
#1568=CARTESIAN_POINT('Ctrl Pts',(-2.66453525910038E-14,149.967984804531,
-70.));
#1569=CARTESIAN_POINT('Ctrl Pts',(8.88178419700125E-15,184.711804046887,
-70.));
#1570=CARTESIAN_POINT('Ctrl Pts',(0.,207.512435424683,-68.9970373393638));
#1571=CARTESIAN_POINT('Ctrl Pts',(0.,214.569773708286,-68.4955560090456));
#1572=CARTESIAN_POINT('Ctrl Pts',(-4.44089209850063E-15,227.055833748508,
-66.9911120180913));
#1573=CARTESIAN_POINT('Ctrl Pts',(-4.44089209850063E-15,232.484555505126,
-65.9881493574551));
#1574=CARTESIAN_POINT('Ctrl Pts',(-4.44089209850063E-15,236.827532910421,
-64.6508658099401));
#1575=CARTESIAN_POINT('Ctrl Pts',(-21.3965367602396,63.1084366986403,-64.6508658099401));
#1576=CARTESIAN_POINT('Ctrl Pts',(-21.3965367602396,67.4514141039348,-65.9881493574551));
#1577=CARTESIAN_POINT('Ctrl Pts',(-21.3965367602396,72.880135860553,-66.9911120180913));
#1578=CARTESIAN_POINT('Ctrl Pts',(-21.3965367602396,85.3661959007747,-68.4955560090457));
#1579=CARTESIAN_POINT('Ctrl Pts',(-21.3965367602396,92.4235341843783,-68.9970373393638));
#1580=CARTESIAN_POINT('Ctrl Pts',(-21.3965367602396,115.224165562174,-70.));
#1581=CARTESIAN_POINT('Ctrl Pts',(-21.3965367602396,149.96798480453,-70.));
#1582=CARTESIAN_POINT('Ctrl Pts',(-21.3965367602396,184.711804046887,-70.));
#1583=CARTESIAN_POINT('Ctrl Pts',(-21.3965367602396,207.512435424683,-68.9970373393638));
#1584=CARTESIAN_POINT('Ctrl Pts',(-21.3965367602396,214.569773708286,-68.4955560090456));
#1585=CARTESIAN_POINT('Ctrl Pts',(-21.3965367602396,227.055833748508,-66.9911120180913));
#1586=CARTESIAN_POINT('Ctrl Pts',(-21.3965367602396,232.484555505126,-65.9881493574551));
#1587=CARTESIAN_POINT('Ctrl Pts',(-21.3965367602396,236.827532910421,-64.6508658099401));
#1588=CARTESIAN_POINT('Ctrl Pts',(-34.3506366204291,65.2738303776863,-63.984100807352));
#1589=CARTESIAN_POINT('Ctrl Pts',(-34.3506366204291,69.3453716951499,-65.2378041331473));
#1590=CARTESIAN_POINT('Ctrl Pts',(-34.5146254924312,74.3832385535873,-66.1823471868538));
#1591=CARTESIAN_POINT('Ctrl Pts',(-34.8782263743698,86.2751822762214,-67.5864977208878));
#1592=CARTESIAN_POINT('Ctrl Pts',(-35.047972974455,93.0568850559837,-68.0497948265406));
#1593=CARTESIAN_POINT('Ctrl Pts',(-35.4380140091469,115.224165562174,-68.9970373393638));
#1594=CARTESIAN_POINT('Ctrl Pts',(-35.4380140091469,149.967984804531,-68.9970373393638));
#1595=CARTESIAN_POINT('Ctrl Pts',(-35.4380140091469,184.711804046887,-68.9970373393638));
#1596=CARTESIAN_POINT('Ctrl Pts',(-35.047972974455,206.879084553077,-68.0497948265406));
#1597=CARTESIAN_POINT('Ctrl Pts',(-34.8782263743698,213.66078733284,-67.5864977208878));
#1598=CARTESIAN_POINT('Ctrl Pts',(-34.5146254924312,225.552731055474,-66.1823471868538));
#1599=CARTESIAN_POINT('Ctrl Pts',(-34.3506366204291,230.590597913911,-65.2378041331474));
#1600=CARTESIAN_POINT('Ctrl Pts',(-34.3506366204291,234.662139231375,-63.9841008073521));
#1601=CARTESIAN_POINT('Ctrl Pts',(-37.9630270905844,66.2301208278361,-63.6896411852338));
#1602=CARTESIAN_POINT('Ctrl Pts',(-38.2029178287361,70.2060439843295,-64.8892069001213));
#1603=CARTESIAN_POINT('Ctrl Pts',(-38.399102763497,75.1347899001044,-65.7779647712351));
#1604=CARTESIAN_POINT('Ctrl Pts',(-38.9445040864049,86.7296754639447,-67.1319685768089));
#1605=CARTESIAN_POINT('Ctrl Pts',(-39.2243979037934,93.332520559825,-67.5864977208878));
#1606=CARTESIAN_POINT('Ctrl Pts',(-39.7841855385706,115.224165562174,-68.4955560090457));
#1607=CARTESIAN_POINT('Ctrl Pts',(-39.7841855385706,149.967984804531,-68.4955560090456));
#1608=CARTESIAN_POINT('Ctrl Pts',(-39.7841855385706,184.711804046887,-68.4955560090456));
#1609=CARTESIAN_POINT('Ctrl Pts',(-39.2243979037934,206.603449049236,-67.5864977208878));
#1610=CARTESIAN_POINT('Ctrl Pts',(-38.9445040864049,213.206294145116,-67.1319685768089));
#1611=CARTESIAN_POINT('Ctrl Pts',(-38.399102763497,224.801179708957,-65.7779647712351));
#1612=CARTESIAN_POINT('Ctrl Pts',(-38.2029178287361,229.729925624732,-64.8892069001213));
#1613=CARTESIAN_POINT('Ctrl Pts',(-37.9630270905844,233.705848781225,-63.6896411852338));
#1614=CARTESIAN_POINT('Ctrl Pts',(-43.7765223977459,68.6116868424048,-62.9563126984862));
#1615=CARTESIAN_POINT('Ctrl Pts',(-44.5055475441212,72.3614657264406,-63.8911915555723));
#1616=CARTESIAN_POINT('Ctrl Pts',(-45.0453379677757,76.8231063786207,-64.6279509667351));
#1617=CARTESIAN_POINT('Ctrl Pts',(-46.0850660800914,87.6153012635772,-65.7779647712351));
#1618=CARTESIAN_POINT('Ctrl Pts',(-46.5478993656548,93.9229377595799,-66.1823471868538));
#1619=CARTESIAN_POINT('Ctrl Pts',(-47.4735659367817,115.224165562174,-66.9911120180913));
#1620=CARTESIAN_POINT('Ctrl Pts',(-47.4735659367817,149.96798480453,-66.9911120180913));
#1621=CARTESIAN_POINT('Ctrl Pts',(-47.4735659367817,184.711804046887,-66.9911120180913));
#1622=CARTESIAN_POINT('Ctrl Pts',(-46.5478993656548,206.013031849481,-66.1823471868538));
#1623=CARTESIAN_POINT('Ctrl Pts',(-46.0850660800914,212.320668345484,-65.7779647712351));
#1624=CARTESIAN_POINT('Ctrl Pts',(-45.0453379677757,223.11286323044,-64.6279509667351));
#1625=CARTESIAN_POINT('Ctrl Pts',(-44.5055475441212,227.57450388262,-63.8911915555723));
#1626=CARTESIAN_POINT('Ctrl Pts',(-43.7765223977459,231.324282766656,-62.9563126984862));
#1627=CARTESIAN_POINT('Ctrl Pts',(-45.9776272347522,70.0369624068237,-62.5174438338568));
#1628=CARTESIAN_POINT('Ctrl Pts',(-46.8315833179647,73.9225909230171,-63.3611946705661));
#1629=CARTESIAN_POINT('Ctrl Pts',(-47.7929823058792,77.6996211678298,-63.8911915555723));
#1630=CARTESIAN_POINT('Ctrl Pts',(-49.1203712212198,87.9338674870641,-64.8892069001214));
#1631=CARTESIAN_POINT('Ctrl Pts',(-49.6504052438324,94.189223831501,-65.2378041331474));
#1632=CARTESIAN_POINT('Ctrl Pts',(-50.8167748055691,115.224165562174,-65.9881493574551));
#1633=CARTESIAN_POINT('Ctrl Pts',(-50.8167748055691,149.967984804531,-65.9881493574551));
#1634=CARTESIAN_POINT('Ctrl Pts',(-50.8167748055691,184.711804046887,-65.9881493574551));
#1635=CARTESIAN_POINT('Ctrl Pts',(-49.6504052438324,205.74674577756,-65.2378041331473));
#1636=CARTESIAN_POINT('Ctrl Pts',(-49.1203712212198,212.002102121997,-64.8892069001213));
#1637=CARTESIAN_POINT('Ctrl Pts',(-47.7929823058792,222.236348441231,-63.8911915555723));
#1638=CARTESIAN_POINT('Ctrl Pts',(-46.8315833179647,226.013378686044,-63.3611946705661));
#1639=CARTESIAN_POINT('Ctrl Pts',(-45.9776272347522,229.899007202237,-62.5174438338568));
#1640=CARTESIAN_POINT('Ctrl Pts',(-48.1422077105392,71.7943915092293,-61.9762987149101));
#1641=CARTESIAN_POINT('Ctrl Pts',(-49.2244979484326,75.3092497140406,-62.5174438338569));
#1642=CARTESIAN_POINT('Ctrl Pts',(-50.1022356776913,78.8834163863094,-62.9563126984862));
#1643=CARTESIAN_POINT('Ctrl Pts',(-51.5688926511865,88.3234034450396,-63.6896411852338));
#1644=CARTESIAN_POINT('Ctrl Pts',(-52.157811895423,94.189223831501,-63.9841008073521));
#1645=CARTESIAN_POINT('Ctrl Pts',(-53.4913419005991,115.224165562174,-64.6508658099401));
#1646=CARTESIAN_POINT('Ctrl Pts',(-53.4913419005991,149.96798480453,-64.6508658099401));
#1647=CARTESIAN_POINT('Ctrl Pts',(-53.4913419005991,184.711804046887,-64.6508658099401));
#1648=CARTESIAN_POINT('Ctrl Pts',(-52.157811895423,205.74674577756,-63.984100807352));
#1649=CARTESIAN_POINT('Ctrl Pts',(-51.5688926511865,211.612566164022,-63.6896411852338));
#1650=CARTESIAN_POINT('Ctrl Pts',(-50.1022356776913,221.052553222752,-62.9563126984862));
#1651=CARTESIAN_POINT('Ctrl Pts',(-49.2244979484326,224.626719895021,-62.5174438338569));
#1652=CARTESIAN_POINT('Ctrl Pts',(-48.1422077105392,228.141578099832,-61.9762987149101));
#1653=CARTESIAN_POINT('',(48.1422077105392,71.7943915092293,-61.9762987149101));
#1654=CARTESIAN_POINT('Ctrl Pts',(-48.1422077105392,71.7943915092293,-61.9762987149101));
#1655=CARTESIAN_POINT('Ctrl Pts',(-45.9776272347522,70.0369624068237,-62.5174438338568));
#1656=CARTESIAN_POINT('Ctrl Pts',(-43.7765223977459,68.6116868424048,-62.9563126984862));
#1657=CARTESIAN_POINT('Ctrl Pts',(-37.9630270905844,66.2301208278361,-63.6896411852338));
#1658=CARTESIAN_POINT('Ctrl Pts',(-34.3506366204291,65.2738303776863,-63.984100807352));
#1659=CARTESIAN_POINT('Ctrl Pts',(-21.3965367602396,63.1084366986403,-64.6508658099401));
#1660=CARTESIAN_POINT('Ctrl Pts',(-4.44089209850063E-15,63.1084366986403,
-64.6508658099401));
#1661=CARTESIAN_POINT('Ctrl Pts',(21.3965367602396,63.1084366986403,-64.6508658099401));
#1662=CARTESIAN_POINT('Ctrl Pts',(34.3506366204291,65.2738303776863,-63.984100807352));
#1663=CARTESIAN_POINT('Ctrl Pts',(37.9630270905844,66.2301208278361,-63.6896411852338));
#1664=CARTESIAN_POINT('Ctrl Pts',(43.7765223977459,68.6116868424048,-62.9563126984862));
#1665=CARTESIAN_POINT('Ctrl Pts',(45.9776272347522,70.0369624068237,-62.5174438338569));
#1666=CARTESIAN_POINT('Ctrl Pts',(48.1422077105392,71.7943915092293,-61.9762987149101));
#1667=CARTESIAN_POINT('Ctrl Pts',(48.1422077105392,71.7943915092293,-61.9762987149101));
#1668=CARTESIAN_POINT('Ctrl Pts',(49.2244979484326,75.3092497140406,-62.5174438338569));
#1669=CARTESIAN_POINT('Ctrl Pts',(50.1022356776913,78.8834163863094,-62.9563126984862));
#1670=CARTESIAN_POINT('Ctrl Pts',(51.5688926511865,88.3234034450395,-63.6896411852338));
#1671=CARTESIAN_POINT('Ctrl Pts',(52.157811895423,94.189223831501,-63.984100807352));
#1672=CARTESIAN_POINT('Ctrl Pts',(53.4913419005991,115.224165562174,-64.6508658099401));
#1673=CARTESIAN_POINT('Ctrl Pts',(53.4913419005991,149.967984804531,-64.6508658099401));
#1674=CARTESIAN_POINT('Ctrl Pts',(53.4913419005991,184.711804046887,-64.6508658099401));
#1675=CARTESIAN_POINT('Ctrl Pts',(52.157811895423,205.74674577756,-63.9841008073521));
#1676=CARTESIAN_POINT('Ctrl Pts',(51.5688926511865,211.612566164022,-63.6896411852338));
#1677=CARTESIAN_POINT('Ctrl Pts',(50.1022356776913,221.052553222752,-62.9563126984862));
#1678=CARTESIAN_POINT('Ctrl Pts',(49.2244979484326,224.62671989502,-62.5174438338568));
#1679=CARTESIAN_POINT('Ctrl Pts',(48.1422077105392,228.141578099832,-61.9762987149101));
#1680=CARTESIAN_POINT('Ctrl Pts',(48.1422077105392,71.7943915092293,-13.834091004371));
#1681=CARTESIAN_POINT('Ctrl Pts',(49.2244979484326,75.3092497140406,-13.2929458854242));
#1682=CARTESIAN_POINT('Ctrl Pts',(50.1022356776913,78.8834163863094,-12.8540770207949));
#1683=CARTESIAN_POINT('Ctrl Pts',(51.5688926511865,88.3234034450396,-12.1207485340473));
#1684=CARTESIAN_POINT('Ctrl Pts',(52.157811895423,94.189223831501,-11.8262889119291));
#1685=CARTESIAN_POINT('Ctrl Pts',(53.4913419005991,115.224165562174,-11.159523909341));
#1686=CARTESIAN_POINT('Ctrl Pts',(53.4913419005991,149.967984804531,-11.159523909341));
#1687=CARTESIAN_POINT('Ctrl Pts',(53.4913419005991,184.711804046887,-11.159523909341));
#1688=CARTESIAN_POINT('Ctrl Pts',(52.157811895423,205.74674577756,-11.8262889119291));
#1689=CARTESIAN_POINT('Ctrl Pts',(51.5688926511865,211.612566164022,-12.1207485340473));
#1690=CARTESIAN_POINT('Ctrl Pts',(50.1022356776913,221.052553222752,-12.8540770207949));
#1691=CARTESIAN_POINT('Ctrl Pts',(49.2244979484326,224.62671989502,-13.2929458854242));
#1692=CARTESIAN_POINT('Ctrl Pts',(48.1422077105392,228.141578099832,-13.834091004371));
#1693=CARTESIAN_POINT('Ctrl Pts',(49.2244979484326,70.0369624068237,-14.9163812422644));
#1694=CARTESIAN_POINT('Ctrl Pts',(50.9119996218511,73.9225909230171,-14.4894032006582));
#1695=CARTESIAN_POINT('Ctrl Pts',(51.9719933918635,77.6996211678298,-14.008703706701));
#1696=CARTESIAN_POINT('Ctrl Pts',(53.9680240809616,87.9338674870641,-13.3450092490307));
#1697=CARTESIAN_POINT('Ctrl Pts',(54.6652185470136,94.189223831501,-13.0799922377244));
#1698=CARTESIAN_POINT('Ctrl Pts',(56.165908995629,115.224165562174,-12.496807456856));
#1699=CARTESIAN_POINT('Ctrl Pts',(56.165908995629,149.967984804531,-12.496807456856));
#1700=CARTESIAN_POINT('Ctrl Pts',(56.165908995629,184.711804046887,-12.496807456856));
#1701=CARTESIAN_POINT('Ctrl Pts',(54.6652185470136,205.74674577756,-13.0799922377244));
#1702=CARTESIAN_POINT('Ctrl Pts',(53.9680240809616,212.002102121997,-13.3450092490307));
#1703=CARTESIAN_POINT('Ctrl Pts',(51.9719933918635,222.236348441231,-14.008703706701));
#1704=CARTESIAN_POINT('Ctrl Pts',(50.9119996218511,226.013378686044,-14.4894032006582));
#1705=CARTESIAN_POINT('Ctrl Pts',(49.2244979484326,229.899007202237,-14.9163812422644));
#1706=CARTESIAN_POINT('Ctrl Pts',(50.1022356776913,68.6116868424048,-16.0169336607676));
#1707=CARTESIAN_POINT('Ctrl Pts',(51.9719933918635,72.3614657264406,-15.6524210875799));
#1708=CARTESIAN_POINT('Ctrl Pts',(53.4455122141891,76.8231063786207,-15.3825258757527));
#1709=CARTESIAN_POINT('Ctrl Pts',(55.745539823189,87.6153012635772,-14.8626618195949));
#1710=CARTESIAN_POINT('Ctrl Pts',(56.5543046544265,93.9229377595799,-14.6312451768131));
#1711=CARTESIAN_POINT('Ctrl Pts',(58.1718343169015,115.224165562174,-14.1684118912497));
#1712=CARTESIAN_POINT('Ctrl Pts',(58.1718343169015,149.967984804531,-14.1684118912497));
#1713=CARTESIAN_POINT('Ctrl Pts',(58.1718343169015,184.711804046887,-14.1684118912497));
#1714=CARTESIAN_POINT('Ctrl Pts',(56.5543046544265,206.013031849481,-14.6312451768131));
#1715=CARTESIAN_POINT('Ctrl Pts',(55.745539823189,212.320668345484,-14.8626618195949));
#1716=CARTESIAN_POINT('Ctrl Pts',(53.4455122141891,223.11286323044,-15.3825258757527));
#1717=CARTESIAN_POINT('Ctrl Pts',(51.9719933918635,227.574503882621,-15.6524210875799));
#1718=CARTESIAN_POINT('Ctrl Pts',(50.1022356776913,231.324282766656,-16.0169336607676));
#1719=CARTESIAN_POINT('Ctrl Pts',(51.5688926511865,66.2301208278361,-18.9236813143484));
#1720=CARTESIAN_POINT('Ctrl Pts',(53.9680240809616,70.2060439843295,-18.8037359452725));
#1721=CARTESIAN_POINT('Ctrl Pts',(55.745539823189,75.1347899001044,-18.7056434778921));
#1722=CARTESIAN_POINT('Ctrl Pts',(58.4535474343366,86.7296754639447,-18.4329428164381));
#1723=CARTESIAN_POINT('Ctrl Pts',(59.3626057224945,93.332520559825,-18.2929959077438));
#1724=CARTESIAN_POINT('Ctrl Pts',(61.1807222988102,115.224165562174,-18.0131020903553));
#1725=CARTESIAN_POINT('Ctrl Pts',(61.1807222988102,149.967984804531,-18.0131020903553));
#1726=CARTESIAN_POINT('Ctrl Pts',(61.1807222988102,184.711804046887,-18.0131020903553));
#1727=CARTESIAN_POINT('Ctrl Pts',(59.3626057224945,206.603449049236,-18.2929959077438));
#1728=CARTESIAN_POINT('Ctrl Pts',(58.4535474343366,213.206294145116,-18.4329428164381));
#1729=CARTESIAN_POINT('Ctrl Pts',(55.7455398231891,224.801179708957,-18.705643477892));
#1730=CARTESIAN_POINT('Ctrl Pts',(53.9680240809616,229.729925624732,-18.8037359452725));
#1731=CARTESIAN_POINT('Ctrl Pts',(51.5688926511865,233.705848781225,-18.9236813143484));
#1732=CARTESIAN_POINT('Ctrl Pts',(52.157811895423,65.2738303776863,-20.729876549426));
#1733=CARTESIAN_POINT('Ctrl Pts',(54.6652185470136,69.3453716951499,-20.729876549426));
#1734=CARTESIAN_POINT('Ctrl Pts',(56.5543046544265,74.3832385535873,-20.647882113425));
#1735=CARTESIAN_POINT('Ctrl Pts',(59.3626057224945,86.2751822762214,-20.4660816724557));
#1736=CARTESIAN_POINT('Ctrl Pts',(60.2891999338002,93.0568850559837,-20.381208372413));
#1737=CARTESIAN_POINT('Ctrl Pts',(62.1836849594464,115.224165562174,-20.1861878550671));
#1738=CARTESIAN_POINT('Ctrl Pts',(62.1836849594464,149.967984804531,-20.1861878550671));
#1739=CARTESIAN_POINT('Ctrl Pts',(62.1836849594464,184.711804046887,-20.1861878550671));
#1740=CARTESIAN_POINT('Ctrl Pts',(60.2891999338002,206.879084553077,-20.381208372413));
#1741=CARTESIAN_POINT('Ctrl Pts',(59.3626057224945,213.66078733284,-20.4660816724557));
#1742=CARTESIAN_POINT('Ctrl Pts',(56.5543046544265,225.552731055474,-20.647882113425));
#1743=CARTESIAN_POINT('Ctrl Pts',(54.6652185470136,230.590597913911,-20.729876549426));
#1744=CARTESIAN_POINT('Ctrl Pts',(52.157811895423,234.662139231375,-20.729876549426));
#1745=CARTESIAN_POINT('Ctrl Pts',(53.4913419005991,63.1084366986403,-27.2069264795207));
#1746=CARTESIAN_POINT('Ctrl Pts',(56.165908995629,67.4514141039348,-27.2069264795207));
#1747=CARTESIAN_POINT('Ctrl Pts',(58.1718343169015,72.880135860553,-27.2069264795207));
#1748=CARTESIAN_POINT('Ctrl Pts',(61.1807222988102,85.3661959007747,-27.2069264795207));
#1749=CARTESIAN_POINT('Ctrl Pts',(62.1836849594464,92.4235341843783,-27.2069264795207));
#1750=CARTESIAN_POINT('Ctrl Pts',(64.1896102807189,115.224165562174,-27.2069264795207));
#1751=CARTESIAN_POINT('Ctrl Pts',(64.1896102807189,149.967984804531,-27.2069264795207));
#1752=CARTESIAN_POINT('Ctrl Pts',(64.1896102807189,184.711804046887,-27.2069264795207));
#1753=CARTESIAN_POINT('Ctrl Pts',(62.1836849594464,207.512435424683,-27.2069264795207));
#1754=CARTESIAN_POINT('Ctrl Pts',(61.1807222988102,214.569773708286,-27.2069264795207));
#1755=CARTESIAN_POINT('Ctrl Pts',(58.1718343169015,227.055833748508,-27.2069264795207));
#1756=CARTESIAN_POINT('Ctrl Pts',(56.165908995629,232.484555505126,-27.2069264795207));
#1757=CARTESIAN_POINT('Ctrl Pts',(53.4913419005991,236.827532910421,-27.2069264795207));
#1758=CARTESIAN_POINT('Ctrl Pts',(53.4913419005991,63.1084366986403,-37.9051948596406));
#1759=CARTESIAN_POINT('Ctrl Pts',(56.165908995629,67.4514141039348,-37.9051948596406));
#1760=CARTESIAN_POINT('Ctrl Pts',(58.1718343169015,72.880135860553,-37.9051948596405));
#1761=CARTESIAN_POINT('Ctrl Pts',(61.1807222988102,85.3661959007747,-37.9051948596406));
#1762=CARTESIAN_POINT('Ctrl Pts',(62.1836849594464,92.4235341843782,-37.9051948596406));
#1763=CARTESIAN_POINT('Ctrl Pts',(64.1896102807189,115.224165562174,-37.9051948596405));
#1764=CARTESIAN_POINT('Ctrl Pts',(64.1896102807189,149.967984804531,-37.9051948596406));
#1765=CARTESIAN_POINT('Ctrl Pts',(64.1896102807189,184.711804046887,-37.9051948596406));
#1766=CARTESIAN_POINT('Ctrl Pts',(62.1836849594464,207.512435424683,-37.9051948596405));
#1767=CARTESIAN_POINT('Ctrl Pts',(61.1807222988102,214.569773708286,-37.9051948596406));
#1768=CARTESIAN_POINT('Ctrl Pts',(58.1718343169015,227.055833748508,-37.9051948596405));
#1769=CARTESIAN_POINT('Ctrl Pts',(56.165908995629,232.484555505126,-37.9051948596405));
#1770=CARTESIAN_POINT('Ctrl Pts',(53.4913419005991,236.827532910421,-37.9051948596406));
#1771=CARTESIAN_POINT('Ctrl Pts',(53.4913419005991,63.1084366986403,-48.6034632397604));
#1772=CARTESIAN_POINT('Ctrl Pts',(56.165908995629,67.4514141039348,-48.6034632397604));
#1773=CARTESIAN_POINT('Ctrl Pts',(58.1718343169015,72.880135860553,-48.6034632397604));
#1774=CARTESIAN_POINT('Ctrl Pts',(61.1807222988102,85.3661959007747,-48.6034632397604));
#1775=CARTESIAN_POINT('Ctrl Pts',(62.1836849594464,92.4235341843783,-48.6034632397604));
#1776=CARTESIAN_POINT('Ctrl Pts',(64.1896102807189,115.224165562174,-48.6034632397604));
#1777=CARTESIAN_POINT('Ctrl Pts',(64.1896102807189,149.967984804531,-48.6034632397604));
#1778=CARTESIAN_POINT('Ctrl Pts',(64.1896102807189,184.711804046887,-48.6034632397604));
#1779=CARTESIAN_POINT('Ctrl Pts',(62.1836849594464,207.512435424683,-48.6034632397604));
#1780=CARTESIAN_POINT('Ctrl Pts',(61.1807222988102,214.569773708286,-48.6034632397604));
#1781=CARTESIAN_POINT('Ctrl Pts',(58.1718343169015,227.055833748508,-48.6034632397604));
#1782=CARTESIAN_POINT('Ctrl Pts',(56.165908995629,232.484555505126,-48.6034632397604));
#1783=CARTESIAN_POINT('Ctrl Pts',(53.4913419005991,236.827532910421,-48.6034632397604));
#1784=CARTESIAN_POINT('Ctrl Pts',(52.157811895423,65.2738303776863,-55.0805131698551));
#1785=CARTESIAN_POINT('Ctrl Pts',(54.6652185470136,69.3453716951499,-55.0805131698551));
#1786=CARTESIAN_POINT('Ctrl Pts',(56.5543046544265,74.3832385535873,-55.1625076058561));
#1787=CARTESIAN_POINT('Ctrl Pts',(59.3626057224945,86.2751822762214,-55.3443080468254));
#1788=CARTESIAN_POINT('Ctrl Pts',(60.2891999338002,93.0568850559837,-55.4291813468681));
#1789=CARTESIAN_POINT('Ctrl Pts',(62.1836849594464,115.224165562174,-55.624201864214));
#1790=CARTESIAN_POINT('Ctrl Pts',(62.1836849594464,149.967984804531,-55.624201864214));
#1791=CARTESIAN_POINT('Ctrl Pts',(62.1836849594464,184.711804046887,-55.624201864214));
#1792=CARTESIAN_POINT('Ctrl Pts',(60.2891999338002,206.879084553077,-55.4291813468681));
#1793=CARTESIAN_POINT('Ctrl Pts',(59.3626057224945,213.66078733284,-55.3443080468254));
#1794=CARTESIAN_POINT('Ctrl Pts',(56.5543046544265,225.552731055474,-55.1625076058561));
#1795=CARTESIAN_POINT('Ctrl Pts',(54.6652185470136,230.590597913911,-55.0805131698551));
#1796=CARTESIAN_POINT('Ctrl Pts',(52.157811895423,234.662139231375,-55.0805131698551));
#1797=CARTESIAN_POINT('Ctrl Pts',(51.5688926511865,66.2301208278361,-56.8867084049327));
#1798=CARTESIAN_POINT('Ctrl Pts',(53.9680240809615,70.2060439843295,-57.0066537740086));
#1799=CARTESIAN_POINT('Ctrl Pts',(55.745539823189,75.1347899001044,-57.104746241389));
#1800=CARTESIAN_POINT('Ctrl Pts',(58.4535474343366,86.7296754639447,-57.377446902843));
#1801=CARTESIAN_POINT('Ctrl Pts',(59.3626057224945,93.332520559825,-57.5173938115373));
#1802=CARTESIAN_POINT('Ctrl Pts',(61.1807222988102,115.224165562174,-57.7972876289258));
#1803=CARTESIAN_POINT('Ctrl Pts',(61.1807222988102,149.967984804531,-57.7972876289258));
#1804=CARTESIAN_POINT('Ctrl Pts',(61.1807222988102,184.711804046887,-57.7972876289259));
#1805=CARTESIAN_POINT('Ctrl Pts',(59.3626057224945,206.603449049236,-57.5173938115373));
#1806=CARTESIAN_POINT('Ctrl Pts',(58.4535474343366,213.206294145116,-57.377446902843));
#1807=CARTESIAN_POINT('Ctrl Pts',(55.7455398231891,224.801179708957,-57.1047462413891));
#1808=CARTESIAN_POINT('Ctrl Pts',(53.9680240809616,229.729925624732,-57.0066537740086));
#1809=CARTESIAN_POINT('Ctrl Pts',(51.5688926511865,233.705848781225,-56.8867084049328));
#1810=CARTESIAN_POINT('Ctrl Pts',(50.1022356776913,68.6116868424048,-59.7934560585135));
#1811=CARTESIAN_POINT('Ctrl Pts',(51.9719933918635,72.3614657264406,-60.1579686317012));
#1812=CARTESIAN_POINT('Ctrl Pts',(53.4455122141891,76.8231063786207,-60.4278638435284));
#1813=CARTESIAN_POINT('Ctrl Pts',(55.7455398231891,87.6153012635772,-60.9477278996862));
#1814=CARTESIAN_POINT('Ctrl Pts',(56.5543046544265,93.92293775958,-61.179144542468));
#1815=CARTESIAN_POINT('Ctrl Pts',(58.1718343169015,115.224165562174,-61.6419778280314));
#1816=CARTESIAN_POINT('Ctrl Pts',(58.1718343169015,149.967984804531,-61.6419778280314));
#1817=CARTESIAN_POINT('Ctrl Pts',(58.1718343169015,184.711804046887,-61.6419778280314));
#1818=CARTESIAN_POINT('Ctrl Pts',(56.5543046544265,206.013031849481,-61.179144542468));
#1819=CARTESIAN_POINT('Ctrl Pts',(55.745539823189,212.320668345484,-60.9477278996862));
#1820=CARTESIAN_POINT('Ctrl Pts',(53.4455122141891,223.11286323044,-60.4278638435284));
#1821=CARTESIAN_POINT('Ctrl Pts',(51.9719933918635,227.574503882621,-60.1579686317012));
#1822=CARTESIAN_POINT('Ctrl Pts',(50.1022356776913,231.324282766656,-59.7934560585136));
#1823=CARTESIAN_POINT('Ctrl Pts',(49.2244979484326,70.0369624068237,-60.8940084770166));
#1824=CARTESIAN_POINT('Ctrl Pts',(50.9119996218511,73.9225909230171,-61.3209865186229));
#1825=CARTESIAN_POINT('Ctrl Pts',(51.9719933918635,77.6996211678298,-61.8016860125802));
#1826=CARTESIAN_POINT('Ctrl Pts',(53.9680240809616,87.9338674870641,-62.4653804702504));
#1827=CARTESIAN_POINT('Ctrl Pts',(54.6652185470136,94.189223831501,-62.7303974815568));
#1828=CARTESIAN_POINT('Ctrl Pts',(56.165908995629,115.224165562174,-63.3135822624251));
#1829=CARTESIAN_POINT('Ctrl Pts',(56.165908995629,149.967984804531,-63.3135822624251));
#1830=CARTESIAN_POINT('Ctrl Pts',(56.165908995629,184.711804046887,-63.3135822624251));
#1831=CARTESIAN_POINT('Ctrl Pts',(54.6652185470136,205.74674577756,-62.7303974815568));
#1832=CARTESIAN_POINT('Ctrl Pts',(53.9680240809615,212.002102121997,-62.4653804702504));
#1833=CARTESIAN_POINT('Ctrl Pts',(51.9719933918635,222.236348441231,-61.8016860125801));
#1834=CARTESIAN_POINT('Ctrl Pts',(50.9119996218511,226.013378686044,-61.3209865186229));
#1835=CARTESIAN_POINT('Ctrl Pts',(49.2244979484326,229.899007202237,-60.8940084770166));
#1836=CARTESIAN_POINT('Ctrl Pts',(48.1422077105392,71.7943915092293,-61.9762987149101));
#1837=CARTESIAN_POINT('Ctrl Pts',(49.2244979484326,75.3092497140406,-62.5174438338569));
#1838=CARTESIAN_POINT('Ctrl Pts',(50.1022356776913,78.8834163863094,-62.9563126984862));
#1839=CARTESIAN_POINT('Ctrl Pts',(51.5688926511865,88.3234034450395,-63.6896411852338));
#1840=CARTESIAN_POINT('Ctrl Pts',(52.157811895423,94.189223831501,-63.984100807352));
#1841=CARTESIAN_POINT('Ctrl Pts',(53.4913419005991,115.224165562174,-64.6508658099401));
#1842=CARTESIAN_POINT('Ctrl Pts',(53.4913419005991,149.967984804531,-64.6508658099401));
#1843=CARTESIAN_POINT('Ctrl Pts',(53.4913419005991,184.711804046887,-64.6508658099401));
#1844=CARTESIAN_POINT('Ctrl Pts',(52.157811895423,205.74674577756,-63.9841008073521));
#1845=CARTESIAN_POINT('Ctrl Pts',(51.5688926511865,211.612566164022,-63.6896411852338));
#1846=CARTESIAN_POINT('Ctrl Pts',(50.1022356776913,221.052553222752,-62.9563126984862));
#1847=CARTESIAN_POINT('Ctrl Pts',(49.2244979484326,224.62671989502,-62.5174438338568));
#1848=CARTESIAN_POINT('Ctrl Pts',(48.1422077105392,228.141578099832,-61.9762987149101));
#1849=CARTESIAN_POINT('',(48.1422077105392,71.7943915092294,-13.834091004371));
#1850=CARTESIAN_POINT('Ctrl Pts',(48.1422077105392,71.7943915092293,-61.9762987149101));
#1851=CARTESIAN_POINT('Ctrl Pts',(49.2244979484326,70.0369624068237,-60.8940084770166));
#1852=CARTESIAN_POINT('Ctrl Pts',(50.1022356776913,68.6116868424048,-59.7934560585135));
#1853=CARTESIAN_POINT('Ctrl Pts',(51.5688926511865,66.2301208278361,-56.8867084049327));
#1854=CARTESIAN_POINT('Ctrl Pts',(52.157811895423,65.2738303776863,-55.0805131698551));
#1855=CARTESIAN_POINT('Ctrl Pts',(53.4913419005991,63.1084366986403,-48.6034632397604));
#1856=CARTESIAN_POINT('Ctrl Pts',(53.4913419005991,63.1084366986403,-37.9051948596406));
#1857=CARTESIAN_POINT('Ctrl Pts',(53.4913419005991,63.1084366986403,-27.2069264795207));
#1858=CARTESIAN_POINT('Ctrl Pts',(52.157811895423,65.2738303776863,-20.729876549426));
#1859=CARTESIAN_POINT('Ctrl Pts',(51.5688926511865,66.2301208278361,-18.9236813143484));
#1860=CARTESIAN_POINT('Ctrl Pts',(50.1022356776913,68.6116868424048,-16.0169336607676));
#1861=CARTESIAN_POINT('Ctrl Pts',(49.2244979484326,70.0369624068237,-14.9163812422644));
#1862=CARTESIAN_POINT('Ctrl Pts',(48.1422077105392,71.7943915092293,-13.834091004371));
#1863=CARTESIAN_POINT('Ctrl Pts',(48.1422077105392,71.7943915092293,-13.834091004371));
#1864=CARTESIAN_POINT('Ctrl Pts',(49.2244979484326,75.3092497140406,-13.2929458854242));
#1865=CARTESIAN_POINT('Ctrl Pts',(50.1022356776913,78.8834163863094,-12.8540770207949));
#1866=CARTESIAN_POINT('Ctrl Pts',(51.5688926511865,88.3234034450396,-12.1207485340473));
#1867=CARTESIAN_POINT('Ctrl Pts',(52.157811895423,94.189223831501,-11.8262889119291));
#1868=CARTESIAN_POINT('Ctrl Pts',(53.4913419005991,115.224165562174,-11.159523909341));
#1869=CARTESIAN_POINT('Ctrl Pts',(53.4913419005991,149.967984804531,-11.159523909341));
#1870=CARTESIAN_POINT('Ctrl Pts',(53.4913419005991,184.711804046887,-11.159523909341));
#1871=CARTESIAN_POINT('Ctrl Pts',(52.157811895423,205.74674577756,-11.8262889119291));
#1872=CARTESIAN_POINT('Ctrl Pts',(51.5688926511865,211.612566164022,-12.1207485340473));
#1873=CARTESIAN_POINT('Ctrl Pts',(50.1022356776913,221.052553222752,-12.8540770207949));
#1874=CARTESIAN_POINT('Ctrl Pts',(49.2244979484326,224.62671989502,-13.2929458854242));
#1875=CARTESIAN_POINT('Ctrl Pts',(48.1422077105392,228.141578099832,-13.834091004371));
#1876=CARTESIAN_POINT('Ctrl Pts',(48.1422077105392,71.7943915092293,-13.834091004371));
#1877=CARTESIAN_POINT('Ctrl Pts',(49.2244979484326,70.0369624068237,-14.9163812422644));
#1878=CARTESIAN_POINT('Ctrl Pts',(50.1022356776913,68.6116868424048,-16.0169336607676));
#1879=CARTESIAN_POINT('Ctrl Pts',(51.5688926511865,66.2301208278361,-18.9236813143484));
#1880=CARTESIAN_POINT('Ctrl Pts',(52.157811895423,65.2738303776863,-20.729876549426));
#1881=CARTESIAN_POINT('Ctrl Pts',(53.4913419005991,63.1084366986403,-27.2069264795207));
#1882=CARTESIAN_POINT('Ctrl Pts',(53.4913419005991,63.1084366986403,-37.9051948596406));
#1883=CARTESIAN_POINT('Ctrl Pts',(53.4913419005991,63.1084366986403,-48.6034632397604));
#1884=CARTESIAN_POINT('Ctrl Pts',(52.157811895423,65.2738303776863,-55.0805131698551));
#1885=CARTESIAN_POINT('Ctrl Pts',(51.5688926511865,66.2301208278361,-56.8867084049327));
#1886=CARTESIAN_POINT('Ctrl Pts',(50.1022356776913,68.6116868424048,-59.7934560585135));
#1887=CARTESIAN_POINT('Ctrl Pts',(49.2244979484326,70.0369624068237,-60.8940084770166));
#1888=CARTESIAN_POINT('Ctrl Pts',(48.1422077105392,71.7943915092293,-61.9762987149101));
#1889=CARTESIAN_POINT('Ctrl Pts',(45.9776272347522,70.0369624068237,-13.2929458854242));
#1890=CARTESIAN_POINT('Ctrl Pts',(46.8315833179647,67.2967875005102,-14.4894032006582));
#1891=CARTESIAN_POINT('Ctrl Pts',(47.7929823058792,65.575563530668,-15.6524210875799));
#1892=CARTESIAN_POINT('Ctrl Pts',(49.1203712212198,62.3343974372332,-18.8037359452725));
#1893=CARTESIAN_POINT('Ctrl Pts',(49.6504052438324,61.2022890602227,-20.729876549426));
#1894=CARTESIAN_POINT('Ctrl Pts',(50.8167748055691,58.7654592933458,-27.2069264795207));
#1895=CARTESIAN_POINT('Ctrl Pts',(50.8167748055691,58.7654592933458,-37.9051948596406));
#1896=CARTESIAN_POINT('Ctrl Pts',(50.8167748055691,58.7654592933458,-48.6034632397604));
#1897=CARTESIAN_POINT('Ctrl Pts',(49.6504052438324,61.2022890602226,-55.0805131698551));
#1898=CARTESIAN_POINT('Ctrl Pts',(49.1203712212197,62.3343974372332,-57.0066537740086));
#1899=CARTESIAN_POINT('Ctrl Pts',(47.7929823058791,65.5755635306679,-60.1579686317012));
#1900=CARTESIAN_POINT('Ctrl Pts',(46.8315833179647,67.2967875005102,-61.3209865186229));
#1901=CARTESIAN_POINT('Ctrl Pts',(45.9776272347522,70.0369624068237,-62.5174438338569));
#1902=CARTESIAN_POINT('Ctrl Pts',(43.7765223977459,68.6116868424048,-12.8540770207949));
#1903=CARTESIAN_POINT('Ctrl Pts',(44.5055475441212,65.5755635306679,-14.008703706701));
#1904=CARTESIAN_POINT('Ctrl Pts',(45.0453379677757,63.1828552065701,-15.3825258757527));
#1905=CARTESIAN_POINT('Ctrl Pts',(46.0850660800914,59.4480571691597,-18.7056434778921));
#1906=CARTESIAN_POINT('Ctrl Pts',(46.5478993656548,58.1347801925648,-20.647882113425));
#1907=CARTESIAN_POINT('Ctrl Pts',(47.4735659367817,55.5082262393749,-27.2069264795207));
#1908=CARTESIAN_POINT('Ctrl Pts',(47.4735659367817,55.5082262393749,-37.9051948596406));
#1909=CARTESIAN_POINT('Ctrl Pts',(47.4735659367817,55.5082262393749,-48.6034632397604));
#1910=CARTESIAN_POINT('Ctrl Pts',(46.5478993656548,58.1347801925648,-55.1625076058561));
#1911=CARTESIAN_POINT('Ctrl Pts',(46.0850660800914,59.4480571691597,-57.104746241389));
#1912=CARTESIAN_POINT('Ctrl Pts',(45.0453379677757,63.1828552065701,-60.4278638435284));
#1913=CARTESIAN_POINT('Ctrl Pts',(44.5055475441212,65.575563530668,-61.8016860125801));
#1914=CARTESIAN_POINT('Ctrl Pts',(43.7765223977459,68.6116868424048,-62.9563126984862));
#1915=CARTESIAN_POINT('Ctrl Pts',(37.9630270905844,66.2301208278361,-12.1207485340473));
#1916=CARTESIAN_POINT('Ctrl Pts',(38.202917828736,62.3343974372332,-13.3450092490307));
#1917=CARTESIAN_POINT('Ctrl Pts',(38.399102763497,59.4480571691597,-14.8626618195949));
#1918=CARTESIAN_POINT('Ctrl Pts',(38.9445040864049,55.0507788617902,-18.4329428164381));
#1919=CARTESIAN_POINT('Ctrl Pts',(39.2243979037934,53.5746447939997,-20.4660816724557));
#1920=CARTESIAN_POINT('Ctrl Pts',(39.7841855385706,50.6223766584186,-27.2069264795207));
#1921=CARTESIAN_POINT('Ctrl Pts',(39.7841855385706,50.6223766584186,-37.9051948596405));
#1922=CARTESIAN_POINT('Ctrl Pts',(39.7841855385706,50.6223766584186,-48.6034632397604));
#1923=CARTESIAN_POINT('Ctrl Pts',(39.2243979037934,53.5746447939997,-55.3443080468254));
#1924=CARTESIAN_POINT('Ctrl Pts',(38.9445040864049,55.0507788617902,-57.377446902843));
#1925=CARTESIAN_POINT('Ctrl Pts',(38.399102763497,59.4480571691597,-60.9477278996862));
#1926=CARTESIAN_POINT('Ctrl Pts',(38.2029178287361,62.3343974372332,-62.4653804702504));
#1927=CARTESIAN_POINT('Ctrl Pts',(37.9630270905844,66.2301208278361,-63.6896411852338));
#1928=CARTESIAN_POINT('Ctrl Pts',(34.3506366204291,65.2738303776862,-11.8262889119291));
#1929=CARTESIAN_POINT('Ctrl Pts',(34.3506366204291,61.2022890602226,-13.0799922377244));
#1930=CARTESIAN_POINT('Ctrl Pts',(34.5146254924312,58.1347801925648,-14.6312451768132));
#1931=CARTESIAN_POINT('Ctrl Pts',(34.8782263743698,53.5746447939997,-18.2929959077438));
#1932=CARTESIAN_POINT('Ctrl Pts',(35.047972974455,52.0700357935168,-20.381208372413));
#1933=CARTESIAN_POINT('Ctrl Pts',(35.4380140091469,48.9937601314331,-27.2069264795207));
#1934=CARTESIAN_POINT('Ctrl Pts',(35.4380140091469,48.9937601314332,-37.9051948596406));
#1935=CARTESIAN_POINT('Ctrl Pts',(35.4380140091469,48.9937601314331,-48.6034632397604));
#1936=CARTESIAN_POINT('Ctrl Pts',(35.047972974455,52.0700357935168,-55.4291813468681));
#1937=CARTESIAN_POINT('Ctrl Pts',(34.8782263743698,53.5746447939997,-57.5173938115373));
#1938=CARTESIAN_POINT('Ctrl Pts',(34.5146254924312,58.1347801925648,-61.179144542468));
#1939=CARTESIAN_POINT('Ctrl Pts',(34.3506366204291,61.2022890602227,-62.7303974815567));
#1940=CARTESIAN_POINT('Ctrl Pts',(34.3506366204291,65.2738303776863,-63.984100807352));
#1941=CARTESIAN_POINT('Ctrl Pts',(21.3965367602396,63.1084366986403,-11.159523909341));
#1942=CARTESIAN_POINT('Ctrl Pts',(21.3965367602396,58.7654592933458,-12.496807456856));
#1943=CARTESIAN_POINT('Ctrl Pts',(21.3965367602396,55.5082262393749,-14.1684118912497));
#1944=CARTESIAN_POINT('Ctrl Pts',(21.3965367602396,50.6223766584186,-18.0131020903553));
#1945=CARTESIAN_POINT('Ctrl Pts',(21.3965367602396,48.9937601314332,-20.1861878550671));
#1946=CARTESIAN_POINT('Ctrl Pts',(21.3965367602396,45.7365270774623,-27.2069264795207));
#1947=CARTESIAN_POINT('Ctrl Pts',(21.3965367602396,45.7365270774623,-37.9051948596405));
#1948=CARTESIAN_POINT('Ctrl Pts',(21.3965367602396,45.7365270774623,-48.6034632397604));
#1949=CARTESIAN_POINT('Ctrl Pts',(21.3965367602396,48.9937601314332,-55.624201864214));
#1950=CARTESIAN_POINT('Ctrl Pts',(21.3965367602396,50.6223766584186,-57.7972876289259));
#1951=CARTESIAN_POINT('Ctrl Pts',(21.3965367602396,55.5082262393749,-61.6419778280314));
#1952=CARTESIAN_POINT('Ctrl Pts',(21.3965367602396,58.7654592933458,-63.3135822624251));
#1953=CARTESIAN_POINT('Ctrl Pts',(21.3965367602396,63.1084366986403,-64.6508658099401));
#1954=CARTESIAN_POINT('Ctrl Pts',(-4.44089209850063E-15,63.1084366986403,
-11.159523909341));
#1955=CARTESIAN_POINT('Ctrl Pts',(-4.44089209850063E-15,58.7654592933458,
-12.496807456856));
#1956=CARTESIAN_POINT('Ctrl Pts',(-4.44089209850063E-15,55.5082262393749,
-14.1684118912497));
#1957=CARTESIAN_POINT('Ctrl Pts',(0.,50.6223766584186,-18.0131020903553));
#1958=CARTESIAN_POINT('Ctrl Pts',(0.,48.9937601314332,-20.1861878550671));
#1959=CARTESIAN_POINT('Ctrl Pts',(4.44089209850063E-15,45.7365270774623,
-27.2069264795207));
#1960=CARTESIAN_POINT('Ctrl Pts',(-4.44089209850063E-15,45.7365270774623,
-37.9051948596406));
#1961=CARTESIAN_POINT('Ctrl Pts',(4.44089209850063E-15,45.7365270774623,
-48.6034632397604));
#1962=CARTESIAN_POINT('Ctrl Pts',(-4.44089209850063E-15,48.9937601314331,
-55.624201864214));
#1963=CARTESIAN_POINT('Ctrl Pts',(0.,50.6223766584186,-57.7972876289258));
#1964=CARTESIAN_POINT('Ctrl Pts',(0.,55.5082262393749,-61.6419778280314));
#1965=CARTESIAN_POINT('Ctrl Pts',(0.,58.7654592933458,-63.3135822624251));
#1966=CARTESIAN_POINT('Ctrl Pts',(-4.44089209850063E-15,63.1084366986403,
-64.6508658099401));
#1967=CARTESIAN_POINT('Ctrl Pts',(-21.3965367602396,63.1084366986403,-11.159523909341));
#1968=CARTESIAN_POINT('Ctrl Pts',(-21.3965367602396,58.7654592933458,-12.496807456856));
#1969=CARTESIAN_POINT('Ctrl Pts',(-21.3965367602396,55.5082262393749,-14.1684118912497));
#1970=CARTESIAN_POINT('Ctrl Pts',(-21.3965367602396,50.6223766584186,-18.0131020903553));
#1971=CARTESIAN_POINT('Ctrl Pts',(-21.3965367602396,48.9937601314331,-20.1861878550671));
#1972=CARTESIAN_POINT('Ctrl Pts',(-21.3965367602396,45.7365270774623,-27.2069264795207));
#1973=CARTESIAN_POINT('Ctrl Pts',(-21.3965367602396,45.7365270774623,-37.9051948596405));
#1974=CARTESIAN_POINT('Ctrl Pts',(-21.3965367602396,45.7365270774623,-48.6034632397604));
#1975=CARTESIAN_POINT('Ctrl Pts',(-21.3965367602396,48.9937601314332,-55.624201864214));
#1976=CARTESIAN_POINT('Ctrl Pts',(-21.3965367602396,50.6223766584186,-57.7972876289259));
#1977=CARTESIAN_POINT('Ctrl Pts',(-21.3965367602396,55.5082262393749,-61.6419778280314));
#1978=CARTESIAN_POINT('Ctrl Pts',(-21.3965367602396,58.7654592933458,-63.3135822624251));
#1979=CARTESIAN_POINT('Ctrl Pts',(-21.3965367602396,63.1084366986403,-64.6508658099401));
#1980=CARTESIAN_POINT('Ctrl Pts',(-34.3506366204291,65.2738303776863,-11.8262889119291));
#1981=CARTESIAN_POINT('Ctrl Pts',(-34.3506366204291,61.2022890602226,-13.0799922377244));
#1982=CARTESIAN_POINT('Ctrl Pts',(-34.5146254924312,58.1347801925648,-14.6312451768132));
#1983=CARTESIAN_POINT('Ctrl Pts',(-34.8782263743698,53.5746447939997,-18.2929959077438));
#1984=CARTESIAN_POINT('Ctrl Pts',(-35.047972974455,52.0700357935168,-20.381208372413));
#1985=CARTESIAN_POINT('Ctrl Pts',(-35.4380140091469,48.9937601314331,-27.2069264795207));
#1986=CARTESIAN_POINT('Ctrl Pts',(-35.4380140091469,48.9937601314332,-37.9051948596406));
#1987=CARTESIAN_POINT('Ctrl Pts',(-35.4380140091469,48.9937601314332,-48.6034632397604));
#1988=CARTESIAN_POINT('Ctrl Pts',(-35.047972974455,52.0700357935168,-55.4291813468681));
#1989=CARTESIAN_POINT('Ctrl Pts',(-34.8782263743698,53.5746447939997,-57.5173938115373));
#1990=CARTESIAN_POINT('Ctrl Pts',(-34.5146254924312,58.1347801925648,-61.1791445424679));
#1991=CARTESIAN_POINT('Ctrl Pts',(-34.3506366204291,61.2022890602227,-62.7303974815567));
#1992=CARTESIAN_POINT('Ctrl Pts',(-34.3506366204291,65.2738303776863,-63.984100807352));
#1993=CARTESIAN_POINT('Ctrl Pts',(-37.9630270905844,66.2301208278361,-12.1207485340473));
#1994=CARTESIAN_POINT('Ctrl Pts',(-38.2029178287361,62.3343974372332,-13.3450092490307));
#1995=CARTESIAN_POINT('Ctrl Pts',(-38.399102763497,59.4480571691597,-14.8626618195949));
#1996=CARTESIAN_POINT('Ctrl Pts',(-38.9445040864049,55.0507788617902,-18.4329428164381));
#1997=CARTESIAN_POINT('Ctrl Pts',(-39.2243979037934,53.5746447939997,-20.4660816724557));
#1998=CARTESIAN_POINT('Ctrl Pts',(-39.7841855385706,50.6223766584186,-27.2069264795207));
#1999=CARTESIAN_POINT('Ctrl Pts',(-39.7841855385706,50.6223766584186,-37.9051948596406));
#2000=CARTESIAN_POINT('Ctrl Pts',(-39.7841855385706,50.6223766584186,-48.6034632397604));
#2001=CARTESIAN_POINT('Ctrl Pts',(-39.2243979037934,53.5746447939997,-55.3443080468254));
#2002=CARTESIAN_POINT('Ctrl Pts',(-38.9445040864049,55.0507788617902,-57.377446902843));
#2003=CARTESIAN_POINT('Ctrl Pts',(-38.399102763497,59.4480571691597,-60.9477278996862));
#2004=CARTESIAN_POINT('Ctrl Pts',(-38.202917828736,62.3343974372332,-62.4653804702504));
#2005=CARTESIAN_POINT('Ctrl Pts',(-37.9630270905844,66.2301208278361,-63.6896411852338));
#2006=CARTESIAN_POINT('Ctrl Pts',(-43.776522397746,68.6116868424048,-12.8540770207949));
#2007=CARTESIAN_POINT('Ctrl Pts',(-44.5055475441212,65.575563530668,-14.008703706701));
#2008=CARTESIAN_POINT('Ctrl Pts',(-45.0453379677757,63.1828552065701,-15.3825258757527));
#2009=CARTESIAN_POINT('Ctrl Pts',(-46.0850660800914,59.4480571691597,-18.7056434778921));
#2010=CARTESIAN_POINT('Ctrl Pts',(-46.5478993656548,58.1347801925648,-20.647882113425));
#2011=CARTESIAN_POINT('Ctrl Pts',(-47.4735659367817,55.5082262393749,-27.2069264795207));
#2012=CARTESIAN_POINT('Ctrl Pts',(-47.4735659367817,55.5082262393749,-37.9051948596406));
#2013=CARTESIAN_POINT('Ctrl Pts',(-47.4735659367817,55.5082262393749,-48.6034632397604));
#2014=CARTESIAN_POINT('Ctrl Pts',(-46.5478993656548,58.1347801925648,-55.1625076058561));
#2015=CARTESIAN_POINT('Ctrl Pts',(-46.0850660800914,59.4480571691597,-57.104746241389));
#2016=CARTESIAN_POINT('Ctrl Pts',(-45.0453379677757,63.1828552065701,-60.4278638435284));
#2017=CARTESIAN_POINT('Ctrl Pts',(-44.5055475441212,65.5755635306679,-61.8016860125801));
#2018=CARTESIAN_POINT('Ctrl Pts',(-43.7765223977459,68.6116868424048,-62.9563126984862));
#2019=CARTESIAN_POINT('Ctrl Pts',(-45.9776272347522,70.0369624068237,-13.2929458854242));
#2020=CARTESIAN_POINT('Ctrl Pts',(-46.8315833179647,67.2967875005102,-14.4894032006582));
#2021=CARTESIAN_POINT('Ctrl Pts',(-47.7929823058792,65.5755635306679,-15.6524210875799));
#2022=CARTESIAN_POINT('Ctrl Pts',(-49.1203712212197,62.3343974372332,-18.8037359452725));
#2023=CARTESIAN_POINT('Ctrl Pts',(-49.6504052438324,61.2022890602227,-20.729876549426));
#2024=CARTESIAN_POINT('Ctrl Pts',(-50.8167748055691,58.7654592933458,-27.2069264795207));
#2025=CARTESIAN_POINT('Ctrl Pts',(-50.8167748055691,58.7654592933458,-37.9051948596406));
#2026=CARTESIAN_POINT('Ctrl Pts',(-50.8167748055691,58.7654592933458,-48.6034632397604));
#2027=CARTESIAN_POINT('Ctrl Pts',(-49.6504052438324,61.2022890602227,-55.0805131698551));
#2028=CARTESIAN_POINT('Ctrl Pts',(-49.1203712212198,62.3343974372332,-57.0066537740086));
#2029=CARTESIAN_POINT('Ctrl Pts',(-47.7929823058792,65.575563530668,-60.1579686317012));
#2030=CARTESIAN_POINT('Ctrl Pts',(-46.8315833179647,67.2967875005102,-61.3209865186229));
#2031=CARTESIAN_POINT('Ctrl Pts',(-45.9776272347522,70.0369624068237,-62.5174438338568));
#2032=CARTESIAN_POINT('Ctrl Pts',(-48.1422077105392,71.7943915092293,-13.834091004371));
#2033=CARTESIAN_POINT('Ctrl Pts',(-49.2244979484326,70.0369624068237,-14.9163812422644));
#2034=CARTESIAN_POINT('Ctrl Pts',(-50.1022356776913,68.6116868424048,-16.0169336607676));
#2035=CARTESIAN_POINT('Ctrl Pts',(-51.5688926511865,66.2301208278361,-18.9236813143484));
#2036=CARTESIAN_POINT('Ctrl Pts',(-52.157811895423,65.2738303776863,-20.729876549426));
#2037=CARTESIAN_POINT('Ctrl Pts',(-53.4913419005991,63.1084366986403,-27.2069264795207));
#2038=CARTESIAN_POINT('Ctrl Pts',(-53.4913419005991,63.1084366986403,-37.9051948596406));
#2039=CARTESIAN_POINT('Ctrl Pts',(-53.4913419005991,63.1084366986403,-48.6034632397604));
#2040=CARTESIAN_POINT('Ctrl Pts',(-52.157811895423,65.2738303776863,-55.0805131698551));
#2041=CARTESIAN_POINT('Ctrl Pts',(-51.5688926511865,66.2301208278361,-56.8867084049327));
#2042=CARTESIAN_POINT('Ctrl Pts',(-50.1022356776913,68.6116868424048,-59.7934560585135));
#2043=CARTESIAN_POINT('Ctrl Pts',(-49.2244979484326,70.0369624068237,-60.8940084770167));
#2044=CARTESIAN_POINT('Ctrl Pts',(-48.1422077105392,71.7943915092293,-61.9762987149101));
#2045=CARTESIAN_POINT('Ctrl Pts',(-48.1422077105392,71.7943915092293,-13.834091004371));
#2046=CARTESIAN_POINT('Ctrl Pts',(-45.9776272347522,70.0369624068237,-13.2929458854242));
#2047=CARTESIAN_POINT('Ctrl Pts',(-43.776522397746,68.6116868424048,-12.8540770207949));
#2048=CARTESIAN_POINT('Ctrl Pts',(-37.9630270905844,66.2301208278361,-12.1207485340473));
#2049=CARTESIAN_POINT('Ctrl Pts',(-34.3506366204291,65.2738303776863,-11.8262889119291));
#2050=CARTESIAN_POINT('Ctrl Pts',(-21.3965367602396,63.1084366986403,-11.159523909341));
#2051=CARTESIAN_POINT('Ctrl Pts',(4.44089209850063E-15,63.1084366986403,
-11.159523909341));
#2052=CARTESIAN_POINT('Ctrl Pts',(21.3965367602396,63.1084366986403,-11.159523909341));
#2053=CARTESIAN_POINT('Ctrl Pts',(34.3506366204291,65.2738303776862,-11.8262889119291));
#2054=CARTESIAN_POINT('Ctrl Pts',(37.9630270905844,66.2301208278361,-12.1207485340473));
#2055=CARTESIAN_POINT('Ctrl Pts',(43.7765223977459,68.6116868424048,-12.8540770207949));
#2056=CARTESIAN_POINT('Ctrl Pts',(45.9776272347522,70.0369624068237,-13.2929458854242));
#2057=CARTESIAN_POINT('Ctrl Pts',(48.1422077105392,71.7943915092293,-13.834091004371));
#2058=CARTESIAN_POINT('Ctrl Pts',(-48.1422077105392,71.7943915092293,-13.834091004371));
#2059=CARTESIAN_POINT('Ctrl Pts',(-49.2244979484326,75.3092497140406,-13.2929458854242));
#2060=CARTESIAN_POINT('Ctrl Pts',(-50.1022356776914,78.8834163863094,-12.8540770207949));
#2061=CARTESIAN_POINT('Ctrl Pts',(-51.5688926511865,88.3234034450396,-12.1207485340473));
#2062=CARTESIAN_POINT('Ctrl Pts',(-52.157811895423,94.189223831501,-11.8262889119291));
#2063=CARTESIAN_POINT('Ctrl Pts',(-53.4913419005991,115.224165562174,-11.159523909341));
#2064=CARTESIAN_POINT('Ctrl Pts',(-53.4913419005991,149.967984804531,-11.159523909341));
#2065=CARTESIAN_POINT('Ctrl Pts',(-53.4913419005991,184.711804046887,-11.159523909341));
#2066=CARTESIAN_POINT('Ctrl Pts',(-52.157811895423,205.74674577756,-11.8262889119291));
#2067=CARTESIAN_POINT('Ctrl Pts',(-51.5688926511865,211.612566164022,-12.1207485340473));
#2068=CARTESIAN_POINT('Ctrl Pts',(-50.1022356776913,221.052553222752,-12.8540770207949));
#2069=CARTESIAN_POINT('Ctrl Pts',(-49.2244979484326,224.62671989502,-13.2929458854242));
#2070=CARTESIAN_POINT('Ctrl Pts',(-48.1422077105392,228.141578099832,-13.834091004371));
#2071=CARTESIAN_POINT('Ctrl Pts',(-45.9776272347522,70.0369624068237,-13.2929458854242));
#2072=CARTESIAN_POINT('Ctrl Pts',(-46.8315833179647,73.9225909230171,-12.449195048715));
#2073=CARTESIAN_POINT('Ctrl Pts',(-47.7929823058792,77.6996211678298,-11.9191981637088));
#2074=CARTESIAN_POINT('Ctrl Pts',(-49.1203712212198,87.9338674870641,-10.9211828191598));
#2075=CARTESIAN_POINT('Ctrl Pts',(-49.6504052438324,94.189223831501,-10.5725855861338));
#2076=CARTESIAN_POINT('Ctrl Pts',(-50.8167748055691,115.224165562174,-9.82224036182604));
#2077=CARTESIAN_POINT('Ctrl Pts',(-50.8167748055691,149.967984804531,-9.82224036182603));
#2078=CARTESIAN_POINT('Ctrl Pts',(-50.8167748055691,184.711804046887,-9.82224036182604));
#2079=CARTESIAN_POINT('Ctrl Pts',(-49.6504052438324,205.74674577756,-10.5725855861338));
#2080=CARTESIAN_POINT('Ctrl Pts',(-49.1203712212197,212.002102121997,-10.9211828191598));
#2081=CARTESIAN_POINT('Ctrl Pts',(-47.7929823058792,222.236348441231,-11.9191981637088));
#2082=CARTESIAN_POINT('Ctrl Pts',(-46.8315833179647,226.013378686044,-12.449195048715));
#2083=CARTESIAN_POINT('Ctrl Pts',(-45.9776272347522,229.899007202237,-13.2929458854242));
#2084=CARTESIAN_POINT('Ctrl Pts',(-43.776522397746,68.6116868424048,-12.8540770207949));
#2085=CARTESIAN_POINT('Ctrl Pts',(-44.5055475441212,72.3614657264406,-11.9191981637088));
#2086=CARTESIAN_POINT('Ctrl Pts',(-45.0453379677757,76.8231063786207,-11.182438752546));
#2087=CARTESIAN_POINT('Ctrl Pts',(-46.0850660800914,87.6153012635772,-10.032424948046));
#2088=CARTESIAN_POINT('Ctrl Pts',(-46.5478993656548,93.92293775958,-9.62804253242729));
#2089=CARTESIAN_POINT('Ctrl Pts',(-47.4735659367817,115.224165562174,-8.81927770118981));
#2090=CARTESIAN_POINT('Ctrl Pts',(-47.4735659367817,149.967984804531,-8.8192777011898));
#2091=CARTESIAN_POINT('Ctrl Pts',(-47.4735659367817,184.711804046887,-8.81927770118981));
#2092=CARTESIAN_POINT('Ctrl Pts',(-46.5478993656548,206.013031849481,-9.62804253242729));
#2093=CARTESIAN_POINT('Ctrl Pts',(-46.0850660800914,212.320668345484,-10.032424948046));
#2094=CARTESIAN_POINT('Ctrl Pts',(-45.0453379677757,223.11286323044,-11.182438752546));
#2095=CARTESIAN_POINT('Ctrl Pts',(-44.5055475441212,227.57450388262,-11.9191981637088));
#2096=CARTESIAN_POINT('Ctrl Pts',(-43.776522397746,231.324282766656,-12.8540770207949));
#2097=CARTESIAN_POINT('Ctrl Pts',(-37.9630270905844,66.2301208278361,-12.1207485340473));
#2098=CARTESIAN_POINT('Ctrl Pts',(-38.2029178287361,70.2060439843295,-10.9211828191598));
#2099=CARTESIAN_POINT('Ctrl Pts',(-38.399102763497,75.1347899001044,-10.032424948046));
#2100=CARTESIAN_POINT('Ctrl Pts',(-38.9445040864049,86.7296754639447,-8.67842114247224));
#2101=CARTESIAN_POINT('Ctrl Pts',(-39.2243979037935,93.332520559825,-8.22389199839331));
#2102=CARTESIAN_POINT('Ctrl Pts',(-39.7841855385706,115.224165562174,-7.31483371023546));
#2103=CARTESIAN_POINT('Ctrl Pts',(-39.7841855385706,149.967984804531,-7.31483371023546));
#2104=CARTESIAN_POINT('Ctrl Pts',(-39.7841855385706,184.711804046887,-7.31483371023546));
#2105=CARTESIAN_POINT('Ctrl Pts',(-39.2243979037934,206.603449049236,-8.22389199839331));
#2106=CARTESIAN_POINT('Ctrl Pts',(-38.9445040864049,213.206294145116,-8.67842114247224));
#2107=CARTESIAN_POINT('Ctrl Pts',(-38.399102763497,224.801179708957,-10.032424948046));
#2108=CARTESIAN_POINT('Ctrl Pts',(-38.2029178287361,229.729925624732,-10.9211828191598));
#2109=CARTESIAN_POINT('Ctrl Pts',(-37.9630270905844,233.705848781225,-12.1207485340473));
#2110=CARTESIAN_POINT('Ctrl Pts',(-34.3506366204291,65.2738303776863,-11.8262889119291));
#2111=CARTESIAN_POINT('Ctrl Pts',(-34.3506366204291,69.3453716951499,-10.5725855861338));
#2112=CARTESIAN_POINT('Ctrl Pts',(-34.5146254924312,74.3832385535873,-9.62804253242729));
#2113=CARTESIAN_POINT('Ctrl Pts',(-34.8782263743698,86.2751822762214,-8.22389199839331));
#2114=CARTESIAN_POINT('Ctrl Pts',(-35.047972974455,93.0568850559837,-7.76059489274045));
#2115=CARTESIAN_POINT('Ctrl Pts',(-35.4380140091469,115.224165562174,-6.81335237991734));
#2116=CARTESIAN_POINT('Ctrl Pts',(-35.4380140091469,149.967984804531,-6.81335237991734));
#2117=CARTESIAN_POINT('Ctrl Pts',(-35.4380140091469,184.711804046887,-6.81335237991734));
#2118=CARTESIAN_POINT('Ctrl Pts',(-35.047972974455,206.879084553077,-7.76059489274045));
#2119=CARTESIAN_POINT('Ctrl Pts',(-34.8782263743698,213.66078733284,-8.22389199839331));
#2120=CARTESIAN_POINT('Ctrl Pts',(-34.5146254924312,225.552731055474,-9.62804253242729));
#2121=CARTESIAN_POINT('Ctrl Pts',(-34.3506366204291,230.590597913911,-10.5725855861338));
#2122=CARTESIAN_POINT('Ctrl Pts',(-34.3506366204291,234.662139231375,-11.8262889119291));
#2123=CARTESIAN_POINT('Ctrl Pts',(-21.3965367602396,63.1084366986403,-11.159523909341));
#2124=CARTESIAN_POINT('Ctrl Pts',(-21.3965367602396,67.4514141039348,-9.82224036182604));
#2125=CARTESIAN_POINT('Ctrl Pts',(-21.3965367602396,72.880135860553,-8.81927770118981));
#2126=CARTESIAN_POINT('Ctrl Pts',(-21.3965367602396,85.3661959007747,-7.31483371023546));
#2127=CARTESIAN_POINT('Ctrl Pts',(-21.3965367602396,92.4235341843783,-6.81335237991734));
#2128=CARTESIAN_POINT('Ctrl Pts',(-21.3965367602396,115.224165562174,-5.81038971928111));
#2129=CARTESIAN_POINT('Ctrl Pts',(-21.3965367602396,149.96798480453,-5.81038971928111));
#2130=CARTESIAN_POINT('Ctrl Pts',(-21.3965367602396,184.711804046887,-5.81038971928111));
#2131=CARTESIAN_POINT('Ctrl Pts',(-21.3965367602396,207.512435424683,-6.81335237991734));
#2132=CARTESIAN_POINT('Ctrl Pts',(-21.3965367602396,214.569773708286,-7.31483371023546));
#2133=CARTESIAN_POINT('Ctrl Pts',(-21.3965367602396,227.055833748508,-8.81927770118981));
#2134=CARTESIAN_POINT('Ctrl Pts',(-21.3965367602396,232.484555505126,-9.82224036182604));
#2135=CARTESIAN_POINT('Ctrl Pts',(-21.3965367602396,236.827532910421,-11.159523909341));
#2136=CARTESIAN_POINT('Ctrl Pts',(4.44089209850063E-15,63.1084366986403,
-11.159523909341));
#2137=CARTESIAN_POINT('Ctrl Pts',(4.44089209850063E-15,67.4514141039349,
-9.82224036182603));
#2138=CARTESIAN_POINT('Ctrl Pts',(0.,72.880135860553,-8.8192777011898));
#2139=CARTESIAN_POINT('Ctrl Pts',(0.,85.3661959007747,-7.31483371023546));
#2140=CARTESIAN_POINT('Ctrl Pts',(0.,92.4235341843782,-6.81335237991734));
#2141=CARTESIAN_POINT('Ctrl Pts',(4.44089209850063E-15,115.224165562174,
-5.81038971928111));
#2142=CARTESIAN_POINT('Ctrl Pts',(4.44089209850063E-15,149.967984804531,
-5.8103897192811));
#2143=CARTESIAN_POINT('Ctrl Pts',(-4.44089209850063E-15,184.711804046887,
-5.81038971928111));
#2144=CARTESIAN_POINT('Ctrl Pts',(-4.44089209850063E-15,207.512435424683,
-6.81335237991734));
#2145=CARTESIAN_POINT('Ctrl Pts',(0.,214.569773708286,-7.31483371023546));
#2146=CARTESIAN_POINT('Ctrl Pts',(0.,227.055833748508,-8.8192777011898));
#2147=CARTESIAN_POINT('Ctrl Pts',(0.,232.484555505126,-9.82224036182604));
#2148=CARTESIAN_POINT('Ctrl Pts',(4.44089209850063E-15,236.827532910421,
-11.159523909341));
#2149=CARTESIAN_POINT('Ctrl Pts',(21.3965367602396,63.1084366986403,-11.159523909341));
#2150=CARTESIAN_POINT('Ctrl Pts',(21.3965367602396,67.4514141039348,-9.82224036182604));
#2151=CARTESIAN_POINT('Ctrl Pts',(21.3965367602396,72.880135860553,-8.81927770118981));
#2152=CARTESIAN_POINT('Ctrl Pts',(21.3965367602396,85.3661959007747,-7.31483371023546));
#2153=CARTESIAN_POINT('Ctrl Pts',(21.3965367602396,92.4235341843783,-6.81335237991734));
#2154=CARTESIAN_POINT('Ctrl Pts',(21.3965367602396,115.224165562174,-5.81038971928111));
#2155=CARTESIAN_POINT('Ctrl Pts',(21.3965367602396,149.96798480453,-5.81038971928111));
#2156=CARTESIAN_POINT('Ctrl Pts',(21.3965367602396,184.711804046887,-5.81038971928111));
#2157=CARTESIAN_POINT('Ctrl Pts',(21.3965367602396,207.512435424683,-6.81335237991734));
#2158=CARTESIAN_POINT('Ctrl Pts',(21.3965367602396,214.569773708286,-7.31483371023546));
#2159=CARTESIAN_POINT('Ctrl Pts',(21.3965367602396,227.055833748508,-8.8192777011898));
#2160=CARTESIAN_POINT('Ctrl Pts',(21.3965367602396,232.484555505126,-9.82224036182604));
#2161=CARTESIAN_POINT('Ctrl Pts',(21.3965367602396,236.827532910421,-11.159523909341));
#2162=CARTESIAN_POINT('Ctrl Pts',(34.3506366204291,65.2738303776862,-11.8262889119291));
#2163=CARTESIAN_POINT('Ctrl Pts',(34.3506366204291,69.3453716951499,-10.5725855861338));
#2164=CARTESIAN_POINT('Ctrl Pts',(34.5146254924312,74.3832385535873,-9.62804253242729));
#2165=CARTESIAN_POINT('Ctrl Pts',(34.8782263743698,86.2751822762214,-8.22389199839331));
#2166=CARTESIAN_POINT('Ctrl Pts',(35.047972974455,93.0568850559837,-7.76059489274045));
#2167=CARTESIAN_POINT('Ctrl Pts',(35.4380140091469,115.224165562174,-6.81335237991734));
#2168=CARTESIAN_POINT('Ctrl Pts',(35.4380140091469,149.967984804531,-6.81335237991734));
#2169=CARTESIAN_POINT('Ctrl Pts',(35.4380140091469,184.711804046887,-6.81335237991734));
#2170=CARTESIAN_POINT('Ctrl Pts',(35.047972974455,206.879084553077,-7.76059489274045));
#2171=CARTESIAN_POINT('Ctrl Pts',(34.8782263743698,213.66078733284,-8.22389199839331));
#2172=CARTESIAN_POINT('Ctrl Pts',(34.5146254924312,225.552731055474,-9.62804253242729));
#2173=CARTESIAN_POINT('Ctrl Pts',(34.3506366204291,230.590597913911,-10.5725855861338));
#2174=CARTESIAN_POINT('Ctrl Pts',(34.3506366204291,234.662139231375,-11.8262889119291));
#2175=CARTESIAN_POINT('Ctrl Pts',(37.9630270905844,66.2301208278361,-12.1207485340473));
#2176=CARTESIAN_POINT('Ctrl Pts',(38.2029178287361,70.2060439843295,-10.9211828191598));
#2177=CARTESIAN_POINT('Ctrl Pts',(38.399102763497,75.1347899001044,-10.032424948046));
#2178=CARTESIAN_POINT('Ctrl Pts',(38.9445040864049,86.7296754639447,-8.67842114247224));
#2179=CARTESIAN_POINT('Ctrl Pts',(39.2243979037934,93.3325205598249,-8.22389199839331));
#2180=CARTESIAN_POINT('Ctrl Pts',(39.7841855385706,115.224165562174,-7.31483371023546));
#2181=CARTESIAN_POINT('Ctrl Pts',(39.7841855385706,149.96798480453,-7.31483371023546));
#2182=CARTESIAN_POINT('Ctrl Pts',(39.7841855385706,184.711804046887,-7.31483371023546));
#2183=CARTESIAN_POINT('Ctrl Pts',(39.2243979037935,206.603449049236,-8.22389199839331));
#2184=CARTESIAN_POINT('Ctrl Pts',(38.9445040864049,213.206294145116,-8.67842114247224));
#2185=CARTESIAN_POINT('Ctrl Pts',(38.399102763497,224.801179708957,-10.032424948046));
#2186=CARTESIAN_POINT('Ctrl Pts',(38.202917828736,229.729925624732,-10.9211828191598));
#2187=CARTESIAN_POINT('Ctrl Pts',(37.9630270905844,233.705848781225,-12.1207485340473));
#2188=CARTESIAN_POINT('Ctrl Pts',(43.7765223977459,68.6116868424048,-12.8540770207949));
#2189=CARTESIAN_POINT('Ctrl Pts',(44.5055475441212,72.3614657264406,-11.9191981637088));
#2190=CARTESIAN_POINT('Ctrl Pts',(45.0453379677757,76.8231063786207,-11.182438752546));
#2191=CARTESIAN_POINT('Ctrl Pts',(46.0850660800914,87.6153012635772,-10.032424948046));
#2192=CARTESIAN_POINT('Ctrl Pts',(46.5478993656548,93.92293775958,-9.62804253242729));
#2193=CARTESIAN_POINT('Ctrl Pts',(47.4735659367817,115.224165562174,-8.81927770118981));
#2194=CARTESIAN_POINT('Ctrl Pts',(47.4735659367817,149.967984804531,-8.8192777011898));
#2195=CARTESIAN_POINT('Ctrl Pts',(47.4735659367817,184.711804046887,-8.81927770118981));
#2196=CARTESIAN_POINT('Ctrl Pts',(46.5478993656548,206.013031849481,-9.62804253242729));
#2197=CARTESIAN_POINT('Ctrl Pts',(46.0850660800914,212.320668345484,-10.032424948046));
#2198=CARTESIAN_POINT('Ctrl Pts',(45.0453379677757,223.11286323044,-11.182438752546));
#2199=CARTESIAN_POINT('Ctrl Pts',(44.5055475441212,227.57450388262,-11.9191981637088));
#2200=CARTESIAN_POINT('Ctrl Pts',(43.7765223977459,231.324282766656,-12.8540770207949));
#2201=CARTESIAN_POINT('Ctrl Pts',(45.9776272347522,70.0369624068237,-13.2929458854242));
#2202=CARTESIAN_POINT('Ctrl Pts',(46.8315833179647,73.9225909230171,-12.449195048715));
#2203=CARTESIAN_POINT('Ctrl Pts',(47.7929823058792,77.6996211678298,-11.9191981637088));
#2204=CARTESIAN_POINT('Ctrl Pts',(49.1203712212198,87.9338674870641,-10.9211828191598));
#2205=CARTESIAN_POINT('Ctrl Pts',(49.6504052438324,94.189223831501,-10.5725855861338));
#2206=CARTESIAN_POINT('Ctrl Pts',(50.8167748055691,115.224165562174,-9.82224036182604));
#2207=CARTESIAN_POINT('Ctrl Pts',(50.8167748055691,149.967984804531,-9.82224036182603));
#2208=CARTESIAN_POINT('Ctrl Pts',(50.8167748055691,184.711804046887,-9.82224036182604));
#2209=CARTESIAN_POINT('Ctrl Pts',(49.6504052438324,205.74674577756,-10.5725855861338));
#2210=CARTESIAN_POINT('Ctrl Pts',(49.1203712212198,212.002102121997,-10.9211828191598));
#2211=CARTESIAN_POINT('Ctrl Pts',(47.7929823058792,222.236348441231,-11.9191981637088));
#2212=CARTESIAN_POINT('Ctrl Pts',(46.8315833179647,226.013378686044,-12.449195048715));
#2213=CARTESIAN_POINT('Ctrl Pts',(45.9776272347522,229.899007202237,-13.2929458854242));
#2214=CARTESIAN_POINT('Ctrl Pts',(48.1422077105392,71.7943915092293,-13.834091004371));
#2215=CARTESIAN_POINT('Ctrl Pts',(49.2244979484326,75.3092497140406,-13.2929458854242));
#2216=CARTESIAN_POINT('Ctrl Pts',(50.1022356776913,78.8834163863094,-12.8540770207949));
#2217=CARTESIAN_POINT('Ctrl Pts',(51.5688926511865,88.3234034450396,-12.1207485340473));
#2218=CARTESIAN_POINT('Ctrl Pts',(52.157811895423,94.189223831501,-11.8262889119291));
#2219=CARTESIAN_POINT('Ctrl Pts',(53.4913419005991,115.224165562174,-11.159523909341));
#2220=CARTESIAN_POINT('Ctrl Pts',(53.4913419005991,149.967984804531,-11.159523909341));
#2221=CARTESIAN_POINT('Ctrl Pts',(53.4913419005991,184.711804046887,-11.159523909341));
#2222=CARTESIAN_POINT('Ctrl Pts',(52.157811895423,205.74674577756,-11.8262889119291));
#2223=CARTESIAN_POINT('Ctrl Pts',(51.5688926511865,211.612566164022,-12.1207485340473));
#2224=CARTESIAN_POINT('Ctrl Pts',(50.1022356776913,221.052553222752,-12.8540770207949));
#2225=CARTESIAN_POINT('Ctrl Pts',(49.2244979484326,224.62671989502,-13.2929458854242));
#2226=CARTESIAN_POINT('Ctrl Pts',(48.1422077105392,228.141578099832,-13.834091004371));
#2227=CARTESIAN_POINT('Ctrl Pts',(75.,-209.417711292437,-65.));
#2228=CARTESIAN_POINT('Ctrl Pts',(75.6890249574181,-207.911910781091,-65.6921891542812));
#2229=CARTESIAN_POINT('Ctrl Pts',(76.3087513959087,-206.467509957993,-66.3111976841307));
#2230=CARTESIAN_POINT('Ctrl Pts',(77.5627300807247,-202.773923310402,-67.5640268845298));
#2231=CARTESIAN_POINT('Ctrl Pts',(78.19698232705,-200.524737485909,-68.1978475550793));
#2232=CARTESIAN_POINT('Ctrl Pts',(80.1215277777778,-192.570002510339,-70.1215277777777));
#2233=CARTESIAN_POINT('Ctrl Pts',(83.3333333333333,-173.072092346786,-73.3333333333333));
#2234=CARTESIAN_POINT('Ctrl Pts',(83.3333333333333,-127.640068664723,-73.3333333333333));
#2235=CARTESIAN_POINT('Ctrl Pts',(83.3333333333333,-82.2080449826595,-73.3333333333333));
#2236=CARTESIAN_POINT('Ctrl Pts',(80.1215277777778,-62.7101348191073,-70.1215277777778));
#2237=CARTESIAN_POINT('Ctrl Pts',(78.19698232705,-54.7553998435368,-68.1978475550793));
#2238=CARTESIAN_POINT('Ctrl Pts',(77.5627300807247,-52.506214019044,-67.5640268845298));
#2239=CARTESIAN_POINT('Ctrl Pts',(76.3087513959087,-48.8126273714532,-66.3111976841307));
#2240=CARTESIAN_POINT('Ctrl Pts',(75.6890249574181,-47.3682265483552,-65.6921891542812));
#2241=CARTESIAN_POINT('Ctrl Pts',(75.,-45.8624260370088,-65.));
#2242=CARTESIAN_POINT('Ctrl Pts',(73.6189986074175,-210.169002448828,-65.6921891542812));
#2243=CARTESIAN_POINT('Ctrl Pts',(74.1376766733987,-208.477461041339,-66.7534145614715));
#2244=CARTESIAN_POINT('Ctrl Pts',(74.781770547064,-206.935797825636,-67.4916406571697));
#2245=CARTESIAN_POINT('Ctrl Pts',(75.9157622251556,-202.921233217357,-69.139731301702));
#2246=CARTESIAN_POINT('Ctrl Pts',(76.5042739937166,-200.524737485909,-69.8905558884126));
#2247=CARTESIAN_POINT('Ctrl Pts',(78.2335069444444,-192.570002510339,-72.0095486111111));
#2248=CARTESIAN_POINT('Ctrl Pts',(81.25,-173.072092346786,-75.4166666666666));
#2249=CARTESIAN_POINT('Ctrl Pts',(81.25,-127.640068664723,-75.4166666666666));
#2250=CARTESIAN_POINT('Ctrl Pts',(81.25,-82.2080449826595,-75.4166666666666));
#2251=CARTESIAN_POINT('Ctrl Pts',(78.2335069444444,-62.7101348191073,-72.0095486111111));
#2252=CARTESIAN_POINT('Ctrl Pts',(76.5042739937166,-54.7553998435368,-69.8905558884126));
#2253=CARTESIAN_POINT('Ctrl Pts',(75.9157622251557,-52.358904112089,-69.1397313017021));
#2254=CARTESIAN_POINT('Ctrl Pts',(74.781770547064,-48.3443395038098,-67.4916406571697));
#2255=CARTESIAN_POINT('Ctrl Pts',(74.1376766733987,-46.8026762881066,-66.7534145614715));
#2256=CARTESIAN_POINT('Ctrl Pts',(73.6189986074175,-45.1111348806179,-65.6921891542812));
#2257=CARTESIAN_POINT('Ctrl Pts',(72.2943081632883,-210.844732678346,-66.3111976841307));
#2258=CARTESIAN_POINT('Ctrl Pts',(72.7237848386328,-209.179760756263,-67.4916406571698));
#2259=CARTESIAN_POINT('Ctrl Pts',(73.1202513715405,-207.368092471529,-68.5572781763472));
#2260=CARTESIAN_POINT('Ctrl Pts',(74.068502995346,-203.1336791489,-70.4907124726088));
#2261=CARTESIAN_POINT('Ctrl Pts',(74.5945088448912,-200.727878142477,-71.3499401630663));
#2262=CARTESIAN_POINT('Ctrl Pts',(76.1121961805555,-192.652821303509,-73.6642795138889));
#2263=CARTESIAN_POINT('Ctrl Pts',(78.90625,-173.072092346786,-77.2395833333333));
#2264=CARTESIAN_POINT('Ctrl Pts',(78.90625,-127.640068664723,-77.2395833333333));
#2265=CARTESIAN_POINT('Ctrl Pts',(78.90625,-82.2080449826595,-77.2395833333333));
#2266=CARTESIAN_POINT('Ctrl Pts',(76.1121961805555,-62.6273160259369,-73.6642795138889));
#2267=CARTESIAN_POINT('Ctrl Pts',(74.5945088448912,-54.5522591869691,-71.3499401630663));
#2268=CARTESIAN_POINT('Ctrl Pts',(74.068502995346,-52.1464581805455,-70.4907124726088));
#2269=CARTESIAN_POINT('Ctrl Pts',(73.1202513715405,-47.9120448579167,-68.5572781763472));
#2270=CARTESIAN_POINT('Ctrl Pts',(72.7237848386328,-46.1003765731826,-67.4916406571698));
#2271=CARTESIAN_POINT('Ctrl Pts',(72.2943081632883,-44.4354046511001,-66.3111976841308));
#2272=CARTESIAN_POINT('Ctrl Pts',(68.9068419846603,-212.212031621674,-67.5640268845298));
#2273=CARTESIAN_POINT('Ctrl Pts',(69.0419430057538,-210.416229638847,-69.1397313017021));
#2274=CARTESIAN_POINT('Ctrl Pts',(69.2367816481233,-208.402036237032,-70.4907124726088));
#2275=CARTESIAN_POINT('Ctrl Pts',(69.8710006615066,-203.825211626556,-72.8695052985751));
#2276=CARTESIAN_POINT('Ctrl Pts',(70.2632119572081,-201.293573546726,-73.8862927395593));
#2277=CARTESIAN_POINT('Ctrl Pts',(71.435546875,-192.921982381313,-76.5641276041666));
#2278=CARTESIAN_POINT('Ctrl Pts',(73.7630208333333,-173.072092346786,-80.4296875));
#2279=CARTESIAN_POINT('Ctrl Pts',(73.7630208333333,-127.640068664723,-80.4296875));
#2280=CARTESIAN_POINT('Ctrl Pts',(73.7630208333333,-82.2080449826595,-80.4296875));
#2281=CARTESIAN_POINT('Ctrl Pts',(71.435546875,-62.358154948133,-76.5641276041666));
#2282=CARTESIAN_POINT('Ctrl Pts',(70.2632119572081,-53.9865637827196,-73.8862927395593));
#2283=CARTESIAN_POINT('Ctrl Pts',(69.8710006615066,-51.4549257028901,-72.8695052985751));
#2284=CARTESIAN_POINT('Ctrl Pts',(69.2367816481233,-46.8781010924138,-70.4907124726088));
#2285=CARTESIAN_POINT('Ctrl Pts',(69.0419430057539,-44.8639076905989,-69.1397313017021));
#2286=CARTESIAN_POINT('Ctrl Pts',(68.9068419846603,-43.0681057077714,-67.5640268845299));
#2287=CARTESIAN_POINT('Ctrl Pts',(66.8440662501615,-212.903600335485,-68.1978475550793));
#2288=CARTESIAN_POINT('Ctrl Pts',(66.8440662501616,-211.057924373401,-69.8905558884126));
#2289=CARTESIAN_POINT('Ctrl Pts',(67.0303708286871,-208.975576482155,-71.3499401630663));
#2290=CARTESIAN_POINT('Ctrl Pts',(67.5491820092914,-204.252866495548,-73.8862927395593));
#2291=CARTESIAN_POINT('Ctrl Pts',(67.8701895254629,-201.64359005257,-74.9681712962963));
#2292=CARTESIAN_POINT('Ctrl Pts',(68.8802083333333,-193.108324665946,-77.8092447916666));
#2293=CARTESIAN_POINT('Ctrl Pts',(70.9635416666666,-173.072092346786,-81.796875));
#2294=CARTESIAN_POINT('Ctrl Pts',(70.9635416666666,-127.640068664723,-81.7968749999999));
#2295=CARTESIAN_POINT('Ctrl Pts',(70.9635416666666,-82.2080449826596,-81.796875));
#2296=CARTESIAN_POINT('Ctrl Pts',(68.8802083333333,-62.1718126634995,-77.8092447916666));
#2297=CARTESIAN_POINT('Ctrl Pts',(67.870189525463,-53.6365472768758,-74.9681712962963));
#2298=CARTESIAN_POINT('Ctrl Pts',(67.5491820092914,-51.0272708338977,-73.8862927395593));
#2299=CARTESIAN_POINT('Ctrl Pts',(67.0303708286872,-46.3045608472913,-71.3499401630664));
#2300=CARTESIAN_POINT('Ctrl Pts',(66.8440662501616,-44.2222129560444,-69.8905558884127));
#2301=CARTESIAN_POINT('Ctrl Pts',(66.8440662501616,-42.3765369939606,-68.1978475550793));
#2302=CARTESIAN_POINT('Ctrl Pts',(59.5486111111111,-215.002064203357,-70.1215277777778));
#2303=CARTESIAN_POINT('Ctrl Pts',(59.5486111111111,-212.943425630264,-72.0095486111111));
#2304=CARTESIAN_POINT('Ctrl Pts',(59.6245659722222,-210.630415049576,-73.6642795138888));
#2305=CARTESIAN_POINT('Ctrl Pts',(59.8714192708333,-205.531143641511,-76.5641276041666));
#2306=CARTESIAN_POINT('Ctrl Pts',(60.0423177083333,-202.744882814134,-77.8092447916666));
#2307=CARTESIAN_POINT('Ctrl Pts',(60.6119791666667,-193.729465614725,-81.015625));
#2308=CARTESIAN_POINT('Ctrl Pts',(61.9791666666666,-173.072092346786,-85.3125));
#2309=CARTESIAN_POINT('Ctrl Pts',(61.9791666666666,-127.640068664723,-85.3125));
#2310=CARTESIAN_POINT('Ctrl Pts',(61.9791666666667,-82.2080449826596,-85.3125000000001));
#2311=CARTESIAN_POINT('Ctrl Pts',(60.6119791666667,-61.5506717147213,-81.015625));
#2312=CARTESIAN_POINT('Ctrl Pts',(60.0423177083333,-52.5352545153118,-77.8092447916666));
#2313=CARTESIAN_POINT('Ctrl Pts',(59.8714192708333,-49.7489936879353,-76.5641276041666));
#2314=CARTESIAN_POINT('Ctrl Pts',(59.6245659722222,-44.6497222798704,-73.6642795138889));
#2315=CARTESIAN_POINT('Ctrl Pts',(59.5486111111111,-42.336711699182,-72.0095486111111));
#2316=CARTESIAN_POINT('Ctrl Pts',(59.5486111111111,-40.2780731260885,-70.1215277777777));
#2317=CARTESIAN_POINT('Ctrl Pts',(41.6666666666667,-218.50411602885,-73.3333333333333));
#2318=CARTESIAN_POINT('Ctrl Pts',(41.6666666666667,-216.232514844747,-75.4166666666667));
#2319=CARTESIAN_POINT('Ctrl Pts',(41.6666666666667,-213.676963512631,-77.2395833333333));
#2320=CARTESIAN_POINT('Ctrl Pts',(41.6666666666667,-208.068948089376,-80.4296875));
#2321=CARTESIAN_POINT('Ctrl Pts',(41.6666666666667,-205.016483998237,-81.796875));
#2322=CARTESIAN_POINT('Ctrl Pts',(41.6666666666667,-195.220203891792,-85.3125));
#2323=CARTESIAN_POINT('Ctrl Pts',(41.6666666666667,-173.072092346786,-90.));
#2324=CARTESIAN_POINT('Ctrl Pts',(41.6666666666667,-127.640068664723,-90.));
#2325=CARTESIAN_POINT('Ctrl Pts',(41.6666666666667,-82.2080449826595,-89.9999999999999));
#2326=CARTESIAN_POINT('Ctrl Pts',(41.6666666666667,-60.0599334376536,-85.3125));
#2327=CARTESIAN_POINT('Ctrl Pts',(41.6666666666667,-50.2636533312087,-81.796875));
#2328=CARTESIAN_POINT('Ctrl Pts',(41.6666666666667,-47.21118924007,-80.4296875));
#2329=CARTESIAN_POINT('Ctrl Pts',(41.6666666666667,-41.6031738168153,-77.2395833333333));
#2330=CARTESIAN_POINT('Ctrl Pts',(41.6666666666667,-39.0476224846993,-75.4166666666666));
#2331=CARTESIAN_POINT('Ctrl Pts',(41.6666666666667,-36.7760213005961,-73.3333333333333));
#2332=CARTESIAN_POINT('Ctrl Pts',(-4.44089209850063E-15,-218.50411602885,
-73.3333333333333));
#2333=CARTESIAN_POINT('Ctrl Pts',(-4.44089209850063E-15,-216.232514844747,
-75.4166666666666));
#2334=CARTESIAN_POINT('Ctrl Pts',(-1.94289029309402E-15,-213.676963512631,
-77.2395833333333));
#2335=CARTESIAN_POINT('Ctrl Pts',(-9.71445146547012E-16,-208.068948089376,
-80.4296875));
#2336=CARTESIAN_POINT('Ctrl Pts',(2.77555756156289E-16,-205.016483998237,
-81.7968749999999));
#2337=CARTESIAN_POINT('Ctrl Pts',(3.33066907387547E-15,-195.220203891792,
-85.3125));
#2338=CARTESIAN_POINT('Ctrl Pts',(-2.22044604925031E-15,-173.072092346786,
-90.));
#2339=CARTESIAN_POINT('Ctrl Pts',(-4.44089209850063E-15,-127.640068664723,
-90.));
#2340=CARTESIAN_POINT('Ctrl Pts',(1.55431223447522E-14,-82.2080449826595,
-90.));
#2341=CARTESIAN_POINT('Ctrl Pts',(5.55111512312578E-15,-60.0599334376536,
-85.3125));
#2342=CARTESIAN_POINT('Ctrl Pts',(1.11022302462516E-15,-50.2636533312087,
-81.796875));
#2343=CARTESIAN_POINT('Ctrl Pts',(-1.11022302462516E-15,-47.21118924007,
-80.4296875));
#2344=CARTESIAN_POINT('Ctrl Pts',(-4.44089209850063E-15,-41.6031738168153,
-77.2395833333333));
#2345=CARTESIAN_POINT('Ctrl Pts',(-4.44089209850063E-15,-39.0476224846993,
-75.4166666666667));
#2346=CARTESIAN_POINT('Ctrl Pts',(-4.44089209850063E-15,-36.7760213005961,
-73.3333333333333));
#2347=CARTESIAN_POINT('Ctrl Pts',(-41.6666666666667,-218.50411602885,-73.3333333333333));
#2348=CARTESIAN_POINT('Ctrl Pts',(-41.6666666666667,-216.232514844747,-75.4166666666667));
#2349=CARTESIAN_POINT('Ctrl Pts',(-41.6666666666666,-213.67696351263,-77.2395833333333));
#2350=CARTESIAN_POINT('Ctrl Pts',(-41.6666666666666,-208.068948089376,-80.4296875));
#2351=CARTESIAN_POINT('Ctrl Pts',(-41.6666666666667,-205.016483998237,-81.796875));
#2352=CARTESIAN_POINT('Ctrl Pts',(-41.6666666666667,-195.220203891792,-85.3125));
#2353=CARTESIAN_POINT('Ctrl Pts',(-41.6666666666667,-173.072092346786,-90.));
#2354=CARTESIAN_POINT('Ctrl Pts',(-41.6666666666667,-127.640068664723,-90.));
#2355=CARTESIAN_POINT('Ctrl Pts',(-41.6666666666666,-82.2080449826595,-89.9999999999994));
#2356=CARTESIAN_POINT('Ctrl Pts',(-41.6666666666666,-60.0599334376537,-85.3125));
#2357=CARTESIAN_POINT('Ctrl Pts',(-41.6666666666667,-50.2636533312087,-81.796875));
#2358=CARTESIAN_POINT('Ctrl Pts',(-41.6666666666666,-47.2111892400701,-80.4296875));
#2359=CARTESIAN_POINT('Ctrl Pts',(-41.6666666666666,-41.6031738168153,-77.2395833333333));
#2360=CARTESIAN_POINT('Ctrl Pts',(-41.6666666666667,-39.0476224846993,-75.4166666666666));
#2361=CARTESIAN_POINT('Ctrl Pts',(-41.6666666666667,-36.7760213005961,-73.3333333333333));
#2362=CARTESIAN_POINT('Ctrl Pts',(-59.5486111111111,-215.002064203357,-70.1215277777778));
#2363=CARTESIAN_POINT('Ctrl Pts',(-59.5486111111111,-212.943425630264,-72.0095486111111));
#2364=CARTESIAN_POINT('Ctrl Pts',(-59.6245659722222,-210.630415049576,-73.6642795138888));
#2365=CARTESIAN_POINT('Ctrl Pts',(-59.8714192708333,-205.531143641511,-76.5641276041666));
#2366=CARTESIAN_POINT('Ctrl Pts',(-60.0423177083333,-202.744882814134,-77.8092447916666));
#2367=CARTESIAN_POINT('Ctrl Pts',(-60.6119791666667,-193.729465614725,-81.015625));
#2368=CARTESIAN_POINT('Ctrl Pts',(-61.9791666666666,-173.072092346786,-85.3125));
#2369=CARTESIAN_POINT('Ctrl Pts',(-61.9791666666666,-127.640068664723,-85.3124999999999));
#2370=CARTESIAN_POINT('Ctrl Pts',(-61.9791666666666,-82.2080449826596,-85.3125));
#2371=CARTESIAN_POINT('Ctrl Pts',(-60.6119791666667,-61.5506717147213,-81.015625));
#2372=CARTESIAN_POINT('Ctrl Pts',(-60.0423177083333,-52.5352545153118,-77.8092447916666));
#2373=CARTESIAN_POINT('Ctrl Pts',(-59.8714192708333,-49.7489936879353,-76.5641276041666));
#2374=CARTESIAN_POINT('Ctrl Pts',(-59.6245659722222,-44.6497222798704,-73.6642795138889));
#2375=CARTESIAN_POINT('Ctrl Pts',(-59.5486111111111,-42.336711699182,-72.0095486111111));
#2376=CARTESIAN_POINT('Ctrl Pts',(-59.5486111111111,-40.2780731260885,-70.1215277777778));
#2377=CARTESIAN_POINT('Ctrl Pts',(-66.8440662501615,-212.903600335485,-68.1978475550793));
#2378=CARTESIAN_POINT('Ctrl Pts',(-66.8440662501615,-211.057924373401,-69.8905558884126));
#2379=CARTESIAN_POINT('Ctrl Pts',(-67.0303708286871,-208.975576482155,-71.3499401630664));
#2380=CARTESIAN_POINT('Ctrl Pts',(-67.5491820092914,-204.252866495548,-73.8862927395593));
#2381=CARTESIAN_POINT('Ctrl Pts',(-67.8701895254629,-201.64359005257,-74.9681712962963));
#2382=CARTESIAN_POINT('Ctrl Pts',(-68.8802083333333,-193.108324665946,-77.8092447916666));
#2383=CARTESIAN_POINT('Ctrl Pts',(-70.9635416666666,-173.072092346786,-81.796875));
#2384=CARTESIAN_POINT('Ctrl Pts',(-70.9635416666666,-127.640068664723,-81.7968749999999));
#2385=CARTESIAN_POINT('Ctrl Pts',(-70.9635416666666,-82.2080449826596,-81.796875));
#2386=CARTESIAN_POINT('Ctrl Pts',(-68.8802083333333,-62.1718126634995,-77.8092447916666));
#2387=CARTESIAN_POINT('Ctrl Pts',(-67.8701895254629,-53.6365472768758,-74.9681712962963));
#2388=CARTESIAN_POINT('Ctrl Pts',(-67.5491820092914,-51.0272708338977,-73.8862927395593));
#2389=CARTESIAN_POINT('Ctrl Pts',(-67.0303708286871,-46.3045608472913,-71.3499401630663));
#2390=CARTESIAN_POINT('Ctrl Pts',(-66.8440662501615,-44.2222129560444,-69.8905558884126));
#2391=CARTESIAN_POINT('Ctrl Pts',(-66.8440662501615,-42.3765369939606,-68.1978475550793));
#2392=CARTESIAN_POINT('Ctrl Pts',(-68.9068419846603,-212.212031621674,-67.5640268845298));
#2393=CARTESIAN_POINT('Ctrl Pts',(-69.0419430057538,-210.416229638847,-69.139731301702));
#2394=CARTESIAN_POINT('Ctrl Pts',(-69.2367816481233,-208.402036237032,-70.4907124726088));
#2395=CARTESIAN_POINT('Ctrl Pts',(-69.8710006615066,-203.825211626556,-72.8695052985751));
#2396=CARTESIAN_POINT('Ctrl Pts',(-70.2632119572081,-201.293573546726,-73.8862927395593));
#2397=CARTESIAN_POINT('Ctrl Pts',(-71.435546875,-192.921982381313,-76.5641276041666));
#2398=CARTESIAN_POINT('Ctrl Pts',(-73.7630208333333,-173.072092346786,-80.4296875));
#2399=CARTESIAN_POINT('Ctrl Pts',(-73.7630208333333,-127.640068664723,-80.4296874999999));
#2400=CARTESIAN_POINT('Ctrl Pts',(-73.7630208333333,-82.2080449826596,-80.4296875));
#2401=CARTESIAN_POINT('Ctrl Pts',(-71.435546875,-62.358154948133,-76.5641276041666));
#2402=CARTESIAN_POINT('Ctrl Pts',(-70.2632119572081,-53.9865637827196,-73.8862927395593));
#2403=CARTESIAN_POINT('Ctrl Pts',(-69.8710006615066,-51.4549257028901,-72.8695052985751));
#2404=CARTESIAN_POINT('Ctrl Pts',(-69.2367816481233,-46.8781010924138,-70.4907124726088));
#2405=CARTESIAN_POINT('Ctrl Pts',(-69.0419430057538,-44.8639076905989,-69.1397313017021));
#2406=CARTESIAN_POINT('Ctrl Pts',(-68.9068419846603,-43.0681057077714,-67.5640268845298));
#2407=CARTESIAN_POINT('Ctrl Pts',(-72.2943081632883,-210.844732678346,-66.3111976841307));
#2408=CARTESIAN_POINT('Ctrl Pts',(-72.7237848386327,-209.179760756263,-67.4916406571697));
#2409=CARTESIAN_POINT('Ctrl Pts',(-73.1202513715405,-207.368092471529,-68.5572781763472));
#2410=CARTESIAN_POINT('Ctrl Pts',(-74.068502995346,-203.1336791489,-70.4907124726088));
#2411=CARTESIAN_POINT('Ctrl Pts',(-74.5945088448912,-200.727878142477,-71.3499401630663));
#2412=CARTESIAN_POINT('Ctrl Pts',(-76.1121961805555,-192.652821303509,-73.6642795138889));
#2413=CARTESIAN_POINT('Ctrl Pts',(-78.90625,-173.072092346786,-77.2395833333333));
#2414=CARTESIAN_POINT('Ctrl Pts',(-78.90625,-127.640068664723,-77.2395833333333));
#2415=CARTESIAN_POINT('Ctrl Pts',(-78.90625,-82.2080449826595,-77.2395833333332));
#2416=CARTESIAN_POINT('Ctrl Pts',(-76.1121961805555,-62.6273160259369,-73.6642795138889));
#2417=CARTESIAN_POINT('Ctrl Pts',(-74.5945088448912,-54.5522591869691,-71.3499401630664));
#2418=CARTESIAN_POINT('Ctrl Pts',(-74.068502995346,-52.1464581805455,-70.4907124726088));
#2419=CARTESIAN_POINT('Ctrl Pts',(-73.1202513715405,-47.9120448579167,-68.5572781763472));
#2420=CARTESIAN_POINT('Ctrl Pts',(-72.7237848386327,-46.1003765731826,-67.4916406571698));
#2421=CARTESIAN_POINT('Ctrl Pts',(-72.2943081632883,-44.4354046511001,-66.3111976841307));
#2422=CARTESIAN_POINT('Ctrl Pts',(-73.6189986074175,-210.169002448828,-65.6921891542812));
#2423=CARTESIAN_POINT('Ctrl Pts',(-74.1376766733988,-208.477461041339,-66.7534145614715));
#2424=CARTESIAN_POINT('Ctrl Pts',(-74.781770547064,-206.935797825636,-67.4916406571697));
#2425=CARTESIAN_POINT('Ctrl Pts',(-75.9157622251557,-202.921233217357,-69.1397313017021));
#2426=CARTESIAN_POINT('Ctrl Pts',(-76.5042739937167,-200.524737485909,-69.8905558884127));
#2427=CARTESIAN_POINT('Ctrl Pts',(-78.2335069444444,-192.570002510339,-72.0095486111111));
#2428=CARTESIAN_POINT('Ctrl Pts',(-81.25,-173.072092346786,-75.4166666666666));
#2429=CARTESIAN_POINT('Ctrl Pts',(-81.25,-127.640068664723,-75.4166666666667));
#2430=CARTESIAN_POINT('Ctrl Pts',(-81.25,-82.2080449826595,-75.4166666666666));
#2431=CARTESIAN_POINT('Ctrl Pts',(-78.2335069444444,-62.7101348191073,-72.0095486111111));
#2432=CARTESIAN_POINT('Ctrl Pts',(-76.5042739937167,-54.7553998435368,-69.8905558884127));
#2433=CARTESIAN_POINT('Ctrl Pts',(-75.9157622251557,-52.358904112089,-69.1397313017021));
#2434=CARTESIAN_POINT('Ctrl Pts',(-74.7817705470641,-48.3443395038097,-67.4916406571698));
#2435=CARTESIAN_POINT('Ctrl Pts',(-74.1376766733987,-46.8026762881066,-66.7534145614715));
#2436=CARTESIAN_POINT('Ctrl Pts',(-73.6189986074175,-45.1111348806179,-65.6921891542812));
#2437=CARTESIAN_POINT('Ctrl Pts',(-75.,-209.417711292437,-65.));
#2438=CARTESIAN_POINT('Ctrl Pts',(-75.6890249574181,-207.911910781091,-65.6921891542812));
#2439=CARTESIAN_POINT('Ctrl Pts',(-76.3087513959088,-206.467509957993,-66.3111976841307));
#2440=CARTESIAN_POINT('Ctrl Pts',(-77.5627300807247,-202.773923310402,-67.5640268845298));
#2441=CARTESIAN_POINT('Ctrl Pts',(-78.19698232705,-200.524737485909,-68.1978475550793));
#2442=CARTESIAN_POINT('Ctrl Pts',(-80.1215277777778,-192.570002510339,-70.1215277777777));
#2443=CARTESIAN_POINT('Ctrl Pts',(-83.3333333333333,-173.072092346786,-73.3333333333333));
#2444=CARTESIAN_POINT('Ctrl Pts',(-83.3333333333333,-127.640068664723,-73.3333333333333));
#2445=CARTESIAN_POINT('Ctrl Pts',(-83.3333333333333,-82.2080449826596,-73.3333333333333));
#2446=CARTESIAN_POINT('Ctrl Pts',(-80.1215277777778,-62.7101348191073,-70.1215277777778));
#2447=CARTESIAN_POINT('Ctrl Pts',(-78.19698232705,-54.7553998435368,-68.1978475550793));
#2448=CARTESIAN_POINT('Ctrl Pts',(-77.5627300807247,-52.506214019044,-67.5640268845299));
#2449=CARTESIAN_POINT('Ctrl Pts',(-76.3087513959088,-48.8126273714532,-66.3111976841307));
#2450=CARTESIAN_POINT('Ctrl Pts',(-75.6890249574181,-47.3682265483552,-65.6921891542812));
#2451=CARTESIAN_POINT('Ctrl Pts',(-75.,-45.8624260370088,-65.));
#2452=CARTESIAN_POINT('',(-82.7807697631587,-89.2425955976586,-72.7807697631587));
#2453=CARTESIAN_POINT('',(-80.798983879743,-187.698660579779,-70.7990297078599));
#2454=CARTESIAN_POINT('Ctrl Pts',(-82.7807697631587,-89.2425955976586,-72.7807697631587));
#2455=CARTESIAN_POINT('Ctrl Pts',(-82.162822975343,-89.8461165508792,-73.454721964954));
#2456=CARTESIAN_POINT('Ctrl Pts',(-81.6044940409228,-90.650061837983,-74.0340714921072));
#2457=CARTESIAN_POINT('Ctrl Pts',(-80.1911652842928,-93.1289404470425,-75.4552071516052));
#2458=CARTESIAN_POINT('Ctrl Pts',(-79.4137368859466,-95.1276645682798,-76.1727298923998));
#2459=CARTESIAN_POINT('Ctrl Pts',(-76.7636097571991,-103.307060011536,-78.5108719572266));
#2460=CARTESIAN_POINT('Ctrl Pts',(-75.4408604416382,-111.646064217748,-79.358610397866));
#2461=CARTESIAN_POINT('Ctrl Pts',(-73.7983436313981,-124.688707865805,-80.3112845535784));
#2462=CARTESIAN_POINT('Ctrl Pts',(-72.8921337901373,-132.921311802412,-80.7855854855513));
#2463=CARTESIAN_POINT('Ctrl Pts',(-71.6860854686268,-147.176389585908,-81.3042967802268));
#2464=CARTESIAN_POINT('Ctrl Pts',(-71.2791565772298,-155.939292321751,-81.3551527200808));
#2465=CARTESIAN_POINT('Ctrl Pts',(-72.1818348423445,-167.838710476604,-80.1636853385437));
#2466=CARTESIAN_POINT('Ctrl Pts',(-72.7210332282121,-171.770984853895,-79.5615090168492));
#2467=CARTESIAN_POINT('Ctrl Pts',(-74.6219996625665,-179.22762998182,-77.5504627895011));
#2468=CARTESIAN_POINT('Ctrl Pts',(-75.7444617443666,-181.615526173457,-76.3792854461657));
#2469=CARTESIAN_POINT('Ctrl Pts',(-77.2325744151514,-184.220652995106,-74.7867475747718));
#2470=CARTESIAN_POINT('Ctrl Pts',(-77.9123311526587,-185.191765649057,-74.0509029411776));
#2471=CARTESIAN_POINT('Ctrl Pts',(-79.3253745880377,-186.717153679818,-72.4844763607551));
#2472=CARTESIAN_POINT('Ctrl Pts',(-80.0421761828062,-187.303234568044,-71.675675940146));
#2473=CARTESIAN_POINT('Ctrl Pts',(-80.798983879743,-187.698660579779,-70.7990297078599));
#2474=CARTESIAN_POINT('Ctrl Pts',(-80.798983879743,-187.698660579779,-70.7990297078599));
#2475=CARTESIAN_POINT('Ctrl Pts',(-81.2262466607853,-184.879170902884,-71.2262466607853));
#2476=CARTESIAN_POINT('Ctrl Pts',(-83.3333333333333,-167.891904093774,-73.3333333333333));
#2477=CARTESIAN_POINT('Ctrl Pts',(-83.3333333333333,-132.568631873631,-73.3333333333333));
#2478=CARTESIAN_POINT('Ctrl Pts',(-83.3333333333333,-101.151576136888,-73.3333333333333));
#2479=CARTESIAN_POINT('Ctrl Pts',(-82.7807697631587,-89.2425955976586,-72.7807697631587));
#2480=CARTESIAN_POINT('Ctrl Pts',(75.,-209.417711292437,-65.));
#2481=CARTESIAN_POINT('Ctrl Pts',(75.6890249574181,-207.911910781091,-65.6921891542812));
#2482=CARTESIAN_POINT('Ctrl Pts',(76.3087513959087,-206.467509957993,-66.3111976841307));
#2483=CARTESIAN_POINT('Ctrl Pts',(77.5627300807247,-202.773923310402,-67.5640268845298));
#2484=CARTESIAN_POINT('Ctrl Pts',(78.19698232705,-200.524737485909,-68.1978475550793));
#2485=CARTESIAN_POINT('Ctrl Pts',(80.1215277777778,-192.570002510339,-70.1215277777777));
#2486=CARTESIAN_POINT('Ctrl Pts',(83.3333333333333,-173.072092346786,-73.3333333333333));
#2487=CARTESIAN_POINT('Ctrl Pts',(83.3333333333333,-127.640068664723,-73.3333333333333));
#2488=CARTESIAN_POINT('Ctrl Pts',(83.3333333333333,-82.2080449826595,-73.3333333333333));
#2489=CARTESIAN_POINT('Ctrl Pts',(80.1215277777778,-62.7101348191073,-70.1215277777778));
#2490=CARTESIAN_POINT('Ctrl Pts',(78.19698232705,-54.7553998435368,-68.1978475550793));
#2491=CARTESIAN_POINT('Ctrl Pts',(77.5627300807247,-52.506214019044,-67.5640268845298));
#2492=CARTESIAN_POINT('Ctrl Pts',(76.3087513959087,-48.8126273714532,-66.3111976841307));
#2493=CARTESIAN_POINT('Ctrl Pts',(75.6890249574181,-47.3682265483552,-65.6921891542812));
#2494=CARTESIAN_POINT('Ctrl Pts',(75.,-45.8624260370088,-65.));
#2495=CARTESIAN_POINT('Ctrl Pts',(73.6189986074175,-210.169002448828,-65.6921891542812));
#2496=CARTESIAN_POINT('Ctrl Pts',(74.1376766733987,-208.477461041339,-66.7534145614715));
#2497=CARTESIAN_POINT('Ctrl Pts',(74.781770547064,-206.935797825636,-67.4916406571697));
#2498=CARTESIAN_POINT('Ctrl Pts',(75.9157622251556,-202.921233217357,-69.139731301702));
#2499=CARTESIAN_POINT('Ctrl Pts',(76.5042739937166,-200.524737485909,-69.8905558884126));
#2500=CARTESIAN_POINT('Ctrl Pts',(78.2335069444444,-192.570002510339,-72.0095486111111));
#2501=CARTESIAN_POINT('Ctrl Pts',(81.25,-173.072092346786,-75.4166666666666));
#2502=CARTESIAN_POINT('Ctrl Pts',(81.25,-127.640068664723,-75.4166666666666));
#2503=CARTESIAN_POINT('Ctrl Pts',(81.25,-82.2080449826595,-75.4166666666666));
#2504=CARTESIAN_POINT('Ctrl Pts',(78.2335069444444,-62.7101348191073,-72.0095486111111));
#2505=CARTESIAN_POINT('Ctrl Pts',(76.5042739937166,-54.7553998435368,-69.8905558884126));
#2506=CARTESIAN_POINT('Ctrl Pts',(75.9157622251557,-52.358904112089,-69.1397313017021));
#2507=CARTESIAN_POINT('Ctrl Pts',(74.781770547064,-48.3443395038098,-67.4916406571697));
#2508=CARTESIAN_POINT('Ctrl Pts',(74.1376766733987,-46.8026762881066,-66.7534145614715));
#2509=CARTESIAN_POINT('Ctrl Pts',(73.6189986074175,-45.1111348806179,-65.6921891542812));
#2510=CARTESIAN_POINT('Ctrl Pts',(72.2943081632883,-210.844732678346,-66.3111976841307));
#2511=CARTESIAN_POINT('Ctrl Pts',(72.7237848386328,-209.179760756263,-67.4916406571698));
#2512=CARTESIAN_POINT('Ctrl Pts',(73.1202513715405,-207.368092471529,-68.5572781763472));
#2513=CARTESIAN_POINT('Ctrl Pts',(74.068502995346,-203.1336791489,-70.4907124726088));
#2514=CARTESIAN_POINT('Ctrl Pts',(74.5945088448912,-200.727878142477,-71.3499401630663));
#2515=CARTESIAN_POINT('Ctrl Pts',(76.1121961805555,-192.652821303509,-73.6642795138889));
#2516=CARTESIAN_POINT('Ctrl Pts',(78.90625,-173.072092346786,-77.2395833333333));
#2517=CARTESIAN_POINT('Ctrl Pts',(78.90625,-127.640068664723,-77.2395833333333));
#2518=CARTESIAN_POINT('Ctrl Pts',(78.90625,-82.2080449826595,-77.2395833333333));
#2519=CARTESIAN_POINT('Ctrl Pts',(76.1121961805555,-62.6273160259369,-73.6642795138889));
#2520=CARTESIAN_POINT('Ctrl Pts',(74.5945088448912,-54.5522591869691,-71.3499401630663));
#2521=CARTESIAN_POINT('Ctrl Pts',(74.068502995346,-52.1464581805455,-70.4907124726088));
#2522=CARTESIAN_POINT('Ctrl Pts',(73.1202513715405,-47.9120448579167,-68.5572781763472));
#2523=CARTESIAN_POINT('Ctrl Pts',(72.7237848386328,-46.1003765731826,-67.4916406571698));
#2524=CARTESIAN_POINT('Ctrl Pts',(72.2943081632883,-44.4354046511001,-66.3111976841308));
#2525=CARTESIAN_POINT('Ctrl Pts',(68.9068419846603,-212.212031621674,-67.5640268845298));
#2526=CARTESIAN_POINT('Ctrl Pts',(69.0419430057538,-210.416229638847,-69.1397313017021));
#2527=CARTESIAN_POINT('Ctrl Pts',(69.2367816481233,-208.402036237032,-70.4907124726088));
#2528=CARTESIAN_POINT('Ctrl Pts',(69.8710006615066,-203.825211626556,-72.8695052985751));
#2529=CARTESIAN_POINT('Ctrl Pts',(70.2632119572081,-201.293573546726,-73.8862927395593));
#2530=CARTESIAN_POINT('Ctrl Pts',(71.435546875,-192.921982381313,-76.5641276041666));
#2531=CARTESIAN_POINT('Ctrl Pts',(73.7630208333333,-173.072092346786,-80.4296875));
#2532=CARTESIAN_POINT('Ctrl Pts',(73.7630208333333,-127.640068664723,-80.4296875));
#2533=CARTESIAN_POINT('Ctrl Pts',(73.7630208333333,-82.2080449826595,-80.4296875));
#2534=CARTESIAN_POINT('Ctrl Pts',(71.435546875,-62.358154948133,-76.5641276041666));
#2535=CARTESIAN_POINT('Ctrl Pts',(70.2632119572081,-53.9865637827196,-73.8862927395593));
#2536=CARTESIAN_POINT('Ctrl Pts',(69.8710006615066,-51.4549257028901,-72.8695052985751));
#2537=CARTESIAN_POINT('Ctrl Pts',(69.2367816481233,-46.8781010924138,-70.4907124726088));
#2538=CARTESIAN_POINT('Ctrl Pts',(69.0419430057539,-44.8639076905989,-69.1397313017021));
#2539=CARTESIAN_POINT('Ctrl Pts',(68.9068419846603,-43.0681057077714,-67.5640268845299));
#2540=CARTESIAN_POINT('Ctrl Pts',(66.8440662501615,-212.903600335485,-68.1978475550793));
#2541=CARTESIAN_POINT('Ctrl Pts',(66.8440662501616,-211.057924373401,-69.8905558884126));
#2542=CARTESIAN_POINT('Ctrl Pts',(67.0303708286871,-208.975576482155,-71.3499401630663));
#2543=CARTESIAN_POINT('Ctrl Pts',(67.5491820092914,-204.252866495548,-73.8862927395593));
#2544=CARTESIAN_POINT('Ctrl Pts',(67.8701895254629,-201.64359005257,-74.9681712962963));
#2545=CARTESIAN_POINT('Ctrl Pts',(68.8802083333333,-193.108324665946,-77.8092447916666));
#2546=CARTESIAN_POINT('Ctrl Pts',(70.9635416666666,-173.072092346786,-81.796875));
#2547=CARTESIAN_POINT('Ctrl Pts',(70.9635416666666,-127.640068664723,-81.7968749999999));
#2548=CARTESIAN_POINT('Ctrl Pts',(70.9635416666666,-82.2080449826596,-81.796875));
#2549=CARTESIAN_POINT('Ctrl Pts',(68.8802083333333,-62.1718126634995,-77.8092447916666));
#2550=CARTESIAN_POINT('Ctrl Pts',(67.870189525463,-53.6365472768758,-74.9681712962963));
#2551=CARTESIAN_POINT('Ctrl Pts',(67.5491820092914,-51.0272708338977,-73.8862927395593));
#2552=CARTESIAN_POINT('Ctrl Pts',(67.0303708286872,-46.3045608472913,-71.3499401630664));
#2553=CARTESIAN_POINT('Ctrl Pts',(66.8440662501616,-44.2222129560444,-69.8905558884127));
#2554=CARTESIAN_POINT('Ctrl Pts',(66.8440662501616,-42.3765369939606,-68.1978475550793));
#2555=CARTESIAN_POINT('Ctrl Pts',(59.5486111111111,-215.002064203357,-70.1215277777778));
#2556=CARTESIAN_POINT('Ctrl Pts',(59.5486111111111,-212.943425630264,-72.0095486111111));
#2557=CARTESIAN_POINT('Ctrl Pts',(59.6245659722222,-210.630415049576,-73.6642795138888));
#2558=CARTESIAN_POINT('Ctrl Pts',(59.8714192708333,-205.531143641511,-76.5641276041666));
#2559=CARTESIAN_POINT('Ctrl Pts',(60.0423177083333,-202.744882814134,-77.8092447916666));
#2560=CARTESIAN_POINT('Ctrl Pts',(60.6119791666667,-193.729465614725,-81.015625));
#2561=CARTESIAN_POINT('Ctrl Pts',(61.9791666666666,-173.072092346786,-85.3125));
#2562=CARTESIAN_POINT('Ctrl Pts',(61.9791666666666,-127.640068664723,-85.3125));
#2563=CARTESIAN_POINT('Ctrl Pts',(61.9791666666667,-82.2080449826596,-85.3125000000001));
#2564=CARTESIAN_POINT('Ctrl Pts',(60.6119791666667,-61.5506717147213,-81.015625));
#2565=CARTESIAN_POINT('Ctrl Pts',(60.0423177083333,-52.5352545153118,-77.8092447916666));
#2566=CARTESIAN_POINT('Ctrl Pts',(59.8714192708333,-49.7489936879353,-76.5641276041666));
#2567=CARTESIAN_POINT('Ctrl Pts',(59.6245659722222,-44.6497222798704,-73.6642795138889));
#2568=CARTESIAN_POINT('Ctrl Pts',(59.5486111111111,-42.336711699182,-72.0095486111111));
#2569=CARTESIAN_POINT('Ctrl Pts',(59.5486111111111,-40.2780731260885,-70.1215277777777));
#2570=CARTESIAN_POINT('Ctrl Pts',(41.6666666666667,-218.50411602885,-73.3333333333333));
#2571=CARTESIAN_POINT('Ctrl Pts',(41.6666666666667,-216.232514844747,-75.4166666666667));
#2572=CARTESIAN_POINT('Ctrl Pts',(41.6666666666667,-213.676963512631,-77.2395833333333));
#2573=CARTESIAN_POINT('Ctrl Pts',(41.6666666666667,-208.068948089376,-80.4296875));
#2574=CARTESIAN_POINT('Ctrl Pts',(41.6666666666667,-205.016483998237,-81.796875));
#2575=CARTESIAN_POINT('Ctrl Pts',(41.6666666666667,-195.220203891792,-85.3125));
#2576=CARTESIAN_POINT('Ctrl Pts',(41.6666666666667,-173.072092346786,-90.));
#2577=CARTESIAN_POINT('Ctrl Pts',(41.6666666666667,-127.640068664723,-90.));
#2578=CARTESIAN_POINT('Ctrl Pts',(41.6666666666667,-82.2080449826595,-89.9999999999999));
#2579=CARTESIAN_POINT('Ctrl Pts',(41.6666666666667,-60.0599334376536,-85.3125));
#2580=CARTESIAN_POINT('Ctrl Pts',(41.6666666666667,-50.2636533312087,-81.796875));
#2581=CARTESIAN_POINT('Ctrl Pts',(41.6666666666667,-47.21118924007,-80.4296875));
#2582=CARTESIAN_POINT('Ctrl Pts',(41.6666666666667,-41.6031738168153,-77.2395833333333));
#2583=CARTESIAN_POINT('Ctrl Pts',(41.6666666666667,-39.0476224846993,-75.4166666666666));
#2584=CARTESIAN_POINT('Ctrl Pts',(41.6666666666667,-36.7760213005961,-73.3333333333333));
#2585=CARTESIAN_POINT('Ctrl Pts',(-4.44089209850063E-15,-218.50411602885,
-73.3333333333333));
#2586=CARTESIAN_POINT('Ctrl Pts',(-4.44089209850063E-15,-216.232514844747,
-75.4166666666666));
#2587=CARTESIAN_POINT('Ctrl Pts',(-1.94289029309402E-15,-213.676963512631,
-77.2395833333333));
#2588=CARTESIAN_POINT('Ctrl Pts',(-9.71445146547012E-16,-208.068948089376,
-80.4296875));
#2589=CARTESIAN_POINT('Ctrl Pts',(2.77555756156289E-16,-205.016483998237,
-81.7968749999999));
#2590=CARTESIAN_POINT('Ctrl Pts',(3.33066907387547E-15,-195.220203891792,
-85.3125));
#2591=CARTESIAN_POINT('Ctrl Pts',(-2.22044604925031E-15,-173.072092346786,
-90.));
#2592=CARTESIAN_POINT('Ctrl Pts',(-4.44089209850063E-15,-127.640068664723,
-90.));
#2593=CARTESIAN_POINT('Ctrl Pts',(1.55431223447522E-14,-82.2080449826595,
-90.));
#2594=CARTESIAN_POINT('Ctrl Pts',(5.55111512312578E-15,-60.0599334376536,
-85.3125));
#2595=CARTESIAN_POINT('Ctrl Pts',(1.11022302462516E-15,-50.2636533312087,
-81.796875));
#2596=CARTESIAN_POINT('Ctrl Pts',(-1.11022302462516E-15,-47.21118924007,
-80.4296875));
#2597=CARTESIAN_POINT('Ctrl Pts',(-4.44089209850063E-15,-41.6031738168153,
-77.2395833333333));
#2598=CARTESIAN_POINT('Ctrl Pts',(-4.44089209850063E-15,-39.0476224846993,
-75.4166666666667));
#2599=CARTESIAN_POINT('Ctrl Pts',(-4.44089209850063E-15,-36.7760213005961,
-73.3333333333333));
#2600=CARTESIAN_POINT('Ctrl Pts',(-41.6666666666667,-218.50411602885,-73.3333333333333));
#2601=CARTESIAN_POINT('Ctrl Pts',(-41.6666666666667,-216.232514844747,-75.4166666666667));
#2602=CARTESIAN_POINT('Ctrl Pts',(-41.6666666666666,-213.67696351263,-77.2395833333333));
#2603=CARTESIAN_POINT('Ctrl Pts',(-41.6666666666666,-208.068948089376,-80.4296875));
#2604=CARTESIAN_POINT('Ctrl Pts',(-41.6666666666667,-205.016483998237,-81.796875));
#2605=CARTESIAN_POINT('Ctrl Pts',(-41.6666666666667,-195.220203891792,-85.3125));
#2606=CARTESIAN_POINT('Ctrl Pts',(-41.6666666666667,-173.072092346786,-90.));
#2607=CARTESIAN_POINT('Ctrl Pts',(-41.6666666666667,-127.640068664723,-90.));
#2608=CARTESIAN_POINT('Ctrl Pts',(-41.6666666666666,-82.2080449826595,-89.9999999999994));
#2609=CARTESIAN_POINT('Ctrl Pts',(-41.6666666666666,-60.0599334376537,-85.3125));
#2610=CARTESIAN_POINT('Ctrl Pts',(-41.6666666666667,-50.2636533312087,-81.796875));
#2611=CARTESIAN_POINT('Ctrl Pts',(-41.6666666666666,-47.2111892400701,-80.4296875));
#2612=CARTESIAN_POINT('Ctrl Pts',(-41.6666666666666,-41.6031738168153,-77.2395833333333));
#2613=CARTESIAN_POINT('Ctrl Pts',(-41.6666666666667,-39.0476224846993,-75.4166666666666));
#2614=CARTESIAN_POINT('Ctrl Pts',(-41.6666666666667,-36.7760213005961,-73.3333333333333));
#2615=CARTESIAN_POINT('Ctrl Pts',(-59.5486111111111,-215.002064203357,-70.1215277777778));
#2616=CARTESIAN_POINT('Ctrl Pts',(-59.5486111111111,-212.943425630264,-72.0095486111111));
#2617=CARTESIAN_POINT('Ctrl Pts',(-59.6245659722222,-210.630415049576,-73.6642795138888));
#2618=CARTESIAN_POINT('Ctrl Pts',(-59.8714192708333,-205.531143641511,-76.5641276041666));
#2619=CARTESIAN_POINT('Ctrl Pts',(-60.0423177083333,-202.744882814134,-77.8092447916666));
#2620=CARTESIAN_POINT('Ctrl Pts',(-60.6119791666667,-193.729465614725,-81.015625));
#2621=CARTESIAN_POINT('Ctrl Pts',(-61.9791666666666,-173.072092346786,-85.3125));
#2622=CARTESIAN_POINT('Ctrl Pts',(-61.9791666666666,-127.640068664723,-85.3124999999999));
#2623=CARTESIAN_POINT('Ctrl Pts',(-61.9791666666666,-82.2080449826596,-85.3125));
#2624=CARTESIAN_POINT('Ctrl Pts',(-60.6119791666667,-61.5506717147213,-81.015625));
#2625=CARTESIAN_POINT('Ctrl Pts',(-60.0423177083333,-52.5352545153118,-77.8092447916666));
#2626=CARTESIAN_POINT('Ctrl Pts',(-59.8714192708333,-49.7489936879353,-76.5641276041666));
#2627=CARTESIAN_POINT('Ctrl Pts',(-59.6245659722222,-44.6497222798704,-73.6642795138889));
#2628=CARTESIAN_POINT('Ctrl Pts',(-59.5486111111111,-42.336711699182,-72.0095486111111));
#2629=CARTESIAN_POINT('Ctrl Pts',(-59.5486111111111,-40.2780731260885,-70.1215277777778));
#2630=CARTESIAN_POINT('Ctrl Pts',(-66.8440662501615,-212.903600335485,-68.1978475550793));
#2631=CARTESIAN_POINT('Ctrl Pts',(-66.8440662501615,-211.057924373401,-69.8905558884126));
#2632=CARTESIAN_POINT('Ctrl Pts',(-67.0303708286871,-208.975576482155,-71.3499401630664));
#2633=CARTESIAN_POINT('Ctrl Pts',(-67.5491820092914,-204.252866495548,-73.8862927395593));
#2634=CARTESIAN_POINT('Ctrl Pts',(-67.8701895254629,-201.64359005257,-74.9681712962963));
#2635=CARTESIAN_POINT('Ctrl Pts',(-68.8802083333333,-193.108324665946,-77.8092447916666));
#2636=CARTESIAN_POINT('Ctrl Pts',(-70.9635416666666,-173.072092346786,-81.796875));
#2637=CARTESIAN_POINT('Ctrl Pts',(-70.9635416666666,-127.640068664723,-81.7968749999999));
#2638=CARTESIAN_POINT('Ctrl Pts',(-70.9635416666666,-82.2080449826596,-81.796875));
#2639=CARTESIAN_POINT('Ctrl Pts',(-68.8802083333333,-62.1718126634995,-77.8092447916666));
#2640=CARTESIAN_POINT('Ctrl Pts',(-67.8701895254629,-53.6365472768758,-74.9681712962963));
#2641=CARTESIAN_POINT('Ctrl Pts',(-67.5491820092914,-51.0272708338977,-73.8862927395593));
#2642=CARTESIAN_POINT('Ctrl Pts',(-67.0303708286871,-46.3045608472913,-71.3499401630663));
#2643=CARTESIAN_POINT('Ctrl Pts',(-66.8440662501615,-44.2222129560444,-69.8905558884126));
#2644=CARTESIAN_POINT('Ctrl Pts',(-66.8440662501615,-42.3765369939606,-68.1978475550793));
#2645=CARTESIAN_POINT('Ctrl Pts',(-68.9068419846603,-212.212031621674,-67.5640268845298));
#2646=CARTESIAN_POINT('Ctrl Pts',(-69.0419430057538,-210.416229638847,-69.139731301702));
#2647=CARTESIAN_POINT('Ctrl Pts',(-69.2367816481233,-208.402036237032,-70.4907124726088));
#2648=CARTESIAN_POINT('Ctrl Pts',(-69.8710006615066,-203.825211626556,-72.8695052985751));
#2649=CARTESIAN_POINT('Ctrl Pts',(-70.2632119572081,-201.293573546726,-73.8862927395593));
#2650=CARTESIAN_POINT('Ctrl Pts',(-71.435546875,-192.921982381313,-76.5641276041666));
#2651=CARTESIAN_POINT('Ctrl Pts',(-73.7630208333333,-173.072092346786,-80.4296875));
#2652=CARTESIAN_POINT('Ctrl Pts',(-73.7630208333333,-127.640068664723,-80.4296874999999));
#2653=CARTESIAN_POINT('Ctrl Pts',(-73.7630208333333,-82.2080449826596,-80.4296875));
#2654=CARTESIAN_POINT('Ctrl Pts',(-71.435546875,-62.358154948133,-76.5641276041666));
#2655=CARTESIAN_POINT('Ctrl Pts',(-70.2632119572081,-53.9865637827196,-73.8862927395593));
#2656=CARTESIAN_POINT('Ctrl Pts',(-69.8710006615066,-51.4549257028901,-72.8695052985751));
#2657=CARTESIAN_POINT('Ctrl Pts',(-69.2367816481233,-46.8781010924138,-70.4907124726088));
#2658=CARTESIAN_POINT('Ctrl Pts',(-69.0419430057538,-44.8639076905989,-69.1397313017021));
#2659=CARTESIAN_POINT('Ctrl Pts',(-68.9068419846603,-43.0681057077714,-67.5640268845298));
#2660=CARTESIAN_POINT('Ctrl Pts',(-72.2943081632883,-210.844732678346,-66.3111976841307));
#2661=CARTESIAN_POINT('Ctrl Pts',(-72.7237848386327,-209.179760756263,-67.4916406571697));
#2662=CARTESIAN_POINT('Ctrl Pts',(-73.1202513715405,-207.368092471529,-68.5572781763472));
#2663=CARTESIAN_POINT('Ctrl Pts',(-74.068502995346,-203.1336791489,-70.4907124726088));
#2664=CARTESIAN_POINT('Ctrl Pts',(-74.5945088448912,-200.727878142477,-71.3499401630663));
#2665=CARTESIAN_POINT('Ctrl Pts',(-76.1121961805555,-192.652821303509,-73.6642795138889));
#2666=CARTESIAN_POINT('Ctrl Pts',(-78.90625,-173.072092346786,-77.2395833333333));
#2667=CARTESIAN_POINT('Ctrl Pts',(-78.90625,-127.640068664723,-77.2395833333333));
#2668=CARTESIAN_POINT('Ctrl Pts',(-78.90625,-82.2080449826595,-77.2395833333332));
#2669=CARTESIAN_POINT('Ctrl Pts',(-76.1121961805555,-62.6273160259369,-73.6642795138889));
#2670=CARTESIAN_POINT('Ctrl Pts',(-74.5945088448912,-54.5522591869691,-71.3499401630664));
#2671=CARTESIAN_POINT('Ctrl Pts',(-74.068502995346,-52.1464581805455,-70.4907124726088));
#2672=CARTESIAN_POINT('Ctrl Pts',(-73.1202513715405,-47.9120448579167,-68.5572781763472));
#2673=CARTESIAN_POINT('Ctrl Pts',(-72.7237848386327,-46.1003765731826,-67.4916406571698));
#2674=CARTESIAN_POINT('Ctrl Pts',(-72.2943081632883,-44.4354046511001,-66.3111976841307));
#2675=CARTESIAN_POINT('Ctrl Pts',(-73.6189986074175,-210.169002448828,-65.6921891542812));
#2676=CARTESIAN_POINT('Ctrl Pts',(-74.1376766733988,-208.477461041339,-66.7534145614715));
#2677=CARTESIAN_POINT('Ctrl Pts',(-74.781770547064,-206.935797825636,-67.4916406571697));
#2678=CARTESIAN_POINT('Ctrl Pts',(-75.9157622251557,-202.921233217357,-69.1397313017021));
#2679=CARTESIAN_POINT('Ctrl Pts',(-76.5042739937167,-200.524737485909,-69.8905558884127));
#2680=CARTESIAN_POINT('Ctrl Pts',(-78.2335069444444,-192.570002510339,-72.0095486111111));
#2681=CARTESIAN_POINT('Ctrl Pts',(-81.25,-173.072092346786,-75.4166666666666));
#2682=CARTESIAN_POINT('Ctrl Pts',(-81.25,-127.640068664723,-75.4166666666667));
#2683=CARTESIAN_POINT('Ctrl Pts',(-81.25,-82.2080449826595,-75.4166666666666));
#2684=CARTESIAN_POINT('Ctrl Pts',(-78.2335069444444,-62.7101348191073,-72.0095486111111));
#2685=CARTESIAN_POINT('Ctrl Pts',(-76.5042739937167,-54.7553998435368,-69.8905558884127));
#2686=CARTESIAN_POINT('Ctrl Pts',(-75.9157622251557,-52.358904112089,-69.1397313017021));
#2687=CARTESIAN_POINT('Ctrl Pts',(-74.7817705470641,-48.3443395038097,-67.4916406571698));
#2688=CARTESIAN_POINT('Ctrl Pts',(-74.1376766733987,-46.8026762881066,-66.7534145614715));
#2689=CARTESIAN_POINT('Ctrl Pts',(-73.6189986074175,-45.1111348806179,-65.6921891542812));
#2690=CARTESIAN_POINT('Ctrl Pts',(-75.,-209.417711292437,-65.));
#2691=CARTESIAN_POINT('Ctrl Pts',(-75.6890249574181,-207.911910781091,-65.6921891542812));
#2692=CARTESIAN_POINT('Ctrl Pts',(-76.3087513959088,-206.467509957993,-66.3111976841307));
#2693=CARTESIAN_POINT('Ctrl Pts',(-77.5627300807247,-202.773923310402,-67.5640268845298));
#2694=CARTESIAN_POINT('Ctrl Pts',(-78.19698232705,-200.524737485909,-68.1978475550793));
#2695=CARTESIAN_POINT('Ctrl Pts',(-80.1215277777778,-192.570002510339,-70.1215277777777));
#2696=CARTESIAN_POINT('Ctrl Pts',(-83.3333333333333,-173.072092346786,-73.3333333333333));
#2697=CARTESIAN_POINT('Ctrl Pts',(-83.3333333333333,-127.640068664723,-73.3333333333333));
#2698=CARTESIAN_POINT('Ctrl Pts',(-83.3333333333333,-82.2080449826596,-73.3333333333333));
#2699=CARTESIAN_POINT('Ctrl Pts',(-80.1215277777778,-62.7101348191073,-70.1215277777778));
#2700=CARTESIAN_POINT('Ctrl Pts',(-78.19698232705,-54.7553998435368,-68.1978475550793));
#2701=CARTESIAN_POINT('Ctrl Pts',(-77.5627300807247,-52.506214019044,-67.5640268845299));
#2702=CARTESIAN_POINT('Ctrl Pts',(-76.3087513959088,-48.8126273714532,-66.3111976841307));
#2703=CARTESIAN_POINT('Ctrl Pts',(-75.6890249574181,-47.3682265483552,-65.6921891542812));
#2704=CARTESIAN_POINT('Ctrl Pts',(-75.,-45.8624260370088,-65.));
#2705=CARTESIAN_POINT('',(80.7989838797429,-187.698660579779,-70.7990297078599));
#2706=CARTESIAN_POINT('',(82.7807697631587,-89.2425955976589,-72.7807697631587));
#2707=CARTESIAN_POINT('Ctrl Pts',(80.798983879743,-187.698660579779,-70.7990297078599));
#2708=CARTESIAN_POINT('Ctrl Pts',(79.7694896795731,-187.160758035545,-71.9915416437086));
#2709=CARTESIAN_POINT('Ctrl Pts',(78.8249673661824,-186.283663095334,-73.0465199651899));
#2710=CARTESIAN_POINT('Ctrl Pts',(77.9632643404338,-185.17604257998,-73.9893650896812));
#2711=CARTESIAN_POINT('Ctrl Pts',(76.9941727289831,-183.930386341084,-75.0497110252752));
#2712=CARTESIAN_POINT('Ctrl Pts',(76.0795369259842,-182.322284852769,-76.0217368539235));
#2713=CARTESIAN_POINT('Ctrl Pts',(75.266192154642,-180.357625838309,-76.8784666528504));
#2714=CARTESIAN_POINT('Ctrl Pts',(75.2121669810951,-180.227126389666,-76.9353736100237));
#2715=CARTESIAN_POINT('Ctrl Pts',(75.158439788813,-180.094675466867,-76.9919318851043));
#2716=CARTESIAN_POINT('Ctrl Pts',(75.1050257100037,-179.960222224976,-77.0481329152887));
#2717=CARTESIAN_POINT('Ctrl Pts',(74.9598525692749,-179.594794235922,-77.2008806598149));
#2718=CARTESIAN_POINT('Ctrl Pts',(74.8169848625509,-179.214581345478,-77.3509956520339));
#2719=CARTESIAN_POINT('Ctrl Pts',(74.6767943428523,-178.81849919393,-77.4982497797438));
#2720=CARTESIAN_POINT('Ctrl Pts',(74.0108444604513,-176.936982078428,-78.1977540632163));
#2721=CARTESIAN_POINT('Ctrl Pts',(73.4025243575053,-174.698820100985,-78.8348320462652));
#2722=CARTESIAN_POINT('Ctrl Pts',(72.8982744184388,-171.982976397859,-79.382415279224));
#2723=CARTESIAN_POINT('Ctrl Pts',(72.6026662807525,-170.390858209774,-79.7034268395285));
#2724=CARTESIAN_POINT('Ctrl Pts',(72.3608295988764,-168.718164918602,-79.9748286441925));
#2725=CARTESIAN_POINT('Ctrl Pts',(72.1736714934403,-167.03959452928,-80.1967182379202));
#2726=CARTESIAN_POINT('Ctrl Pts',(71.8886038815497,-164.482900277864,-80.5346866974746));
#2727=CARTESIAN_POINT('Ctrl Pts',(71.723600933822,-161.875248371496,-80.7654285732716));
#2728=CARTESIAN_POINT('Ctrl Pts',(71.6457358312227,-159.302587549883,-80.9204850181526));
#2729=CARTESIAN_POINT('Ctrl Pts',(71.5824054111682,-157.210152234811,-81.0465978653547));
#2730=CARTESIAN_POINT('Ctrl Pts',(71.574671945623,-155.135540615901,-81.1243262192025));
#2731=CARTESIAN_POINT('Ctrl Pts',(71.6115641192446,-152.994543944314,-81.1669557227573));
#2732=CARTESIAN_POINT('Ctrl Pts',(71.754249182909,-144.713973395009,-81.3318306225418));
#2733=CARTESIAN_POINT('Ctrl Pts',(72.6060606346263,-135.861087668036,-80.9252226054311));
#2734=CARTESIAN_POINT('Ctrl Pts',(73.5065831220904,-127.640068664723,-80.4510888979289));
#2735=CARTESIAN_POINT('Ctrl Pts',(73.8189707832002,-124.788229944275,-80.2866138048559));
#2736=CARTESIAN_POINT('Ctrl Pts',(74.1304474580664,-122.047455071047,-80.1188632116059));
#2737=CARTESIAN_POINT('Ctrl Pts',(74.4851110168607,-119.235377703934,-79.9129511940846));
#2738=CARTESIAN_POINT('Ctrl Pts',(75.2078398286468,-113.50496282541,-79.4933463486881));
#2739=CARTESIAN_POINT('Ctrl Pts',(76.0929832121888,-107.68858232357,-78.9261942685485));
#2740=CARTESIAN_POINT('Ctrl Pts',(77.2751927993559,-102.600310887985,-77.9917159066746));
#2741=CARTESIAN_POINT('Ctrl Pts',(77.6047230950878,-101.182000962965,-77.7312384631772));
#2742=CARTESIAN_POINT('Ctrl Pts',(77.9569783484902,-99.8202042162898,-77.4421546735816));
#2743=CARTESIAN_POINT('Ctrl Pts',(78.3343069166856,-98.5325225627032,-77.119141974638));
#2744=CARTESIAN_POINT('Ctrl Pts',(78.7027984144885,-97.274998533996,-76.803694263344));
#2745=CARTESIAN_POINT('Ctrl Pts',(79.1194785592989,-96.0030315631087,-76.4354268762458));
#2746=CARTESIAN_POINT('Ctrl Pts',(79.5951587510942,-94.7788008973561,-75.9947509052448));
#2747=CARTESIAN_POINT('Ctrl Pts',(79.9177941432806,-93.9484528025975,-75.6958575159817));
#2748=CARTESIAN_POINT('Ctrl Pts',(80.2660007353389,-93.145234998289,-75.3649676335941));
#2749=CARTESIAN_POINT('Ctrl Pts',(80.6397196276115,-92.399497137788,-74.9983306264228));
#2750=CARTESIAN_POINT('Ctrl Pts',(80.9336544283773,-91.8129645487691,-74.7099658209912));
#2751=CARTESIAN_POINT('Ctrl Pts',(81.2765739742198,-91.1924677358314,-74.3673180180706));
#2752=CARTESIAN_POINT('Ctrl Pts',(81.6806775354845,-90.5933240597442,-73.9494036044658));
#2753=CARTESIAN_POINT('Ctrl Pts',(82.0123857454606,-90.1015172672196,-73.6063587631231));
#2754=CARTESIAN_POINT('Ctrl Pts',(82.3807976415798,-89.6332304562529,-73.2169919384493));
#2755=CARTESIAN_POINT('Ctrl Pts',(82.7807697631587,-89.242595597659,-72.7807697631587));
#2756=CARTESIAN_POINT('',(75.,-209.417711292437,-65.));
#2757=CARTESIAN_POINT('Ctrl Pts',(75.,-209.417711292437,-65.));
#2758=CARTESIAN_POINT('Ctrl Pts',(75.6890249574181,-207.911910781091,-65.6921891542812));
#2759=CARTESIAN_POINT('Ctrl Pts',(76.3087513959087,-206.467509957993,-66.3111976841307));
#2760=CARTESIAN_POINT('Ctrl Pts',(77.5627300807247,-202.773923310402,-67.5640268845298));
#2761=CARTESIAN_POINT('Ctrl Pts',(78.19698232705,-200.524737485909,-68.1978475550793));
#2762=CARTESIAN_POINT('Ctrl Pts',(79.5699571341795,-194.849812679784,-69.5702051066973));
#2763=CARTESIAN_POINT('Ctrl Pts',(80.2323737984249,-191.437697411407,-70.2324804010213));
#2764=CARTESIAN_POINT('Ctrl Pts',(80.7989838797429,-187.698660579779,-70.7990297078599));
#2765=CARTESIAN_POINT('',(-75.,-209.417711292437,-65.));
#2766=CARTESIAN_POINT('Ctrl Pts',(-75.,-209.417711292437,-65.));
#2767=CARTESIAN_POINT('Ctrl Pts',(-73.6189986074175,-210.169002448828,-65.6921891542812));
#2768=CARTESIAN_POINT('Ctrl Pts',(-72.2943081632883,-210.844732678346,-66.3111976841307));
#2769=CARTESIAN_POINT('Ctrl Pts',(-68.9068419846603,-212.212031621674,-67.5640268845298));
#2770=CARTESIAN_POINT('Ctrl Pts',(-66.8440662501615,-212.903600335485,-68.1978475550793));
#2771=CARTESIAN_POINT('Ctrl Pts',(-59.5486111111111,-215.002064203357,-70.1215277777778));
#2772=CARTESIAN_POINT('Ctrl Pts',(-41.6666666666667,-218.50411602885,-73.3333333333333));
#2773=CARTESIAN_POINT('Ctrl Pts',(-4.44089209850063E-15,-218.50411602885,
-73.3333333333333));
#2774=CARTESIAN_POINT('Ctrl Pts',(41.6666666666667,-218.50411602885,-73.3333333333333));
#2775=CARTESIAN_POINT('Ctrl Pts',(59.5486111111111,-215.002064203357,-70.1215277777778));
#2776=CARTESIAN_POINT('Ctrl Pts',(66.8440662501615,-212.903600335485,-68.1978475550793));
#2777=CARTESIAN_POINT('Ctrl Pts',(68.9068419846603,-212.212031621674,-67.5640268845298));
#2778=CARTESIAN_POINT('Ctrl Pts',(72.2943081632883,-210.844732678346,-66.3111976841307));
#2779=CARTESIAN_POINT('Ctrl Pts',(73.6189986074175,-210.169002448828,-65.6921891542812));
#2780=CARTESIAN_POINT('Ctrl Pts',(75.,-209.417711292437,-65.));
#2781=CARTESIAN_POINT('Ctrl Pts',(-75.,-209.417711292437,-65.));
#2782=CARTESIAN_POINT('Ctrl Pts',(-75.6890249574181,-207.911910781091,-65.6921891542812));
#2783=CARTESIAN_POINT('Ctrl Pts',(-76.3087513959088,-206.467509957993,-66.3111976841307));
#2784=CARTESIAN_POINT('Ctrl Pts',(-77.5627300807247,-202.773923310402,-67.5640268845298));
#2785=CARTESIAN_POINT('Ctrl Pts',(-78.19698232705,-200.524737485909,-68.1978475550793));
#2786=CARTESIAN_POINT('Ctrl Pts',(-79.5699571341795,-194.849812679784,-69.5702051066973));
#2787=CARTESIAN_POINT('Ctrl Pts',(-80.232373798425,-191.437697411407,-70.2324804010213));
#2788=CARTESIAN_POINT('Ctrl Pts',(-80.798983879743,-187.698660579779,-70.7990297078599));
#2789=CARTESIAN_POINT('',(-75.,-45.8624260370088,-65.));
#2790=CARTESIAN_POINT('Ctrl Pts',(-82.7807697631587,-89.2425955976586,-72.7807697631587));
#2791=CARTESIAN_POINT('Ctrl Pts',(-82.5751450391633,-84.8109229926909,-72.5751450391633));
#2792=CARTESIAN_POINT('Ctrl Pts',(-81.7728355360351,-72.7347299466631,-71.7728355360351));
#2793=CARTESIAN_POINT('Ctrl Pts',(-80.1215277777778,-62.7101348191073,-70.1215277777778));
#2794=CARTESIAN_POINT('Ctrl Pts',(-78.19698232705,-54.7553998435368,-68.1978475550793));
#2795=CARTESIAN_POINT('Ctrl Pts',(-77.5627300807247,-52.506214019044,-67.5640268845299));
#2796=CARTESIAN_POINT('Ctrl Pts',(-76.3087513959088,-48.8126273714532,-66.3111976841307));
#2797=CARTESIAN_POINT('Ctrl Pts',(-75.6890249574181,-47.3682265483552,-65.6921891542812));
#2798=CARTESIAN_POINT('Ctrl Pts',(-75.,-45.8624260370088,-65.));
#2799=CARTESIAN_POINT('',(75.,-45.8624260370088,-65.));
#2800=CARTESIAN_POINT('Ctrl Pts',(-75.,-45.8624260370088,-65.));
#2801=CARTESIAN_POINT('Ctrl Pts',(-73.6189986074175,-45.1111348806179,-65.6921891542812));
#2802=CARTESIAN_POINT('Ctrl Pts',(-72.2943081632883,-44.4354046511001,-66.3111976841307));
#2803=CARTESIAN_POINT('Ctrl Pts',(-68.9068419846603,-43.0681057077714,-67.5640268845298));
#2804=CARTESIAN_POINT('Ctrl Pts',(-66.8440662501615,-42.3765369939606,-68.1978475550793));
#2805=CARTESIAN_POINT('Ctrl Pts',(-59.5486111111111,-40.2780731260885,-70.1215277777778));
#2806=CARTESIAN_POINT('Ctrl Pts',(-41.6666666666667,-36.7760213005961,-73.3333333333333));
#2807=CARTESIAN_POINT('Ctrl Pts',(-4.44089209850063E-15,-36.7760213005961,
-73.3333333333333));
#2808=CARTESIAN_POINT('Ctrl Pts',(41.6666666666667,-36.7760213005961,-73.3333333333333));
#2809=CARTESIAN_POINT('Ctrl Pts',(59.5486111111111,-40.2780731260885,-70.1215277777777));
#2810=CARTESIAN_POINT('Ctrl Pts',(66.8440662501616,-42.3765369939606,-68.1978475550793));
#2811=CARTESIAN_POINT('Ctrl Pts',(68.9068419846603,-43.0681057077714,-67.5640268845299));
#2812=CARTESIAN_POINT('Ctrl Pts',(72.2943081632883,-44.4354046511001,-66.3111976841308));
#2813=CARTESIAN_POINT('Ctrl Pts',(73.6189986074175,-45.1111348806179,-65.6921891542812));
#2814=CARTESIAN_POINT('Ctrl Pts',(75.,-45.8624260370088,-65.));
#2815=CARTESIAN_POINT('Ctrl Pts',(82.7807697631587,-89.2425955976589,-72.7807697631587));
#2816=CARTESIAN_POINT('Ctrl Pts',(82.5751450391633,-84.8109229926911,-72.5751450391633));
#2817=CARTESIAN_POINT('Ctrl Pts',(81.7728355360351,-72.7347299466632,-71.7728355360351));
#2818=CARTESIAN_POINT('Ctrl Pts',(80.1215277777778,-62.7101348191073,-70.1215277777778));
#2819=CARTESIAN_POINT('Ctrl Pts',(78.19698232705,-54.7553998435368,-68.1978475550793));
#2820=CARTESIAN_POINT('Ctrl Pts',(77.5627300807247,-52.506214019044,-67.5640268845298));
#2821=CARTESIAN_POINT('Ctrl Pts',(76.3087513959087,-48.8126273714532,-66.3111976841307));
#2822=CARTESIAN_POINT('Ctrl Pts',(75.6890249574181,-47.3682265483552,-65.6921891542812));
#2823=CARTESIAN_POINT('Ctrl Pts',(75.,-45.8624260370088,-65.));
#2824=CARTESIAN_POINT('Ctrl Pts',(-75.,-209.417711292437,-65.));
#2825=CARTESIAN_POINT('Ctrl Pts',(-75.6890249574181,-207.911910781091,-65.6921891542812));
#2826=CARTESIAN_POINT('Ctrl Pts',(-76.3087513959088,-206.467509957993,-66.3111976841307));
#2827=CARTESIAN_POINT('Ctrl Pts',(-77.5627300807247,-202.773923310402,-67.5640268845298));
#2828=CARTESIAN_POINT('Ctrl Pts',(-78.19698232705,-200.524737485909,-68.1978475550793));
#2829=CARTESIAN_POINT('Ctrl Pts',(-80.1215277777778,-192.570002510339,-70.1215277777777));
#2830=CARTESIAN_POINT('Ctrl Pts',(-83.3333333333333,-173.072092346786,-73.3333333333333));
#2831=CARTESIAN_POINT('Ctrl Pts',(-83.3333333333333,-127.640068664723,-73.3333333333333));
#2832=CARTESIAN_POINT('Ctrl Pts',(-83.3333333333333,-82.2080449826596,-73.3333333333333));
#2833=CARTESIAN_POINT('Ctrl Pts',(-80.1215277777778,-62.7101348191073,-70.1215277777778));
#2834=CARTESIAN_POINT('Ctrl Pts',(-78.19698232705,-54.7553998435368,-68.1978475550793));
#2835=CARTESIAN_POINT('Ctrl Pts',(-77.5627300807247,-52.506214019044,-67.5640268845299));
#2836=CARTESIAN_POINT('Ctrl Pts',(-76.3087513959088,-48.8126273714532,-66.3111976841307));
#2837=CARTESIAN_POINT('Ctrl Pts',(-75.6890249574181,-47.3682265483552,-65.6921891542812));
#2838=CARTESIAN_POINT('Ctrl Pts',(-75.,-45.8624260370088,-65.));
#2839=CARTESIAN_POINT('Ctrl Pts',(-75.6919764351643,-210.172220647393,-63.6156216914376));
#2840=CARTESIAN_POINT('Ctrl Pts',(-76.7506639538417,-208.476605570835,-64.1413814878265));
#2841=CARTESIAN_POINT('Ctrl Pts',(-77.4890188109529,-206.935797825636,-64.7843923932809));
#2842=CARTESIAN_POINT('Ctrl Pts',(-79.1384184751557,-202.921233217357,-65.9170750517021));
#2843=CARTESIAN_POINT('Ctrl Pts',(-79.8896906603833,-200.524737485909,-66.505139221746));
#2844=CARTESIAN_POINT('Ctrl Pts',(-82.0095486111111,-192.570002510339,-68.2335069444444));
#2845=CARTESIAN_POINT('Ctrl Pts',(-85.4166666666666,-173.072092346786,-71.25));
#2846=CARTESIAN_POINT('Ctrl Pts',(-85.4166666666667,-127.640068664723,-71.25));
#2847=CARTESIAN_POINT('Ctrl Pts',(-85.4166666666667,-82.2080449826595,-71.25));
#2848=CARTESIAN_POINT('Ctrl Pts',(-82.0095486111111,-62.7101348191073,-68.2335069444444));
#2849=CARTESIAN_POINT('Ctrl Pts',(-79.8896906603833,-54.7553998435367,-66.505139221746));
#2850=CARTESIAN_POINT('Ctrl Pts',(-79.1384184751557,-52.358904112089,-65.9170750517021));
#2851=CARTESIAN_POINT('Ctrl Pts',(-77.4890188109529,-48.3443395038098,-64.7843923932809));
#2852=CARTESIAN_POINT('Ctrl Pts',(-76.7506639538417,-46.8035317586112,-64.1413814878265));
#2853=CARTESIAN_POINT('Ctrl Pts',(-75.6919764351643,-45.1079166820532,-63.6156216914376));
#2854=CARTESIAN_POINT('Ctrl Pts',(-76.3212422489868,-210.858352311934,-62.2690720203645));
#2855=CARTESIAN_POINT('Ctrl Pts',(-77.5043289963834,-209.196454501233,-62.6924760036252));
#2856=CARTESIAN_POINT('Ctrl Pts',(-78.5610285797659,-207.374609587657,-63.1092316625426));
#2857=CARTESIAN_POINT('Ctrl Pts',(-80.4917893219162,-203.136107696891,-64.064717301035));
#2858=CARTESIAN_POINT('Ctrl Pts',(-81.3506580626046,-200.729497174471,-64.5919850486838));
#2859=CARTESIAN_POINT('Ctrl Pts',(-83.6642795138889,-192.652821303509,-66.1121961805555));
#2860=CARTESIAN_POINT('Ctrl Pts',(-87.2395833333333,-173.072092346786,-68.90625));
#2861=CARTESIAN_POINT('Ctrl Pts',(-87.2395833333334,-127.640068664723,-68.90625));
#2862=CARTESIAN_POINT('Ctrl Pts',(-87.2395833333333,-82.2080449826595,-68.90625));
#2863=CARTESIAN_POINT('Ctrl Pts',(-83.6642795138889,-62.6273160259369,-66.1121961805555));
#2864=CARTESIAN_POINT('Ctrl Pts',(-81.3506580626047,-54.5506401549751,-64.5919850486838));
#2865=CARTESIAN_POINT('Ctrl Pts',(-80.4917893219163,-52.1440296325545,-64.064717301035));
#2866=CARTESIAN_POINT('Ctrl Pts',(-78.5610285797659,-47.905527741789,-63.1092316625426));
#2867=CARTESIAN_POINT('Ctrl Pts',(-77.5043289963834,-46.0836828282133,-62.6924760036252));
#2868=CARTESIAN_POINT('Ctrl Pts',(-76.3212422489867,-44.4217850175118,-62.2690720203645));
#2869=CARTESIAN_POINT('Ctrl Pts',(-77.5286697784633,-212.17489333866,-58.9836237826665));
#2870=CARTESIAN_POINT('Ctrl Pts',(-79.1065846928205,-210.38743471126,-59.1077945056888));
#2871=CARTESIAN_POINT('Ctrl Pts',(-80.4460383104885,-208.366410576358,-59.3221463982454));
#2872=CARTESIAN_POINT('Ctrl Pts',(-82.8177605175296,-203.792642308481,-59.9604484965807));
#2873=CARTESIAN_POINT('Ctrl Pts',(-83.8322046872266,-201.263808840896,-60.3519297365322));
#2874=CARTESIAN_POINT('Ctrl Pts',(-86.5044487847222,-192.90127768302,-61.5196397569444));
#2875=CARTESIAN_POINT('Ctrl Pts',(-90.3645833333333,-173.072092346786,-63.828125));
#2876=CARTESIAN_POINT('Ctrl Pts',(-90.3645833333333,-127.640068664723,-63.828125));
#2877=CARTESIAN_POINT('Ctrl Pts',(-90.3645833333333,-82.2080449826595,-63.8281249999999));
#2878=CARTESIAN_POINT('Ctrl Pts',(-86.5044487847222,-62.3788596464256,-61.5196397569444));
#2879=CARTESIAN_POINT('Ctrl Pts',(-83.8322046872266,-54.0163284885497,-60.3519297365321));
#2880=CARTESIAN_POINT('Ctrl Pts',(-82.8177605175296,-51.4874950209646,-59.9604484965807));
#2881=CARTESIAN_POINT('Ctrl Pts',(-80.4460383104885,-46.9137267530876,-59.3221463982454));
#2882=CARTESIAN_POINT('Ctrl Pts',(-79.1065846928205,-44.8927026181859,-59.1077945056888));
#2883=CARTESIAN_POINT('Ctrl Pts',(-77.5286697784632,-43.1052439907865,-58.9836237826666));
#2884=CARTESIAN_POINT('Ctrl Pts',(-78.1068314941174,-212.805302700843,-57.0447252160417));
#2885=CARTESIAN_POINT('Ctrl Pts',(-79.7941144802285,-210.965542366843,-57.0447252160417));
#2886=CARTESIAN_POINT('Ctrl Pts',(-81.2539480583297,-208.895408477575,-57.2176899342212));
#2887=CARTESIAN_POINT('Ctrl Pts',(-83.7802117763469,-204.184157238168,-57.7346518140784));
#2888=CARTESIAN_POINT('Ctrl Pts',(-84.8574037905092,-201.580490019678,-58.05419921875));
#2889=CARTESIAN_POINT('Ctrl Pts',(-87.6898871527777,-193.066915269361,-59.0483940972222));
#2890=CARTESIAN_POINT('Ctrl Pts',(-91.6666666666667,-173.072092346786,-61.09375));
#2891=CARTESIAN_POINT('Ctrl Pts',(-91.6666666666667,-127.640068664723,-61.09375));
#2892=CARTESIAN_POINT('Ctrl Pts',(-91.6666666666666,-82.2080449826595,-61.09375));
#2893=CARTESIAN_POINT('Ctrl Pts',(-87.6898871527777,-62.2132220600847,-59.0483940972222));
#2894=CARTESIAN_POINT('Ctrl Pts',(-84.8574037905092,-53.6996473097675,-58.05419921875));
#2895=CARTESIAN_POINT('Ctrl Pts',(-83.7802117763469,-51.0959800912782,-57.7346518140784));
#2896=CARTESIAN_POINT('Ctrl Pts',(-81.2539480583297,-46.3847288518711,-57.2176899342212));
#2897=CARTESIAN_POINT('Ctrl Pts',(-79.7941144802285,-44.3145949626029,-57.0447252160417));
#2898=CARTESIAN_POINT('Ctrl Pts',(-78.1068314941173,-42.4748346286027,-57.0447252160417));
#2899=CARTESIAN_POINT('Ctrl Pts',(-79.7646604938271,-214.612947333858,-50.3395061728395));
#2900=CARTESIAN_POINT('Ctrl Pts',(-81.6309799382716,-212.577971273099,-50.3395061728395));
#2901=CARTESIAN_POINT('Ctrl Pts',(-83.2670235339506,-210.291909664792,-50.4070216049383));
#2902=CARTESIAN_POINT('Ctrl Pts',(-86.134620949074,-205.249165369526,-50.6264467592592));
#2903=CARTESIAN_POINT('Ctrl Pts',(-87.3661747685185,-202.492482682567,-50.7783564814815));
#2904=CARTESIAN_POINT('Ctrl Pts',(-90.5381944444444,-193.563828028384,-51.2847222222222));
#2905=CARTESIAN_POINT('Ctrl Pts',(-94.7916666666666,-173.072092346786,-52.5));
#2906=CARTESIAN_POINT('Ctrl Pts',(-94.7916666666666,-127.640068664723,-52.5));
#2907=CARTESIAN_POINT('Ctrl Pts',(-94.7916666666666,-82.2080449826595,-52.5));
#2908=CARTESIAN_POINT('Ctrl Pts',(-90.5381944444444,-61.7163093010622,-51.2847222222222));
#2909=CARTESIAN_POINT('Ctrl Pts',(-87.3661747685185,-52.7876546468789,-50.7783564814815));
#2910=CARTESIAN_POINT('Ctrl Pts',(-86.134620949074,-50.0309719599203,-50.6264467592592));
#2911=CARTESIAN_POINT('Ctrl Pts',(-83.2670235339506,-44.9882276646542,-50.4070216049383));
#2912=CARTESIAN_POINT('Ctrl Pts',(-81.6309799382716,-42.7021660563467,-50.3395061728395));
#2913=CARTESIAN_POINT('Ctrl Pts',(-79.7646604938271,-40.6671899955876,-50.3395061728395));
#2914=CARTESIAN_POINT('Ctrl Pts',(-81.1921296296296,-216.169414811855,-40.));
#2915=CARTESIAN_POINT('Ctrl Pts',(-83.1452546296296,-214.039788701758,-40.));
#2916=CARTESIAN_POINT('Ctrl Pts',(-84.8560474537037,-211.645931203927,-40.));
#2917=CARTESIAN_POINT('Ctrl Pts',(-87.8526475694444,-206.377078457466,-40.));
#2918=CARTESIAN_POINT('Ctrl Pts',(-89.1384548611111,-203.502083208835,-40.));
#2919=CARTESIAN_POINT('Ctrl Pts',(-92.4479166666666,-194.226378373747,-40.));
#2920=CARTESIAN_POINT('Ctrl Pts',(-96.875,-173.072092346786,-40.));
#2921=CARTESIAN_POINT('Ctrl Pts',(-96.875,-127.640068664723,-40.));
#2922=CARTESIAN_POINT('Ctrl Pts',(-96.8749999999999,-82.2080449826595,-40.));
#2923=CARTESIAN_POINT('Ctrl Pts',(-92.4479166666667,-61.0537589556988,-40.));
#2924=CARTESIAN_POINT('Ctrl Pts',(-89.1384548611111,-51.7780541206108,-40.));
#2925=CARTESIAN_POINT('Ctrl Pts',(-87.8526475694444,-48.9030588719802,-40.));
#2926=CARTESIAN_POINT('Ctrl Pts',(-84.8560474537037,-43.6342061255187,-40.));
#2927=CARTESIAN_POINT('Ctrl Pts',(-83.1452546296296,-41.2403486276878,-40.));
#2928=CARTESIAN_POINT('Ctrl Pts',(-81.1921296296296,-39.110722517591,-40.));
#2929=CARTESIAN_POINT('Ctrl Pts',(-79.7646604938271,-214.612947333858,-29.6604938271605));
#2930=CARTESIAN_POINT('Ctrl Pts',(-81.6309799382716,-212.577971273099,-29.6604938271605));
#2931=CARTESIAN_POINT('Ctrl Pts',(-83.2670235339506,-210.291909664792,-29.5929783950617));
#2932=CARTESIAN_POINT('Ctrl Pts',(-86.134620949074,-205.249165369526,-29.3735532407407));
#2933=CARTESIAN_POINT('Ctrl Pts',(-87.3661747685185,-202.492482682567,-29.2216435185185));
#2934=CARTESIAN_POINT('Ctrl Pts',(-90.5381944444444,-193.563828028384,-28.7152777777778));
#2935=CARTESIAN_POINT('Ctrl Pts',(-94.7916666666666,-173.072092346786,-27.5));
#2936=CARTESIAN_POINT('Ctrl Pts',(-94.7916666666667,-127.640068664723,-27.5));
#2937=CARTESIAN_POINT('Ctrl Pts',(-94.7916666666666,-82.2080449826595,-27.5));
#2938=CARTESIAN_POINT('Ctrl Pts',(-90.5381944444444,-61.7163093010622,-28.7152777777778));
#2939=CARTESIAN_POINT('Ctrl Pts',(-87.3661747685185,-52.7876546468789,-29.2216435185185));
#2940=CARTESIAN_POINT('Ctrl Pts',(-86.134620949074,-50.0309719599203,-29.3735532407407));
#2941=CARTESIAN_POINT('Ctrl Pts',(-83.2670235339506,-44.9882276646543,-29.5929783950617));
#2942=CARTESIAN_POINT('Ctrl Pts',(-81.6309799382716,-42.7021660563467,-29.6604938271605));
#2943=CARTESIAN_POINT('Ctrl Pts',(-79.7646604938271,-40.6671899955876,-29.6604938271605));
#2944=CARTESIAN_POINT('Ctrl Pts',(-78.1068314941173,-212.805302700843,-22.9552747839583));
#2945=CARTESIAN_POINT('Ctrl Pts',(-79.7941144802284,-210.965542366843,-22.9552747839583));
#2946=CARTESIAN_POINT('Ctrl Pts',(-81.2539480583297,-208.895408477575,-22.7823100657788));
#2947=CARTESIAN_POINT('Ctrl Pts',(-83.7802117763469,-204.184157238168,-22.2653481859216));
#2948=CARTESIAN_POINT('Ctrl Pts',(-84.8574037905092,-201.580490019678,-21.94580078125));
#2949=CARTESIAN_POINT('Ctrl Pts',(-87.6898871527778,-193.066915269361,-20.9516059027778));
#2950=CARTESIAN_POINT('Ctrl Pts',(-91.6666666666666,-173.072092346786,-18.90625));
#2951=CARTESIAN_POINT('Ctrl Pts',(-91.6666666666666,-127.640068664723,-18.90625));
#2952=CARTESIAN_POINT('Ctrl Pts',(-91.6666666666667,-82.2080449826595,-18.90625));
#2953=CARTESIAN_POINT('Ctrl Pts',(-87.6898871527778,-62.2132220600847,-20.9516059027778));
#2954=CARTESIAN_POINT('Ctrl Pts',(-84.8574037905092,-53.6996473097675,-21.94580078125));
#2955=CARTESIAN_POINT('Ctrl Pts',(-83.7802117763469,-51.0959800912782,-22.2653481859216));
#2956=CARTESIAN_POINT('Ctrl Pts',(-81.2539480583297,-46.3847288518711,-22.7823100657788));
#2957=CARTESIAN_POINT('Ctrl Pts',(-79.7941144802285,-44.3145949626029,-22.9552747839583));
#2958=CARTESIAN_POINT('Ctrl Pts',(-78.1068314941174,-42.4748346286027,-22.9552747839583));
#2959=CARTESIAN_POINT('Ctrl Pts',(-77.5286697784632,-212.174893338659,-21.0163762173335));
#2960=CARTESIAN_POINT('Ctrl Pts',(-79.1065846928205,-210.38743471126,-20.8922054943112));
#2961=CARTESIAN_POINT('Ctrl Pts',(-80.4460383104884,-208.366410576358,-20.6778536017546));
#2962=CARTESIAN_POINT('Ctrl Pts',(-82.8177605175296,-203.792642308481,-20.0395515034194));
#2963=CARTESIAN_POINT('Ctrl Pts',(-83.8322046872265,-201.263808840896,-19.6480702634679));
#2964=CARTESIAN_POINT('Ctrl Pts',(-86.5044487847222,-192.90127768302,-18.4803602430556));
#2965=CARTESIAN_POINT('Ctrl Pts',(-90.3645833333333,-173.072092346786,-16.171875));
#2966=CARTESIAN_POINT('Ctrl Pts',(-90.3645833333333,-127.640068664723,-16.171875));
#2967=CARTESIAN_POINT('Ctrl Pts',(-90.3645833333333,-82.2080449826595,-16.171875));
#2968=CARTESIAN_POINT('Ctrl Pts',(-86.5044487847222,-62.3788596464256,-18.4803602430556));
#2969=CARTESIAN_POINT('Ctrl Pts',(-83.8322046872265,-54.0163284885497,-19.6480702634678));
#2970=CARTESIAN_POINT('Ctrl Pts',(-82.8177605175296,-51.4874950209646,-20.0395515034194));
#2971=CARTESIAN_POINT('Ctrl Pts',(-80.4460383104885,-46.9137267530876,-20.6778536017546));
#2972=CARTESIAN_POINT('Ctrl Pts',(-79.1065846928205,-44.8927026181859,-20.8922054943112));
#2973=CARTESIAN_POINT('Ctrl Pts',(-77.5286697784633,-43.1052439907865,-21.0163762173335));
#2974=CARTESIAN_POINT('Ctrl Pts',(-76.3212422489867,-210.858352311934,-17.7309279796355));
#2975=CARTESIAN_POINT('Ctrl Pts',(-77.5043289963834,-209.196454501233,-17.3075239963748));
#2976=CARTESIAN_POINT('Ctrl Pts',(-78.5610285797659,-207.374609587657,-16.8907683374574));
#2977=CARTESIAN_POINT('Ctrl Pts',(-80.4917893219162,-203.136107696891,-15.935282698965));
#2978=CARTESIAN_POINT('Ctrl Pts',(-81.3506580626046,-200.729497174471,-15.4080149513162));
#2979=CARTESIAN_POINT('Ctrl Pts',(-83.6642795138889,-192.652821303509,-13.8878038194445));
#2980=CARTESIAN_POINT('Ctrl Pts',(-87.2395833333333,-173.072092346786,-11.09375));
#2981=CARTESIAN_POINT('Ctrl Pts',(-87.2395833333333,-127.640068664723,-11.09375));
#2982=CARTESIAN_POINT('Ctrl Pts',(-87.2395833333333,-82.2080449826595,-11.09375));
#2983=CARTESIAN_POINT('Ctrl Pts',(-83.6642795138889,-62.6273160259369,-13.8878038194445));
#2984=CARTESIAN_POINT('Ctrl Pts',(-81.3506580626046,-54.5506401549751,-15.4080149513162));
#2985=CARTESIAN_POINT('Ctrl Pts',(-80.4917893219162,-52.1440296325545,-15.935282698965));
#2986=CARTESIAN_POINT('Ctrl Pts',(-78.5610285797659,-47.905527741789,-16.8907683374574));
#2987=CARTESIAN_POINT('Ctrl Pts',(-77.5043289963834,-46.0836828282133,-17.3075239963748));
#2988=CARTESIAN_POINT('Ctrl Pts',(-76.3212422489867,-44.4217850175118,-17.7309279796355));
#2989=CARTESIAN_POINT('Ctrl Pts',(-75.6919764351643,-210.172220647393,-16.3843783085624));
#2990=CARTESIAN_POINT('Ctrl Pts',(-76.7506639538417,-208.476605570835,-15.8586185121735));
#2991=CARTESIAN_POINT('Ctrl Pts',(-77.4890188109529,-206.935797825636,-15.2156076067191));
#2992=CARTESIAN_POINT('Ctrl Pts',(-79.1384184751557,-202.921233217357,-14.0829249482979));
#2993=CARTESIAN_POINT('Ctrl Pts',(-79.8896906603833,-200.524737485909,-13.494860778254));
#2994=CARTESIAN_POINT('Ctrl Pts',(-82.0095486111111,-192.570002510339,-11.7664930555556));
#2995=CARTESIAN_POINT('Ctrl Pts',(-85.4166666666666,-173.072092346786,-8.75000000000002));
#2996=CARTESIAN_POINT('Ctrl Pts',(-85.4166666666666,-127.640068664723,-8.75000000000002));
#2997=CARTESIAN_POINT('Ctrl Pts',(-85.4166666666667,-82.2080449826595,-8.75000000000002));
#2998=CARTESIAN_POINT('Ctrl Pts',(-82.0095486111111,-62.7101348191073,-11.7664930555556));
#2999=CARTESIAN_POINT('Ctrl Pts',(-79.8896906603833,-54.7553998435368,-13.494860778254));
#3000=CARTESIAN_POINT('Ctrl Pts',(-79.1384184751557,-52.358904112089,-14.0829249482979));
#3001=CARTESIAN_POINT('Ctrl Pts',(-77.4890188109529,-48.3443395038098,-15.2156076067191));
#3002=CARTESIAN_POINT('Ctrl Pts',(-76.7506639538416,-46.8035317586111,-15.8586185121735));
#3003=CARTESIAN_POINT('Ctrl Pts',(-75.6919764351643,-45.1079166820532,-16.3843783085624));
#3004=CARTESIAN_POINT('Ctrl Pts',(-75.,-209.417711292437,-15.));
#3005=CARTESIAN_POINT('Ctrl Pts',(-75.6890249574181,-207.911910781091,-14.3078108457188));
#3006=CARTESIAN_POINT('Ctrl Pts',(-76.3087513959087,-206.467509957993,-13.6888023158692));
#3007=CARTESIAN_POINT('Ctrl Pts',(-77.5627300807247,-202.773923310402,-12.4359731154702));
#3008=CARTESIAN_POINT('Ctrl Pts',(-78.19698232705,-200.524737485909,-11.8021524449207));
#3009=CARTESIAN_POINT('Ctrl Pts',(-80.1215277777778,-192.570002510339,-9.87847222222224));
#3010=CARTESIAN_POINT('Ctrl Pts',(-83.3333333333333,-173.072092346786,-6.66666666666669));
#3011=CARTESIAN_POINT('Ctrl Pts',(-83.3333333333333,-127.640068664723,-6.66666666666669));
#3012=CARTESIAN_POINT('Ctrl Pts',(-83.3333333333333,-82.2080449826595,-6.6666666666667));
#3013=CARTESIAN_POINT('Ctrl Pts',(-80.1215277777777,-62.7101348191073,-9.87847222222224));
#3014=CARTESIAN_POINT('Ctrl Pts',(-78.19698232705,-54.7553998435368,-11.8021524449207));
#3015=CARTESIAN_POINT('Ctrl Pts',(-77.5627300807247,-52.506214019044,-12.4359731154702));
#3016=CARTESIAN_POINT('Ctrl Pts',(-76.3087513959087,-48.8126273714532,-13.6888023158692));
#3017=CARTESIAN_POINT('Ctrl Pts',(-75.6890249574181,-47.3682265483552,-14.3078108457188));
#3018=CARTESIAN_POINT('Ctrl Pts',(-75.,-45.8624260370088,-15.));
#3019=CARTESIAN_POINT('',(-75.,-209.417711292437,-15.));
#3020=CARTESIAN_POINT('Ctrl Pts',(-75.,-209.417711292437,-15.));
#3021=CARTESIAN_POINT('Ctrl Pts',(-75.6919764351643,-210.172220647393,-16.3843783085624));
#3022=CARTESIAN_POINT('Ctrl Pts',(-76.3212422489867,-210.858352311934,-17.7309279796355));
#3023=CARTESIAN_POINT('Ctrl Pts',(-77.5286697784632,-212.174893338659,-21.0163762173335));
#3024=CARTESIAN_POINT('Ctrl Pts',(-78.1068314941173,-212.805302700843,-22.9552747839583));
#3025=CARTESIAN_POINT('Ctrl Pts',(-79.7646604938271,-214.612947333858,-29.6604938271605));
#3026=CARTESIAN_POINT('Ctrl Pts',(-81.1921296296296,-216.169414811855,-40.));
#3027=CARTESIAN_POINT('Ctrl Pts',(-79.7646604938271,-214.612947333858,-50.3395061728395));
#3028=CARTESIAN_POINT('Ctrl Pts',(-78.1068314941174,-212.805302700843,-57.0447252160417));
#3029=CARTESIAN_POINT('Ctrl Pts',(-77.5286697784633,-212.17489333866,-58.9836237826665));
#3030=CARTESIAN_POINT('Ctrl Pts',(-76.3212422489868,-210.858352311934,-62.2690720203645));
#3031=CARTESIAN_POINT('Ctrl Pts',(-75.6919764351643,-210.172220647393,-63.6156216914376));
#3032=CARTESIAN_POINT('Ctrl Pts',(-75.,-209.417711292437,-65.));
#3033=CARTESIAN_POINT('',(-75.,-45.8624260370088,-15.));
#3034=CARTESIAN_POINT('Ctrl Pts',(-75.,-45.8624260370088,-15.));
#3035=CARTESIAN_POINT('Ctrl Pts',(-75.6890249574181,-47.3682265483552,-14.3078108457188));
#3036=CARTESIAN_POINT('Ctrl Pts',(-76.3087513959087,-48.8126273714532,-13.6888023158692));
#3037=CARTESIAN_POINT('Ctrl Pts',(-77.5627300807247,-52.506214019044,-12.4359731154702));
#3038=CARTESIAN_POINT('Ctrl Pts',(-78.19698232705,-54.7553998435368,-11.8021524449207));
#3039=CARTESIAN_POINT('Ctrl Pts',(-80.1215277777777,-62.7101348191073,-9.87847222222224));
#3040=CARTESIAN_POINT('Ctrl Pts',(-83.3333333333333,-82.2080449826595,-6.6666666666667));
#3041=CARTESIAN_POINT('Ctrl Pts',(-83.3333333333333,-127.640068664723,-6.66666666666669));
#3042=CARTESIAN_POINT('Ctrl Pts',(-83.3333333333333,-173.072092346786,-6.66666666666669));
#3043=CARTESIAN_POINT('Ctrl Pts',(-80.1215277777778,-192.570002510339,-9.87847222222224));
#3044=CARTESIAN_POINT('Ctrl Pts',(-78.19698232705,-200.524737485909,-11.8021524449207));
#3045=CARTESIAN_POINT('Ctrl Pts',(-77.5627300807247,-202.773923310402,-12.4359731154702));
#3046=CARTESIAN_POINT('Ctrl Pts',(-76.3087513959087,-206.467509957993,-13.6888023158692));
#3047=CARTESIAN_POINT('Ctrl Pts',(-75.6890249574181,-207.911910781091,-14.3078108457188));
#3048=CARTESIAN_POINT('Ctrl Pts',(-75.,-209.417711292437,-15.));
#3049=CARTESIAN_POINT('Ctrl Pts',(-75.,-45.8624260370088,-65.));
#3050=CARTESIAN_POINT('Ctrl Pts',(-75.6919764351643,-45.1079166820532,-63.6156216914376));
#3051=CARTESIAN_POINT('Ctrl Pts',(-76.3212422489867,-44.4217850175118,-62.2690720203645));
#3052=CARTESIAN_POINT('Ctrl Pts',(-77.5286697784632,-43.1052439907865,-58.9836237826666));
#3053=CARTESIAN_POINT('Ctrl Pts',(-78.1068314941173,-42.4748346286027,-57.0447252160417));
#3054=CARTESIAN_POINT('Ctrl Pts',(-79.7646604938271,-40.6671899955876,-50.3395061728395));
#3055=CARTESIAN_POINT('Ctrl Pts',(-81.1921296296296,-39.110722517591,-40.));
#3056=CARTESIAN_POINT('Ctrl Pts',(-79.7646604938271,-40.6671899955876,-29.6604938271605));
#3057=CARTESIAN_POINT('Ctrl Pts',(-78.1068314941174,-42.4748346286027,-22.9552747839583));
#3058=CARTESIAN_POINT('Ctrl Pts',(-77.5286697784633,-43.1052439907865,-21.0163762173335));
#3059=CARTESIAN_POINT('Ctrl Pts',(-76.3212422489867,-44.4217850175118,-17.7309279796355));
#3060=CARTESIAN_POINT('Ctrl Pts',(-75.6919764351643,-45.1079166820532,-16.3843783085624));
#3061=CARTESIAN_POINT('Ctrl Pts',(-75.,-45.8624260370088,-15.));
#3062=CARTESIAN_POINT('Ctrl Pts',(75.,-45.8624260370088,-65.));
#3063=CARTESIAN_POINT('Ctrl Pts',(75.6919764351643,-45.1079166820532,-63.6156216914376));
#3064=CARTESIAN_POINT('Ctrl Pts',(76.3212422489867,-44.4217850175118,-62.2690720203645));
#3065=CARTESIAN_POINT('Ctrl Pts',(77.5286697784633,-43.1052439907865,-58.9836237826666));
#3066=CARTESIAN_POINT('Ctrl Pts',(78.1068314941174,-42.4748346286027,-57.0447252160417));
#3067=CARTESIAN_POINT('Ctrl Pts',(79.7646604938271,-40.6671899955876,-50.3395061728395));
#3068=CARTESIAN_POINT('Ctrl Pts',(81.1921296296296,-39.110722517591,-40.));
#3069=CARTESIAN_POINT('Ctrl Pts',(79.7646604938271,-40.6671899955876,-29.6604938271605));
#3070=CARTESIAN_POINT('Ctrl Pts',(78.1068314941173,-42.4748346286027,-22.9552747839583));
#3071=CARTESIAN_POINT('Ctrl Pts',(77.5286697784633,-43.1052439907865,-21.0163762173335));
#3072=CARTESIAN_POINT('Ctrl Pts',(76.3212422489867,-44.4217850175118,-17.7309279796355));
#3073=CARTESIAN_POINT('Ctrl Pts',(75.6919764351643,-45.1079166820532,-16.3843783085624));
#3074=CARTESIAN_POINT('Ctrl Pts',(75.,-45.8624260370088,-15.));
#3075=CARTESIAN_POINT('Ctrl Pts',(73.6189986074175,-45.1111348806179,-65.6921891542812));
#3076=CARTESIAN_POINT('Ctrl Pts',(74.136892103365,-43.9535570879623,-64.1413814878265));
#3077=CARTESIAN_POINT('Ctrl Pts',(74.7970807324945,-43.1317844144959,-62.6924760036252));
#3078=CARTESIAN_POINT('Ctrl Pts',(75.8893537900427,-41.3847351646099,-59.1077945056888));
#3079=CARTESIAN_POINT('Ctrl Pts',(76.4195485080063,-40.6350742946025,-57.0447252160417));
#3080=CARTESIAN_POINT('Ctrl Pts',(77.8983410493827,-38.6322139348285,-50.3395061728395));
#3081=CARTESIAN_POINT('Ctrl Pts',(79.2390046296296,-36.9810964074943,-40.));
#3082=CARTESIAN_POINT('Ctrl Pts',(77.8983410493827,-38.6322139348285,-29.6604938271605));
#3083=CARTESIAN_POINT('Ctrl Pts',(76.4195485080062,-40.6350742946025,-22.9552747839583));
#3084=CARTESIAN_POINT('Ctrl Pts',(75.8893537900427,-41.3847351646099,-20.8922054943112));
#3085=CARTESIAN_POINT('Ctrl Pts',(74.7970807324945,-43.1317844144959,-17.3075239963748));
#3086=CARTESIAN_POINT('Ctrl Pts',(74.1368921033649,-43.9535570879623,-15.8586185121735));
#3087=CARTESIAN_POINT('Ctrl Pts',(73.6189986074175,-45.1111348806179,-14.3078108457188));
#3088=CARTESIAN_POINT('Ctrl Pts',(72.2943081632883,-44.4354046511001,-66.3111976841308));
#3089=CARTESIAN_POINT('Ctrl Pts',(72.7237848386328,-43.1484781594652,-64.7843923932809));
#3090=CARTESIAN_POINT('Ctrl Pts',(73.1262283561279,-41.9795924025664,-63.1092316625426));
#3091=CARTESIAN_POINT('Ctrl Pts',(74.0358299509212,-39.9242370411159,-59.3221463982454));
#3092=CARTESIAN_POINT('Ctrl Pts',(74.5209850778775,-39.0433176459904,-57.2176899342212));
#3093=CARTESIAN_POINT('Ctrl Pts',(75.8017457561728,-36.8483234216179,-50.4070216049383));
#3094=CARTESIAN_POINT('Ctrl Pts',(77.0435474537037,-35.1157016851318,-40.));
#3095=CARTESIAN_POINT('Ctrl Pts',(75.8017457561728,-36.8483234216179,-29.5929783950617));
#3096=CARTESIAN_POINT('Ctrl Pts',(74.5209850778775,-39.0433176459904,-22.7823100657788));
#3097=CARTESIAN_POINT('Ctrl Pts',(74.0358299509212,-39.9242370411159,-20.6778536017546));
#3098=CARTESIAN_POINT('Ctrl Pts',(73.1262283561279,-41.9795924025664,-16.8907683374574));
#3099=CARTESIAN_POINT('Ctrl Pts',(72.7237848386328,-43.1484781594652,-15.2156076067191));
#3100=CARTESIAN_POINT('Ctrl Pts',(72.2943081632883,-44.4354046511001,-13.6888023158692));
#3101=CARTESIAN_POINT('Ctrl Pts',(68.9068419846603,-43.0681057077714,-67.5640268845299));
#3102=CARTESIAN_POINT('Ctrl Pts',(69.0419430057539,-41.3500246089393,-65.9170750517021));
#3103=CARTESIAN_POINT('Ctrl Pts',(69.2390089206819,-39.8743515762839,-64.064717301035));
#3104=CARTESIAN_POINT('Ctrl Pts',(69.84113065331,-37.3381856936542,-59.9604484965806));
#3105=CARTESIAN_POINT('Ctrl Pts',(70.2001972488116,-36.2887590924522,-57.7346518140784));
#3106=CARTESIAN_POINT('Ctrl Pts',(71.1769386574074,-33.7215853334296,-50.6264467592593));
#3107=CARTESIAN_POINT('Ctrl Pts',(72.2113715277778,-31.8483031069556,-40.));
#3108=CARTESIAN_POINT('Ctrl Pts',(71.1769386574074,-33.7215853334296,-29.3735532407407));
#3109=CARTESIAN_POINT('Ctrl Pts',(70.2001972488116,-36.2887590924522,-22.2653481859215));
#3110=CARTESIAN_POINT('Ctrl Pts',(69.8411306533099,-37.3381856936542,-20.0395515034194));
#3111=CARTESIAN_POINT('Ctrl Pts',(69.2390089206818,-39.8743515762839,-15.935282698965));
#3112=CARTESIAN_POINT('Ctrl Pts',(69.0419430057538,-41.3500246089393,-14.0829249482979));
#3113=CARTESIAN_POINT('Ctrl Pts',(68.9068419846603,-43.0681057077714,-12.4359731154702));
#3114=CARTESIAN_POINT('Ctrl Pts',(66.8440662501616,-42.3765369939606,-68.1978475550793));
#3115=CARTESIAN_POINT('Ctrl Pts',(66.8440662501616,-40.5308610318768,-66.505139221746));
#3116=CARTESIAN_POINT('Ctrl Pts',(67.0318556770595,-38.9378680970822,-64.5919850486838));
#3117=CARTESIAN_POINT('Ctrl Pts',(67.5218841701079,-36.232067656651,-60.3519297365321));
#3118=CARTESIAN_POINT('Ctrl Pts',(67.8123191550926,-35.1142227781109,-58.05419921875));
#3119=CARTESIAN_POINT('Ctrl Pts',(68.6487268518518,-32.3787377584519,-50.7783564814815));
#3120=CARTESIAN_POINT('Ctrl Pts',(69.5746527777777,-30.446299251142,-40.));
#3121=CARTESIAN_POINT('Ctrl Pts',(68.6487268518518,-32.3787377584519,-29.2216435185185));
#3122=CARTESIAN_POINT('Ctrl Pts',(67.8123191550926,-35.1142227781109,-21.94580078125));
#3123=CARTESIAN_POINT('Ctrl Pts',(67.5218841701079,-36.232067656651,-19.6480702634678));
#3124=CARTESIAN_POINT('Ctrl Pts',(67.0318556770595,-38.9378680970822,-15.4080149513162));
#3125=CARTESIAN_POINT('Ctrl Pts',(66.8440662501615,-40.5308610318768,-13.494860778254));
#3126=CARTESIAN_POINT('Ctrl Pts',(66.8440662501615,-42.3765369939606,-11.8021524449207));
#3127=CARTESIAN_POINT('Ctrl Pts',(59.5486111111111,-40.2780731260885,-70.1215277777777));
#3128=CARTESIAN_POINT('Ctrl Pts',(59.5486111111111,-38.219434552995,-68.2335069444444));
#3129=CARTESIAN_POINT('Ctrl Pts',(59.6245659722222,-36.4151679874964,-66.1121961805555));
#3130=CARTESIAN_POINT('Ctrl Pts',(59.8524305555555,-33.3183366857307,-61.5196397569444));
#3131=CARTESIAN_POINT('Ctrl Pts',(60.0043402777778,-32.0257719494637,-59.0483940972222));
#3132=CARTESIAN_POINT('Ctrl Pts',(60.4600694444444,-28.9200672055726,-51.2847222222222));
#3133=CARTESIAN_POINT('Ctrl Pts',(61.0677083333333,-26.8377661201447,-40.));
#3134=CARTESIAN_POINT('Ctrl Pts',(60.4600694444444,-28.9200672055726,-28.7152777777778));
#3135=CARTESIAN_POINT('Ctrl Pts',(60.0043402777778,-32.0257719494637,-20.9516059027778));
#3136=CARTESIAN_POINT('Ctrl Pts',(59.8524305555556,-33.3183366857307,-18.4803602430556));
#3137=CARTESIAN_POINT('Ctrl Pts',(59.6245659722222,-36.4151679874964,-13.8878038194445));
#3138=CARTESIAN_POINT('Ctrl Pts',(59.5486111111111,-38.219434552995,-11.7664930555556));
#3139=CARTESIAN_POINT('Ctrl Pts',(59.5486111111111,-40.2780731260885,-9.87847222222224));
#3140=CARTESIAN_POINT('Ctrl Pts',(41.6666666666667,-36.7760213005961,-73.3333333333333));
#3141=CARTESIAN_POINT('Ctrl Pts',(41.6666666666667,-34.5044201164929,-71.25));
#3142=CARTESIAN_POINT('Ctrl Pts',(41.6666666666667,-32.5167690804026,-68.90625));
#3143=CARTESIAN_POINT('Ctrl Pts',(41.6666666666667,-29.1093673042479,-63.828125));
#3144=CARTESIAN_POINT('Ctrl Pts',(41.6666666666667,-27.6896165641834,-61.09375));
#3145=CARTESIAN_POINT('Ctrl Pts',(41.6666666666667,-24.2822147880287,-52.5));
#3146=CARTESIAN_POINT('Ctrl Pts',(41.6666666666667,-22.0106136039255,-40.));
#3147=CARTESIAN_POINT('Ctrl Pts',(41.6666666666667,-24.2822147880287,-27.5));
#3148=CARTESIAN_POINT('Ctrl Pts',(41.6666666666667,-27.6896165641834,-18.90625));
#3149=CARTESIAN_POINT('Ctrl Pts',(41.6666666666667,-29.1093673042479,-16.171875));
#3150=CARTESIAN_POINT('Ctrl Pts',(41.6666666666667,-32.5167690804027,-11.09375));
#3151=CARTESIAN_POINT('Ctrl Pts',(41.6666666666667,-34.5044201164929,-8.75000000000002));
#3152=CARTESIAN_POINT('Ctrl Pts',(41.6666666666667,-36.7760213005961,-6.66666666666669));
#3153=CARTESIAN_POINT('Ctrl Pts',(-4.44089209850063E-15,-36.7760213005961,
-73.3333333333333));
#3154=CARTESIAN_POINT('Ctrl Pts',(-6.66133814775094E-15,-34.5044201164929,
-71.25));
#3155=CARTESIAN_POINT('Ctrl Pts',(-4.44089209850063E-15,-32.5167690804027,
-68.90625));
#3156=CARTESIAN_POINT('Ctrl Pts',(-4.44089209850063E-15,-29.1093673042479,
-63.828125));
#3157=CARTESIAN_POINT('Ctrl Pts',(-4.44089209850063E-15,-27.6896165641834,
-61.09375));
#3158=CARTESIAN_POINT('Ctrl Pts',(-2.22044604925031E-15,-24.2822147880287,
-52.5));
#3159=CARTESIAN_POINT('Ctrl Pts',(4.44089209850063E-15,-22.0106136039255,
-40.));
#3160=CARTESIAN_POINT('Ctrl Pts',(0.,-24.2822147880287,-27.5));
#3161=CARTESIAN_POINT('Ctrl Pts',(0.,-27.6896165641834,-18.90625));
#3162=CARTESIAN_POINT('Ctrl Pts',(-4.44089209850063E-15,-29.1093673042479,
-16.171875));
#3163=CARTESIAN_POINT('Ctrl Pts',(-2.22044604925031E-15,-32.5167690804027,
-11.09375));
#3164=CARTESIAN_POINT('Ctrl Pts',(0.,-34.5044201164929,-8.75000000000002));
#3165=CARTESIAN_POINT('Ctrl Pts',(0.,-36.7760213005961,-6.66666666666669));
#3166=CARTESIAN_POINT('Ctrl Pts',(-41.6666666666667,-36.7760213005961,-73.3333333333333));
#3167=CARTESIAN_POINT('Ctrl Pts',(-41.6666666666667,-34.5044201164929,-71.2499999999999));
#3168=CARTESIAN_POINT('Ctrl Pts',(-41.6666666666667,-32.5167690804026,-68.90625));
#3169=CARTESIAN_POINT('Ctrl Pts',(-41.6666666666666,-29.1093673042479,-63.828125));
#3170=CARTESIAN_POINT('Ctrl Pts',(-41.6666666666666,-27.6896165641834,-61.09375));
#3171=CARTESIAN_POINT('Ctrl Pts',(-41.6666666666667,-24.2822147880287,-52.5));
#3172=CARTESIAN_POINT('Ctrl Pts',(-41.6666666666666,-22.0106136039255,-40.));
#3173=CARTESIAN_POINT('Ctrl Pts',(-41.6666666666667,-24.2822147880286,-27.5));
#3174=CARTESIAN_POINT('Ctrl Pts',(-41.6666666666666,-27.6896165641834,-18.90625));
#3175=CARTESIAN_POINT('Ctrl Pts',(-41.6666666666667,-29.1093673042479,-16.171875));
#3176=CARTESIAN_POINT('Ctrl Pts',(-41.6666666666666,-32.5167690804027,-11.09375));
#3177=CARTESIAN_POINT('Ctrl Pts',(-41.6666666666667,-34.504420116493,-8.75000000000002));
#3178=CARTESIAN_POINT('Ctrl Pts',(-41.6666666666667,-36.7760213005961,-6.66666666666669));
#3179=CARTESIAN_POINT('Ctrl Pts',(-59.5486111111111,-40.2780731260885,-70.1215277777778));
#3180=CARTESIAN_POINT('Ctrl Pts',(-59.5486111111111,-38.219434552995,-68.2335069444444));
#3181=CARTESIAN_POINT('Ctrl Pts',(-59.6245659722222,-36.4151679874964,-66.1121961805555));
#3182=CARTESIAN_POINT('Ctrl Pts',(-59.8524305555556,-33.3183366857307,-61.5196397569444));
#3183=CARTESIAN_POINT('Ctrl Pts',(-60.0043402777778,-32.0257719494637,-59.0483940972222));
#3184=CARTESIAN_POINT('Ctrl Pts',(-60.4600694444444,-28.9200672055726,-51.2847222222222));
#3185=CARTESIAN_POINT('Ctrl Pts',(-61.0677083333333,-26.8377661201447,-40.));
#3186=CARTESIAN_POINT('Ctrl Pts',(-60.4600694444444,-28.9200672055726,-28.7152777777778));
#3187=CARTESIAN_POINT('Ctrl Pts',(-60.0043402777778,-32.0257719494637,-20.9516059027778));
#3188=CARTESIAN_POINT('Ctrl Pts',(-59.8524305555555,-33.3183366857307,-18.4803602430556));
#3189=CARTESIAN_POINT('Ctrl Pts',(-59.6245659722222,-36.4151679874964,-13.8878038194445));
#3190=CARTESIAN_POINT('Ctrl Pts',(-59.5486111111111,-38.219434552995,-11.7664930555556));
#3191=CARTESIAN_POINT('Ctrl Pts',(-59.5486111111111,-40.2780731260885,-9.87847222222224));
#3192=CARTESIAN_POINT('Ctrl Pts',(-66.8440662501615,-42.3765369939606,-68.1978475550793));
#3193=CARTESIAN_POINT('Ctrl Pts',(-66.8440662501615,-40.5308610318768,-66.505139221746));
#3194=CARTESIAN_POINT('Ctrl Pts',(-67.0318556770595,-38.9378680970822,-64.5919850486838));
#3195=CARTESIAN_POINT('Ctrl Pts',(-67.5218841701079,-36.232067656651,-60.3519297365321));
#3196=CARTESIAN_POINT('Ctrl Pts',(-67.8123191550926,-35.1142227781109,-58.05419921875));
#3197=CARTESIAN_POINT('Ctrl Pts',(-68.6487268518518,-32.3787377584519,-50.7783564814815));
#3198=CARTESIAN_POINT('Ctrl Pts',(-69.5746527777778,-30.446299251142,-40.));
#3199=CARTESIAN_POINT('Ctrl Pts',(-68.6487268518518,-32.3787377584519,-29.2216435185185));
#3200=CARTESIAN_POINT('Ctrl Pts',(-67.8123191550926,-35.1142227781109,-21.94580078125));
#3201=CARTESIAN_POINT('Ctrl Pts',(-67.5218841701079,-36.232067656651,-19.6480702634679));
#3202=CARTESIAN_POINT('Ctrl Pts',(-67.0318556770595,-38.9378680970822,-15.4080149513162));
#3203=CARTESIAN_POINT('Ctrl Pts',(-66.8440662501616,-40.5308610318768,-13.494860778254));
#3204=CARTESIAN_POINT('Ctrl Pts',(-66.8440662501616,-42.3765369939606,-11.8021524449207));
#3205=CARTESIAN_POINT('Ctrl Pts',(-68.9068419846603,-43.0681057077714,-67.5640268845298));
#3206=CARTESIAN_POINT('Ctrl Pts',(-69.0419430057538,-41.3500246089393,-65.9170750517021));
#3207=CARTESIAN_POINT('Ctrl Pts',(-69.2390089206818,-39.8743515762839,-64.064717301035));
#3208=CARTESIAN_POINT('Ctrl Pts',(-69.8411306533099,-37.3381856936542,-59.9604484965806));
#3209=CARTESIAN_POINT('Ctrl Pts',(-70.2001972488116,-36.2887590924522,-57.7346518140784));
#3210=CARTESIAN_POINT('Ctrl Pts',(-71.1769386574074,-33.7215853334296,-50.6264467592593));
#3211=CARTESIAN_POINT('Ctrl Pts',(-72.2113715277778,-31.8483031069556,-40.));
#3212=CARTESIAN_POINT('Ctrl Pts',(-71.1769386574074,-33.7215853334296,-29.3735532407407));
#3213=CARTESIAN_POINT('Ctrl Pts',(-70.2001972488116,-36.2887590924522,-22.2653481859215));
#3214=CARTESIAN_POINT('Ctrl Pts',(-69.84113065331,-37.3381856936542,-20.0395515034194));
#3215=CARTESIAN_POINT('Ctrl Pts',(-69.2390089206819,-39.8743515762839,-15.935282698965));
#3216=CARTESIAN_POINT('Ctrl Pts',(-69.0419430057539,-41.3500246089393,-14.0829249482979));
#3217=CARTESIAN_POINT('Ctrl Pts',(-68.9068419846603,-43.0681057077714,-12.4359731154702));
#3218=CARTESIAN_POINT('Ctrl Pts',(-72.2943081632883,-44.4354046511001,-66.3111976841307));
#3219=CARTESIAN_POINT('Ctrl Pts',(-72.7237848386327,-43.1484781594652,-64.7843923932809));
#3220=CARTESIAN_POINT('Ctrl Pts',(-73.1262283561279,-41.9795924025664,-63.1092316625426));
#3221=CARTESIAN_POINT('Ctrl Pts',(-74.0358299509212,-39.9242370411159,-59.3221463982454));
#3222=CARTESIAN_POINT('Ctrl Pts',(-74.5209850778775,-39.0433176459904,-57.2176899342212));
#3223=CARTESIAN_POINT('Ctrl Pts',(-75.8017457561728,-36.8483234216179,-50.4070216049383));
#3224=CARTESIAN_POINT('Ctrl Pts',(-77.0435474537037,-35.1157016851318,-40.));
#3225=CARTESIAN_POINT('Ctrl Pts',(-75.8017457561728,-36.8483234216179,-29.5929783950617));
#3226=CARTESIAN_POINT('Ctrl Pts',(-74.5209850778775,-39.0433176459904,-22.7823100657788));
#3227=CARTESIAN_POINT('Ctrl Pts',(-74.0358299509212,-39.9242370411159,-20.6778536017546));
#3228=CARTESIAN_POINT('Ctrl Pts',(-73.1262283561279,-41.9795924025664,-16.8907683374574));
#3229=CARTESIAN_POINT('Ctrl Pts',(-72.7237848386328,-43.1484781594652,-15.2156076067191));
#3230=CARTESIAN_POINT('Ctrl Pts',(-72.2943081632883,-44.4354046511001,-13.6888023158692));
#3231=CARTESIAN_POINT('Ctrl Pts',(-73.6189986074175,-45.1111348806179,-65.6921891542812));
#3232=CARTESIAN_POINT('Ctrl Pts',(-74.136892103365,-43.9535570879623,-64.1413814878265));
#3233=CARTESIAN_POINT('Ctrl Pts',(-74.7970807324945,-43.1317844144959,-62.6924760036252));
#3234=CARTESIAN_POINT('Ctrl Pts',(-75.8893537900427,-41.3847351646099,-59.1077945056888));
#3235=CARTESIAN_POINT('Ctrl Pts',(-76.4195485080062,-40.6350742946025,-57.0447252160417));
#3236=CARTESIAN_POINT('Ctrl Pts',(-77.8983410493827,-38.6322139348285,-50.3395061728395));
#3237=CARTESIAN_POINT('Ctrl Pts',(-79.2390046296296,-36.9810964074943,-40.));
#3238=CARTESIAN_POINT('Ctrl Pts',(-77.8983410493827,-38.6322139348285,-29.6604938271605));
#3239=CARTESIAN_POINT('Ctrl Pts',(-76.4195485080063,-40.6350742946025,-22.9552747839583));
#3240=CARTESIAN_POINT('Ctrl Pts',(-75.8893537900427,-41.3847351646099,-20.8922054943112));
#3241=CARTESIAN_POINT('Ctrl Pts',(-74.7970807324945,-43.1317844144959,-17.3075239963748));
#3242=CARTESIAN_POINT('Ctrl Pts',(-74.1368921033649,-43.9535570879623,-15.8586185121735));
#3243=CARTESIAN_POINT('Ctrl Pts',(-73.6189986074175,-45.1111348806179,-14.3078108457188));
#3244=CARTESIAN_POINT('Ctrl Pts',(-75.,-45.8624260370088,-65.));
#3245=CARTESIAN_POINT('Ctrl Pts',(-75.6919764351643,-45.1079166820532,-63.6156216914376));
#3246=CARTESIAN_POINT('Ctrl Pts',(-76.3212422489867,-44.4217850175118,-62.2690720203645));
#3247=CARTESIAN_POINT('Ctrl Pts',(-77.5286697784632,-43.1052439907865,-58.9836237826666));
#3248=CARTESIAN_POINT('Ctrl Pts',(-78.1068314941173,-42.4748346286027,-57.0447252160417));
#3249=CARTESIAN_POINT('Ctrl Pts',(-79.7646604938271,-40.6671899955876,-50.3395061728395));
#3250=CARTESIAN_POINT('Ctrl Pts',(-81.1921296296296,-39.110722517591,-40.));
#3251=CARTESIAN_POINT('Ctrl Pts',(-79.7646604938271,-40.6671899955876,-29.6604938271605));
#3252=CARTESIAN_POINT('Ctrl Pts',(-78.1068314941174,-42.4748346286027,-22.9552747839583));
#3253=CARTESIAN_POINT('Ctrl Pts',(-77.5286697784633,-43.1052439907865,-21.0163762173335));
#3254=CARTESIAN_POINT('Ctrl Pts',(-76.3212422489867,-44.4217850175118,-17.7309279796355));
#3255=CARTESIAN_POINT('Ctrl Pts',(-75.6919764351643,-45.1079166820532,-16.3843783085624));
#3256=CARTESIAN_POINT('Ctrl Pts',(-75.,-45.8624260370088,-15.));
#3257=CARTESIAN_POINT('',(75.,-45.8624260370088,-15.));
#3258=CARTESIAN_POINT('Ctrl Pts',(75.,-45.8624260370088,-15.));
#3259=CARTESIAN_POINT('Ctrl Pts',(73.6189986074175,-45.1111348806179,-14.3078108457188));
#3260=CARTESIAN_POINT('Ctrl Pts',(72.2943081632883,-44.4354046511001,-13.6888023158692));
#3261=CARTESIAN_POINT('Ctrl Pts',(68.9068419846603,-43.0681057077714,-12.4359731154702));
#3262=CARTESIAN_POINT('Ctrl Pts',(66.8440662501615,-42.3765369939606,-11.8021524449207));
#3263=CARTESIAN_POINT('Ctrl Pts',(59.5486111111111,-40.2780731260885,-9.87847222222224));
#3264=CARTESIAN_POINT('Ctrl Pts',(41.6666666666667,-36.7760213005961,-6.66666666666668));
#3265=CARTESIAN_POINT('Ctrl Pts',(0.,-36.7760213005961,-6.66666666666669));
#3266=CARTESIAN_POINT('Ctrl Pts',(-41.6666666666667,-36.7760213005961,-6.66666666666669));
#3267=CARTESIAN_POINT('Ctrl Pts',(-59.5486111111111,-40.2780731260885,-9.87847222222224));
#3268=CARTESIAN_POINT('Ctrl Pts',(-66.8440662501616,-42.3765369939606,-11.8021524449207));
#3269=CARTESIAN_POINT('Ctrl Pts',(-68.9068419846603,-43.0681057077714,-12.4359731154702));
#3270=CARTESIAN_POINT('Ctrl Pts',(-72.2943081632883,-44.4354046511001,-13.6888023158692));
#3271=CARTESIAN_POINT('Ctrl Pts',(-73.6189986074175,-45.1111348806179,-14.3078108457188));
#3272=CARTESIAN_POINT('Ctrl Pts',(-75.,-45.8624260370088,-15.));
#3273=CARTESIAN_POINT('Ctrl Pts',(75.,-45.8624260370088,-65.));
#3274=CARTESIAN_POINT('Ctrl Pts',(75.6919764351643,-45.1079166820532,-63.6156216914376));
#3275=CARTESIAN_POINT('Ctrl Pts',(76.3212422489867,-44.4217850175118,-62.2690720203645));
#3276=CARTESIAN_POINT('Ctrl Pts',(77.5286697784633,-43.1052439907865,-58.9836237826666));
#3277=CARTESIAN_POINT('Ctrl Pts',(78.1068314941174,-42.4748346286027,-57.0447252160417));
#3278=CARTESIAN_POINT('Ctrl Pts',(79.7646604938271,-40.6671899955876,-50.3395061728395));
#3279=CARTESIAN_POINT('Ctrl Pts',(81.1921296296296,-39.110722517591,-40.));
#3280=CARTESIAN_POINT('Ctrl Pts',(79.7646604938271,-40.6671899955876,-29.6604938271605));
#3281=CARTESIAN_POINT('Ctrl Pts',(78.1068314941173,-42.4748346286027,-22.9552747839583));
#3282=CARTESIAN_POINT('Ctrl Pts',(77.5286697784633,-43.1052439907865,-21.0163762173335));
#3283=CARTESIAN_POINT('Ctrl Pts',(76.3212422489867,-44.4217850175118,-17.7309279796355));
#3284=CARTESIAN_POINT('Ctrl Pts',(75.6919764351643,-45.1079166820532,-16.3843783085624));
#3285=CARTESIAN_POINT('Ctrl Pts',(75.,-45.8624260370088,-15.));
#3286=CARTESIAN_POINT('Ctrl Pts',(75.,-209.417711292437,-65.));
#3287=CARTESIAN_POINT('Ctrl Pts',(75.6890249574181,-207.911910781091,-65.6921891542812));
#3288=CARTESIAN_POINT('Ctrl Pts',(76.3087513959087,-206.467509957993,-66.3111976841307));
#3289=CARTESIAN_POINT('Ctrl Pts',(77.5627300807247,-202.773923310402,-67.5640268845298));
#3290=CARTESIAN_POINT('Ctrl Pts',(78.19698232705,-200.524737485909,-68.1978475550793));
#3291=CARTESIAN_POINT('Ctrl Pts',(80.1215277777778,-192.570002510339,-70.1215277777777));
#3292=CARTESIAN_POINT('Ctrl Pts',(83.3333333333333,-173.072092346786,-73.3333333333333));
#3293=CARTESIAN_POINT('Ctrl Pts',(83.3333333333333,-127.640068664723,-73.3333333333333));
#3294=CARTESIAN_POINT('Ctrl Pts',(83.3333333333333,-82.2080449826595,-73.3333333333333));
#3295=CARTESIAN_POINT('Ctrl Pts',(80.1215277777778,-62.7101348191073,-70.1215277777778));
#3296=CARTESIAN_POINT('Ctrl Pts',(78.19698232705,-54.7553998435368,-68.1978475550793));
#3297=CARTESIAN_POINT('Ctrl Pts',(77.5627300807247,-52.506214019044,-67.5640268845298));
#3298=CARTESIAN_POINT('Ctrl Pts',(76.3087513959087,-48.8126273714532,-66.3111976841307));
#3299=CARTESIAN_POINT('Ctrl Pts',(75.6890249574181,-47.3682265483552,-65.6921891542812));
#3300=CARTESIAN_POINT('Ctrl Pts',(75.,-45.8624260370088,-65.));
#3301=CARTESIAN_POINT('Ctrl Pts',(73.6189986074175,-210.169002448828,-65.6921891542812));
#3302=CARTESIAN_POINT('Ctrl Pts',(74.1376766733987,-208.477461041339,-66.7534145614715));
#3303=CARTESIAN_POINT('Ctrl Pts',(74.781770547064,-206.935797825636,-67.4916406571697));
#3304=CARTESIAN_POINT('Ctrl Pts',(75.9157622251556,-202.921233217357,-69.139731301702));
#3305=CARTESIAN_POINT('Ctrl Pts',(76.5042739937166,-200.524737485909,-69.8905558884126));
#3306=CARTESIAN_POINT('Ctrl Pts',(78.2335069444444,-192.570002510339,-72.0095486111111));
#3307=CARTESIAN_POINT('Ctrl Pts',(81.25,-173.072092346786,-75.4166666666666));
#3308=CARTESIAN_POINT('Ctrl Pts',(81.25,-127.640068664723,-75.4166666666666));
#3309=CARTESIAN_POINT('Ctrl Pts',(81.25,-82.2080449826595,-75.4166666666666));
#3310=CARTESIAN_POINT('Ctrl Pts',(78.2335069444444,-62.7101348191073,-72.0095486111111));
#3311=CARTESIAN_POINT('Ctrl Pts',(76.5042739937166,-54.7553998435368,-69.8905558884126));
#3312=CARTESIAN_POINT('Ctrl Pts',(75.9157622251557,-52.358904112089,-69.1397313017021));
#3313=CARTESIAN_POINT('Ctrl Pts',(74.781770547064,-48.3443395038098,-67.4916406571697));
#3314=CARTESIAN_POINT('Ctrl Pts',(74.1376766733987,-46.8026762881066,-66.7534145614715));
#3315=CARTESIAN_POINT('Ctrl Pts',(73.6189986074175,-45.1111348806179,-65.6921891542812));
#3316=CARTESIAN_POINT('Ctrl Pts',(72.2943081632883,-210.844732678346,-66.3111976841307));
#3317=CARTESIAN_POINT('Ctrl Pts',(72.7237848386328,-209.179760756263,-67.4916406571698));
#3318=CARTESIAN_POINT('Ctrl Pts',(73.1202513715405,-207.368092471529,-68.5572781763472));
#3319=CARTESIAN_POINT('Ctrl Pts',(74.068502995346,-203.1336791489,-70.4907124726088));
#3320=CARTESIAN_POINT('Ctrl Pts',(74.5945088448912,-200.727878142477,-71.3499401630663));
#3321=CARTESIAN_POINT('Ctrl Pts',(76.1121961805555,-192.652821303509,-73.6642795138889));
#3322=CARTESIAN_POINT('Ctrl Pts',(78.90625,-173.072092346786,-77.2395833333333));
#3323=CARTESIAN_POINT('Ctrl Pts',(78.90625,-127.640068664723,-77.2395833333333));
#3324=CARTESIAN_POINT('Ctrl Pts',(78.90625,-82.2080449826595,-77.2395833333333));
#3325=CARTESIAN_POINT('Ctrl Pts',(76.1121961805555,-62.6273160259369,-73.6642795138889));
#3326=CARTESIAN_POINT('Ctrl Pts',(74.5945088448912,-54.5522591869691,-71.3499401630663));
#3327=CARTESIAN_POINT('Ctrl Pts',(74.068502995346,-52.1464581805455,-70.4907124726088));
#3328=CARTESIAN_POINT('Ctrl Pts',(73.1202513715405,-47.9120448579167,-68.5572781763472));
#3329=CARTESIAN_POINT('Ctrl Pts',(72.7237848386328,-46.1003765731826,-67.4916406571698));
#3330=CARTESIAN_POINT('Ctrl Pts',(72.2943081632883,-44.4354046511001,-66.3111976841308));
#3331=CARTESIAN_POINT('Ctrl Pts',(68.9068419846603,-212.212031621674,-67.5640268845298));
#3332=CARTESIAN_POINT('Ctrl Pts',(69.0419430057538,-210.416229638847,-69.1397313017021));
#3333=CARTESIAN_POINT('Ctrl Pts',(69.2367816481233,-208.402036237032,-70.4907124726088));
#3334=CARTESIAN_POINT('Ctrl Pts',(69.8710006615066,-203.825211626556,-72.8695052985751));
#3335=CARTESIAN_POINT('Ctrl Pts',(70.2632119572081,-201.293573546726,-73.8862927395593));
#3336=CARTESIAN_POINT('Ctrl Pts',(71.435546875,-192.921982381313,-76.5641276041666));
#3337=CARTESIAN_POINT('Ctrl Pts',(73.7630208333333,-173.072092346786,-80.4296875));
#3338=CARTESIAN_POINT('Ctrl Pts',(73.7630208333333,-127.640068664723,-80.4296875));
#3339=CARTESIAN_POINT('Ctrl Pts',(73.7630208333333,-82.2080449826595,-80.4296875));
#3340=CARTESIAN_POINT('Ctrl Pts',(71.435546875,-62.358154948133,-76.5641276041666));
#3341=CARTESIAN_POINT('Ctrl Pts',(70.2632119572081,-53.9865637827196,-73.8862927395593));
#3342=CARTESIAN_POINT('Ctrl Pts',(69.8710006615066,-51.4549257028901,-72.8695052985751));
#3343=CARTESIAN_POINT('Ctrl Pts',(69.2367816481233,-46.8781010924138,-70.4907124726088));
#3344=CARTESIAN_POINT('Ctrl Pts',(69.0419430057539,-44.8639076905989,-69.1397313017021));
#3345=CARTESIAN_POINT('Ctrl Pts',(68.9068419846603,-43.0681057077714,-67.5640268845299));
#3346=CARTESIAN_POINT('Ctrl Pts',(66.8440662501615,-212.903600335485,-68.1978475550793));
#3347=CARTESIAN_POINT('Ctrl Pts',(66.8440662501616,-211.057924373401,-69.8905558884126));
#3348=CARTESIAN_POINT('Ctrl Pts',(67.0303708286871,-208.975576482155,-71.3499401630663));
#3349=CARTESIAN_POINT('Ctrl Pts',(67.5491820092914,-204.252866495548,-73.8862927395593));
#3350=CARTESIAN_POINT('Ctrl Pts',(67.8701895254629,-201.64359005257,-74.9681712962963));
#3351=CARTESIAN_POINT('Ctrl Pts',(68.8802083333333,-193.108324665946,-77.8092447916666));
#3352=CARTESIAN_POINT('Ctrl Pts',(70.9635416666666,-173.072092346786,-81.796875));
#3353=CARTESIAN_POINT('Ctrl Pts',(70.9635416666666,-127.640068664723,-81.7968749999999));
#3354=CARTESIAN_POINT('Ctrl Pts',(70.9635416666666,-82.2080449826596,-81.796875));
#3355=CARTESIAN_POINT('Ctrl Pts',(68.8802083333333,-62.1718126634995,-77.8092447916666));
#3356=CARTESIAN_POINT('Ctrl Pts',(67.870189525463,-53.6365472768758,-74.9681712962963));
#3357=CARTESIAN_POINT('Ctrl Pts',(67.5491820092914,-51.0272708338977,-73.8862927395593));
#3358=CARTESIAN_POINT('Ctrl Pts',(67.0303708286872,-46.3045608472913,-71.3499401630664));
#3359=CARTESIAN_POINT('Ctrl Pts',(66.8440662501616,-44.2222129560444,-69.8905558884127));
#3360=CARTESIAN_POINT('Ctrl Pts',(66.8440662501616,-42.3765369939606,-68.1978475550793));
#3361=CARTESIAN_POINT('Ctrl Pts',(59.5486111111111,-215.002064203357,-70.1215277777778));
#3362=CARTESIAN_POINT('Ctrl Pts',(59.5486111111111,-212.943425630264,-72.0095486111111));
#3363=CARTESIAN_POINT('Ctrl Pts',(59.6245659722222,-210.630415049576,-73.6642795138888));
#3364=CARTESIAN_POINT('Ctrl Pts',(59.8714192708333,-205.531143641511,-76.5641276041666));
#3365=CARTESIAN_POINT('Ctrl Pts',(60.0423177083333,-202.744882814134,-77.8092447916666));
#3366=CARTESIAN_POINT('Ctrl Pts',(60.6119791666667,-193.729465614725,-81.015625));
#3367=CARTESIAN_POINT('Ctrl Pts',(61.9791666666666,-173.072092346786,-85.3125));
#3368=CARTESIAN_POINT('Ctrl Pts',(61.9791666666666,-127.640068664723,-85.3125));
#3369=CARTESIAN_POINT('Ctrl Pts',(61.9791666666667,-82.2080449826596,-85.3125000000001));
#3370=CARTESIAN_POINT('Ctrl Pts',(60.6119791666667,-61.5506717147213,-81.015625));
#3371=CARTESIAN_POINT('Ctrl Pts',(60.0423177083333,-52.5352545153118,-77.8092447916666));
#3372=CARTESIAN_POINT('Ctrl Pts',(59.8714192708333,-49.7489936879353,-76.5641276041666));
#3373=CARTESIAN_POINT('Ctrl Pts',(59.6245659722222,-44.6497222798704,-73.6642795138889));
#3374=CARTESIAN_POINT('Ctrl Pts',(59.5486111111111,-42.336711699182,-72.0095486111111));
#3375=CARTESIAN_POINT('Ctrl Pts',(59.5486111111111,-40.2780731260885,-70.1215277777777));
#3376=CARTESIAN_POINT('Ctrl Pts',(41.6666666666667,-218.50411602885,-73.3333333333333));
#3377=CARTESIAN_POINT('Ctrl Pts',(41.6666666666667,-216.232514844747,-75.4166666666667));
#3378=CARTESIAN_POINT('Ctrl Pts',(41.6666666666667,-213.676963512631,-77.2395833333333));
#3379=CARTESIAN_POINT('Ctrl Pts',(41.6666666666667,-208.068948089376,-80.4296875));
#3380=CARTESIAN_POINT('Ctrl Pts',(41.6666666666667,-205.016483998237,-81.796875));
#3381=CARTESIAN_POINT('Ctrl Pts',(41.6666666666667,-195.220203891792,-85.3125));
#3382=CARTESIAN_POINT('Ctrl Pts',(41.6666666666667,-173.072092346786,-90.));
#3383=CARTESIAN_POINT('Ctrl Pts',(41.6666666666667,-127.640068664723,-90.));
#3384=CARTESIAN_POINT('Ctrl Pts',(41.6666666666667,-82.2080449826595,-89.9999999999999));
#3385=CARTESIAN_POINT('Ctrl Pts',(41.6666666666667,-60.0599334376536,-85.3125));
#3386=CARTESIAN_POINT('Ctrl Pts',(41.6666666666667,-50.2636533312087,-81.796875));
#3387=CARTESIAN_POINT('Ctrl Pts',(41.6666666666667,-47.21118924007,-80.4296875));
#3388=CARTESIAN_POINT('Ctrl Pts',(41.6666666666667,-41.6031738168153,-77.2395833333333));
#3389=CARTESIAN_POINT('Ctrl Pts',(41.6666666666667,-39.0476224846993,-75.4166666666666));
#3390=CARTESIAN_POINT('Ctrl Pts',(41.6666666666667,-36.7760213005961,-73.3333333333333));
#3391=CARTESIAN_POINT('Ctrl Pts',(-4.44089209850063E-15,-218.50411602885,
-73.3333333333333));
#3392=CARTESIAN_POINT('Ctrl Pts',(-4.44089209850063E-15,-216.232514844747,
-75.4166666666666));
#3393=CARTESIAN_POINT('Ctrl Pts',(-1.94289029309402E-15,-213.676963512631,
-77.2395833333333));
#3394=CARTESIAN_POINT('Ctrl Pts',(-9.71445146547012E-16,-208.068948089376,
-80.4296875));
#3395=CARTESIAN_POINT('Ctrl Pts',(2.77555756156289E-16,-205.016483998237,
-81.7968749999999));
#3396=CARTESIAN_POINT('Ctrl Pts',(3.33066907387547E-15,-195.220203891792,
-85.3125));
#3397=CARTESIAN_POINT('Ctrl Pts',(-2.22044604925031E-15,-173.072092346786,
-90.));
#3398=CARTESIAN_POINT('Ctrl Pts',(-4.44089209850063E-15,-127.640068664723,
-90.));
#3399=CARTESIAN_POINT('Ctrl Pts',(1.55431223447522E-14,-82.2080449826595,
-90.));
#3400=CARTESIAN_POINT('Ctrl Pts',(5.55111512312578E-15,-60.0599334376536,
-85.3125));
#3401=CARTESIAN_POINT('Ctrl Pts',(1.11022302462516E-15,-50.2636533312087,
-81.796875));
#3402=CARTESIAN_POINT('Ctrl Pts',(-1.11022302462516E-15,-47.21118924007,
-80.4296875));
#3403=CARTESIAN_POINT('Ctrl Pts',(-4.44089209850063E-15,-41.6031738168153,
-77.2395833333333));
#3404=CARTESIAN_POINT('Ctrl Pts',(-4.44089209850063E-15,-39.0476224846993,
-75.4166666666667));
#3405=CARTESIAN_POINT('Ctrl Pts',(-4.44089209850063E-15,-36.7760213005961,
-73.3333333333333));
#3406=CARTESIAN_POINT('Ctrl Pts',(-41.6666666666667,-218.50411602885,-73.3333333333333));
#3407=CARTESIAN_POINT('Ctrl Pts',(-41.6666666666667,-216.232514844747,-75.4166666666667));
#3408=CARTESIAN_POINT('Ctrl Pts',(-41.6666666666666,-213.67696351263,-77.2395833333333));
#3409=CARTESIAN_POINT('Ctrl Pts',(-41.6666666666666,-208.068948089376,-80.4296875));
#3410=CARTESIAN_POINT('Ctrl Pts',(-41.6666666666667,-205.016483998237,-81.796875));
#3411=CARTESIAN_POINT('Ctrl Pts',(-41.6666666666667,-195.220203891792,-85.3125));
#3412=CARTESIAN_POINT('Ctrl Pts',(-41.6666666666667,-173.072092346786,-90.));
#3413=CARTESIAN_POINT('Ctrl Pts',(-41.6666666666667,-127.640068664723,-90.));
#3414=CARTESIAN_POINT('Ctrl Pts',(-41.6666666666666,-82.2080449826595,-89.9999999999994));
#3415=CARTESIAN_POINT('Ctrl Pts',(-41.6666666666666,-60.0599334376537,-85.3125));
#3416=CARTESIAN_POINT('Ctrl Pts',(-41.6666666666667,-50.2636533312087,-81.796875));
#3417=CARTESIAN_POINT('Ctrl Pts',(-41.6666666666666,-47.2111892400701,-80.4296875));
#3418=CARTESIAN_POINT('Ctrl Pts',(-41.6666666666666,-41.6031738168153,-77.2395833333333));
#3419=CARTESIAN_POINT('Ctrl Pts',(-41.6666666666667,-39.0476224846993,-75.4166666666666));
#3420=CARTESIAN_POINT('Ctrl Pts',(-41.6666666666667,-36.7760213005961,-73.3333333333333));
#3421=CARTESIAN_POINT('Ctrl Pts',(-59.5486111111111,-215.002064203357,-70.1215277777778));
#3422=CARTESIAN_POINT('Ctrl Pts',(-59.5486111111111,-212.943425630264,-72.0095486111111));
#3423=CARTESIAN_POINT('Ctrl Pts',(-59.6245659722222,-210.630415049576,-73.6642795138888));
#3424=CARTESIAN_POINT('Ctrl Pts',(-59.8714192708333,-205.531143641511,-76.5641276041666));
#3425=CARTESIAN_POINT('Ctrl Pts',(-60.0423177083333,-202.744882814134,-77.8092447916666));
#3426=CARTESIAN_POINT('Ctrl Pts',(-60.6119791666667,-193.729465614725,-81.015625));
#3427=CARTESIAN_POINT('Ctrl Pts',(-61.9791666666666,-173.072092346786,-85.3125));
#3428=CARTESIAN_POINT('Ctrl Pts',(-61.9791666666666,-127.640068664723,-85.3124999999999));
#3429=CARTESIAN_POINT('Ctrl Pts',(-61.9791666666666,-82.2080449826596,-85.3125));
#3430=CARTESIAN_POINT('Ctrl Pts',(-60.6119791666667,-61.5506717147213,-81.015625));
#3431=CARTESIAN_POINT('Ctrl Pts',(-60.0423177083333,-52.5352545153118,-77.8092447916666));
#3432=CARTESIAN_POINT('Ctrl Pts',(-59.8714192708333,-49.7489936879353,-76.5641276041666));
#3433=CARTESIAN_POINT('Ctrl Pts',(-59.6245659722222,-44.6497222798704,-73.6642795138889));
#3434=CARTESIAN_POINT('Ctrl Pts',(-59.5486111111111,-42.336711699182,-72.0095486111111));
#3435=CARTESIAN_POINT('Ctrl Pts',(-59.5486111111111,-40.2780731260885,-70.1215277777778));
#3436=CARTESIAN_POINT('Ctrl Pts',(-66.8440662501615,-212.903600335485,-68.1978475550793));
#3437=CARTESIAN_POINT('Ctrl Pts',(-66.8440662501615,-211.057924373401,-69.8905558884126));
#3438=CARTESIAN_POINT('Ctrl Pts',(-67.0303708286871,-208.975576482155,-71.3499401630664));
#3439=CARTESIAN_POINT('Ctrl Pts',(-67.5491820092914,-204.252866495548,-73.8862927395593));
#3440=CARTESIAN_POINT('Ctrl Pts',(-67.8701895254629,-201.64359005257,-74.9681712962963));
#3441=CARTESIAN_POINT('Ctrl Pts',(-68.8802083333333,-193.108324665946,-77.8092447916666));
#3442=CARTESIAN_POINT('Ctrl Pts',(-70.9635416666666,-173.072092346786,-81.796875));
#3443=CARTESIAN_POINT('Ctrl Pts',(-70.9635416666666,-127.640068664723,-81.7968749999999));
#3444=CARTESIAN_POINT('Ctrl Pts',(-70.9635416666666,-82.2080449826596,-81.796875));
#3445=CARTESIAN_POINT('Ctrl Pts',(-68.8802083333333,-62.1718126634995,-77.8092447916666));
#3446=CARTESIAN_POINT('Ctrl Pts',(-67.8701895254629,-53.6365472768758,-74.9681712962963));
#3447=CARTESIAN_POINT('Ctrl Pts',(-67.5491820092914,-51.0272708338977,-73.8862927395593));
#3448=CARTESIAN_POINT('Ctrl Pts',(-67.0303708286871,-46.3045608472913,-71.3499401630663));
#3449=CARTESIAN_POINT('Ctrl Pts',(-66.8440662501615,-44.2222129560444,-69.8905558884126));
#3450=CARTESIAN_POINT('Ctrl Pts',(-66.8440662501615,-42.3765369939606,-68.1978475550793));
#3451=CARTESIAN_POINT('Ctrl Pts',(-68.9068419846603,-212.212031621674,-67.5640268845298));
#3452=CARTESIAN_POINT('Ctrl Pts',(-69.0419430057538,-210.416229638847,-69.139731301702));
#3453=CARTESIAN_POINT('Ctrl Pts',(-69.2367816481233,-208.402036237032,-70.4907124726088));
#3454=CARTESIAN_POINT('Ctrl Pts',(-69.8710006615066,-203.825211626556,-72.8695052985751));
#3455=CARTESIAN_POINT('Ctrl Pts',(-70.2632119572081,-201.293573546726,-73.8862927395593));
#3456=CARTESIAN_POINT('Ctrl Pts',(-71.435546875,-192.921982381313,-76.5641276041666));
#3457=CARTESIAN_POINT('Ctrl Pts',(-73.7630208333333,-173.072092346786,-80.4296875));
#3458=CARTESIAN_POINT('Ctrl Pts',(-73.7630208333333,-127.640068664723,-80.4296874999999));
#3459=CARTESIAN_POINT('Ctrl Pts',(-73.7630208333333,-82.2080449826596,-80.4296875));
#3460=CARTESIAN_POINT('Ctrl Pts',(-71.435546875,-62.358154948133,-76.5641276041666));
#3461=CARTESIAN_POINT('Ctrl Pts',(-70.2632119572081,-53.9865637827196,-73.8862927395593));
#3462=CARTESIAN_POINT('Ctrl Pts',(-69.8710006615066,-51.4549257028901,-72.8695052985751));
#3463=CARTESIAN_POINT('Ctrl Pts',(-69.2367816481233,-46.8781010924138,-70.4907124726088));
#3464=CARTESIAN_POINT('Ctrl Pts',(-69.0419430057538,-44.8639076905989,-69.1397313017021));
#3465=CARTESIAN_POINT('Ctrl Pts',(-68.9068419846603,-43.0681057077714,-67.5640268845298));
#3466=CARTESIAN_POINT('Ctrl Pts',(-72.2943081632883,-210.844732678346,-66.3111976841307));
#3467=CARTESIAN_POINT('Ctrl Pts',(-72.7237848386327,-209.179760756263,-67.4916406571697));
#3468=CARTESIAN_POINT('Ctrl Pts',(-73.1202513715405,-207.368092471529,-68.5572781763472));
#3469=CARTESIAN_POINT('Ctrl Pts',(-74.068502995346,-203.1336791489,-70.4907124726088));
#3470=CARTESIAN_POINT('Ctrl Pts',(-74.5945088448912,-200.727878142477,-71.3499401630663));
#3471=CARTESIAN_POINT('Ctrl Pts',(-76.1121961805555,-192.652821303509,-73.6642795138889));
#3472=CARTESIAN_POINT('Ctrl Pts',(-78.90625,-173.072092346786,-77.2395833333333));
#3473=CARTESIAN_POINT('Ctrl Pts',(-78.90625,-127.640068664723,-77.2395833333333));
#3474=CARTESIAN_POINT('Ctrl Pts',(-78.90625,-82.2080449826595,-77.2395833333332));
#3475=CARTESIAN_POINT('Ctrl Pts',(-76.1121961805555,-62.6273160259369,-73.6642795138889));
#3476=CARTESIAN_POINT('Ctrl Pts',(-74.5945088448912,-54.5522591869691,-71.3499401630664));
#3477=CARTESIAN_POINT('Ctrl Pts',(-74.068502995346,-52.1464581805455,-70.4907124726088));
#3478=CARTESIAN_POINT('Ctrl Pts',(-73.1202513715405,-47.9120448579167,-68.5572781763472));
#3479=CARTESIAN_POINT('Ctrl Pts',(-72.7237848386327,-46.1003765731826,-67.4916406571698));
#3480=CARTESIAN_POINT('Ctrl Pts',(-72.2943081632883,-44.4354046511001,-66.3111976841307));
#3481=CARTESIAN_POINT('Ctrl Pts',(-73.6189986074175,-210.169002448828,-65.6921891542812));
#3482=CARTESIAN_POINT('Ctrl Pts',(-74.1376766733988,-208.477461041339,-66.7534145614715));
#3483=CARTESIAN_POINT('Ctrl Pts',(-74.781770547064,-206.935797825636,-67.4916406571697));
#3484=CARTESIAN_POINT('Ctrl Pts',(-75.9157622251557,-202.921233217357,-69.1397313017021));
#3485=CARTESIAN_POINT('Ctrl Pts',(-76.5042739937167,-200.524737485909,-69.8905558884127));
#3486=CARTESIAN_POINT('Ctrl Pts',(-78.2335069444444,-192.570002510339,-72.0095486111111));
#3487=CARTESIAN_POINT('Ctrl Pts',(-81.25,-173.072092346786,-75.4166666666666));
#3488=CARTESIAN_POINT('Ctrl Pts',(-81.25,-127.640068664723,-75.4166666666667));
#3489=CARTESIAN_POINT('Ctrl Pts',(-81.25,-82.2080449826595,-75.4166666666666));
#3490=CARTESIAN_POINT('Ctrl Pts',(-78.2335069444444,-62.7101348191073,-72.0095486111111));
#3491=CARTESIAN_POINT('Ctrl Pts',(-76.5042739937167,-54.7553998435368,-69.8905558884127));
#3492=CARTESIAN_POINT('Ctrl Pts',(-75.9157622251557,-52.358904112089,-69.1397313017021));
#3493=CARTESIAN_POINT('Ctrl Pts',(-74.7817705470641,-48.3443395038097,-67.4916406571698));
#3494=CARTESIAN_POINT('Ctrl Pts',(-74.1376766733987,-46.8026762881066,-66.7534145614715));
#3495=CARTESIAN_POINT('Ctrl Pts',(-73.6189986074175,-45.1111348806179,-65.6921891542812));
#3496=CARTESIAN_POINT('Ctrl Pts',(-75.,-209.417711292437,-65.));
#3497=CARTESIAN_POINT('Ctrl Pts',(-75.6890249574181,-207.911910781091,-65.6921891542812));
#3498=CARTESIAN_POINT('Ctrl Pts',(-76.3087513959088,-206.467509957993,-66.3111976841307));
#3499=CARTESIAN_POINT('Ctrl Pts',(-77.5627300807247,-202.773923310402,-67.5640268845298));
#3500=CARTESIAN_POINT('Ctrl Pts',(-78.19698232705,-200.524737485909,-68.1978475550793));
#3501=CARTESIAN_POINT('Ctrl Pts',(-80.1215277777778,-192.570002510339,-70.1215277777777));
#3502=CARTESIAN_POINT('Ctrl Pts',(-83.3333333333333,-173.072092346786,-73.3333333333333));
#3503=CARTESIAN_POINT('Ctrl Pts',(-83.3333333333333,-127.640068664723,-73.3333333333333));
#3504=CARTESIAN_POINT('Ctrl Pts',(-83.3333333333333,-82.2080449826596,-73.3333333333333));
#3505=CARTESIAN_POINT('Ctrl Pts',(-80.1215277777778,-62.7101348191073,-70.1215277777778));
#3506=CARTESIAN_POINT('Ctrl Pts',(-78.19698232705,-54.7553998435368,-68.1978475550793));
#3507=CARTESIAN_POINT('Ctrl Pts',(-77.5627300807247,-52.506214019044,-67.5640268845299));
#3508=CARTESIAN_POINT('Ctrl Pts',(-76.3087513959088,-48.8126273714532,-66.3111976841307));
#3509=CARTESIAN_POINT('Ctrl Pts',(-75.6890249574181,-47.3682265483552,-65.6921891542812));
#3510=CARTESIAN_POINT('Ctrl Pts',(-75.,-45.8624260370088,-65.));
#3511=CARTESIAN_POINT('Ctrl Pts',(80.7989838797429,-187.698660579779,-70.7990297078599));
#3512=CARTESIAN_POINT('Ctrl Pts',(81.2262466607853,-184.879170902884,-71.2262466607853));
#3513=CARTESIAN_POINT('Ctrl Pts',(83.3333333333333,-167.891904093774,-73.3333333333333));
#3514=CARTESIAN_POINT('Ctrl Pts',(83.3333333333333,-132.568631873631,-73.3333333333333));
#3515=CARTESIAN_POINT('Ctrl Pts',(83.3333333333333,-101.151576136888,-73.3333333333333));
#3516=CARTESIAN_POINT('Ctrl Pts',(82.7807697631587,-89.2425955976589,-72.7807697631587));
#3517=CARTESIAN_POINT('Ctrl Pts',(75.,-209.417711292437,-15.));
#3518=CARTESIAN_POINT('Ctrl Pts',(75.6890249574181,-207.911910781091,-14.3078108457188));
#3519=CARTESIAN_POINT('Ctrl Pts',(76.3087513959088,-206.467509957993,-13.6888023158692));
#3520=CARTESIAN_POINT('Ctrl Pts',(77.5627300807247,-202.773923310402,-12.4359731154702));
#3521=CARTESIAN_POINT('Ctrl Pts',(78.19698232705,-200.524737485909,-11.8021524449207));
#3522=CARTESIAN_POINT('Ctrl Pts',(80.1215277777777,-192.570002510339,-9.87847222222224));
#3523=CARTESIAN_POINT('Ctrl Pts',(83.3333333333333,-173.072092346786,-6.66666666666669));
#3524=CARTESIAN_POINT('Ctrl Pts',(83.3333333333333,-127.640068664723,-6.66666666666669));
#3525=CARTESIAN_POINT('Ctrl Pts',(83.3333333333334,-82.2080449826595,-6.66666666666669));
#3526=CARTESIAN_POINT('Ctrl Pts',(80.1215277777777,-62.7101348191073,-9.87847222222225));
#3527=CARTESIAN_POINT('Ctrl Pts',(78.19698232705,-54.7553998435368,-11.8021524449207));
#3528=CARTESIAN_POINT('Ctrl Pts',(77.5627300807247,-52.506214019044,-12.4359731154702));
#3529=CARTESIAN_POINT('Ctrl Pts',(76.3087513959088,-48.8126273714532,-13.6888023158692));
#3530=CARTESIAN_POINT('Ctrl Pts',(75.6890249574181,-47.3682265483552,-14.3078108457188));
#3531=CARTESIAN_POINT('Ctrl Pts',(75.,-45.8624260370088,-15.));
#3532=CARTESIAN_POINT('Ctrl Pts',(75.6919764351643,-210.172220647393,-16.3843783085624));
#3533=CARTESIAN_POINT('Ctrl Pts',(76.7506639538417,-208.476605570835,-15.8586185121735));
#3534=CARTESIAN_POINT('Ctrl Pts',(77.4890188109529,-206.935797825636,-15.2156076067191));
#3535=CARTESIAN_POINT('Ctrl Pts',(79.1384184751557,-202.921233217357,-14.0829249482979));
#3536=CARTESIAN_POINT('Ctrl Pts',(79.8896906603834,-200.524737485909,-13.494860778254));
#3537=CARTESIAN_POINT('Ctrl Pts',(82.0095486111111,-192.570002510339,-11.7664930555556));
#3538=CARTESIAN_POINT('Ctrl Pts',(85.4166666666666,-173.072092346786,-8.75000000000002));
#3539=CARTESIAN_POINT('Ctrl Pts',(85.4166666666666,-127.640068664723,-8.75000000000002));
#3540=CARTESIAN_POINT('Ctrl Pts',(85.4166666666667,-82.2080449826595,-8.75000000000003));
#3541=CARTESIAN_POINT('Ctrl Pts',(82.0095486111111,-62.7101348191073,-11.7664930555556));
#3542=CARTESIAN_POINT('Ctrl Pts',(79.8896906603834,-54.7553998435368,-13.494860778254));
#3543=CARTESIAN_POINT('Ctrl Pts',(79.1384184751557,-52.358904112089,-14.0829249482979));
#3544=CARTESIAN_POINT('Ctrl Pts',(77.4890188109529,-48.3443395038098,-15.2156076067191));
#3545=CARTESIAN_POINT('Ctrl Pts',(76.7506639538417,-46.8035317586112,-15.8586185121735));
#3546=CARTESIAN_POINT('Ctrl Pts',(75.6919764351643,-45.1079166820532,-16.3843783085624));
#3547=CARTESIAN_POINT('Ctrl Pts',(76.3212422489867,-210.858352311934,-17.7309279796355));
#3548=CARTESIAN_POINT('Ctrl Pts',(77.5043289963834,-209.196454501233,-17.3075239963748));
#3549=CARTESIAN_POINT('Ctrl Pts',(78.5610285797659,-207.374609587657,-16.8907683374574));
#3550=CARTESIAN_POINT('Ctrl Pts',(80.4917893219162,-203.136107696891,-15.935282698965));
#3551=CARTESIAN_POINT('Ctrl Pts',(81.3506580626047,-200.729497174471,-15.4080149513162));
#3552=CARTESIAN_POINT('Ctrl Pts',(83.6642795138889,-192.652821303509,-13.8878038194445));
#3553=CARTESIAN_POINT('Ctrl Pts',(87.2395833333333,-173.072092346786,-11.09375));
#3554=CARTESIAN_POINT('Ctrl Pts',(87.2395833333333,-127.640068664723,-11.09375));
#3555=CARTESIAN_POINT('Ctrl Pts',(87.2395833333333,-82.2080449826595,-11.09375));
#3556=CARTESIAN_POINT('Ctrl Pts',(83.6642795138889,-62.6273160259369,-13.8878038194445));
#3557=CARTESIAN_POINT('Ctrl Pts',(81.3506580626046,-54.5506401549751,-15.4080149513162));
#3558=CARTESIAN_POINT('Ctrl Pts',(80.4917893219162,-52.1440296325545,-15.935282698965));
#3559=CARTESIAN_POINT('Ctrl Pts',(78.5610285797659,-47.905527741789,-16.8907683374574));
#3560=CARTESIAN_POINT('Ctrl Pts',(77.5043289963834,-46.0836828282133,-17.3075239963748));
#3561=CARTESIAN_POINT('Ctrl Pts',(76.3212422489867,-44.4217850175118,-17.7309279796355));
#3562=CARTESIAN_POINT('Ctrl Pts',(77.5286697784633,-212.17489333866,-21.0163762173335));
#3563=CARTESIAN_POINT('Ctrl Pts',(79.1065846928205,-210.38743471126,-20.8922054943112));
#3564=CARTESIAN_POINT('Ctrl Pts',(80.4460383104885,-208.366410576358,-20.6778536017546));
#3565=CARTESIAN_POINT('Ctrl Pts',(82.8177605175296,-203.792642308481,-20.0395515034194));
#3566=CARTESIAN_POINT('Ctrl Pts',(83.8322046872265,-201.263808840896,-19.6480702634679));
#3567=CARTESIAN_POINT('Ctrl Pts',(86.5044487847222,-192.90127768302,-18.4803602430556));
#3568=CARTESIAN_POINT('Ctrl Pts',(90.3645833333333,-173.072092346786,-16.171875));
#3569=CARTESIAN_POINT('Ctrl Pts',(90.3645833333333,-127.640068664723,-16.171875));
#3570=CARTESIAN_POINT('Ctrl Pts',(90.3645833333333,-82.2080449826595,-16.171875));
#3571=CARTESIAN_POINT('Ctrl Pts',(86.5044487847222,-62.3788596464256,-18.4803602430556));
#3572=CARTESIAN_POINT('Ctrl Pts',(83.8322046872265,-54.0163284885497,-19.6480702634679));
#3573=CARTESIAN_POINT('Ctrl Pts',(82.8177605175296,-51.4874950209646,-20.0395515034194));
#3574=CARTESIAN_POINT('Ctrl Pts',(80.4460383104885,-46.9137267530876,-20.6778536017546));
#3575=CARTESIAN_POINT('Ctrl Pts',(79.1065846928205,-44.8927026181859,-20.8922054943112));
#3576=CARTESIAN_POINT('Ctrl Pts',(77.5286697784633,-43.1052439907865,-21.0163762173335));
#3577=CARTESIAN_POINT('Ctrl Pts',(78.1068314941174,-212.805302700843,-22.9552747839583));
#3578=CARTESIAN_POINT('Ctrl Pts',(79.7941144802285,-210.965542366843,-22.9552747839583));
#3579=CARTESIAN_POINT('Ctrl Pts',(81.2539480583297,-208.895408477575,-22.7823100657788));
#3580=CARTESIAN_POINT('Ctrl Pts',(83.7802117763469,-204.184157238168,-22.2653481859216));
#3581=CARTESIAN_POINT('Ctrl Pts',(84.8574037905092,-201.580490019678,-21.94580078125));
#3582=CARTESIAN_POINT('Ctrl Pts',(87.6898871527777,-193.066915269361,-20.9516059027778));
#3583=CARTESIAN_POINT('Ctrl Pts',(91.6666666666667,-173.072092346786,-18.90625));
#3584=CARTESIAN_POINT('Ctrl Pts',(91.6666666666667,-127.640068664723,-18.90625));
#3585=CARTESIAN_POINT('Ctrl Pts',(91.6666666666667,-82.2080449826595,-18.90625));
#3586=CARTESIAN_POINT('Ctrl Pts',(87.6898871527777,-62.2132220600847,-20.9516059027778));
#3587=CARTESIAN_POINT('Ctrl Pts',(84.8574037905092,-53.6996473097675,-21.94580078125));
#3588=CARTESIAN_POINT('Ctrl Pts',(83.7802117763469,-51.0959800912782,-22.2653481859216));
#3589=CARTESIAN_POINT('Ctrl Pts',(81.2539480583297,-46.3847288518711,-22.7823100657788));
#3590=CARTESIAN_POINT('Ctrl Pts',(79.7941144802285,-44.3145949626029,-22.9552747839583));
#3591=CARTESIAN_POINT('Ctrl Pts',(78.1068314941173,-42.4748346286027,-22.9552747839583));
#3592=CARTESIAN_POINT('Ctrl Pts',(79.7646604938271,-214.612947333858,-29.6604938271605));
#3593=CARTESIAN_POINT('Ctrl Pts',(81.6309799382716,-212.577971273099,-29.6604938271605));
#3594=CARTESIAN_POINT('Ctrl Pts',(83.2670235339506,-210.291909664792,-29.5929783950617));
#3595=CARTESIAN_POINT('Ctrl Pts',(86.134620949074,-205.249165369526,-29.3735532407407));
#3596=CARTESIAN_POINT('Ctrl Pts',(87.3661747685185,-202.492482682567,-29.2216435185185));
#3597=CARTESIAN_POINT('Ctrl Pts',(90.5381944444444,-193.563828028384,-28.7152777777778));
#3598=CARTESIAN_POINT('Ctrl Pts',(94.7916666666667,-173.072092346786,-27.5));
#3599=CARTESIAN_POINT('Ctrl Pts',(94.7916666666666,-127.640068664723,-27.5));
#3600=CARTESIAN_POINT('Ctrl Pts',(94.7916666666666,-82.2080449826595,-27.5));
#3601=CARTESIAN_POINT('Ctrl Pts',(90.5381944444444,-61.7163093010622,-28.7152777777778));
#3602=CARTESIAN_POINT('Ctrl Pts',(87.3661747685185,-52.7876546468789,-29.2216435185185));
#3603=CARTESIAN_POINT('Ctrl Pts',(86.134620949074,-50.0309719599203,-29.3735532407407));
#3604=CARTESIAN_POINT('Ctrl Pts',(83.2670235339506,-44.9882276646543,-29.5929783950617));
#3605=CARTESIAN_POINT('Ctrl Pts',(81.6309799382716,-42.7021660563467,-29.6604938271605));
#3606=CARTESIAN_POINT('Ctrl Pts',(79.7646604938271,-40.6671899955876,-29.6604938271605));
#3607=CARTESIAN_POINT('Ctrl Pts',(81.1921296296296,-216.169414811855,-40.));
#3608=CARTESIAN_POINT('Ctrl Pts',(83.1452546296296,-214.039788701758,-40.));
#3609=CARTESIAN_POINT('Ctrl Pts',(84.8560474537037,-211.645931203927,-40.));
#3610=CARTESIAN_POINT('Ctrl Pts',(87.8526475694444,-206.377078457466,-40.));
#3611=CARTESIAN_POINT('Ctrl Pts',(89.1384548611111,-203.502083208835,-40.));
#3612=CARTESIAN_POINT('Ctrl Pts',(92.4479166666666,-194.226378373747,-40.));
#3613=CARTESIAN_POINT('Ctrl Pts',(96.875,-173.072092346786,-40.));
#3614=CARTESIAN_POINT('Ctrl Pts',(96.875,-127.640068664723,-40.));
#3615=CARTESIAN_POINT('Ctrl Pts',(96.875,-82.2080449826595,-40.));
#3616=CARTESIAN_POINT('Ctrl Pts',(92.4479166666666,-61.0537589556987,-40.));
#3617=CARTESIAN_POINT('Ctrl Pts',(89.1384548611111,-51.7780541206108,-40.));
#3618=CARTESIAN_POINT('Ctrl Pts',(87.8526475694444,-48.9030588719802,-40.));
#3619=CARTESIAN_POINT('Ctrl Pts',(84.8560474537037,-43.6342061255187,-40.));
#3620=CARTESIAN_POINT('Ctrl Pts',(83.1452546296296,-41.2403486276877,-40.));
#3621=CARTESIAN_POINT('Ctrl Pts',(81.1921296296296,-39.110722517591,-40.));
#3622=CARTESIAN_POINT('Ctrl Pts',(79.7646604938271,-214.612947333858,-50.3395061728395));
#3623=CARTESIAN_POINT('Ctrl Pts',(81.6309799382716,-212.577971273099,-50.3395061728395));
#3624=CARTESIAN_POINT('Ctrl Pts',(83.2670235339506,-210.291909664792,-50.4070216049383));
#3625=CARTESIAN_POINT('Ctrl Pts',(86.134620949074,-205.249165369526,-50.6264467592592));
#3626=CARTESIAN_POINT('Ctrl Pts',(87.3661747685185,-202.492482682567,-50.7783564814815));
#3627=CARTESIAN_POINT('Ctrl Pts',(90.5381944444444,-193.563828028384,-51.2847222222222));
#3628=CARTESIAN_POINT('Ctrl Pts',(94.7916666666666,-173.072092346786,-52.5));
#3629=CARTESIAN_POINT('Ctrl Pts',(94.7916666666666,-127.640068664723,-52.5));
#3630=CARTESIAN_POINT('Ctrl Pts',(94.7916666666667,-82.2080449826595,-52.5));
#3631=CARTESIAN_POINT('Ctrl Pts',(90.5381944444444,-61.7163093010622,-51.2847222222222));
#3632=CARTESIAN_POINT('Ctrl Pts',(87.3661747685185,-52.7876546468789,-50.7783564814815));
#3633=CARTESIAN_POINT('Ctrl Pts',(86.1346209490741,-50.0309719599203,-50.6264467592593));
#3634=CARTESIAN_POINT('Ctrl Pts',(83.2670235339506,-44.9882276646543,-50.4070216049383));
#3635=CARTESIAN_POINT('Ctrl Pts',(81.6309799382716,-42.7021660563467,-50.3395061728395));
#3636=CARTESIAN_POINT('Ctrl Pts',(79.7646604938271,-40.6671899955876,-50.3395061728395));
#3637=CARTESIAN_POINT('Ctrl Pts',(78.1068314941173,-212.805302700843,-57.0447252160417));
#3638=CARTESIAN_POINT('Ctrl Pts',(79.7941144802284,-210.965542366843,-57.0447252160416));
#3639=CARTESIAN_POINT('Ctrl Pts',(81.2539480583297,-208.895408477575,-57.2176899342212));
#3640=CARTESIAN_POINT('Ctrl Pts',(83.7802117763469,-204.184157238168,-57.7346518140784));
#3641=CARTESIAN_POINT('Ctrl Pts',(84.8574037905092,-201.580490019678,-58.05419921875));
#3642=CARTESIAN_POINT('Ctrl Pts',(87.6898871527778,-193.066915269361,-59.0483940972222));
#3643=CARTESIAN_POINT('Ctrl Pts',(91.6666666666666,-173.072092346786,-61.09375));
#3644=CARTESIAN_POINT('Ctrl Pts',(91.6666666666666,-127.640068664723,-61.09375));
#3645=CARTESIAN_POINT('Ctrl Pts',(91.6666666666666,-82.2080449826595,-61.09375));
#3646=CARTESIAN_POINT('Ctrl Pts',(87.6898871527778,-62.2132220600847,-59.0483940972222));
#3647=CARTESIAN_POINT('Ctrl Pts',(84.8574037905092,-53.6996473097675,-58.05419921875));
#3648=CARTESIAN_POINT('Ctrl Pts',(83.7802117763469,-51.0959800912782,-57.7346518140784));
#3649=CARTESIAN_POINT('Ctrl Pts',(81.2539480583297,-46.3847288518711,-57.2176899342212));
#3650=CARTESIAN_POINT('Ctrl Pts',(79.7941144802285,-44.3145949626029,-57.0447252160417));
#3651=CARTESIAN_POINT('Ctrl Pts',(78.1068314941174,-42.4748346286027,-57.0447252160417));
#3652=CARTESIAN_POINT('Ctrl Pts',(77.5286697784632,-212.174893338659,-58.9836237826665));
#3653=CARTESIAN_POINT('Ctrl Pts',(79.1065846928204,-210.38743471126,-59.1077945056888));
#3654=CARTESIAN_POINT('Ctrl Pts',(80.4460383104884,-208.366410576358,-59.3221463982454));
#3655=CARTESIAN_POINT('Ctrl Pts',(82.8177605175296,-203.792642308481,-59.9604484965806));
#3656=CARTESIAN_POINT('Ctrl Pts',(83.8322046872265,-201.263808840896,-60.3519297365321));
#3657=CARTESIAN_POINT('Ctrl Pts',(86.5044487847222,-192.90127768302,-61.5196397569444));
#3658=CARTESIAN_POINT('Ctrl Pts',(90.3645833333333,-173.072092346786,-63.828125));
#3659=CARTESIAN_POINT('Ctrl Pts',(90.3645833333333,-127.640068664723,-63.828125));
#3660=CARTESIAN_POINT('Ctrl Pts',(90.3645833333333,-82.2080449826595,-63.828125));
#3661=CARTESIAN_POINT('Ctrl Pts',(86.5044487847222,-62.3788596464256,-61.5196397569444));
#3662=CARTESIAN_POINT('Ctrl Pts',(83.8322046872265,-54.0163284885497,-60.3519297365322));
#3663=CARTESIAN_POINT('Ctrl Pts',(82.8177605175296,-51.4874950209646,-59.9604484965806));
#3664=CARTESIAN_POINT('Ctrl Pts',(80.4460383104885,-46.9137267530876,-59.3221463982454));
#3665=CARTESIAN_POINT('Ctrl Pts',(79.1065846928205,-44.8927026181859,-59.1077945056888));
#3666=CARTESIAN_POINT('Ctrl Pts',(77.5286697784633,-43.1052439907865,-58.9836237826666));
#3667=CARTESIAN_POINT('Ctrl Pts',(76.3212422489867,-210.858352311934,-62.2690720203645));
#3668=CARTESIAN_POINT('Ctrl Pts',(77.5043289963834,-209.196454501233,-62.6924760036252));
#3669=CARTESIAN_POINT('Ctrl Pts',(78.5610285797659,-207.374609587657,-63.1092316625426));
#3670=CARTESIAN_POINT('Ctrl Pts',(80.4917893219162,-203.136107696891,-64.064717301035));
#3671=CARTESIAN_POINT('Ctrl Pts',(81.3506580626046,-200.729497174471,-64.5919850486838));
#3672=CARTESIAN_POINT('Ctrl Pts',(83.6642795138889,-192.652821303509,-66.1121961805555));
#3673=CARTESIAN_POINT('Ctrl Pts',(87.2395833333333,-173.072092346786,-68.90625));
#3674=CARTESIAN_POINT('Ctrl Pts',(87.2395833333333,-127.640068664723,-68.90625));
#3675=CARTESIAN_POINT('Ctrl Pts',(87.2395833333334,-82.2080449826595,-68.90625));
#3676=CARTESIAN_POINT('Ctrl Pts',(83.6642795138889,-62.6273160259369,-66.1121961805555));
#3677=CARTESIAN_POINT('Ctrl Pts',(81.3506580626046,-54.5506401549751,-64.5919850486838));
#3678=CARTESIAN_POINT('Ctrl Pts',(80.4917893219162,-52.1440296325545,-64.064717301035));
#3679=CARTESIAN_POINT('Ctrl Pts',(78.5610285797659,-47.905527741789,-63.1092316625426));
#3680=CARTESIAN_POINT('Ctrl Pts',(77.5043289963834,-46.0836828282133,-62.6924760036252));
#3681=CARTESIAN_POINT('Ctrl Pts',(76.3212422489867,-44.4217850175118,-62.2690720203645));
#3682=CARTESIAN_POINT('Ctrl Pts',(75.6919764351643,-210.172220647393,-63.6156216914376));
#3683=CARTESIAN_POINT('Ctrl Pts',(76.7506639538417,-208.476605570835,-64.1413814878265));
#3684=CARTESIAN_POINT('Ctrl Pts',(77.4890188109529,-206.935797825636,-64.7843923932809));
#3685=CARTESIAN_POINT('Ctrl Pts',(79.1384184751557,-202.921233217357,-65.917075051702));
#3686=CARTESIAN_POINT('Ctrl Pts',(79.8896906603833,-200.524737485909,-66.505139221746));
#3687=CARTESIAN_POINT('Ctrl Pts',(82.0095486111111,-192.570002510339,-68.2335069444444));
#3688=CARTESIAN_POINT('Ctrl Pts',(85.4166666666666,-173.072092346786,-71.25));
#3689=CARTESIAN_POINT('Ctrl Pts',(85.4166666666667,-127.640068664723,-71.25));
#3690=CARTESIAN_POINT('Ctrl Pts',(85.4166666666666,-82.2080449826595,-71.2499999999999));
#3691=CARTESIAN_POINT('Ctrl Pts',(82.0095486111111,-62.7101348191073,-68.2335069444444));
#3692=CARTESIAN_POINT('Ctrl Pts',(79.8896906603833,-54.7553998435368,-66.505139221746));
#3693=CARTESIAN_POINT('Ctrl Pts',(79.1384184751557,-52.358904112089,-65.9170750517021));
#3694=CARTESIAN_POINT('Ctrl Pts',(77.4890188109529,-48.3443395038098,-64.7843923932809));
#3695=CARTESIAN_POINT('Ctrl Pts',(76.7506639538416,-46.8035317586112,-64.1413814878265));
#3696=CARTESIAN_POINT('Ctrl Pts',(75.6919764351643,-45.1079166820532,-63.6156216914376));
#3697=CARTESIAN_POINT('Ctrl Pts',(75.,-209.417711292437,-65.));
#3698=CARTESIAN_POINT('Ctrl Pts',(75.6890249574181,-207.911910781091,-65.6921891542812));
#3699=CARTESIAN_POINT('Ctrl Pts',(76.3087513959087,-206.467509957993,-66.3111976841307));
#3700=CARTESIAN_POINT('Ctrl Pts',(77.5627300807247,-202.773923310402,-67.5640268845298));
#3701=CARTESIAN_POINT('Ctrl Pts',(78.19698232705,-200.524737485909,-68.1978475550793));
#3702=CARTESIAN_POINT('Ctrl Pts',(80.1215277777778,-192.570002510339,-70.1215277777777));
#3703=CARTESIAN_POINT('Ctrl Pts',(83.3333333333333,-173.072092346786,-73.3333333333333));
#3704=CARTESIAN_POINT('Ctrl Pts',(83.3333333333333,-127.640068664723,-73.3333333333333));
#3705=CARTESIAN_POINT('Ctrl Pts',(83.3333333333333,-82.2080449826595,-73.3333333333333));
#3706=CARTESIAN_POINT('Ctrl Pts',(80.1215277777778,-62.7101348191073,-70.1215277777778));
#3707=CARTESIAN_POINT('Ctrl Pts',(78.19698232705,-54.7553998435368,-68.1978475550793));
#3708=CARTESIAN_POINT('Ctrl Pts',(77.5627300807247,-52.506214019044,-67.5640268845298));
#3709=CARTESIAN_POINT('Ctrl Pts',(76.3087513959087,-48.8126273714532,-66.3111976841307));
#3710=CARTESIAN_POINT('Ctrl Pts',(75.6890249574181,-47.3682265483552,-65.6921891542812));
#3711=CARTESIAN_POINT('Ctrl Pts',(75.,-45.8624260370088,-65.));
#3712=CARTESIAN_POINT('',(75.,-209.417711292437,-15.));
#3713=CARTESIAN_POINT('Ctrl Pts',(75.,-209.417711292437,-65.));
#3714=CARTESIAN_POINT('Ctrl Pts',(75.6919764351643,-210.172220647393,-63.6156216914376));
#3715=CARTESIAN_POINT('Ctrl Pts',(76.3212422489867,-210.858352311934,-62.2690720203645));
#3716=CARTESIAN_POINT('Ctrl Pts',(77.5286697784632,-212.174893338659,-58.9836237826665));
#3717=CARTESIAN_POINT('Ctrl Pts',(78.1068314941173,-212.805302700843,-57.0447252160417));
#3718=CARTESIAN_POINT('Ctrl Pts',(79.7646604938271,-214.612947333858,-50.3395061728395));
#3719=CARTESIAN_POINT('Ctrl Pts',(81.1921296296296,-216.169414811855,-40.));
#3720=CARTESIAN_POINT('Ctrl Pts',(79.7646604938271,-214.612947333858,-29.6604938271605));
#3721=CARTESIAN_POINT('Ctrl Pts',(78.1068314941174,-212.805302700843,-22.9552747839583));
#3722=CARTESIAN_POINT('Ctrl Pts',(77.5286697784633,-212.17489333866,-21.0163762173335));
#3723=CARTESIAN_POINT('Ctrl Pts',(76.3212422489867,-210.858352311934,-17.7309279796355));
#3724=CARTESIAN_POINT('Ctrl Pts',(75.6919764351643,-210.172220647393,-16.3843783085624));
#3725=CARTESIAN_POINT('Ctrl Pts',(75.,-209.417711292437,-15.));
#3726=CARTESIAN_POINT('Ctrl Pts',(75.,-209.417711292437,-15.));
#3727=CARTESIAN_POINT('Ctrl Pts',(75.6890249574181,-207.911910781091,-14.3078108457188));
#3728=CARTESIAN_POINT('Ctrl Pts',(76.3087513959088,-206.467509957993,-13.6888023158692));
#3729=CARTESIAN_POINT('Ctrl Pts',(77.5627300807247,-202.773923310402,-12.4359731154702));
#3730=CARTESIAN_POINT('Ctrl Pts',(78.19698232705,-200.524737485909,-11.8021524449207));
#3731=CARTESIAN_POINT('Ctrl Pts',(80.1215277777777,-192.570002510339,-9.87847222222224));
#3732=CARTESIAN_POINT('Ctrl Pts',(83.3333333333333,-173.072092346786,-6.66666666666669));
#3733=CARTESIAN_POINT('Ctrl Pts',(83.3333333333333,-127.640068664723,-6.66666666666669));
#3734=CARTESIAN_POINT('Ctrl Pts',(83.3333333333334,-82.2080449826595,-6.66666666666669));
#3735=CARTESIAN_POINT('Ctrl Pts',(80.1215277777777,-62.7101348191073,-9.87847222222225));
#3736=CARTESIAN_POINT('Ctrl Pts',(78.19698232705,-54.7553998435368,-11.8021524449207));
#3737=CARTESIAN_POINT('Ctrl Pts',(77.5627300807247,-52.506214019044,-12.4359731154702));
#3738=CARTESIAN_POINT('Ctrl Pts',(76.3087513959088,-48.8126273714532,-13.6888023158692));
#3739=CARTESIAN_POINT('Ctrl Pts',(75.6890249574181,-47.3682265483552,-14.3078108457188));
#3740=CARTESIAN_POINT('Ctrl Pts',(75.,-45.8624260370088,-15.));
#3741=CARTESIAN_POINT('Ctrl Pts',(75.,-209.417711292437,-15.));
#3742=CARTESIAN_POINT('Ctrl Pts',(75.6919764351643,-210.172220647393,-16.3843783085624));
#3743=CARTESIAN_POINT('Ctrl Pts',(76.3212422489867,-210.858352311934,-17.7309279796355));
#3744=CARTESIAN_POINT('Ctrl Pts',(77.5286697784633,-212.17489333866,-21.0163762173335));
#3745=CARTESIAN_POINT('Ctrl Pts',(78.1068314941174,-212.805302700843,-22.9552747839583));
#3746=CARTESIAN_POINT('Ctrl Pts',(79.7646604938271,-214.612947333858,-29.6604938271605));
#3747=CARTESIAN_POINT('Ctrl Pts',(81.1921296296296,-216.169414811855,-40.));
#3748=CARTESIAN_POINT('Ctrl Pts',(79.7646604938271,-214.612947333858,-50.3395061728395));
#3749=CARTESIAN_POINT('Ctrl Pts',(78.1068314941173,-212.805302700843,-57.0447252160417));
#3750=CARTESIAN_POINT('Ctrl Pts',(77.5286697784632,-212.174893338659,-58.9836237826665));
#3751=CARTESIAN_POINT('Ctrl Pts',(76.3212422489867,-210.858352311934,-62.2690720203645));
#3752=CARTESIAN_POINT('Ctrl Pts',(75.6919764351643,-210.172220647393,-63.6156216914376));
#3753=CARTESIAN_POINT('Ctrl Pts',(75.,-209.417711292437,-65.));
#3754=CARTESIAN_POINT('Ctrl Pts',(73.6189986074175,-210.169002448828,-14.3078108457188));
#3755=CARTESIAN_POINT('Ctrl Pts',(74.1368921033649,-211.326580241484,-15.8586185121735));
#3756=CARTESIAN_POINT('Ctrl Pts',(74.7970807324945,-212.14835291495,-17.3075239963748));
#3757=CARTESIAN_POINT('Ctrl Pts',(75.8893537900427,-213.895402164836,-20.8922054943112));
#3758=CARTESIAN_POINT('Ctrl Pts',(76.4195485080063,-214.645063034844,-22.9552747839583));
#3759=CARTESIAN_POINT('Ctrl Pts',(77.8983410493827,-216.647923394617,-29.6604938271605));
#3760=CARTESIAN_POINT('Ctrl Pts',(79.2390046296296,-218.299040921952,-40.));
#3761=CARTESIAN_POINT('Ctrl Pts',(77.8983410493827,-216.647923394617,-50.3395061728395));
#3762=CARTESIAN_POINT('Ctrl Pts',(76.4195485080062,-214.645063034843,-57.0447252160417));
#3763=CARTESIAN_POINT('Ctrl Pts',(75.8893537900427,-213.895402164836,-59.1077945056888));
#3764=CARTESIAN_POINT('Ctrl Pts',(74.7970807324945,-212.14835291495,-62.6924760036252));
#3765=CARTESIAN_POINT('Ctrl Pts',(74.1368921033649,-211.326580241484,-64.1413814878265));
#3766=CARTESIAN_POINT('Ctrl Pts',(73.6189986074175,-210.169002448828,-65.6921891542812));
#3767=CARTESIAN_POINT('Ctrl Pts',(72.2943081632883,-210.844732678346,-13.6888023158692));
#3768=CARTESIAN_POINT('Ctrl Pts',(72.7237848386327,-212.131659169981,-15.2156076067191));
#3769=CARTESIAN_POINT('Ctrl Pts',(73.1262283561279,-213.300544926879,-16.8907683374574));
#3770=CARTESIAN_POINT('Ctrl Pts',(74.0358299509212,-215.35590028833,-20.6778536017546));
#3771=CARTESIAN_POINT('Ctrl Pts',(74.5209850778775,-216.236819683456,-22.7823100657788));
#3772=CARTESIAN_POINT('Ctrl Pts',(75.8017457561728,-218.431813907828,-29.5929783950617));
#3773=CARTESIAN_POINT('Ctrl Pts',(77.0435474537037,-220.164435644314,-40.));
#3774=CARTESIAN_POINT('Ctrl Pts',(75.8017457561728,-218.431813907828,-50.4070216049383));
#3775=CARTESIAN_POINT('Ctrl Pts',(74.5209850778775,-216.236819683456,-57.2176899342212));
#3776=CARTESIAN_POINT('Ctrl Pts',(74.0358299509212,-215.35590028833,-59.3221463982454));
#3777=CARTESIAN_POINT('Ctrl Pts',(73.1262283561279,-213.300544926879,-63.1092316625426));
#3778=CARTESIAN_POINT('Ctrl Pts',(72.7237848386327,-212.131659169981,-64.7843923932809));
#3779=CARTESIAN_POINT('Ctrl Pts',(72.2943081632883,-210.844732678346,-66.3111976841307));
#3780=CARTESIAN_POINT('Ctrl Pts',(68.9068419846602,-212.212031621674,-12.4359731154702));
#3781=CARTESIAN_POINT('Ctrl Pts',(69.0419430057538,-213.930112720507,-14.0829249482979));
#3782=CARTESIAN_POINT('Ctrl Pts',(69.2390089206818,-215.405785753162,-15.935282698965));
#3783=CARTESIAN_POINT('Ctrl Pts',(69.8411306533099,-217.941951635792,-20.0395515034194));
#3784=CARTESIAN_POINT('Ctrl Pts',(70.2001972488115,-218.991378236994,-22.2653481859216));
#3785=CARTESIAN_POINT('Ctrl Pts',(71.1769386574074,-221.558551996016,-29.3735532407407));
#3786=CARTESIAN_POINT('Ctrl Pts',(72.2113715277777,-223.43183422249,-40.));
#3787=CARTESIAN_POINT('Ctrl Pts',(71.1769386574074,-221.558551996016,-50.6264467592593));
#3788=CARTESIAN_POINT('Ctrl Pts',(70.2001972488115,-218.991378236994,-57.7346518140784));
#3789=CARTESIAN_POINT('Ctrl Pts',(69.8411306533099,-217.941951635792,-59.9604484965806));
#3790=CARTESIAN_POINT('Ctrl Pts',(69.2390089206818,-215.405785753162,-64.064717301035));
#3791=CARTESIAN_POINT('Ctrl Pts',(69.0419430057538,-213.930112720507,-65.9170750517021));
#3792=CARTESIAN_POINT('Ctrl Pts',(68.9068419846603,-212.212031621674,-67.5640268845298));
#3793=CARTESIAN_POINT('Ctrl Pts',(66.8440662501615,-212.903600335485,-11.8021524449207));
#3794=CARTESIAN_POINT('Ctrl Pts',(66.8440662501615,-214.749276297569,-13.494860778254));
#3795=CARTESIAN_POINT('Ctrl Pts',(67.0318556770595,-216.342269232364,-15.4080149513162));
#3796=CARTESIAN_POINT('Ctrl Pts',(67.5218841701079,-219.048069672795,-19.6480702634679));
#3797=CARTESIAN_POINT('Ctrl Pts',(67.8123191550926,-220.165914551335,-21.94580078125));
#3798=CARTESIAN_POINT('Ctrl Pts',(68.6487268518518,-222.901399570994,-29.2216435185185));
#3799=CARTESIAN_POINT('Ctrl Pts',(69.5746527777778,-224.833838078304,-40.));
#3800=CARTESIAN_POINT('Ctrl Pts',(68.6487268518518,-222.901399570994,-50.7783564814815));
#3801=CARTESIAN_POINT('Ctrl Pts',(67.8123191550926,-220.165914551335,-58.05419921875));
#3802=CARTESIAN_POINT('Ctrl Pts',(67.5218841701079,-219.048069672795,-60.3519297365322));
#3803=CARTESIAN_POINT('Ctrl Pts',(67.0318556770595,-216.342269232364,-64.5919850486838));
#3804=CARTESIAN_POINT('Ctrl Pts',(66.8440662501616,-214.749276297569,-66.505139221746));
#3805=CARTESIAN_POINT('Ctrl Pts',(66.8440662501615,-212.903600335485,-68.1978475550793));
#3806=CARTESIAN_POINT('Ctrl Pts',(59.5486111111111,-215.002064203357,-9.87847222222224));
#3807=CARTESIAN_POINT('Ctrl Pts',(59.5486111111111,-217.060702776451,-11.7664930555556));
#3808=CARTESIAN_POINT('Ctrl Pts',(59.6245659722222,-218.86496934195,-13.8878038194445));
#3809=CARTESIAN_POINT('Ctrl Pts',(59.8524305555555,-221.961800643715,-18.4803602430556));
#3810=CARTESIAN_POINT('Ctrl Pts',(60.0043402777778,-223.254365379982,-20.9516059027778));
#3811=CARTESIAN_POINT('Ctrl Pts',(60.4600694444444,-226.360070123873,-28.7152777777778));
#3812=CARTESIAN_POINT('Ctrl Pts',(61.0677083333333,-228.442371209301,-40.));
#3813=CARTESIAN_POINT('Ctrl Pts',(60.4600694444444,-226.360070123873,-51.2847222222222));
#3814=CARTESIAN_POINT('Ctrl Pts',(60.0043402777778,-223.254365379982,-59.0483940972222));
#3815=CARTESIAN_POINT('Ctrl Pts',(59.8524305555555,-221.961800643715,-61.5196397569444));
#3816=CARTESIAN_POINT('Ctrl Pts',(59.6245659722222,-218.86496934195,-66.1121961805555));
#3817=CARTESIAN_POINT('Ctrl Pts',(59.5486111111111,-217.060702776451,-68.2335069444444));
#3818=CARTESIAN_POINT('Ctrl Pts',(59.5486111111111,-215.002064203357,-70.1215277777778));
#3819=CARTESIAN_POINT('Ctrl Pts',(41.6666666666667,-218.50411602885,-6.66666666666669));
#3820=CARTESIAN_POINT('Ctrl Pts',(41.6666666666667,-220.775717212953,-8.75000000000002));
#3821=CARTESIAN_POINT('Ctrl Pts',(41.6666666666667,-222.763368249043,-11.09375));
#3822=CARTESIAN_POINT('Ctrl Pts',(41.6666666666667,-226.170770025198,-16.171875));
#3823=CARTESIAN_POINT('Ctrl Pts',(41.6666666666667,-227.590520765263,-18.90625));
#3824=CARTESIAN_POINT('Ctrl Pts',(41.6666666666667,-230.997922541417,-27.5));
#3825=CARTESIAN_POINT('Ctrl Pts',(41.6666666666667,-233.26952372552,-40.));
#3826=CARTESIAN_POINT('Ctrl Pts',(41.6666666666667,-230.997922541417,-52.5));
#3827=CARTESIAN_POINT('Ctrl Pts',(41.6666666666667,-227.590520765263,-61.09375));
#3828=CARTESIAN_POINT('Ctrl Pts',(41.6666666666667,-226.170770025198,-63.828125));
#3829=CARTESIAN_POINT('Ctrl Pts',(41.6666666666667,-222.763368249043,-68.90625));
#3830=CARTESIAN_POINT('Ctrl Pts',(41.6666666666667,-220.775717212953,-71.25));
#3831=CARTESIAN_POINT('Ctrl Pts',(41.6666666666667,-218.50411602885,-73.3333333333333));
#3832=CARTESIAN_POINT('Ctrl Pts',(0.,-218.50411602885,-6.66666666666669));
#3833=CARTESIAN_POINT('Ctrl Pts',(1.11022302462516E-15,-220.775717212953,
-8.75000000000002));
#3834=CARTESIAN_POINT('Ctrl Pts',(3.05311331771918E-15,-222.763368249043,
-11.09375));
#3835=CARTESIAN_POINT('Ctrl Pts',(3.60822483003176E-15,-226.170770025198,
-16.171875));
#3836=CARTESIAN_POINT('Ctrl Pts',(7.21644966006352E-15,-227.590520765263,
-18.90625));
#3837=CARTESIAN_POINT('Ctrl Pts',(1.11022302462516E-14,-230.997922541417,
-27.5));
#3838=CARTESIAN_POINT('Ctrl Pts',(1.33226762955019E-14,-233.26952372552,
-40.));
#3839=CARTESIAN_POINT('Ctrl Pts',(6.66133814775094E-15,-230.997922541417,
-52.5));
#3840=CARTESIAN_POINT('Ctrl Pts',(1.11022302462516E-15,-227.590520765263,
-61.09375));
#3841=CARTESIAN_POINT('Ctrl Pts',(1.11022302462516E-15,-226.170770025198,
-63.828125));
#3842=CARTESIAN_POINT('Ctrl Pts',(-2.22044604925031E-15,-222.763368249043,
-68.90625));
#3843=CARTESIAN_POINT('Ctrl Pts',(-4.44089209850063E-15,-220.775717212953,
-71.25));
#3844=CARTESIAN_POINT('Ctrl Pts',(-4.44089209850063E-15,-218.50411602885,
-73.3333333333333));
#3845=CARTESIAN_POINT('Ctrl Pts',(-41.6666666666667,-218.50411602885,-6.66666666666669));
#3846=CARTESIAN_POINT('Ctrl Pts',(-41.6666666666666,-220.775717212953,-8.75000000000002));
#3847=CARTESIAN_POINT('Ctrl Pts',(-41.6666666666666,-222.763368249043,-11.09375));
#3848=CARTESIAN_POINT('Ctrl Pts',(-41.6666666666667,-226.170770025198,-16.171875));
#3849=CARTESIAN_POINT('Ctrl Pts',(-41.6666666666667,-227.590520765263,-18.90625));
#3850=CARTESIAN_POINT('Ctrl Pts',(-41.6666666666667,-230.997922541417,-27.5));
#3851=CARTESIAN_POINT('Ctrl Pts',(-41.6666666666666,-233.269523725521,-40.));
#3852=CARTESIAN_POINT('Ctrl Pts',(-41.6666666666667,-230.997922541417,-52.5));
#3853=CARTESIAN_POINT('Ctrl Pts',(-41.6666666666667,-227.590520765263,-61.09375));
#3854=CARTESIAN_POINT('Ctrl Pts',(-41.6666666666666,-226.170770025198,-63.8281249999999));
#3855=CARTESIAN_POINT('Ctrl Pts',(-41.6666666666667,-222.763368249043,-68.9062499999999));
#3856=CARTESIAN_POINT('Ctrl Pts',(-41.6666666666667,-220.775717212953,-71.2499999999999));
#3857=CARTESIAN_POINT('Ctrl Pts',(-41.6666666666667,-218.50411602885,-73.3333333333333));
#3858=CARTESIAN_POINT('Ctrl Pts',(-59.5486111111111,-215.002064203357,-9.87847222222224));
#3859=CARTESIAN_POINT('Ctrl Pts',(-59.5486111111111,-217.060702776451,-11.7664930555556));
#3860=CARTESIAN_POINT('Ctrl Pts',(-59.6245659722222,-218.86496934195,-13.8878038194445));
#3861=CARTESIAN_POINT('Ctrl Pts',(-59.8524305555555,-221.961800643715,-18.4803602430556));
#3862=CARTESIAN_POINT('Ctrl Pts',(-60.0043402777778,-223.254365379982,-20.9516059027778));
#3863=CARTESIAN_POINT('Ctrl Pts',(-60.4600694444444,-226.360070123873,-28.7152777777778));
#3864=CARTESIAN_POINT('Ctrl Pts',(-61.0677083333333,-228.442371209301,-40.));
#3865=CARTESIAN_POINT('Ctrl Pts',(-60.4600694444444,-226.360070123873,-51.2847222222222));
#3866=CARTESIAN_POINT('Ctrl Pts',(-60.0043402777778,-223.254365379982,-59.0483940972222));
#3867=CARTESIAN_POINT('Ctrl Pts',(-59.8524305555555,-221.961800643715,-61.5196397569444));
#3868=CARTESIAN_POINT('Ctrl Pts',(-59.6245659722222,-218.86496934195,-66.1121961805555));
#3869=CARTESIAN_POINT('Ctrl Pts',(-59.5486111111111,-217.060702776451,-68.2335069444444));
#3870=CARTESIAN_POINT('Ctrl Pts',(-59.5486111111111,-215.002064203357,-70.1215277777778));
#3871=CARTESIAN_POINT('Ctrl Pts',(-66.8440662501615,-212.903600335485,-11.8021524449207));
#3872=CARTESIAN_POINT('Ctrl Pts',(-66.8440662501615,-214.749276297569,-13.494860778254));
#3873=CARTESIAN_POINT('Ctrl Pts',(-67.0318556770595,-216.342269232364,-15.4080149513162));
#3874=CARTESIAN_POINT('Ctrl Pts',(-67.5218841701079,-219.048069672795,-19.6480702634678));
#3875=CARTESIAN_POINT('Ctrl Pts',(-67.8123191550926,-220.165914551335,-21.94580078125));
#3876=CARTESIAN_POINT('Ctrl Pts',(-68.6487268518518,-222.901399570994,-29.2216435185185));
#3877=CARTESIAN_POINT('Ctrl Pts',(-69.5746527777778,-224.833838078304,-40.));
#3878=CARTESIAN_POINT('Ctrl Pts',(-68.6487268518518,-222.901399570994,-50.7783564814815));
#3879=CARTESIAN_POINT('Ctrl Pts',(-67.8123191550926,-220.165914551335,-58.05419921875));
#3880=CARTESIAN_POINT('Ctrl Pts',(-67.5218841701078,-219.048069672795,-60.3519297365321));
#3881=CARTESIAN_POINT('Ctrl Pts',(-67.0318556770595,-216.342269232364,-64.5919850486838));
#3882=CARTESIAN_POINT('Ctrl Pts',(-66.8440662501615,-214.749276297569,-66.505139221746));
#3883=CARTESIAN_POINT('Ctrl Pts',(-66.8440662501615,-212.903600335485,-68.1978475550793));
#3884=CARTESIAN_POINT('Ctrl Pts',(-68.9068419846603,-212.212031621674,-12.4359731154702));
#3885=CARTESIAN_POINT('Ctrl Pts',(-69.0419430057538,-213.930112720507,-14.0829249482979));
#3886=CARTESIAN_POINT('Ctrl Pts',(-69.2390089206818,-215.405785753162,-15.935282698965));
#3887=CARTESIAN_POINT('Ctrl Pts',(-69.8411306533099,-217.941951635792,-20.0395515034194));
#3888=CARTESIAN_POINT('Ctrl Pts',(-70.2001972488115,-218.991378236994,-22.2653481859216));
#3889=CARTESIAN_POINT('Ctrl Pts',(-71.1769386574074,-221.558551996016,-29.3735532407407));
#3890=CARTESIAN_POINT('Ctrl Pts',(-72.2113715277777,-223.43183422249,-40.));
#3891=CARTESIAN_POINT('Ctrl Pts',(-71.1769386574074,-221.558551996016,-50.6264467592593));
#3892=CARTESIAN_POINT('Ctrl Pts',(-70.2001972488116,-218.991378236994,-57.7346518140785));
#3893=CARTESIAN_POINT('Ctrl Pts',(-69.8411306533099,-217.941951635792,-59.9604484965806));
#3894=CARTESIAN_POINT('Ctrl Pts',(-69.2390089206818,-215.405785753162,-64.064717301035));
#3895=CARTESIAN_POINT('Ctrl Pts',(-69.0419430057538,-213.930112720507,-65.9170750517021));
#3896=CARTESIAN_POINT('Ctrl Pts',(-68.9068419846603,-212.212031621674,-67.5640268845298));
#3897=CARTESIAN_POINT('Ctrl Pts',(-72.2943081632883,-210.844732678346,-13.6888023158692));
#3898=CARTESIAN_POINT('Ctrl Pts',(-72.7237848386327,-212.131659169981,-15.2156076067191));
#3899=CARTESIAN_POINT('Ctrl Pts',(-73.1262283561279,-213.300544926879,-16.8907683374574));
#3900=CARTESIAN_POINT('Ctrl Pts',(-74.0358299509212,-215.35590028833,-20.6778536017546));
#3901=CARTESIAN_POINT('Ctrl Pts',(-74.5209850778775,-216.236819683456,-22.7823100657788));
#3902=CARTESIAN_POINT('Ctrl Pts',(-75.8017457561728,-218.431813907828,-29.5929783950617));
#3903=CARTESIAN_POINT('Ctrl Pts',(-77.0435474537037,-220.164435644314,-40.));
#3904=CARTESIAN_POINT('Ctrl Pts',(-75.8017457561728,-218.431813907828,-50.4070216049383));
#3905=CARTESIAN_POINT('Ctrl Pts',(-74.5209850778775,-216.236819683456,-57.2176899342212));
#3906=CARTESIAN_POINT('Ctrl Pts',(-74.0358299509212,-215.35590028833,-59.3221463982454));
#3907=CARTESIAN_POINT('Ctrl Pts',(-73.1262283561279,-213.300544926879,-63.1092316625426));
#3908=CARTESIAN_POINT('Ctrl Pts',(-72.7237848386327,-212.131659169981,-64.7843923932809));
#3909=CARTESIAN_POINT('Ctrl Pts',(-72.2943081632883,-210.844732678346,-66.3111976841307));
#3910=CARTESIAN_POINT('Ctrl Pts',(-73.6189986074175,-210.169002448828,-14.3078108457188));
#3911=CARTESIAN_POINT('Ctrl Pts',(-74.1368921033649,-211.326580241484,-15.8586185121735));
#3912=CARTESIAN_POINT('Ctrl Pts',(-74.7970807324945,-212.14835291495,-17.3075239963748));
#3913=CARTESIAN_POINT('Ctrl Pts',(-75.8893537900427,-213.895402164836,-20.8922054943112));
#3914=CARTESIAN_POINT('Ctrl Pts',(-76.4195485080062,-214.645063034843,-22.9552747839583));
#3915=CARTESIAN_POINT('Ctrl Pts',(-77.8983410493827,-216.647923394617,-29.6604938271605));
#3916=CARTESIAN_POINT('Ctrl Pts',(-79.2390046296296,-218.299040921952,-40.));
#3917=CARTESIAN_POINT('Ctrl Pts',(-77.8983410493827,-216.647923394617,-50.3395061728395));
#3918=CARTESIAN_POINT('Ctrl Pts',(-76.4195485080063,-214.645063034844,-57.0447252160417));
#3919=CARTESIAN_POINT('Ctrl Pts',(-75.8893537900427,-213.895402164836,-59.1077945056888));
#3920=CARTESIAN_POINT('Ctrl Pts',(-74.7970807324945,-212.14835291495,-62.6924760036252));
#3921=CARTESIAN_POINT('Ctrl Pts',(-74.1368921033649,-211.326580241484,-64.1413814878265));
#3922=CARTESIAN_POINT('Ctrl Pts',(-73.6189986074175,-210.169002448828,-65.6921891542812));
#3923=CARTESIAN_POINT('Ctrl Pts',(-75.,-209.417711292437,-15.));
#3924=CARTESIAN_POINT('Ctrl Pts',(-75.6919764351643,-210.172220647393,-16.3843783085624));
#3925=CARTESIAN_POINT('Ctrl Pts',(-76.3212422489867,-210.858352311934,-17.7309279796355));
#3926=CARTESIAN_POINT('Ctrl Pts',(-77.5286697784632,-212.174893338659,-21.0163762173335));
#3927=CARTESIAN_POINT('Ctrl Pts',(-78.1068314941173,-212.805302700843,-22.9552747839583));
#3928=CARTESIAN_POINT('Ctrl Pts',(-79.7646604938271,-214.612947333858,-29.6604938271605));
#3929=CARTESIAN_POINT('Ctrl Pts',(-81.1921296296296,-216.169414811855,-40.));
#3930=CARTESIAN_POINT('Ctrl Pts',(-79.7646604938271,-214.612947333858,-50.3395061728395));
#3931=CARTESIAN_POINT('Ctrl Pts',(-78.1068314941174,-212.805302700843,-57.0447252160417));
#3932=CARTESIAN_POINT('Ctrl Pts',(-77.5286697784633,-212.17489333866,-58.9836237826665));
#3933=CARTESIAN_POINT('Ctrl Pts',(-76.3212422489868,-210.858352311934,-62.2690720203645));
#3934=CARTESIAN_POINT('Ctrl Pts',(-75.6919764351643,-210.172220647393,-63.6156216914376));
#3935=CARTESIAN_POINT('Ctrl Pts',(-75.,-209.417711292437,-65.));
#3936=CARTESIAN_POINT('Ctrl Pts',(-75.,-209.417711292437,-15.));
#3937=CARTESIAN_POINT('Ctrl Pts',(-73.6189986074175,-210.169002448828,-14.3078108457188));
#3938=CARTESIAN_POINT('Ctrl Pts',(-72.2943081632883,-210.844732678346,-13.6888023158692));
#3939=CARTESIAN_POINT('Ctrl Pts',(-68.9068419846603,-212.212031621674,-12.4359731154702));
#3940=CARTESIAN_POINT('Ctrl Pts',(-66.8440662501615,-212.903600335485,-11.8021524449207));
#3941=CARTESIAN_POINT('Ctrl Pts',(-59.5486111111111,-215.002064203357,-9.87847222222224));
#3942=CARTESIAN_POINT('Ctrl Pts',(-41.6666666666667,-218.50411602885,-6.66666666666669));
#3943=CARTESIAN_POINT('Ctrl Pts',(4.44089209850063E-15,-218.50411602885,
-6.66666666666669));
#3944=CARTESIAN_POINT('Ctrl Pts',(41.6666666666666,-218.50411602885,-6.66666666666669));
#3945=CARTESIAN_POINT('Ctrl Pts',(59.5486111111111,-215.002064203357,-9.87847222222224));
#3946=CARTESIAN_POINT('Ctrl Pts',(66.8440662501615,-212.903600335485,-11.8021524449207));
#3947=CARTESIAN_POINT('Ctrl Pts',(68.9068419846602,-212.212031621674,-12.4359731154702));
#3948=CARTESIAN_POINT('Ctrl Pts',(72.2943081632883,-210.844732678346,-13.6888023158692));
#3949=CARTESIAN_POINT('Ctrl Pts',(73.6189986074175,-210.169002448828,-14.3078108457188));
#3950=CARTESIAN_POINT('Ctrl Pts',(75.,-209.417711292437,-15.));
#3951=CARTESIAN_POINT('Ctrl Pts',(-75.,-209.417711292437,-15.));
#3952=CARTESIAN_POINT('Ctrl Pts',(-75.6890249574181,-207.911910781091,-14.3078108457188));
#3953=CARTESIAN_POINT('Ctrl Pts',(-76.3087513959087,-206.467509957993,-13.6888023158692));
#3954=CARTESIAN_POINT('Ctrl Pts',(-77.5627300807247,-202.773923310402,-12.4359731154702));
#3955=CARTESIAN_POINT('Ctrl Pts',(-78.19698232705,-200.524737485909,-11.8021524449207));
#3956=CARTESIAN_POINT('Ctrl Pts',(-80.1215277777778,-192.570002510339,-9.87847222222224));
#3957=CARTESIAN_POINT('Ctrl Pts',(-83.3333333333333,-173.072092346786,-6.66666666666669));
#3958=CARTESIAN_POINT('Ctrl Pts',(-83.3333333333333,-127.640068664723,-6.66666666666669));
#3959=CARTESIAN_POINT('Ctrl Pts',(-83.3333333333333,-82.2080449826595,-6.6666666666667));
#3960=CARTESIAN_POINT('Ctrl Pts',(-80.1215277777777,-62.7101348191073,-9.87847222222224));
#3961=CARTESIAN_POINT('Ctrl Pts',(-78.19698232705,-54.7553998435368,-11.8021524449207));
#3962=CARTESIAN_POINT('Ctrl Pts',(-77.5627300807247,-52.506214019044,-12.4359731154702));
#3963=CARTESIAN_POINT('Ctrl Pts',(-76.3087513959087,-48.8126273714532,-13.6888023158692));
#3964=CARTESIAN_POINT('Ctrl Pts',(-75.6890249574181,-47.3682265483552,-14.3078108457188));
#3965=CARTESIAN_POINT('Ctrl Pts',(-75.,-45.8624260370088,-15.));
#3966=CARTESIAN_POINT('Ctrl Pts',(-73.6189986074175,-210.169002448828,-14.3078108457188));
#3967=CARTESIAN_POINT('Ctrl Pts',(-74.1376766733987,-208.477461041339,-13.2465854385285));
#3968=CARTESIAN_POINT('Ctrl Pts',(-74.781770547064,-206.935797825636,-12.5083593428302));
#3969=CARTESIAN_POINT('Ctrl Pts',(-75.9157622251557,-202.921233217357,-10.8602686982979));
#3970=CARTESIAN_POINT('Ctrl Pts',(-76.5042739937166,-200.524737485909,-10.1094441115873));
#3971=CARTESIAN_POINT('Ctrl Pts',(-78.2335069444444,-192.570002510339,-7.99045138888891));
#3972=CARTESIAN_POINT('Ctrl Pts',(-81.25,-173.072092346786,-4.58333333333336));
#3973=CARTESIAN_POINT('Ctrl Pts',(-81.25,-127.640068664723,-4.58333333333335));
#3974=CARTESIAN_POINT('Ctrl Pts',(-81.25,-82.2080449826595,-4.58333333333336));
#3975=CARTESIAN_POINT('Ctrl Pts',(-78.2335069444444,-62.7101348191073,-7.99045138888891));
#3976=CARTESIAN_POINT('Ctrl Pts',(-76.5042739937166,-54.7553998435368,-10.1094441115873));
#3977=CARTESIAN_POINT('Ctrl Pts',(-75.9157622251557,-52.358904112089,-10.8602686982979));
#3978=CARTESIAN_POINT('Ctrl Pts',(-74.781770547064,-48.3443395038098,-12.5083593428302));
#3979=CARTESIAN_POINT('Ctrl Pts',(-74.1376766733987,-46.8026762881066,-13.2465854385285));
#3980=CARTESIAN_POINT('Ctrl Pts',(-73.6189986074175,-45.1111348806179,-14.3078108457188));
#3981=CARTESIAN_POINT('Ctrl Pts',(-72.2943081632883,-210.844732678346,-13.6888023158692));
#3982=CARTESIAN_POINT('Ctrl Pts',(-72.7237848386328,-209.179760756263,-12.5083593428302));
#3983=CARTESIAN_POINT('Ctrl Pts',(-73.1202513715405,-207.368092471529,-11.4427218236528));
#3984=CARTESIAN_POINT('Ctrl Pts',(-74.068502995346,-203.1336791489,-9.5092875273912));
#3985=CARTESIAN_POINT('Ctrl Pts',(-74.5945088448912,-200.727878142477,-8.65005983693365));
#3986=CARTESIAN_POINT('Ctrl Pts',(-76.1121961805555,-192.652821303509,-6.33572048611114));
#3987=CARTESIAN_POINT('Ctrl Pts',(-78.90625,-173.072092346786,-2.7604166666667));
#3988=CARTESIAN_POINT('Ctrl Pts',(-78.90625,-127.640068664723,-2.76041666666669));
#3989=CARTESIAN_POINT('Ctrl Pts',(-78.90625,-82.2080449826595,-2.76041666666669));
#3990=CARTESIAN_POINT('Ctrl Pts',(-76.1121961805555,-62.6273160259369,-6.33572048611114));
#3991=CARTESIAN_POINT('Ctrl Pts',(-74.5945088448912,-54.5522591869691,-8.65005983693364));
#3992=CARTESIAN_POINT('Ctrl Pts',(-74.068502995346,-52.1464581805455,-9.50928752739119));
#3993=CARTESIAN_POINT('Ctrl Pts',(-73.1202513715405,-47.9120448579167,-11.4427218236528));
#3994=CARTESIAN_POINT('Ctrl Pts',(-72.7237848386328,-46.1003765731826,-12.5083593428302));
#3995=CARTESIAN_POINT('Ctrl Pts',(-72.2943081632883,-44.4354046511001,-13.6888023158692));
#3996=CARTESIAN_POINT('Ctrl Pts',(-68.9068419846603,-212.212031621674,-12.4359731154702));
#3997=CARTESIAN_POINT('Ctrl Pts',(-69.0419430057538,-210.416229638847,-10.8602686982979));
#3998=CARTESIAN_POINT('Ctrl Pts',(-69.2367816481233,-208.402036237032,-9.50928752739119));
#3999=CARTESIAN_POINT('Ctrl Pts',(-69.8710006615066,-203.825211626556,-7.13049470142488));
#4000=CARTESIAN_POINT('Ctrl Pts',(-70.2632119572081,-201.293573546726,-6.11370726044067));
#4001=CARTESIAN_POINT('Ctrl Pts',(-71.435546875,-192.921982381313,-3.43587239583336));
#4002=CARTESIAN_POINT('Ctrl Pts',(-73.7630208333333,-173.072092346786,0.42968749999997));
#4003=CARTESIAN_POINT('Ctrl Pts',(-73.7630208333333,-127.640068664723,0.429687499999974));
#4004=CARTESIAN_POINT('Ctrl Pts',(-73.7630208333333,-82.2080449826596,0.429687499999974));
#4005=CARTESIAN_POINT('Ctrl Pts',(-71.435546875,-62.358154948133,-3.43587239583336));
#4006=CARTESIAN_POINT('Ctrl Pts',(-70.2632119572081,-53.9865637827196,-6.11370726044067));
#4007=CARTESIAN_POINT('Ctrl Pts',(-69.8710006615066,-51.4549257028901,-7.13049470142488));
#4008=CARTESIAN_POINT('Ctrl Pts',(-69.2367816481233,-46.8781010924138,-9.50928752739119));
#4009=CARTESIAN_POINT('Ctrl Pts',(-69.0419430057539,-44.8639076905989,-10.8602686982979));
#4010=CARTESIAN_POINT('Ctrl Pts',(-68.9068419846603,-43.0681057077714,-12.4359731154702));
#4011=CARTESIAN_POINT('Ctrl Pts',(-66.8440662501615,-212.903600335485,-11.8021524449207));
#4012=CARTESIAN_POINT('Ctrl Pts',(-66.8440662501615,-211.057924373401,-10.1094441115873));
#4013=CARTESIAN_POINT('Ctrl Pts',(-67.0303708286871,-208.975576482155,-8.65005983693364));
#4014=CARTESIAN_POINT('Ctrl Pts',(-67.5491820092914,-204.252866495548,-6.11370726044067));
#4015=CARTESIAN_POINT('Ctrl Pts',(-67.8701895254629,-201.64359005257,-5.03182870370373));
#4016=CARTESIAN_POINT('Ctrl Pts',(-68.8802083333333,-193.108324665946,-2.19075520833336));
#4017=CARTESIAN_POINT('Ctrl Pts',(-70.9635416666667,-173.072092346786,1.79687499999997));
#4018=CARTESIAN_POINT('Ctrl Pts',(-70.9635416666667,-127.640068664723,1.79687499999997));
#4019=CARTESIAN_POINT('Ctrl Pts',(-70.9635416666666,-82.2080449826596,1.79687499999998));
#4020=CARTESIAN_POINT('Ctrl Pts',(-68.8802083333333,-62.1718126634995,-2.19075520833336));
#4021=CARTESIAN_POINT('Ctrl Pts',(-67.8701895254629,-53.6365472768757,-5.03182870370373));
#4022=CARTESIAN_POINT('Ctrl Pts',(-67.5491820092914,-51.0272708338977,-6.11370726044067));
#4023=CARTESIAN_POINT('Ctrl Pts',(-67.0303708286872,-46.3045608472913,-8.65005983693364));
#4024=CARTESIAN_POINT('Ctrl Pts',(-66.8440662501616,-44.2222129560444,-10.1094441115873));
#4025=CARTESIAN_POINT('Ctrl Pts',(-66.8440662501616,-42.3765369939606,-11.8021524449207));
#4026=CARTESIAN_POINT('Ctrl Pts',(-59.5486111111111,-215.002064203357,-9.87847222222224));
#4027=CARTESIAN_POINT('Ctrl Pts',(-59.5486111111111,-212.943425630264,-7.99045138888891));
#4028=CARTESIAN_POINT('Ctrl Pts',(-59.6245659722222,-210.630415049576,-6.33572048611114));
#4029=CARTESIAN_POINT('Ctrl Pts',(-59.8714192708333,-205.531143641511,-3.43587239583336));
#4030=CARTESIAN_POINT('Ctrl Pts',(-60.0423177083333,-202.744882814134,-2.19075520833336));
#4031=CARTESIAN_POINT('Ctrl Pts',(-60.6119791666667,-193.729465614725,1.01562499999997));
#4032=CARTESIAN_POINT('Ctrl Pts',(-61.9791666666667,-173.072092346786,5.31249999999997));
#4033=CARTESIAN_POINT('Ctrl Pts',(-61.9791666666666,-127.640068664723,5.31249999999997));
#4034=CARTESIAN_POINT('Ctrl Pts',(-61.9791666666667,-82.2080449826596,5.31249999999997));
#4035=CARTESIAN_POINT('Ctrl Pts',(-60.6119791666667,-61.5506717147213,1.01562499999997));
#4036=CARTESIAN_POINT('Ctrl Pts',(-60.0423177083333,-52.5352545153118,-2.19075520833336));
#4037=CARTESIAN_POINT('Ctrl Pts',(-59.8714192708333,-49.7489936879353,-3.43587239583336));
#4038=CARTESIAN_POINT('Ctrl Pts',(-59.6245659722222,-44.6497222798704,-6.33572048611113));
#4039=CARTESIAN_POINT('Ctrl Pts',(-59.5486111111111,-42.336711699182,-7.99045138888891));
#4040=CARTESIAN_POINT('Ctrl Pts',(-59.5486111111111,-40.2780731260885,-9.87847222222224));
#4041=CARTESIAN_POINT('Ctrl Pts',(-41.6666666666667,-218.50411602885,-6.66666666666669));
#4042=CARTESIAN_POINT('Ctrl Pts',(-41.6666666666667,-216.232514844747,-4.58333333333336));
#4043=CARTESIAN_POINT('Ctrl Pts',(-41.6666666666667,-213.676963512631,-2.76041666666669));
#4044=CARTESIAN_POINT('Ctrl Pts',(-41.6666666666667,-208.068948089376,0.429687499999972));
#4045=CARTESIAN_POINT('Ctrl Pts',(-41.6666666666667,-205.016483998237,1.79687499999997));
#4046=CARTESIAN_POINT('Ctrl Pts',(-41.6666666666667,-195.220203891792,5.31249999999997));
#4047=CARTESIAN_POINT('Ctrl Pts',(-41.6666666666667,-173.072092346786,9.99999999999997));
#4048=CARTESIAN_POINT('Ctrl Pts',(-41.6666666666667,-127.640068664723,9.99999999999996));
#4049=CARTESIAN_POINT('Ctrl Pts',(-41.6666666666667,-82.2080449826595,9.99999999999996));
#4050=CARTESIAN_POINT('Ctrl Pts',(-41.6666666666667,-60.0599334376536,5.31249999999997));
#4051=CARTESIAN_POINT('Ctrl Pts',(-41.6666666666667,-50.2636533312087,1.79687499999997));
#4052=CARTESIAN_POINT('Ctrl Pts',(-41.6666666666667,-47.21118924007,0.42968749999997));
#4053=CARTESIAN_POINT('Ctrl Pts',(-41.6666666666667,-41.6031738168153,-2.76041666666669));
#4054=CARTESIAN_POINT('Ctrl Pts',(-41.6666666666667,-39.0476224846993,-4.58333333333336));
#4055=CARTESIAN_POINT('Ctrl Pts',(-41.6666666666667,-36.7760213005961,-6.66666666666669));
#4056=CARTESIAN_POINT('Ctrl Pts',(4.44089209850063E-15,-218.50411602885,
-6.66666666666669));
#4057=CARTESIAN_POINT('Ctrl Pts',(4.44089209850063E-15,-216.232514844747,
-4.58333333333336));
#4058=CARTESIAN_POINT('Ctrl Pts',(1.94289029309402E-15,-213.676963512631,
-2.76041666666669));
#4059=CARTESIAN_POINT('Ctrl Pts',(9.71445146547012E-16,-208.068948089376,
0.429687499999973));
#4060=CARTESIAN_POINT('Ctrl Pts',(-2.77555756156289E-16,-205.016483998237,
1.79687499999997));
#4061=CARTESIAN_POINT('Ctrl Pts',(-3.33066907387547E-15,-195.220203891792,
5.31249999999997));
#4062=CARTESIAN_POINT('Ctrl Pts',(-6.66133814775094E-15,-173.072092346786,
9.99999999999996));
#4063=CARTESIAN_POINT('Ctrl Pts',(-4.44089209850063E-15,-127.640068664723,
9.99999999999997));
#4064=CARTESIAN_POINT('Ctrl Pts',(-1.33226762955019E-14,-82.2080449826595,
9.99999999999996));
#4065=CARTESIAN_POINT('Ctrl Pts',(-7.7715611723761E-15,-60.0599334376536,
5.31249999999997));
#4066=CARTESIAN_POINT('Ctrl Pts',(-4.44089209850063E-15,-50.2636533312087,
1.79687499999997));
#4067=CARTESIAN_POINT('Ctrl Pts',(0.,-47.21118924007,0.429687499999973));
#4068=CARTESIAN_POINT('Ctrl Pts',(-2.22044604925031E-15,-41.6031738168153,
-2.76041666666669));
#4069=CARTESIAN_POINT('Ctrl Pts',(0.,-39.0476224846993,-4.58333333333335));
#4070=CARTESIAN_POINT('Ctrl Pts',(0.,-36.7760213005961,-6.66666666666669));
#4071=CARTESIAN_POINT('Ctrl Pts',(41.6666666666666,-218.50411602885,-6.66666666666669));
#4072=CARTESIAN_POINT('Ctrl Pts',(41.6666666666666,-216.232514844747,-4.58333333333335));
#4073=CARTESIAN_POINT('Ctrl Pts',(41.6666666666667,-213.676963512631,-2.7604166666667));
#4074=CARTESIAN_POINT('Ctrl Pts',(41.6666666666666,-208.068948089376,0.429687499999958));
#4075=CARTESIAN_POINT('Ctrl Pts',(41.6666666666666,-205.016483998237,1.79687499999996));
#4076=CARTESIAN_POINT('Ctrl Pts',(41.6666666666667,-195.220203891792,5.31249999999997));
#4077=CARTESIAN_POINT('Ctrl Pts',(41.6666666666667,-173.072092346786,9.99999999999996));
#4078=CARTESIAN_POINT('Ctrl Pts',(41.6666666666666,-127.640068664723,9.99999999999996));
#4079=CARTESIAN_POINT('Ctrl Pts',(41.6666666666665,-82.2080449826595,9.99999999999996));
#4080=CARTESIAN_POINT('Ctrl Pts',(41.6666666666667,-60.0599334376537,5.31249999999997));
#4081=CARTESIAN_POINT('Ctrl Pts',(41.6666666666666,-50.2636533312087,1.79687499999997));
#4082=CARTESIAN_POINT('Ctrl Pts',(41.6666666666667,-47.21118924007,0.42968749999997));
#4083=CARTESIAN_POINT('Ctrl Pts',(41.6666666666667,-41.6031738168153,-2.76041666666669));
#4084=CARTESIAN_POINT('Ctrl Pts',(41.6666666666666,-39.0476224846993,-4.58333333333335));
#4085=CARTESIAN_POINT('Ctrl Pts',(41.6666666666667,-36.7760213005961,-6.66666666666668));
#4086=CARTESIAN_POINT('Ctrl Pts',(59.5486111111111,-215.002064203357,-9.87847222222224));
#4087=CARTESIAN_POINT('Ctrl Pts',(59.5486111111111,-212.943425630264,-7.99045138888891));
#4088=CARTESIAN_POINT('Ctrl Pts',(59.6245659722222,-210.630415049576,-6.33572048611114));
#4089=CARTESIAN_POINT('Ctrl Pts',(59.8714192708333,-205.531143641511,-3.43587239583336));
#4090=CARTESIAN_POINT('Ctrl Pts',(60.0423177083333,-202.744882814134,-2.19075520833336));
#4091=CARTESIAN_POINT('Ctrl Pts',(60.6119791666667,-193.729465614725,1.01562499999997));
#4092=CARTESIAN_POINT('Ctrl Pts',(61.9791666666667,-173.072092346786,5.31249999999997));
#4093=CARTESIAN_POINT('Ctrl Pts',(61.9791666666667,-127.640068664723,5.31249999999997));
#4094=CARTESIAN_POINT('Ctrl Pts',(61.9791666666667,-82.2080449826595,5.31249999999997));
#4095=CARTESIAN_POINT('Ctrl Pts',(60.6119791666667,-61.5506717147213,1.01562499999997));
#4096=CARTESIAN_POINT('Ctrl Pts',(60.0423177083333,-52.5352545153118,-2.19075520833336));
#4097=CARTESIAN_POINT('Ctrl Pts',(59.8714192708333,-49.7489936879353,-3.43587239583336));
#4098=CARTESIAN_POINT('Ctrl Pts',(59.6245659722222,-44.6497222798704,-6.33572048611114));
#4099=CARTESIAN_POINT('Ctrl Pts',(59.5486111111111,-42.336711699182,-7.99045138888891));
#4100=CARTESIAN_POINT('Ctrl Pts',(59.5486111111111,-40.2780731260885,-9.87847222222224));
#4101=CARTESIAN_POINT('Ctrl Pts',(66.8440662501615,-212.903600335485,-11.8021524449207));
#4102=CARTESIAN_POINT('Ctrl Pts',(66.8440662501615,-211.057924373401,-10.1094441115873));
#4103=CARTESIAN_POINT('Ctrl Pts',(67.0303708286871,-208.975576482155,-8.65005983693364));
#4104=CARTESIAN_POINT('Ctrl Pts',(67.5491820092914,-204.252866495548,-6.11370726044067));
#4105=CARTESIAN_POINT('Ctrl Pts',(67.8701895254629,-201.64359005257,-5.03182870370373));
#4106=CARTESIAN_POINT('Ctrl Pts',(68.8802083333333,-193.108324665946,-2.19075520833336));
#4107=CARTESIAN_POINT('Ctrl Pts',(70.9635416666667,-173.072092346786,1.79687499999997));
#4108=CARTESIAN_POINT('Ctrl Pts',(70.9635416666667,-127.640068664723,1.79687499999997));
#4109=CARTESIAN_POINT('Ctrl Pts',(70.9635416666666,-82.2080449826596,1.79687499999998));
#4110=CARTESIAN_POINT('Ctrl Pts',(68.8802083333333,-62.1718126634995,-2.19075520833336));
#4111=CARTESIAN_POINT('Ctrl Pts',(67.8701895254629,-53.6365472768758,-5.03182870370373));
#4112=CARTESIAN_POINT('Ctrl Pts',(67.5491820092914,-51.0272708338977,-6.11370726044067));
#4113=CARTESIAN_POINT('Ctrl Pts',(67.0303708286871,-46.3045608472913,-8.65005983693364));
#4114=CARTESIAN_POINT('Ctrl Pts',(66.8440662501615,-44.2222129560444,-10.1094441115873));
#4115=CARTESIAN_POINT('Ctrl Pts',(66.8440662501615,-42.3765369939606,-11.8021524449207));
#4116=CARTESIAN_POINT('Ctrl Pts',(68.9068419846602,-212.212031621674,-12.4359731154702));
#4117=CARTESIAN_POINT('Ctrl Pts',(69.0419430057538,-210.416229638847,-10.8602686982979));
#4118=CARTESIAN_POINT('Ctrl Pts',(69.2367816481233,-208.402036237032,-9.50928752739118));
#4119=CARTESIAN_POINT('Ctrl Pts',(69.8710006615066,-203.825211626556,-7.13049470142488));
#4120=CARTESIAN_POINT('Ctrl Pts',(70.2632119572081,-201.293573546726,-6.11370726044067));
#4121=CARTESIAN_POINT('Ctrl Pts',(71.435546875,-192.921982381313,-3.43587239583336));
#4122=CARTESIAN_POINT('Ctrl Pts',(73.7630208333333,-173.072092346786,0.429687499999973));
#4123=CARTESIAN_POINT('Ctrl Pts',(73.7630208333333,-127.640068664723,0.429687499999973));
#4124=CARTESIAN_POINT('Ctrl Pts',(73.7630208333333,-82.2080449826595,0.429687499999972));
#4125=CARTESIAN_POINT('Ctrl Pts',(71.435546875,-62.358154948133,-3.43587239583336));
#4126=CARTESIAN_POINT('Ctrl Pts',(70.2632119572081,-53.9865637827196,-6.11370726044067));
#4127=CARTESIAN_POINT('Ctrl Pts',(69.8710006615066,-51.4549257028901,-7.13049470142488));
#4128=CARTESIAN_POINT('Ctrl Pts',(69.2367816481233,-46.8781010924138,-9.50928752739119));
#4129=CARTESIAN_POINT('Ctrl Pts',(69.0419430057538,-44.8639076905989,-10.8602686982979));
#4130=CARTESIAN_POINT('Ctrl Pts',(68.9068419846603,-43.0681057077714,-12.4359731154702));
#4131=CARTESIAN_POINT('Ctrl Pts',(72.2943081632883,-210.844732678346,-13.6888023158692));
#4132=CARTESIAN_POINT('Ctrl Pts',(72.7237848386327,-209.179760756263,-12.5083593428302));
#4133=CARTESIAN_POINT('Ctrl Pts',(73.1202513715405,-207.368092471529,-11.4427218236528));
#4134=CARTESIAN_POINT('Ctrl Pts',(74.068502995346,-203.1336791489,-9.50928752739119));
#4135=CARTESIAN_POINT('Ctrl Pts',(74.5945088448912,-200.727878142477,-8.65005983693364));
#4136=CARTESIAN_POINT('Ctrl Pts',(76.1121961805555,-192.652821303509,-6.33572048611113));
#4137=CARTESIAN_POINT('Ctrl Pts',(78.90625,-173.072092346786,-2.76041666666669));
#4138=CARTESIAN_POINT('Ctrl Pts',(78.90625,-127.640068664723,-2.76041666666669));
#4139=CARTESIAN_POINT('Ctrl Pts',(78.90625,-82.2080449826595,-2.76041666666669));
#4140=CARTESIAN_POINT('Ctrl Pts',(76.1121961805555,-62.6273160259369,-6.33572048611113));
#4141=CARTESIAN_POINT('Ctrl Pts',(74.5945088448912,-54.5522591869691,-8.65005983693363));
#4142=CARTESIAN_POINT('Ctrl Pts',(74.068502995346,-52.1464581805455,-9.50928752739118));
#4143=CARTESIAN_POINT('Ctrl Pts',(73.1202513715405,-47.9120448579167,-11.4427218236528));
#4144=CARTESIAN_POINT('Ctrl Pts',(72.7237848386327,-46.1003765731826,-12.5083593428302));
#4145=CARTESIAN_POINT('Ctrl Pts',(72.2943081632883,-44.4354046511001,-13.6888023158692));
#4146=CARTESIAN_POINT('Ctrl Pts',(73.6189986074175,-210.169002448828,-14.3078108457188));
#4147=CARTESIAN_POINT('Ctrl Pts',(74.1376766733988,-208.477461041339,-13.2465854385285));
#4148=CARTESIAN_POINT('Ctrl Pts',(74.781770547064,-206.935797825636,-12.5083593428302));
#4149=CARTESIAN_POINT('Ctrl Pts',(75.9157622251557,-202.921233217357,-10.8602686982979));
#4150=CARTESIAN_POINT('Ctrl Pts',(76.5042739937167,-200.524737485909,-10.1094441115873));
#4151=CARTESIAN_POINT('Ctrl Pts',(78.2335069444444,-192.570002510339,-7.99045138888891));
#4152=CARTESIAN_POINT('Ctrl Pts',(81.25,-173.072092346786,-4.58333333333336));
#4153=CARTESIAN_POINT('Ctrl Pts',(81.25,-127.640068664723,-4.58333333333336));
#4154=CARTESIAN_POINT('Ctrl Pts',(81.25,-82.2080449826595,-4.58333333333336));
#4155=CARTESIAN_POINT('Ctrl Pts',(78.2335069444444,-62.7101348191073,-7.99045138888891));
#4156=CARTESIAN_POINT('Ctrl Pts',(76.5042739937167,-54.7553998435368,-10.1094441115873));
#4157=CARTESIAN_POINT('Ctrl Pts',(75.9157622251557,-52.358904112089,-10.8602686982979));
#4158=CARTESIAN_POINT('Ctrl Pts',(74.781770547064,-48.3443395038098,-12.5083593428302));
#4159=CARTESIAN_POINT('Ctrl Pts',(74.1376766733987,-46.8026762881066,-13.2465854385285));
#4160=CARTESIAN_POINT('Ctrl Pts',(73.6189986074175,-45.1111348806179,-14.3078108457188));
#4161=CARTESIAN_POINT('Ctrl Pts',(75.,-209.417711292437,-15.));
#4162=CARTESIAN_POINT('Ctrl Pts',(75.6890249574181,-207.911910781091,-14.3078108457188));
#4163=CARTESIAN_POINT('Ctrl Pts',(76.3087513959088,-206.467509957993,-13.6888023158692));
#4164=CARTESIAN_POINT('Ctrl Pts',(77.5627300807247,-202.773923310402,-12.4359731154702));
#4165=CARTESIAN_POINT('Ctrl Pts',(78.19698232705,-200.524737485909,-11.8021524449207));
#4166=CARTESIAN_POINT('Ctrl Pts',(80.1215277777777,-192.570002510339,-9.87847222222224));
#4167=CARTESIAN_POINT('Ctrl Pts',(83.3333333333333,-173.072092346786,-6.66666666666669));
#4168=CARTESIAN_POINT('Ctrl Pts',(83.3333333333333,-127.640068664723,-6.66666666666669));
#4169=CARTESIAN_POINT('Ctrl Pts',(83.3333333333334,-82.2080449826595,-6.66666666666669));
#4170=CARTESIAN_POINT('Ctrl Pts',(80.1215277777777,-62.7101348191073,-9.87847222222225));
#4171=CARTESIAN_POINT('Ctrl Pts',(78.19698232705,-54.7553998435368,-11.8021524449207));
#4172=CARTESIAN_POINT('Ctrl Pts',(77.5627300807247,-52.506214019044,-12.4359731154702));
#4173=CARTESIAN_POINT('Ctrl Pts',(76.3087513959088,-48.8126273714532,-13.6888023158692));
#4174=CARTESIAN_POINT('Ctrl Pts',(75.6890249574181,-47.3682265483552,-14.3078108457188));
#4175=CARTESIAN_POINT('Ctrl Pts',(75.,-45.8624260370088,-15.));
#4176=CARTESIAN_POINT('Origin',(0.,466.,0.));
#4177=CARTESIAN_POINT('',(-23.3822854717838,466.,2.86350410597697E-15));
#4178=CARTESIAN_POINT('Origin',(0.,466.,0.));
#4179=CARTESIAN_POINT('',(-20.3528759335988,466.,-2.49250843655249E-15));
#4180=CARTESIAN_POINT('Origin',(0.,466.,0.));
#4181=CARTESIAN_POINT('Origin',(0.,458.,0.));
#4182=CARTESIAN_POINT('',(-23.3822854717838,458.,2.86350410597697E-15));
#4183=CARTESIAN_POINT('Origin',(0.,458.,0.));
#4184=CARTESIAN_POINT('',(-20.3528759335988,458.,2.49250843655249E-15));
#4185=CARTESIAN_POINT('Origin',(0.,458.,0.));
#4186=CARTESIAN_POINT('Origin',(0.,458.,0.));
#4187=CARTESIAN_POINT('',(-20.3528759335988,458.,-2.49250843655249E-15));
#4188=CARTESIAN_POINT('Origin',(0.,458.,0.));
#4189=CARTESIAN_POINT('',(-23.3822854717838,458.,2.86350410597697E-15));
#4190=CARTESIAN_POINT('Origin',(0.,458.,0.));
#4191=CARTESIAN_POINT('',(-20.3528759335988,458.,2.49250843655249E-15));
#4192=CARTESIAN_POINT('Origin',(0.,458.,0.));
#4193=CARTESIAN_POINT('Origin',(0.,466.,0.));
#4194=CARTESIAN_POINT('',(30.,468.,-3.67394039744206E-15));
#4195=CARTESIAN_POINT('Origin',(0.,468.,0.));
#4196=CARTESIAN_POINT('',(30.,466.,-3.67394039744206E-15));
#4197=CARTESIAN_POINT('',(30.,466.,-3.67394039744206E-15));
#4198=CARTESIAN_POINT('Origin',(0.,466.,0.));
#4199=CARTESIAN_POINT('Origin',(0.,468.,0.));
#4200=CARTESIAN_POINT('Origin',(0.,466.,0.));
#4201=CARTESIAN_POINT('Ctrl Pts',(0.,-582.399999999999,0.));
#4202=CARTESIAN_POINT('Ctrl Pts',(0.,-582.399999999999,0.));
#4203=CARTESIAN_POINT('Ctrl Pts',(0.,-582.399999999999,0.));
#4204=CARTESIAN_POINT('Ctrl Pts',(0.,-582.399999999999,0.));
#4205=CARTESIAN_POINT('Ctrl Pts',(0.,-582.399999999999,0.));
#4206=CARTESIAN_POINT('Ctrl Pts',(0.,-582.399999999999,0.));
#4207=CARTESIAN_POINT('Ctrl Pts',(0.,-582.399999999999,0.));
#4208=CARTESIAN_POINT('Ctrl Pts',(0.,-582.399999999999,0.));
#4209=CARTESIAN_POINT('Ctrl Pts',(0.,-582.399999999999,0.));
#4210=CARTESIAN_POINT('Ctrl Pts',(0.,-579.478934628852,4.02132563831896));
#4211=CARTESIAN_POINT('Ctrl Pts',(4.02132563831895,-579.478934628852,4.02132563831895));
#4212=CARTESIAN_POINT('Ctrl Pts',(4.02132563831896,-579.478934628852,0.));
#4213=CARTESIAN_POINT('Ctrl Pts',(4.02132563831895,-579.478934628852,-4.02132563831895));
#4214=CARTESIAN_POINT('Ctrl Pts',(0.,-579.478934628852,-4.02132563831896));
#4215=CARTESIAN_POINT('Ctrl Pts',(-4.02132563831895,-579.478934628852,-4.02132563831895));
#4216=CARTESIAN_POINT('Ctrl Pts',(-4.02132563831896,-579.478934628852,0.));
#4217=CARTESIAN_POINT('Ctrl Pts',(-4.02132563831895,-579.478934628852,4.02132563831895));
#4218=CARTESIAN_POINT('Ctrl Pts',(0.,-579.478934628852,4.02132563831896));
#4219=CARTESIAN_POINT('Ctrl Pts',(0.,-573.297164126544,11.8575216528848));
#4220=CARTESIAN_POINT('Ctrl Pts',(11.8575216528848,-573.297164126544,11.8575216528848));
#4221=CARTESIAN_POINT('Ctrl Pts',(11.8575216528848,-573.297164126544,0.));
#4222=CARTESIAN_POINT('Ctrl Pts',(11.8575216528848,-573.297164126544,-11.8575216528848));
#4223=CARTESIAN_POINT('Ctrl Pts',(0.,-573.297164126544,-11.8575216528848));
#4224=CARTESIAN_POINT('Ctrl Pts',(-11.8575216528848,-573.297164126544,-11.8575216528848));
#4225=CARTESIAN_POINT('Ctrl Pts',(-11.8575216528848,-573.297164126544,0.));
#4226=CARTESIAN_POINT('Ctrl Pts',(-11.8575216528848,-573.297164126544,11.8575216528848));
#4227=CARTESIAN_POINT('Ctrl Pts',(0.,-573.297164126544,11.8575216528848));
#4228=CARTESIAN_POINT('Ctrl Pts',(0.,-563.005595796916,22.9924506534163));
#4229=CARTESIAN_POINT('Ctrl Pts',(22.9924506534163,-563.005595796916,22.9924506534163));
#4230=CARTESIAN_POINT('Ctrl Pts',(22.9924506534163,-563.005595796916,0.));
#4231=CARTESIAN_POINT('Ctrl Pts',(22.9924506534163,-563.005595796916,-22.9924506534163));
#4232=CARTESIAN_POINT('Ctrl Pts',(0.,-563.005595796916,-22.9924506534163));
#4233=CARTESIAN_POINT('Ctrl Pts',(-22.9924506534163,-563.005595796916,-22.9924506534163));
#4234=CARTESIAN_POINT('Ctrl Pts',(-22.9924506534163,-563.005595796916,0.));
#4235=CARTESIAN_POINT('Ctrl Pts',(-22.9924506534163,-563.005595796916,22.9924506534163));
#4236=CARTESIAN_POINT('Ctrl Pts',(0.,-563.005595796916,22.9924506534163));
#4237=CARTESIAN_POINT('Ctrl Pts',(0.,-547.243546686928,36.5990249416311));
#4238=CARTESIAN_POINT('Ctrl Pts',(36.5990249416311,-547.243546686928,36.5990249416311));
#4239=CARTESIAN_POINT('Ctrl Pts',(36.5990249416311,-547.243546686928,0.));
#4240=CARTESIAN_POINT('Ctrl Pts',(36.5990249416311,-547.243546686928,-36.5990249416311));
#4241=CARTESIAN_POINT('Ctrl Pts',(0.,-547.243546686928,-36.5990249416311));
#4242=CARTESIAN_POINT('Ctrl Pts',(-36.5990249416311,-547.243546686928,-36.5990249416311));
#4243=CARTESIAN_POINT('Ctrl Pts',(-36.5990249416311,-547.243546686928,0.));
#4244=CARTESIAN_POINT('Ctrl Pts',(-36.5990249416311,-547.243546686928,36.5990249416311));
#4245=CARTESIAN_POINT('Ctrl Pts',(0.,-547.243546686928,36.5990249416311));
#4246=CARTESIAN_POINT('Ctrl Pts',(0.,-524.160428688243,51.5404921489689));
#4247=CARTESIAN_POINT('Ctrl Pts',(51.5404921489689,-524.160428688243,51.5404921489689));
#4248=CARTESIAN_POINT('Ctrl Pts',(51.5404921489689,-524.160428688243,0.));
#4249=CARTESIAN_POINT('Ctrl Pts',(51.5404921489689,-524.160428688243,-51.5404921489689));
#4250=CARTESIAN_POINT('Ctrl Pts',(0.,-524.160428688243,-51.5404921489689));
#4251=CARTESIAN_POINT('Ctrl Pts',(-51.5404921489689,-524.160428688243,-51.5404921489689));
#4252=CARTESIAN_POINT('Ctrl Pts',(-51.5404921489689,-524.160428688243,0.));
#4253=CARTESIAN_POINT('Ctrl Pts',(-51.5404921489689,-524.160428688243,51.5404921489689));
#4254=CARTESIAN_POINT('Ctrl Pts',(0.,-524.160428688243,51.5404921489689));
#4255=CARTESIAN_POINT('Ctrl Pts',(0.,-497.774803592086,64.4275583445521));
#4256=CARTESIAN_POINT('Ctrl Pts',(64.4275583445521,-497.774803592086,64.4275583445521));
#4257=CARTESIAN_POINT('Ctrl Pts',(64.4275583445521,-497.774803592086,0.));
#4258=CARTESIAN_POINT('Ctrl Pts',(64.4275583445521,-497.774803592086,-64.4275583445521));
#4259=CARTESIAN_POINT('Ctrl Pts',(0.,-497.774803592086,-64.4275583445521));
#4260=CARTESIAN_POINT('Ctrl Pts',(-64.4275583445521,-497.774803592086,-64.4275583445521));
#4261=CARTESIAN_POINT('Ctrl Pts',(-64.4275583445521,-497.774803592086,0.));
#4262=CARTESIAN_POINT('Ctrl Pts',(-64.4275583445521,-497.774803592086,64.4275583445521));
#4263=CARTESIAN_POINT('Ctrl Pts',(0.,-497.774803592086,64.4275583445521));
#4264=CARTESIAN_POINT('Ctrl Pts',(0.,-468.260787324128,75.2948289774744));
#4265=CARTESIAN_POINT('Ctrl Pts',(75.2948289774744,-468.260787324128,75.2948289774744));
#4266=CARTESIAN_POINT('Ctrl Pts',(75.2948289774744,-468.260787324128,0.));
#4267=CARTESIAN_POINT('Ctrl Pts',(75.2948289774744,-468.260787324128,-75.2948289774744));
#4268=CARTESIAN_POINT('Ctrl Pts',(0.,-468.260787324128,-75.2948289774744));
#4269=CARTESIAN_POINT('Ctrl Pts',(-75.2948289774744,-468.260787324128,-75.2948289774744));
#4270=CARTESIAN_POINT('Ctrl Pts',(-75.2948289774744,-468.260787324128,0.));
#4271=CARTESIAN_POINT('Ctrl Pts',(-75.2948289774744,-468.260787324128,75.2948289774744));
#4272=CARTESIAN_POINT('Ctrl Pts',(0.,-468.260787324128,75.2948289774744));
#4273=CARTESIAN_POINT('Ctrl Pts',(0.,-435.919576517727,84.2084343705961));
#4274=CARTESIAN_POINT('Ctrl Pts',(84.2084343705961,-435.919576517727,84.2084343705961));
#4275=CARTESIAN_POINT('Ctrl Pts',(84.2084343705961,-435.919576517727,0.));
#4276=CARTESIAN_POINT('Ctrl Pts',(84.2084343705961,-435.919576517727,-84.2084343705961));
#4277=CARTESIAN_POINT('Ctrl Pts',(0.,-435.919576517727,-84.2084343705961));
#4278=CARTESIAN_POINT('Ctrl Pts',(-84.2084343705961,-435.919576517727,-84.2084343705961));
#4279=CARTESIAN_POINT('Ctrl Pts',(-84.2084343705961,-435.919576517727,0.));
#4280=CARTESIAN_POINT('Ctrl Pts',(-84.2084343705961,-435.919576517727,84.2084343705961));
#4281=CARTESIAN_POINT('Ctrl Pts',(0.,-435.919576517727,84.2084343705961));
#4282=CARTESIAN_POINT('Ctrl Pts',(0.,-401.227464798026,91.2772398998156));
#4283=CARTESIAN_POINT('Ctrl Pts',(91.2772398998156,-401.227464798026,91.2772398998156));
#4284=CARTESIAN_POINT('Ctrl Pts',(91.2772398998156,-401.227464798026,0.));
#4285=CARTESIAN_POINT('Ctrl Pts',(91.2772398998156,-401.227464798026,-91.2772398998156));
#4286=CARTESIAN_POINT('Ctrl Pts',(0.,-401.227464798026,-91.2772398998156));
#4287=CARTESIAN_POINT('Ctrl Pts',(-91.2772398998156,-401.227464798026,-91.2772398998156));
#4288=CARTESIAN_POINT('Ctrl Pts',(-91.2772398998156,-401.227464798026,0.));
#4289=CARTESIAN_POINT('Ctrl Pts',(-91.2772398998156,-401.227464798026,91.2772398998156));
#4290=CARTESIAN_POINT('Ctrl Pts',(0.,-401.227464798026,91.2772398998156));
#4291=CARTESIAN_POINT('Ctrl Pts',(0.,-364.827217276992,96.6577601100548));
#4292=CARTESIAN_POINT('Ctrl Pts',(96.6577601100548,-364.827217276992,96.6577601100548));
#4293=CARTESIAN_POINT('Ctrl Pts',(96.6577601100548,-364.827217276992,0.));
#4294=CARTESIAN_POINT('Ctrl Pts',(96.6577601100548,-364.827217276992,-96.6577601100548));
#4295=CARTESIAN_POINT('Ctrl Pts',(0.,-364.827217276992,-96.6577601100548));
#4296=CARTESIAN_POINT('Ctrl Pts',(-96.6577601100548,-364.827217276992,-96.6577601100548));
#4297=CARTESIAN_POINT('Ctrl Pts',(-96.6577601100548,-364.827217276992,0.));
#4298=CARTESIAN_POINT('Ctrl Pts',(-96.6577601100548,-364.827217276992,96.6577601100548));
#4299=CARTESIAN_POINT('Ctrl Pts',(0.,-364.827217276992,96.6577601100548));
#4300=CARTESIAN_POINT('Ctrl Pts',(0.,-327.447369793714,100.547875240701));
#4301=CARTESIAN_POINT('Ctrl Pts',(100.547875240701,-327.447369793714,100.547875240701));
#4302=CARTESIAN_POINT('Ctrl Pts',(100.547875240701,-327.447369793714,0.));
#4303=CARTESIAN_POINT('Ctrl Pts',(100.547875240701,-327.447369793714,-100.547875240701));
#4304=CARTESIAN_POINT('Ctrl Pts',(0.,-327.447369793714,-100.547875240701));
#4305=CARTESIAN_POINT('Ctrl Pts',(-100.547875240701,-327.447369793714,-100.547875240701));
#4306=CARTESIAN_POINT('Ctrl Pts',(-100.547875240701,-327.447369793714,0.));
#4307=CARTESIAN_POINT('Ctrl Pts',(-100.547875240701,-327.447369793714,100.547875240701));
#4308=CARTESIAN_POINT('Ctrl Pts',(0.,-327.447369793714,100.547875240701));
#4309=CARTESIAN_POINT('Ctrl Pts',(0.,-289.841004222015,103.187973438977));
#4310=CARTESIAN_POINT('Ctrl Pts',(103.187973438977,-289.841004222015,103.187973438977));
#4311=CARTESIAN_POINT('Ctrl Pts',(103.187973438977,-289.841004222015,0.));
#4312=CARTESIAN_POINT('Ctrl Pts',(103.187973438977,-289.841004222015,-103.187973438977));
#4313=CARTESIAN_POINT('Ctrl Pts',(0.,-289.841004222015,-103.187973438977));
#4314=CARTESIAN_POINT('Ctrl Pts',(-103.187973438977,-289.841004222015,-103.187973438977));
#4315=CARTESIAN_POINT('Ctrl Pts',(-103.187973438977,-289.841004222015,0.));
#4316=CARTESIAN_POINT('Ctrl Pts',(-103.187973438977,-289.841004222015,103.187973438977));
#4317=CARTESIAN_POINT('Ctrl Pts',(0.,-289.841004222015,103.187973438977));
#4318=CARTESIAN_POINT('Ctrl Pts',(0.,-252.715303996964,104.850065556651));
#4319=CARTESIAN_POINT('Ctrl Pts',(104.850065556651,-252.715303996964,104.850065556651));
#4320=CARTESIAN_POINT('Ctrl Pts',(104.850065556651,-252.715303996964,0.));
#4321=CARTESIAN_POINT('Ctrl Pts',(104.850065556651,-252.715303996964,-104.850065556651));
#4322=CARTESIAN_POINT('Ctrl Pts',(0.,-252.715303996964,-104.850065556651));
#4323=CARTESIAN_POINT('Ctrl Pts',(-104.850065556651,-252.715303996964,-104.850065556651));
#4324=CARTESIAN_POINT('Ctrl Pts',(-104.850065556651,-252.715303996964,0.));
#4325=CARTESIAN_POINT('Ctrl Pts',(-104.850065556651,-252.715303996964,104.850065556651));
#4326=CARTESIAN_POINT('Ctrl Pts',(0.,-252.715303996964,104.850065556651));
#4327=CARTESIAN_POINT('Ctrl Pts',(0.,-216.668599049346,105.853651592679));
#4328=CARTESIAN_POINT('Ctrl Pts',(105.853651592679,-216.668599049346,105.853651592679));
#4329=CARTESIAN_POINT('Ctrl Pts',(105.853651592679,-216.668599049346,0.));
#4330=CARTESIAN_POINT('Ctrl Pts',(105.853651592679,-216.668599049346,-105.853651592679));
#4331=CARTESIAN_POINT('Ctrl Pts',(0.,-216.668599049346,-105.853651592679));
#4332=CARTESIAN_POINT('Ctrl Pts',(-105.853651592679,-216.668599049346,-105.853651592679));
#4333=CARTESIAN_POINT('Ctrl Pts',(-105.853651592679,-216.668599049346,0.));
#4334=CARTESIAN_POINT('Ctrl Pts',(-105.853651592679,-216.668599049346,105.853651592679));
#4335=CARTESIAN_POINT('Ctrl Pts',(0.,-216.668599049346,105.853651592679));
#4336=CARTESIAN_POINT('Ctrl Pts',(0.,-182.115323691366,106.520515450879));
#4337=CARTESIAN_POINT('Ctrl Pts',(106.520515450879,-182.115323691366,106.520515450879));
#4338=CARTESIAN_POINT('Ctrl Pts',(106.520515450879,-182.115323691366,0.));
#4339=CARTESIAN_POINT('Ctrl Pts',(106.520515450879,-182.115323691366,-106.520515450879));
#4340=CARTESIAN_POINT('Ctrl Pts',(0.,-182.115323691366,-106.520515450879));
#4341=CARTESIAN_POINT('Ctrl Pts',(-106.520515450879,-182.115323691366,-106.520515450879));
#4342=CARTESIAN_POINT('Ctrl Pts',(-106.520515450879,-182.115323691366,0.));
#4343=CARTESIAN_POINT('Ctrl Pts',(-106.520515450879,-182.115323691366,106.520515450879));
#4344=CARTESIAN_POINT('Ctrl Pts',(0.,-182.115323691366,106.520515450879));
#4345=CARTESIAN_POINT('Ctrl Pts',(0.,-149.236398800721,107.278033868711));
#4346=CARTESIAN_POINT('Ctrl Pts',(107.278033868711,-149.236398800721,107.278033868711));
#4347=CARTESIAN_POINT('Ctrl Pts',(107.278033868711,-149.236398800721,0.));
#4348=CARTESIAN_POINT('Ctrl Pts',(107.278033868711,-149.236398800721,-107.278033868711));
#4349=CARTESIAN_POINT('Ctrl Pts',(0.,-149.236398800721,-107.278033868711));
#4350=CARTESIAN_POINT('Ctrl Pts',(-107.278033868711,-149.236398800721,-107.278033868711));
#4351=CARTESIAN_POINT('Ctrl Pts',(-107.278033868711,-149.236398800721,0.));
#4352=CARTESIAN_POINT('Ctrl Pts',(-107.278033868711,-149.236398800721,107.278033868711));
#4353=CARTESIAN_POINT('Ctrl Pts',(0.,-149.236398800721,107.278033868711));
#4354=CARTESIAN_POINT('Ctrl Pts',(0.,-117.835831521781,108.260329520493));
#4355=CARTESIAN_POINT('Ctrl Pts',(108.260329520493,-117.835831521781,108.260329520493));
#4356=CARTESIAN_POINT('Ctrl Pts',(108.260329520493,-117.835831521781,0.));
#4357=CARTESIAN_POINT('Ctrl Pts',(108.260329520493,-117.835831521781,-108.260329520493));
#4358=CARTESIAN_POINT('Ctrl Pts',(0.,-117.835831521781,-108.260329520493));
#4359=CARTESIAN_POINT('Ctrl Pts',(-108.260329520493,-117.835831521781,-108.260329520493));
#4360=CARTESIAN_POINT('Ctrl Pts',(-108.260329520493,-117.835831521781,0.));
#4361=CARTESIAN_POINT('Ctrl Pts',(-108.260329520493,-117.835831521781,108.260329520493));
#4362=CARTESIAN_POINT('Ctrl Pts',(0.,-117.835831521781,108.260329520493));
#4363=CARTESIAN_POINT('Ctrl Pts',(0.,-87.4809240146366,109.325056429646));
#4364=CARTESIAN_POINT('Ctrl Pts',(109.325056429646,-87.4809240146366,109.325056429646));
#4365=CARTESIAN_POINT('Ctrl Pts',(109.325056429646,-87.4809240146366,0.));
#4366=CARTESIAN_POINT('Ctrl Pts',(109.325056429646,-87.4809240146366,-109.325056429646));
#4367=CARTESIAN_POINT('Ctrl Pts',(0.,-87.4809240146366,-109.325056429646));
#4368=CARTESIAN_POINT('Ctrl Pts',(-109.325056429646,-87.4809240146366,-109.325056429646));
#4369=CARTESIAN_POINT('Ctrl Pts',(-109.325056429646,-87.4809240146366,0.));
#4370=CARTESIAN_POINT('Ctrl Pts',(-109.325056429646,-87.4809240146366,109.325056429646));
#4371=CARTESIAN_POINT('Ctrl Pts',(0.,-87.4809240146366,109.325056429646));
#4372=CARTESIAN_POINT('Ctrl Pts',(0.,-57.649656363114,110.19688023753));
#4373=CARTESIAN_POINT('Ctrl Pts',(110.19688023753,-57.649656363114,110.19688023753));
#4374=CARTESIAN_POINT('Ctrl Pts',(110.19688023753,-57.649656363114,0.));
#4375=CARTESIAN_POINT('Ctrl Pts',(110.19688023753,-57.649656363114,-110.19688023753));
#4376=CARTESIAN_POINT('Ctrl Pts',(0.,-57.649656363114,-110.19688023753));
#4377=CARTESIAN_POINT('Ctrl Pts',(-110.19688023753,-57.649656363114,-110.19688023753));
#4378=CARTESIAN_POINT('Ctrl Pts',(-110.19688023753,-57.649656363114,0.));
#4379=CARTESIAN_POINT('Ctrl Pts',(-110.19688023753,-57.649656363114,110.19688023753));
#4380=CARTESIAN_POINT('Ctrl Pts',(0.,-57.649656363114,110.19688023753));
#4381=CARTESIAN_POINT('Ctrl Pts',(0.,-27.874715716152,110.556711363147));
#4382=CARTESIAN_POINT('Ctrl Pts',(110.556711363147,-27.874715716152,110.556711363147));
#4383=CARTESIAN_POINT('Ctrl Pts',(110.556711363147,-27.874715716152,0.));
#4384=CARTESIAN_POINT('Ctrl Pts',(110.556711363147,-27.874715716152,-110.556711363147));
#4385=CARTESIAN_POINT('Ctrl Pts',(0.,-27.874715716152,-110.556711363147));
#4386=CARTESIAN_POINT('Ctrl Pts',(-110.556711363147,-27.874715716152,-110.556711363147));
#4387=CARTESIAN_POINT('Ctrl Pts',(-110.556711363147,-27.874715716152,0.));
#4388=CARTESIAN_POINT('Ctrl Pts',(-110.556711363147,-27.874715716152,110.556711363147));
#4389=CARTESIAN_POINT('Ctrl Pts',(0.,-27.874715716152,110.556711363147));
#4390=CARTESIAN_POINT('Ctrl Pts',(0.,2.11412473980492,110.152159539579));
#4391=CARTESIAN_POINT('Ctrl Pts',(110.152159539579,2.11412473980492,110.152159539579));
#4392=CARTESIAN_POINT('Ctrl Pts',(110.152159539579,2.11412473980491,0.));
#4393=CARTESIAN_POINT('Ctrl Pts',(110.152159539579,2.11412473980491,-110.152159539579));
#4394=CARTESIAN_POINT('Ctrl Pts',(0.,2.11412473980491,-110.152159539579));
#4395=CARTESIAN_POINT('Ctrl Pts',(-110.152159539579,2.11412473980491,-110.152159539579));
#4396=CARTESIAN_POINT('Ctrl Pts',(-110.152159539579,2.11412473980491,0.));
#4397=CARTESIAN_POINT('Ctrl Pts',(-110.152159539579,2.11412473980492,110.152159539579));
#4398=CARTESIAN_POINT('Ctrl Pts',(0.,2.11412473980492,110.152159539579));
#4399=CARTESIAN_POINT('Ctrl Pts',(0.,32.2387882757967,108.903370345175));
#4400=CARTESIAN_POINT('Ctrl Pts',(108.903370345175,32.2387882757967,108.903370345175));
#4401=CARTESIAN_POINT('Ctrl Pts',(108.903370345175,32.2387882757967,0.));
#4402=CARTESIAN_POINT('Ctrl Pts',(108.903370345175,32.2387882757967,-108.903370345175));
#4403=CARTESIAN_POINT('Ctrl Pts',(0.,32.2387882757967,-108.903370345175));
#4404=CARTESIAN_POINT('Ctrl Pts',(-108.903370345175,32.2387882757967,-108.903370345175));
#4405=CARTESIAN_POINT('Ctrl Pts',(-108.903370345175,32.2387882757967,0.));
#4406=CARTESIAN_POINT('Ctrl Pts',(-108.903370345175,32.2387882757967,108.903370345175));
#4407=CARTESIAN_POINT('Ctrl Pts',(0.,32.2387882757967,108.903370345175));
#4408=CARTESIAN_POINT('Ctrl Pts',(0.,61.9458363672736,106.998954672365));
#4409=CARTESIAN_POINT('Ctrl Pts',(106.998954672365,61.9458363672736,106.998954672365));
#4410=CARTESIAN_POINT('Ctrl Pts',(106.998954672365,61.9458363672736,0.));
#4411=CARTESIAN_POINT('Ctrl Pts',(106.998954672365,61.9458363672736,-106.998954672365));
#4412=CARTESIAN_POINT('Ctrl Pts',(0.,61.9458363672736,-106.998954672365));
#4413=CARTESIAN_POINT('Ctrl Pts',(-106.998954672365,61.9458363672736,-106.998954672365));
#4414=CARTESIAN_POINT('Ctrl Pts',(-106.998954672365,61.9458363672736,0.));
#4415=CARTESIAN_POINT('Ctrl Pts',(-106.998954672365,61.9458363672736,106.998954672365));
#4416=CARTESIAN_POINT('Ctrl Pts',(0.,61.9458363672736,106.998954672365));
#4417=CARTESIAN_POINT('Ctrl Pts',(0.,90.4749363672813,104.765433424057));
#4418=CARTESIAN_POINT('Ctrl Pts',(104.765433424057,90.4749363672813,104.765433424057));
#4419=CARTESIAN_POINT('Ctrl Pts',(104.765433424057,90.4749363672813,0.));
#4420=CARTESIAN_POINT('Ctrl Pts',(104.765433424057,90.4749363672813,-104.765433424057));
#4421=CARTESIAN_POINT('Ctrl Pts',(0.,90.4749363672813,-104.765433424057));
#4422=CARTESIAN_POINT('Ctrl Pts',(-104.765433424057,90.4749363672813,-104.765433424057));
#4423=CARTESIAN_POINT('Ctrl Pts',(-104.765433424057,90.4749363672813,0.));
#4424=CARTESIAN_POINT('Ctrl Pts',(-104.765433424057,90.4749363672813,104.765433424057));
#4425=CARTESIAN_POINT('Ctrl Pts',(0.,90.4749363672813,104.765433424057));
#4426=CARTESIAN_POINT('Ctrl Pts',(0.,117.09286121355,102.555830930565));
#4427=CARTESIAN_POINT('Ctrl Pts',(102.555830930565,117.09286121355,102.555830930565));
#4428=CARTESIAN_POINT('Ctrl Pts',(102.555830930565,117.09286121355,0.));
#4429=CARTESIAN_POINT('Ctrl Pts',(102.555830930565,117.09286121355,-102.555830930565));
#4430=CARTESIAN_POINT('Ctrl Pts',(0.,117.09286121355,-102.555830930565));
#4431=CARTESIAN_POINT('Ctrl Pts',(-102.555830930565,117.09286121355,-102.555830930565));
#4432=CARTESIAN_POINT('Ctrl Pts',(-102.555830930565,117.09286121355,0.));
#4433=CARTESIAN_POINT('Ctrl Pts',(-102.555830930565,117.09286121355,102.555830930565));
#4434=CARTESIAN_POINT('Ctrl Pts',(0.,117.09286121355,102.555830930565));
#4435=CARTESIAN_POINT('Ctrl Pts',(0.,141.361059262323,100.622153006795));
#4436=CARTESIAN_POINT('Ctrl Pts',(100.622153006795,141.361059262323,100.622153006795));
#4437=CARTESIAN_POINT('Ctrl Pts',(100.622153006795,141.361059262323,0.));
#4438=CARTESIAN_POINT('Ctrl Pts',(100.622153006795,141.361059262323,-100.622153006795));
#4439=CARTESIAN_POINT('Ctrl Pts',(0.,141.361059262323,-100.622153006795));
#4440=CARTESIAN_POINT('Ctrl Pts',(-100.622153006795,141.361059262323,-100.622153006795));
#4441=CARTESIAN_POINT('Ctrl Pts',(-100.622153006795,141.361059262323,0.));
#4442=CARTESIAN_POINT('Ctrl Pts',(-100.622153006795,141.361059262323,100.622153006795));
#4443=CARTESIAN_POINT('Ctrl Pts',(0.,141.361059262323,100.622153006795));
#4444=CARTESIAN_POINT('Ctrl Pts',(0.,163.342903491535,99.015229472361));
#4445=CARTESIAN_POINT('Ctrl Pts',(99.015229472361,163.342903491535,99.015229472361));
#4446=CARTESIAN_POINT('Ctrl Pts',(99.015229472361,163.342903491535,0.));
#4447=CARTESIAN_POINT('Ctrl Pts',(99.015229472361,163.342903491535,-99.015229472361));
#4448=CARTESIAN_POINT('Ctrl Pts',(0.,163.342903491535,-99.015229472361));
#4449=CARTESIAN_POINT('Ctrl Pts',(-99.015229472361,163.342903491535,-99.015229472361));
#4450=CARTESIAN_POINT('Ctrl Pts',(-99.015229472361,163.342903491535,0.));
#4451=CARTESIAN_POINT('Ctrl Pts',(-99.015229472361,163.342903491535,99.015229472361));
#4452=CARTESIAN_POINT('Ctrl Pts',(0.,163.342903491535,99.015229472361));
#4453=CARTESIAN_POINT('Ctrl Pts',(0.,183.956939576295,97.419969758267));
#4454=CARTESIAN_POINT('Ctrl Pts',(97.419969758267,183.956939576295,97.419969758267));
#4455=CARTESIAN_POINT('Ctrl Pts',(97.419969758267,183.956939576295,0.));
#4456=CARTESIAN_POINT('Ctrl Pts',(97.419969758267,183.956939576295,-97.419969758267));
#4457=CARTESIAN_POINT('Ctrl Pts',(0.,183.956939576295,-97.419969758267));
#4458=CARTESIAN_POINT('Ctrl Pts',(-97.419969758267,183.956939576295,-97.419969758267));
#4459=CARTESIAN_POINT('Ctrl Pts',(-97.419969758267,183.956939576295,0.));
#4460=CARTESIAN_POINT('Ctrl Pts',(-97.419969758267,183.956939576295,97.419969758267));
#4461=CARTESIAN_POINT('Ctrl Pts',(0.,183.956939576295,97.419969758267));
#4462=CARTESIAN_POINT('Ctrl Pts',(0.,204.728929231758,95.2561919669723));
#4463=CARTESIAN_POINT('Ctrl Pts',(95.2561919669723,204.728929231758,95.2561919669723));
#4464=CARTESIAN_POINT('Ctrl Pts',(95.2561919669723,204.728929231758,0.));
#4465=CARTESIAN_POINT('Ctrl Pts',(95.2561919669723,204.728929231758,-95.2561919669723));
#4466=CARTESIAN_POINT('Ctrl Pts',(0.,204.728929231758,-95.2561919669723));
#4467=CARTESIAN_POINT('Ctrl Pts',(-95.2561919669723,204.728929231758,-95.2561919669723));
#4468=CARTESIAN_POINT('Ctrl Pts',(-95.2561919669723,204.728929231758,0.));
#4469=CARTESIAN_POINT('Ctrl Pts',(-95.2561919669723,204.728929231758,95.2561919669723));
#4470=CARTESIAN_POINT('Ctrl Pts',(0.,204.728929231758,95.2561919669723));
#4471=CARTESIAN_POINT('Ctrl Pts',(0.,227.126767564912,91.9640358835471));
#4472=CARTESIAN_POINT('Ctrl Pts',(91.9640358835471,227.126767564912,91.9640358835471));
#4473=CARTESIAN_POINT('Ctrl Pts',(91.9640358835471,227.126767564912,0.));
#4474=CARTESIAN_POINT('Ctrl Pts',(91.9640358835471,227.126767564912,-91.9640358835471));
#4475=CARTESIAN_POINT('Ctrl Pts',(0.,227.126767564912,-91.9640358835471));
#4476=CARTESIAN_POINT('Ctrl Pts',(-91.9640358835471,227.126767564912,-91.9640358835471));
#4477=CARTESIAN_POINT('Ctrl Pts',(-91.9640358835471,227.126767564912,0.));
#4478=CARTESIAN_POINT('Ctrl Pts',(-91.9640358835471,227.126767564912,91.9640358835471));
#4479=CARTESIAN_POINT('Ctrl Pts',(0.,227.126767564912,91.9640358835471));
#4480=CARTESIAN_POINT('Ctrl Pts',(0.,252.047278264203,87.221493550175));
#4481=CARTESIAN_POINT('Ctrl Pts',(87.2214935501749,252.047278264203,87.2214935501749));
#4482=CARTESIAN_POINT('Ctrl Pts',(87.221493550175,252.047278264203,0.));
#4483=CARTESIAN_POINT('Ctrl Pts',(87.2214935501749,252.047278264203,-87.2214935501749));
#4484=CARTESIAN_POINT('Ctrl Pts',(0.,252.047278264203,-87.221493550175));
#4485=CARTESIAN_POINT('Ctrl Pts',(-87.2214935501749,252.047278264203,-87.2214935501749));
#4486=CARTESIAN_POINT('Ctrl Pts',(-87.221493550175,252.047278264203,0.));
#4487=CARTESIAN_POINT('Ctrl Pts',(-87.2214935501749,252.047278264203,87.2214935501749));
#4488=CARTESIAN_POINT('Ctrl Pts',(0.,252.047278264203,87.221493550175));
#4489=CARTESIAN_POINT('Ctrl Pts',(0.,279.177405757135,81.2193335428934));
#4490=CARTESIAN_POINT('Ctrl Pts',(81.2193335428934,279.177405757135,81.2193335428934));
#4491=CARTESIAN_POINT('Ctrl Pts',(81.2193335428934,279.177405757135,0.));
#4492=CARTESIAN_POINT('Ctrl Pts',(81.2193335428934,279.177405757135,-81.2193335428934));
#4493=CARTESIAN_POINT('Ctrl Pts',(0.,279.177405757135,-81.2193335428934));
#4494=CARTESIAN_POINT('Ctrl Pts',(-81.2193335428934,279.177405757135,-81.2193335428934));
#4495=CARTESIAN_POINT('Ctrl Pts',(-81.2193335428934,279.177405757135,0.));
#4496=CARTESIAN_POINT('Ctrl Pts',(-81.2193335428934,279.177405757135,81.2193335428934));
#4497=CARTESIAN_POINT('Ctrl Pts',(0.,279.177405757135,81.2193335428934));
#4498=CARTESIAN_POINT('Ctrl Pts',(0.,306.578493006273,74.8324082038629));
#4499=CARTESIAN_POINT('Ctrl Pts',(74.8324082038629,306.578493006273,74.8324082038629));
#4500=CARTESIAN_POINT('Ctrl Pts',(74.8324082038629,306.578493006273,0.));
#4501=CARTESIAN_POINT('Ctrl Pts',(74.8324082038629,306.578493006273,-74.8324082038629));
#4502=CARTESIAN_POINT('Ctrl Pts',(0.,306.578493006273,-74.8324082038629));
#4503=CARTESIAN_POINT('Ctrl Pts',(-74.8324082038629,306.578493006273,-74.8324082038629));
#4504=CARTESIAN_POINT('Ctrl Pts',(-74.8324082038629,306.578493006273,0.));
#4505=CARTESIAN_POINT('Ctrl Pts',(-74.8324082038629,306.578493006273,74.8324082038629));
#4506=CARTESIAN_POINT('Ctrl Pts',(0.,306.578493006273,74.8324082038629));
#4507=CARTESIAN_POINT('Ctrl Pts',(0.,331.699148938757,69.1426854088867));
#4508=CARTESIAN_POINT('Ctrl Pts',(69.1426854088867,331.699148938757,69.1426854088867));
#4509=CARTESIAN_POINT('Ctrl Pts',(69.1426854088867,331.699148938757,0.));
#4510=CARTESIAN_POINT('Ctrl Pts',(69.1426854088867,331.699148938757,-69.1426854088867));
#4511=CARTESIAN_POINT('Ctrl Pts',(0.,331.699148938757,-69.1426854088867));
#4512=CARTESIAN_POINT('Ctrl Pts',(-69.1426854088867,331.699148938757,-69.1426854088867));
#4513=CARTESIAN_POINT('Ctrl Pts',(-69.1426854088867,331.699148938757,0.));
#4514=CARTESIAN_POINT('Ctrl Pts',(-69.1426854088867,331.699148938757,69.1426854088867));
#4515=CARTESIAN_POINT('Ctrl Pts',(0.,331.699148938757,69.1426854088867));
#4516=CARTESIAN_POINT('Ctrl Pts',(0.,352.323847493509,64.9809910680045));
#4517=CARTESIAN_POINT('Ctrl Pts',(64.9809910680045,352.323847493509,64.9809910680045));
#4518=CARTESIAN_POINT('Ctrl Pts',(64.9809910680045,352.323847493509,0.));
#4519=CARTESIAN_POINT('Ctrl Pts',(64.9809910680045,352.323847493509,-64.9809910680045));
#4520=CARTESIAN_POINT('Ctrl Pts',(0.,352.323847493509,-64.9809910680045));
#4521=CARTESIAN_POINT('Ctrl Pts',(-64.9809910680045,352.323847493509,-64.9809910680045));
#4522=CARTESIAN_POINT('Ctrl Pts',(-64.9809910680045,352.323847493509,0.));
#4523=CARTESIAN_POINT('Ctrl Pts',(-64.9809910680045,352.323847493509,64.9809910680045));
#4524=CARTESIAN_POINT('Ctrl Pts',(0.,352.323847493509,64.9809910680045));
#4525=CARTESIAN_POINT('Ctrl Pts',(0.,367.399505747131,62.5486286936951));
#4526=CARTESIAN_POINT('Ctrl Pts',(62.5486286936951,367.399505747131,62.5486286936951));
#4527=CARTESIAN_POINT('Ctrl Pts',(62.5486286936951,367.399505747131,0.));
#4528=CARTESIAN_POINT('Ctrl Pts',(62.5486286936951,367.399505747131,-62.5486286936951));
#4529=CARTESIAN_POINT('Ctrl Pts',(0.,367.399505747131,-62.5486286936951));
#4530=CARTESIAN_POINT('Ctrl Pts',(-62.5486286936951,367.399505747131,-62.5486286936951));
#4531=CARTESIAN_POINT('Ctrl Pts',(-62.5486286936951,367.399505747131,0.));
#4532=CARTESIAN_POINT('Ctrl Pts',(-62.5486286936951,367.399505747131,62.5486286936951));
#4533=CARTESIAN_POINT('Ctrl Pts',(0.,367.399505747131,62.5486286936951));
#4534=CARTESIAN_POINT('Ctrl Pts',(0.,378.265941226133,60.7956022995922));
#4535=CARTESIAN_POINT('Ctrl Pts',(60.7956022995922,378.265941226133,60.7956022995922));
#4536=CARTESIAN_POINT('Ctrl Pts',(60.7956022995922,378.265941226133,0.));
#4537=CARTESIAN_POINT('Ctrl Pts',(60.7956022995922,378.265941226133,-60.7956022995922));
#4538=CARTESIAN_POINT('Ctrl Pts',(0.,378.265941226133,-60.7956022995922));
#4539=CARTESIAN_POINT('Ctrl Pts',(-60.7956022995922,378.265941226133,-60.7956022995922));
#4540=CARTESIAN_POINT('Ctrl Pts',(-60.7956022995922,378.265941226133,0.));
#4541=CARTESIAN_POINT('Ctrl Pts',(-60.7956022995922,378.265941226133,60.7956022995922));
#4542=CARTESIAN_POINT('Ctrl Pts',(0.,378.265941226133,60.7956022995922));
#4543=CARTESIAN_POINT('Ctrl Pts',(0.,388.579147028558,57.5771266150766));
#4544=CARTESIAN_POINT('Ctrl Pts',(57.5771266150765,388.579147028558,57.5771266150765));
#4545=CARTESIAN_POINT('Ctrl Pts',(57.5771266150766,388.579147028558,0.));
#4546=CARTESIAN_POINT('Ctrl Pts',(57.5771266150765,388.579147028558,-57.5771266150765));
#4547=CARTESIAN_POINT('Ctrl Pts',(0.,388.579147028558,-57.5771266150766));
#4548=CARTESIAN_POINT('Ctrl Pts',(-57.5771266150765,388.579147028558,-57.5771266150765));
#4549=CARTESIAN_POINT('Ctrl Pts',(-57.5771266150766,388.579147028558,0.));
#4550=CARTESIAN_POINT('Ctrl Pts',(-57.5771266150765,388.579147028558,57.5771266150765));
#4551=CARTESIAN_POINT('Ctrl Pts',(0.,388.579147028558,57.5771266150766));
#4552=CARTESIAN_POINT('Ctrl Pts',(0.,401.731721175258,51.2702585037458));
#4553=CARTESIAN_POINT('Ctrl Pts',(51.2702585037458,401.731721175258,51.2702585037458));
#4554=CARTESIAN_POINT('Ctrl Pts',(51.2702585037458,401.731721175258,0.));
#4555=CARTESIAN_POINT('Ctrl Pts',(51.2702585037458,401.731721175258,-51.2702585037458));
#4556=CARTESIAN_POINT('Ctrl Pts',(0.,401.731721175258,-51.2702585037458));
#4557=CARTESIAN_POINT('Ctrl Pts',(-51.2702585037458,401.731721175258,-51.2702585037458));
#4558=CARTESIAN_POINT('Ctrl Pts',(-51.2702585037458,401.731721175258,0.));
#4559=CARTESIAN_POINT('Ctrl Pts',(-51.2702585037458,401.731721175258,51.2702585037458));
#4560=CARTESIAN_POINT('Ctrl Pts',(0.,401.731721175258,51.2702585037458));
#4561=CARTESIAN_POINT('Ctrl Pts',(0.,418.533304314072,42.2776067032383));
#4562=CARTESIAN_POINT('Ctrl Pts',(42.2776067032383,418.533304314072,42.2776067032383));
#4563=CARTESIAN_POINT('Ctrl Pts',(42.2776067032383,418.533304314072,0.));
#4564=CARTESIAN_POINT('Ctrl Pts',(42.2776067032383,418.533304314072,-42.2776067032383));
#4565=CARTESIAN_POINT('Ctrl Pts',(0.,418.533304314072,-42.2776067032383));
#4566=CARTESIAN_POINT('Ctrl Pts',(-42.2776067032383,418.533304314072,-42.2776067032383));
#4567=CARTESIAN_POINT('Ctrl Pts',(-42.2776067032383,418.533304314072,0.));
#4568=CARTESIAN_POINT('Ctrl Pts',(-42.2776067032383,418.533304314072,42.2776067032383));
#4569=CARTESIAN_POINT('Ctrl Pts',(0.,418.533304314072,42.2776067032383));
#4570=CARTESIAN_POINT('Ctrl Pts',(0.,434.116236430004,34.2550553536536));
#4571=CARTESIAN_POINT('Ctrl Pts',(34.2550553536536,434.116236430004,34.2550553536536));
#4572=CARTESIAN_POINT('Ctrl Pts',(34.2550553536536,434.116236430004,0.));
#4573=CARTESIAN_POINT('Ctrl Pts',(34.2550553536536,434.116236430004,-34.2550553536536));
#4574=CARTESIAN_POINT('Ctrl Pts',(0.,434.116236430004,-34.2550553536536));
#4575=CARTESIAN_POINT('Ctrl Pts',(-34.2550553536536,434.116236430004,-34.2550553536536));
#4576=CARTESIAN_POINT('Ctrl Pts',(-34.2550553536536,434.116236430004,0.));
#4577=CARTESIAN_POINT('Ctrl Pts',(-34.2550553536536,434.116236430004,34.2550553536536));
#4578=CARTESIAN_POINT('Ctrl Pts',(0.,434.116236430004,34.2550553536536));
#4579=CARTESIAN_POINT('Ctrl Pts',(0.,446.344608550751,28.5766753824078));
#4580=CARTESIAN_POINT('Ctrl Pts',(28.5766753824078,446.344608550751,28.5766753824078));
#4581=CARTESIAN_POINT('Ctrl Pts',(28.5766753824078,446.344608550751,0.));
#4582=CARTESIAN_POINT('Ctrl Pts',(28.5766753824078,446.344608550751,-28.5766753824078));
#4583=CARTESIAN_POINT('Ctrl Pts',(0.,446.344608550751,-28.5766753824078));
#4584=CARTESIAN_POINT('Ctrl Pts',(-28.5766753824078,446.344608550751,-28.5766753824078));
#4585=CARTESIAN_POINT('Ctrl Pts',(-28.5766753824078,446.344608550751,0.));
#4586=CARTESIAN_POINT('Ctrl Pts',(-28.5766753824078,446.344608550751,28.5766753824078));
#4587=CARTESIAN_POINT('Ctrl Pts',(0.,446.344608550751,28.5766753824078));
#4588=CARTESIAN_POINT('Ctrl Pts',(0.,454.618982830354,25.0676800589455));
#4589=CARTESIAN_POINT('Ctrl Pts',(25.0676800589455,454.618982830354,25.0676800589455));
#4590=CARTESIAN_POINT('Ctrl Pts',(25.0676800589455,454.618982830354,0.));
#4591=CARTESIAN_POINT('Ctrl Pts',(25.0676800589455,454.618982830354,-25.0676800589455));
#4592=CARTESIAN_POINT('Ctrl Pts',(0.,454.618982830354,-25.0676800589455));
#4593=CARTESIAN_POINT('Ctrl Pts',(-25.0676800589455,454.618982830354,-25.0676800589455));
#4594=CARTESIAN_POINT('Ctrl Pts',(-25.0676800589455,454.618982830354,0.));
#4595=CARTESIAN_POINT('Ctrl Pts',(-25.0676800589455,454.618982830354,25.0676800589455));
#4596=CARTESIAN_POINT('Ctrl Pts',(0.,454.618982830354,25.0676800589455));
#4597=CARTESIAN_POINT('Ctrl Pts',(0.,458.786766794803,23.3822854717838));
#4598=CARTESIAN_POINT('Ctrl Pts',(23.3822854717838,458.786766794803,23.3822854717838));
#4599=CARTESIAN_POINT('Ctrl Pts',(23.3822854717838,458.786766794803,0.));
#4600=CARTESIAN_POINT('Ctrl Pts',(23.3822854717838,458.786766794803,-23.3822854717838));
#4601=CARTESIAN_POINT('Ctrl Pts',(0.,458.786766794803,-23.3822854717838));
#4602=CARTESIAN_POINT('Ctrl Pts',(-23.3822854717838,458.786766794803,-23.3822854717838));
#4603=CARTESIAN_POINT('Ctrl Pts',(-23.3822854717838,458.786766794803,0.));
#4604=CARTESIAN_POINT('Ctrl Pts',(-23.3822854717838,458.786766794803,23.3822854717838));
#4605=CARTESIAN_POINT('Ctrl Pts',(0.,458.786766794803,23.3822854717838));
#4606=CARTESIAN_POINT('',(0.,-582.399999999999,0.));
#4607=CARTESIAN_POINT('',(0.,458.786766794803,23.3822854717838));
#4608=CARTESIAN_POINT('Ctrl Pts',(0.,-582.399999999999,0.));
#4609=CARTESIAN_POINT('Ctrl Pts',(0.,-579.478934628852,4.02132563831896));
#4610=CARTESIAN_POINT('Ctrl Pts',(0.,-573.297164126544,11.8575216528848));
#4611=CARTESIAN_POINT('Ctrl Pts',(0.,-563.005595796916,22.9924506534163));
#4612=CARTESIAN_POINT('Ctrl Pts',(0.,-547.243546686928,36.5990249416311));
#4613=CARTESIAN_POINT('Ctrl Pts',(0.,-524.160428688243,51.5404921489689));
#4614=CARTESIAN_POINT('Ctrl Pts',(0.,-497.774803592086,64.4275583445521));
#4615=CARTESIAN_POINT('Ctrl Pts',(0.,-468.260787324128,75.2948289774744));
#4616=CARTESIAN_POINT('Ctrl Pts',(0.,-435.919576517727,84.2084343705961));
#4617=CARTESIAN_POINT('Ctrl Pts',(0.,-401.227464798026,91.2772398998156));
#4618=CARTESIAN_POINT('Ctrl Pts',(0.,-364.827217276992,96.6577601100548));
#4619=CARTESIAN_POINT('Ctrl Pts',(0.,-327.447369793714,100.547875240701));
#4620=CARTESIAN_POINT('Ctrl Pts',(0.,-289.841004222015,103.187973438977));
#4621=CARTESIAN_POINT('Ctrl Pts',(0.,-252.715303996964,104.850065556651));
#4622=CARTESIAN_POINT('Ctrl Pts',(0.,-216.668599049346,105.853651592679));
#4623=CARTESIAN_POINT('Ctrl Pts',(0.,-182.115323691366,106.520515450879));
#4624=CARTESIAN_POINT('Ctrl Pts',(0.,-149.236398800721,107.278033868711));
#4625=CARTESIAN_POINT('Ctrl Pts',(0.,-117.835831521781,108.260329520493));
#4626=CARTESIAN_POINT('Ctrl Pts',(0.,-87.4809240146366,109.325056429646));
#4627=CARTESIAN_POINT('Ctrl Pts',(0.,-57.649656363114,110.19688023753));
#4628=CARTESIAN_POINT('Ctrl Pts',(0.,-27.874715716152,110.556711363147));
#4629=CARTESIAN_POINT('Ctrl Pts',(0.,2.11412473980492,110.152159539579));
#4630=CARTESIAN_POINT('Ctrl Pts',(0.,32.2387882757967,108.903370345175));
#4631=CARTESIAN_POINT('Ctrl Pts',(0.,61.9458363672736,106.998954672365));
#4632=CARTESIAN_POINT('Ctrl Pts',(0.,90.4749363672813,104.765433424057));
#4633=CARTESIAN_POINT('Ctrl Pts',(0.,117.09286121355,102.555830930565));
#4634=CARTESIAN_POINT('Ctrl Pts',(0.,141.361059262323,100.622153006795));
#4635=CARTESIAN_POINT('Ctrl Pts',(0.,163.342903491535,99.015229472361));
#4636=CARTESIAN_POINT('Ctrl Pts',(0.,183.956939576295,97.419969758267));
#4637=CARTESIAN_POINT('Ctrl Pts',(0.,204.728929231758,95.2561919669723));
#4638=CARTESIAN_POINT('Ctrl Pts',(0.,227.126767564912,91.9640358835471));
#4639=CARTESIAN_POINT('Ctrl Pts',(0.,252.047278264203,87.221493550175));
#4640=CARTESIAN_POINT('Ctrl Pts',(0.,279.177405757135,81.2193335428934));
#4641=CARTESIAN_POINT('Ctrl Pts',(0.,306.578493006273,74.8324082038629));
#4642=CARTESIAN_POINT('Ctrl Pts',(0.,331.699148938757,69.1426854088867));
#4643=CARTESIAN_POINT('Ctrl Pts',(0.,352.323847493509,64.9809910680045));
#4644=CARTESIAN_POINT('Ctrl Pts',(0.,367.399505747131,62.5486286936951));
#4645=CARTESIAN_POINT('Ctrl Pts',(0.,378.265941226133,60.7956022995922));
#4646=CARTESIAN_POINT('Ctrl Pts',(0.,388.579147028558,57.5771266150766));
#4647=CARTESIAN_POINT('Ctrl Pts',(0.,401.731721175258,51.2702585037458));
#4648=CARTESIAN_POINT('Ctrl Pts',(0.,418.533304314072,42.2776067032383));
#4649=CARTESIAN_POINT('Ctrl Pts',(0.,434.116236430004,34.2550553536536));
#4650=CARTESIAN_POINT('Ctrl Pts',(0.,446.344608550751,28.5766753824078));
#4651=CARTESIAN_POINT('Ctrl Pts',(0.,454.618982830354,25.0676800589455));
#4652=CARTESIAN_POINT('Ctrl Pts',(0.,458.786766794803,23.3822854717838));
#4653=CARTESIAN_POINT('Origin',(0.,458.786766794803,0.));
#4654=UNCERTAINTY_MEASURE_WITH_UNIT(LENGTH_MEASURE(0.01),#4658,
'DISTANCE_ACCURACY_VALUE',
'Maximum model space distance between geometric entities at asserted c
onnectivities');
#4655=UNCERTAINTY_MEASURE_WITH_UNIT(LENGTH_MEASURE(0.01),#4658,
'DISTANCE_ACCURACY_VALUE',
'Maximum model space distance between geometric entities at asserted c
onnectivities');
#4656=(
GEOMETRIC_REPRESENTATION_CONTEXT(3)
GLOBAL_UNCERTAINTY_ASSIGNED_CONTEXT((#4654))
GLOBAL_UNIT_ASSIGNED_CONTEXT((#4658,#4660,#4661))
REPRESENTATION_CONTEXT('','3D')
);
#4657=(
GEOMETRIC_REPRESENTATION_CONTEXT(3)
GLOBAL_UNCERTAINTY_ASSIGNED_CONTEXT((#4655))
GLOBAL_UNIT_ASSIGNED_CONTEXT((#4658,#4660,#4661))
REPRESENTATION_CONTEXT('','3D')
);
#4658=(
LENGTH_UNIT()
NAMED_UNIT(*)
SI_UNIT(.MILLI.,.METRE.)
);
#4659=(
LENGTH_UNIT()
NAMED_UNIT(*)
SI_UNIT($,.METRE.)
);
#4660=(
NAMED_UNIT(*)
PLANE_ANGLE_UNIT()
SI_UNIT($,.RADIAN.)
);
#4661=(
NAMED_UNIT(*)
SI_UNIT($,.STERADIAN.)
SOLID_ANGLE_UNIT()
);
#4662=SHAPE_DEFINITION_REPRESENTATION(#4663,#4664);
#4663=PRODUCT_DEFINITION_SHAPE('',$,#4666);
#4664=SHAPE_REPRESENTATION('',(#672,#651,#652,#653,#654,#655,#656,#657,
#658,#659),#4656);
#4665=PRODUCT_DEFINITION_CONTEXT('part definition',#4670,'design');
#4666=PRODUCT_DEFINITION('Configuration 1','Configuration 1 v10',#4667,
#4665);
#4667=PRODUCT_DEFINITION_FORMATION('',$,#4672);
#4668=PRODUCT_RELATED_PRODUCT_CATEGORY('Configuration 1 v10',
'Configuration 1 v10',(#4672));
#4669=APPLICATION_PROTOCOL_DEFINITION('international standard',
'automotive_design',2009,#4670);
#4670=APPLICATION_CONTEXT(
'Core Data for Automotive Mechanical Design Process');
#4671=PRODUCT_CONTEXT('part definition',#4670,'mechanical');
#4672=PRODUCT('Configuration 1','Configuration 1 v10',$,(#4671));
#4673=PRESENTATION_STYLE_ASSIGNMENT((#4677));
#4674=PRESENTATION_STYLE_ASSIGNMENT((#4678));
#4675=PRESENTATION_STYLE_ASSIGNMENT((#4679));
#4676=PRESENTATION_STYLE_ASSIGNMENT((#4680));
#4677=SURFACE_STYLE_USAGE(.BOTH.,#4681);
#4678=SURFACE_STYLE_USAGE(.BOTH.,#4682);
#4679=SURFACE_STYLE_USAGE(.BOTH.,#4683);
#4680=SURFACE_STYLE_USAGE(.BOTH.,#4684);
#4681=SURFACE_SIDE_STYLE('',(#4685));
#4682=SURFACE_SIDE_STYLE('',(#4686));
#4683=SURFACE_SIDE_STYLE('',(#4687));
#4684=SURFACE_SIDE_STYLE('',(#4688));
#4685=SURFACE_STYLE_FILL_AREA(#4689);
#4686=SURFACE_STYLE_FILL_AREA(#4690);
#4687=SURFACE_STYLE_FILL_AREA(#4691);
#4688=SURFACE_STYLE_FILL_AREA(#4692);
#4689=FILL_AREA_STYLE('Steel - Satin',(#4693));
#4690=FILL_AREA_STYLE('Carbon Fiber - Plain',(#4694));
#4691=FILL_AREA_STYLE(
'PA 12 - Nylon - PA 603-CF (with EOS P 3D Printers)',(#4695));
#4692=FILL_AREA_STYLE('Carbon Fiber - Plain (1)',(#4696));
#4693=FILL_AREA_STYLE_COLOUR('Steel - Satin',#4697);
#4694=FILL_AREA_STYLE_COLOUR('Carbon Fiber - Plain',#4698);
#4695=FILL_AREA_STYLE_COLOUR(
'PA 12 - Nylon - PA 603-CF (with EOS P 3D Printers)',#4699);
#4696=FILL_AREA_STYLE_COLOUR('Carbon Fiber - Plain (1)',#4700);
#4697=COLOUR_RGB('Steel - Satin',0.627450980392157,0.627450980392157,0.627450980392157);
#4698=COLOUR_RGB('Carbon Fiber - Plain',0.0901960784313725,0.0156862745098039,
0.0156862745098039);
#4699=COLOUR_RGB('PA 12 - Nylon - PA 603-CF (with EOS P 3D Printers)',0.247058823529412,
0.247058823529412,0.247058823529412);
#4700=COLOUR_RGB('Carbon Fiber - Plain (1)',1.,1.,1.);
ENDSEC;
END-ISO-10303-21;
