ISO-10303-21;
HEADER;
/* Generated by software containing ST-Developer
 * from STEP Tools, Inc. (www.steptools.com) 
 */

FILE_DESCRIPTION(
/* description */ (''),
/* implementation_level */ '2;1');

FILE_NAME(
/* name */ 'Propeller.step',
/* time_stamp */ '2026-07-25T21:48:31+05:30',
/* author */ (''),
/* organization */ (''),
/* preprocessor_version */ 'ST-DEVELOPER v20.1',
/* originating_system */ 'Autodesk Translation Framework v15.8.0.0',
/* authorisation */ '');

FILE_SCHEMA (('AUTOMOTIVE_DESIGN { 1 0 10303 214 3 1 1 }'));
ENDSEC;

DATA;
#10=MECHANICAL_DESIGN_GEOMETRIC_PRESENTATION_REPRESENTATION('',(#13),#7407);
#11=SHAPE_REPRESENTATION_RELATIONSHIP('SRR','None',#7414,#12);
#12=ADVANCED_BREP_SHAPE_REPRESENTATION('',(#14),#7406);
#13=STYLED_ITEM('',(#7424),#14);
#14=MANIFOLD_SOLID_BREP('Body3',#223);
#15=FACE_BOUND('',#53,.T.);
#16=LINE('',#3855,#18);
#17=LINE('',#3972,#19);
#18=VECTOR('',#260,15.);
#19=VECTOR('',#283,11.25);
#20=CIRCLE('',#239,15.);
#21=CIRCLE('',#240,15.);
#22=CIRCLE('',#241,15.);
#23=CIRCLE('',#242,15.);
#24=CIRCLE('',#244,11.25);
#25=CIRCLE('',#246,11.25);
#26=CIRCLE('',#247,11.25);
#27=CIRCLE('',#249,11.25);
#28=CYLINDRICAL_SURFACE('',#238,15.);
#29=CYLINDRICAL_SURFACE('',#250,11.25);
#30=PLANE('',#237);
#31=PLANE('',#243);
#32=PLANE('',#245);
#33=PLANE('',#248);
#34=PLANE('',#251);
#35=FACE_OUTER_BOUND('',#46,.T.);
#36=FACE_OUTER_BOUND('',#47,.T.);
#37=FACE_OUTER_BOUND('',#48,.T.);
#38=FACE_OUTER_BOUND('',#49,.T.);
#39=FACE_OUTER_BOUND('',#50,.T.);
#40=FACE_OUTER_BOUND('',#51,.T.);
#41=FACE_OUTER_BOUND('',#52,.T.);
#42=FACE_OUTER_BOUND('',#54,.T.);
#43=FACE_OUTER_BOUND('',#55,.T.);
#44=FACE_OUTER_BOUND('',#56,.T.);
#45=FACE_OUTER_BOUND('',#57,.T.);
#46=EDGE_LOOP('',(#140,#141,#142,#143,#144,#145,#146,#147,#148,#149));
#47=EDGE_LOOP('',(#150,#151));
#48=EDGE_LOOP('',(#152,#153,#154,#155,#156,#157));
#49=EDGE_LOOP('',(#158,#159,#160,#161,#162,#163,#164,#165,#166,#167,#168,
#169));
#50=EDGE_LOOP('',(#170,#171,#172,#173));
#51=EDGE_LOOP('',(#174,#175,#176,#177,#178,#179));
#52=EDGE_LOOP('',(#180));
#53=EDGE_LOOP('',(#181));
#54=EDGE_LOOP('',(#182,#183,#184,#185,#186,#187,#188,#189));
#55=EDGE_LOOP('',(#190,#191));
#56=EDGE_LOOP('',(#192,#193,#194,#195,#196,#197));
#57=EDGE_LOOP('',(#198,#199,#200,#201,#202,#203,#204,#205,#206,#207));
#58=B_SPLINE_CURVE_WITH_KNOTS('',3,(#3196,#3197,#3198,#3199,#3200,#3201,
#3202,#3203,#3204,#3205,#3206,#3207,#3208,#3209,#3210,#3211,#3212,#3213,
#3214,#3215,#3216,#3217,#3218,#3219,#3220,#3221,#3222,#3223,#3224,#3225,
#3226,#3227,#3228,#3229,#3230,#3231,#3232,#3233,#3234,#3235,#3236,#3237,
#3238,#3239,#3240,#3241,#3242,#3243,#3244,#3245,#3246,#3247,#3248,#3249,
#3250,#3251,#3252,#3253,#3254,#3255,#3256,#3257,#3258,#3259),
 .UNSPECIFIED.,.F.,.F.,(4,3,3,3,3,3,3,3,3,3,3,3,3,3,3,3,3,3,3,3,3,4),(0.00203893463948923,
0.0371843064848036,0.0575911930575443,0.0661952435873947,0.0844233510213134,
0.181923804757491,0.229624804952743,0.262476036460308,0.27087695125576,
0.279851114069883,0.583812972027903,0.82200391651365,1.03757841929207,1.17602744824213,
1.2531529220705,1.39617078403325,1.54761108540625,1.61813346597379,1.68832943169406,
1.76599370853476,1.86607904724069,1.97895797661424),.UNSPECIFIED.);
#59=B_SPLINE_CURVE_WITH_KNOTS('',3,(#3261,#3262,#3263,#3264,#3265,#3266,
#3267),.UNSPECIFIED.,.F.,.F.,(4,3,4),(0.230356735846259,0.29240469525065,
0.300910582061847),.UNSPECIFIED.);
#60=B_SPLINE_CURVE_WITH_KNOTS('',3,(#3269,#3270,#3271,#3272,#3273,#3274,
#3275,#3276,#3277,#3278,#3279,#3280,#3281,#3282),.UNSPECIFIED.,.F.,.F.,
(4,2,2,2,2,2,4),(-0.131976784358805,-0.130513637485424,-0.128041938197496,
-0.121737737682921,-0.114777859376219,-0.107589513913802,-0.09745854080386),
 .UNSPECIFIED.);
#61=B_SPLINE_CURVE_WITH_KNOTS('',3,(#3284,#3285,#3286,#3287,#3288,#3289,
#3290,#3291,#3292,#3293,#3294,#3295,#3296,#3297,#3298,#3299),
 .UNSPECIFIED.,.F.,.F.,(4,3,3,3,3,4),(0.0573032069382398,0.0695244644241714,
0.118306204301868,0.167185160064517,0.215795307059202,0.233978276868449),
 .UNSPECIFIED.);
#62=B_SPLINE_CURVE_WITH_KNOTS('',3,(#3301,#3302,#3303,#3304,#3305,#3306),
 .UNSPECIFIED.,.F.,.F.,(4,2,4),(0.,0.0536003064403206,0.110352655254381),
 .UNSPECIFIED.);
#63=B_SPLINE_CURVE_WITH_KNOTS('',3,(#3308,#3309,#3310,#3311,#3312,#3313,
#3314,#3315),.UNSPECIFIED.,.F.,.F.,(4,1,1,1,1,4),(0.13583917469215,0.211774454167204,
0.251457206301145,0.291139958435085,0.330822710569026,0.370505334403823),
 .UNSPECIFIED.);
#64=B_SPLINE_CURVE_WITH_KNOTS('',3,(#3317,#3318,#3319,#3320,#3321,#3322,
#3323,#3324,#3325,#3326,#3327),.UNSPECIFIED.,.F.,.F.,(4,1,1,1,1,1,1,1,4),
(0.370505334403823,0.370505462702967,0.449192279865096,0.527879097027225,
0.685252731351484,0.763939548513613,0.842626365675742,0.921313182837871,
1.),.UNSPECIFIED.);
#65=B_SPLINE_CURVE_WITH_KNOTS('',3,(#3329,#3330,#3331,#3332,#3333,#3334,
#3335,#3336,#3337,#3338,#3339,#3340,#3341,#3342,#3343,#3344,#3345,#3346,
#3347,#3348,#3349,#3350,#3351,#3352,#3353,#3354,#3355,#3356,#3357,#3358,
#3359,#3360,#3361,#3362,#3363,#3364,#3365,#3366,#3367,#3368,#3369,#3370,
#3371,#3372,#3373,#3374,#3375,#3376,#3377,#3378,#3379,#3380,#3381,#3382,
#3383,#3384,#3385,#3386,#3387,#3388,#3389,#3390,#3391,#3392,#3393,#3394,
#3395,#3396,#3397,#3398,#3399,#3400,#3401,#3402,#3403,#3404,#3405,#3406,
#3407,#3408,#3409,#3410,#3411,#3412,#3413,#3414,#3415,#3416,#3417,#3418,
#3419,#3420,#3421,#3422,#3423,#3424,#3425,#3426,#3427,#3428,#3429,#3430,
#3431,#3432,#3433,#3434,#3435,#3436,#3437,#3438,#3439,#3440,#3441,#3442,
#3443,#3444,#3445,#3446,#3447,#3448,#3449,#3450,#3451,#3452,#3453,#3454,
#3455,#3456,#3457,#3458,#3459,#3460,#3461,#3462,#3463,#3464,#3465,#3466,
#3467,#3468,#3469,#3470,#3471,#3472,#3473,#3474,#3475,#3476,#3477,#3478,
#3479,#3480,#3481,#3482,#3483,#3484,#3485,#3486,#3487,#3488,#3489,#3490,
#3491,#3492,#3493,#3494,#3495,#3496,#3497,#3498,#3499),.UNSPECIFIED.,.F.,
 .F.,(4,1,1,1,1,1,1,1,2,1,1,1,1,1,1,1,2,1,1,1,1,1,1,1,1,1,1,1,1,1,1,1,1,
1,1,1,1,1,1,1,1,1,1,1,1,1,1,1,1,1,1,1,1,1,1,1,1,1,1,1,1,1,1,1,1,1,1,1,1,
1,1,1,1,1,1,1,1,1,1,1,1,1,2,1,1,1,1,1,1,1,1,1,1,1,1,1,1,1,1,1,1,1,2,1,1,
1,2,1,1,1,1,1,1,1,1,1,1,1,1,1,2,1,1,1,1,1,1,1,1,1,1,1,1,1,1,1,1,1,1,1,1,
2,1,1,1,1,1,1,1,1,1,1,2,1,1,1,1,1,1,1,4),(0.,0.0107940858199749,0.0215881716399499,
0.0323822574599248,0.0431763432798997,0.0539704290998747,0.0647645149198496,
0.0755586007398245,0.0863526865597994,0.0981436417232746,0.10993459688675,
0.121725552050225,0.1335165072137,0.145307462377175,0.15709841754065,0.168889372704125,
0.180680327867601,0.187879919527119,0.195079511186638,0.202279102846156,
0.209478694505675,0.216678286165194,0.223877877824712,0.231077469484231,
0.238277061143749,0.245476652803268,0.252676244462786,0.259875836122305,
0.267075427781824,0.274275019441342,0.281474611100861,0.288674202760379,
0.295873794419898,0.303073386079417,0.310272977738935,0.317472569398454,
0.324672161057972,0.331871752717491,0.339071344377009,0.346270936036528,
0.353470527696047,0.360670119355565,0.367869711015084,0.375069302674602,
0.382268894334121,0.389468485993639,0.396668077653158,0.403867669312677,
0.411067260972195,0.418266852631714,0.425466444291232,0.432666035950751,
0.43986562761027,0.447065219269788,0.454264810929307,0.461464402588825,
0.468663994248344,0.475863585907862,0.483063177567381,0.4902627692269,0.497462360886418,
0.504661952545937,0.511861544205455,0.519061135864974,0.526260727524493,
0.533460319184011,0.54065991084353,0.547859502503048,0.555059094162567,
0.562258685822085,0.569458277481604,0.576657869141123,0.583857460800641,
0.59105705246016,0.598256644119678,0.605456235779197,0.612655827438716,
0.619855419098234,0.627055010757753,0.634254602417271,0.636054500332151,
0.637854398247031,0.64145419407679,0.641482087002193,0.641509979927597,
0.641565765778404,0.641677337480018,0.641788909181631,0.641900480883245,
0.642793054496156,0.643685628109066,0.644578201721976,0.64468977342359,
0.644745559274397,0.644801345125204,0.644857130976011,0.644912916826818,
0.644926863289519,0.644940809752221,0.644954756214923,0.644968702677625,
0.644996595603028,0.645024488528431,0.64864307199997,0.652261655471508,
0.655880238943046,0.659498822414585,0.659822527371574,0.660146232328563,
0.660227158567811,0.660308084807058,0.660469937285553,0.660793642242542,
0.662088462070499,0.664678101726414,0.669857381038242,0.671152200866199,
0.672447020694157,0.675036660350071,0.677626300005985,0.6802159396619,0.684562931301603,
0.686736427121454,0.688909922941306,0.689996670851232,0.691083418761157,
0.693256914581009,0.697603906220712,0.706297889500119,0.714991872779525,
0.723685856058931,0.732379839338337,0.741073822617744,0.74976780589715,
0.758461789176556,0.767155772455962,0.775849755735369,0.784543739014775,
0.793237722294181,0.801931705573588,0.810625688852994,0.8193196721324,0.831110627295875,
0.837006104877613,0.842901582459351,0.848797060041088,0.854692537622826,
0.866483492786301,0.878274447949776,0.890065403113251,0.901856358276726,
0.907751835858464,0.913647313440202,0.924441399260177,0.935235485080151,
0.946029570900126,0.956823656720101,0.967617742540076,0.97841182836005,
0.989205914180025,1.),.UNSPECIFIED.);
#66=B_SPLINE_CURVE_WITH_KNOTS('',3,(#3501,#3502,#3503,#3504,#3505,#3506,
#3507,#3508,#3509,#3510),.UNSPECIFIED.,.F.,.F.,(4,1,1,1,1,1,1,4),(0.370505828164059,
0.449192279865096,0.527879097027225,0.685252731351484,0.763939548513613,
0.842626365675742,0.921313182837871,1.),.UNSPECIFIED.);
#67=B_SPLINE_CURVE_WITH_KNOTS('',3,(#3511,#3512,#3513,#3514,#3515,#3516,
#3517,#3518,#3519,#3520,#3521),.UNSPECIFIED.,.F.,.F.,(4,1,1,1,1,1,1,1,4),
(0.0818290713606456,0.0927261977653814,0.132408949899322,0.211774454167204,
0.251457206301145,0.291139958435085,0.330822710569026,0.370505462702967,
0.37050582816406),.UNSPECIFIED.);
#68=B_SPLINE_CURVE_WITH_KNOTS('',3,(#3523,#3524,#3525,#3526,#3527,#3528,
#3529,#3530,#3531,#3532,#3533,#3534,#3535,#3536,#3537,#3538,#3539,#3540,
#3541,#3542,#3543,#3544,#3545,#3546,#3547,#3548),.UNSPECIFIED.,.F.,.F.,
(4,1,1,1,1,2,1,1,1,2,1,1,1,1,1,2,1,1,2,4),(0.,0.210296134129596,0.420592268259193,
0.525740335323991,0.630888402388789,0.841184536518386,0.842260970894959,
0.843337405271532,0.845490274024677,0.849796011530969,0.858523958642383,
0.867251905753797,0.871615879309504,0.875979852865211,0.880343826420918,
0.884707799976625,0.909692425183938,0.922184737787594,0.93467705039125,
1.),.UNSPECIFIED.);
#69=B_SPLINE_CURVE_WITH_KNOTS('',3,(#3835,#3836,#3837,#3838,#3839,#3840,
#3841,#3842,#3843,#3844,#3845,#3846,#3847,#3848,#3849,#3850),
 .UNSPECIFIED.,.F.,.F.,(4,2,2,2,2,2,2,4),(0.,0.0142973163333712,0.0208699437784066,
0.0307190622528349,0.0394924746471867,0.0478152749147918,0.140052498722487,
0.228784679229534),.UNSPECIFIED.);
#70=B_SPLINE_CURVE_WITH_KNOTS('',3,(#3860,#3861,#3862,#3863,#3864,#3865,
#3866,#3867,#3868,#3869,#3870,#3871,#3872,#3873,#3874,#3875,#3876,#3877,
#3878,#3879,#3880,#3881,#3882,#3883,#3884,#3885,#3886,#3887,#3888,#3889,
#3890,#3891,#3892,#3893,#3894,#3895,#3896,#3897,#3898,#3899,#3900,#3901,
#3902,#3903,#3904,#3905,#3906,#3907,#3908,#3909,#3910,#3911,#3912,#3913,
#3914,#3915,#3916,#3917,#3918,#3919,#3920,#3921,#3922,#3923),
 .UNSPECIFIED.,.F.,.F.,(4,3,3,3,3,3,3,3,3,3,3,3,3,3,3,3,3,3,3,3,3,4),(-2.33453041951517,
-2.2045806454928,-2.12416222530514,-2.06823429476873,-1.94785976332345,
-1.86494279865947,-1.76746512753782,-1.56749922625909,-1.43290269694114,
-1.33115970409684,-0.828396466028997,-0.582758359370616,-0.405075924724489,
-0.262850907071299,-0.232636732500805,-0.209520604007874,-0.144287081192525,
-0.10173440884636,-0.0732312974015399,-0.0685976925788499,-0.0343958390631911,
0.),.UNSPECIFIED.);
#71=B_SPLINE_CURVE_WITH_KNOTS('',3,(#3925,#3926,#3927,#3928,#3929,#3930,
#3931,#3932,#3933,#3934,#3935,#3936,#3937,#3938,#3939,#3940),
 .UNSPECIFIED.,.F.,.F.,(4,2,2,2,2,2,2,4),(-0.228784679229313,-0.140052498722367,
-0.047815274914776,-0.0394924746471764,-0.0307190622528274,-0.0208699437784018,
-0.0142973163333694,0.),.UNSPECIFIED.);
#72=B_SPLINE_CURVE_WITH_KNOTS('',3,(#3942,#3943,#3944,#3945,#3946,#3947),
 .UNSPECIFIED.,.F.,.F.,(4,2,4),(-0.122143574756591,-0.0529530591531346,
0.),.UNSPECIFIED.);
#73=B_SPLINE_CURVE_WITH_KNOTS('',3,(#3952,#3953,#3954,#3955,#3956,#3957,
#3958),.UNSPECIFIED.,.F.,.F.,(4,3,4),(-0.300910582061857,-0.25857727950505,
-0.230356735857787),.UNSPECIFIED.);
#74=B_SPLINE_CURVE_WITH_KNOTS('',3,(#3961,#3962,#3963,#3964),
 .UNSPECIFIED.,.F.,.F.,(4,4),(-0.233978276869362,-0.0573032069382409),
 .UNSPECIFIED.);
#75=B_SPLINE_CURVE_WITH_KNOTS('',3,(#3973,#3974,#3975,#3976,#3977,#3978,
#3979,#3980,#3981,#3982,#3983,#3984,#3985,#3986),.UNSPECIFIED.,.F.,.F.,
(4,2,2,2,2,2,4),(-0.131976784665705,-0.130513637484724,-0.128041938196854,
-0.121737737682414,-0.114777859375855,-0.107589513913583,-0.0974585407983333),
 .UNSPECIFIED.);
#76=B_SPLINE_CURVE_WITH_KNOTS('',3,(#3990,#3991,#3992,#3993,#3994,#3995,
#3996,#3997,#3998,#3999,#4000,#4001,#4002,#4003,#4004,#4005,#4006,#4007,
#4008,#4009,#4010,#4011,#4012,#4013,#4014,#4015),.UNSPECIFIED.,.F.,.F.,
(4,1,1,1,1,2,1,1,1,2,1,1,1,1,1,2,1,1,2,4),(0.,0.210296134129596,0.420592268259193,
0.525740335323991,0.630888402388789,0.841184536518386,0.842260970894959,
0.843337405271532,0.845490274024677,0.849796011530969,0.858523958642383,
0.867251905753797,0.871615879309504,0.875979852865211,0.880343826420918,
0.884707799976625,0.909692425183938,0.922184737787594,0.93467705039125,
1.),.UNSPECIFIED.);
#77=B_SPLINE_CURVE_WITH_KNOTS('',3,(#4016,#4017,#4018,#4019,#4020,#4021,
#4022,#4023,#4024,#4025,#4026,#4027,#4028,#4029,#4030,#4031,#4032,#4033,
#4034,#4035,#4036,#4037,#4038,#4039,#4040,#4041,#4042,#4043,#4044,#4045,
#4046,#4047,#4048,#4049,#4050,#4051,#4052,#4053,#4054,#4055,#4056,#4057,
#4058,#4059,#4060,#4061,#4062,#4063,#4064,#4065,#4066,#4067,#4068,#4069,
#4070,#4071,#4072,#4073,#4074,#4075,#4076,#4077,#4078,#4079,#4080,#4081,
#4082,#4083,#4084,#4085,#4086,#4087,#4088,#4089,#4090,#4091,#4092,#4093,
#4094,#4095,#4096,#4097,#4098,#4099,#4100,#4101,#4102,#4103,#4104,#4105,
#4106,#4107,#4108,#4109,#4110,#4111,#4112,#4113,#4114,#4115,#4116,#4117,
#4118,#4119,#4120,#4121,#4122,#4123,#4124,#4125,#4126,#4127,#4128,#4129,
#4130,#4131,#4132,#4133,#4134,#4135,#4136,#4137,#4138,#4139,#4140,#4141,
#4142,#4143,#4144,#4145,#4146,#4147,#4148,#4149,#4150,#4151,#4152,#4153,
#4154,#4155,#4156,#4157,#4158,#4159,#4160,#4161,#4162,#4163,#4164,#4165,
#4166,#4167,#4168,#4169,#4170,#4171,#4172,#4173,#4174,#4175,#4176,#4177,
#4178,#4179,#4180,#4181,#4182,#4183,#4184,#4185),.UNSPECIFIED.,.F.,.F.,
(4,1,1,1,1,1,1,1,2,1,1,1,1,1,1,1,2,1,1,1,1,1,1,1,1,1,1,1,1,1,1,1,1,1,1,
1,1,1,1,1,1,1,1,1,1,1,1,1,1,1,1,1,1,1,1,1,1,1,1,1,1,1,1,1,1,1,1,1,1,1,1,
1,1,1,1,1,1,1,1,1,1,1,1,2,1,1,1,1,1,1,1,1,1,1,1,1,1,1,1,1,1,2,1,1,1,2,1,
1,1,1,1,1,1,1,1,1,1,1,1,2,1,1,1,1,1,1,1,1,1,1,1,1,1,1,1,1,1,1,1,1,2,1,1,
1,1,1,1,1,1,1,1,2,1,1,1,1,1,1,1,4),(0.,0.0107940858199749,0.0215881716399499,
0.0323822574599248,0.0431763432798997,0.0539704290998747,0.0647645149198496,
0.0755586007398245,0.0863526865597994,0.0981436417232746,0.10993459688675,
0.121725552050225,0.1335165072137,0.145307462377175,0.15709841754065,0.168889372704125,
0.180680327867601,0.187879919527119,0.195079511186638,0.202279102846156,
0.209478694505675,0.216678286165194,0.223877877824712,0.231077469484231,
0.238277061143749,0.245476652803268,0.252676244462786,0.259875836122305,
0.267075427781824,0.274275019441342,0.281474611100861,0.288674202760379,
0.295873794419898,0.303073386079417,0.310272977738935,0.317472569398454,
0.324672161057972,0.331871752717491,0.339071344377009,0.346270936036528,
0.353470527696047,0.360670119355565,0.367869711015084,0.375069302674602,
0.382268894334121,0.389468485993639,0.396668077653158,0.403867669312677,
0.411067260972195,0.418266852631714,0.425466444291232,0.432666035950751,
0.43986562761027,0.447065219269788,0.454264810929307,0.461464402588825,
0.468663994248344,0.475863585907862,0.483063177567381,0.4902627692269,0.497462360886418,
0.504661952545937,0.511861544205455,0.519061135864974,0.526260727524493,
0.533460319184011,0.54065991084353,0.547859502503048,0.555059094162567,
0.562258685822085,0.569458277481604,0.576657869141123,0.583857460800641,
0.59105705246016,0.598256644119678,0.605456235779197,0.612655827438716,
0.619855419098234,0.627055010757753,0.628854908672632,0.630654806587512,
0.634254602417271,0.637854398247031,0.64145419407679,0.641565765778404,
0.641677337480018,0.641900480883245,0.6423467676897,0.642793054496156,0.643685628109066,
0.644131914915521,0.644578201721976,0.644801345125204,0.644857130976011,
0.644912916826818,0.644940809752221,0.644954756214923,0.644968702677625,
0.644982649140326,0.644996595603028,0.64501054206573,0.645024488528431,
0.64864307199997,0.652261655471508,0.655880238943046,0.659498822414585,
0.659822527371574,0.660146232328563,0.660308084807058,0.660469937285553,
0.660793642242542,0.662088462070499,0.664678101726414,0.667267741382328,
0.669857381038242,0.672447020694157,0.675036660350071,0.676331480178028,
0.677626300005985,0.6802159396619,0.684562931301603,0.686736427121454,0.688909922941306,
0.693256914581009,0.694343662490935,0.695430410400861,0.697603906220712,
0.706297889500119,0.714991872779525,0.723685856058931,0.732379839338337,
0.741073822617744,0.74976780589715,0.758461789176556,0.767155772455962,
0.775849755735369,0.784543739014775,0.793237722294181,0.801931705573588,
0.810625688852994,0.8193196721324,0.831110627295875,0.837006104877613,0.842901582459351,
0.848797060041088,0.854692537622826,0.866483492786301,0.878274447949776,
0.890065403113251,0.901856358276726,0.907751835858464,0.913647313440202,
0.924441399260177,0.935235485080151,0.946029570900126,0.956823656720101,
0.967617742540076,0.97841182836005,0.989205914180025,1.),.UNSPECIFIED.);
#78=B_SPLINE_CURVE_WITH_KNOTS('',3,(#4473,#4474,#4475,#4476,#4477,#4478,
#4479,#4480,#4481,#4482,#4483),.UNSPECIFIED.,.F.,.F.,(4,1,1,1,1,1,1,1,4),
(0.0818290720172112,0.0927260144436777,0.132408792766433,0.211774349411945,
0.2514571277347,0.291139906057456,0.330822684380211,0.370505462702967,0.37050582950275),
 .UNSPECIFIED.);
#79=B_SPLINE_CURVE_WITH_KNOTS('',3,(#4484,#4485,#4486,#4487,#4488,#4489,
#4490,#4491,#4492,#4493),.UNSPECIFIED.,.F.,.F.,(4,1,1,1,1,1,1,4),(0.37050582950275,
0.449192279865096,0.527879097027225,0.685252731351484,0.763939548513613,
0.842626365675742,0.921313182837871,1.),.UNSPECIFIED.);
#80=B_SPLINE_CURVE_WITH_KNOTS('',3,(#4495,#4496,#4497,#4498,#4499,#4500,
#4501,#4502,#4503,#4504,#4505),.UNSPECIFIED.,.F.,.F.,(4,1,1,1,1,1,1,1,4),
(0.370505307016177,0.370505462702967,0.449192279865096,0.527879097027225,
0.685252731351484,0.763939548513613,0.842626365675742,0.921313182837871,
1.),.UNSPECIFIED.);
#81=B_SPLINE_CURVE_WITH_KNOTS('',3,(#4506,#4507,#4508,#4509,#4510,#4511,
#4512,#4513),.UNSPECIFIED.,.F.,.F.,(4,1,1,1,1,4),(0.135839172099502,0.211774349411945,
0.2514571277347,0.291139906057456,0.330822684380211,0.370505307016177),
 .UNSPECIFIED.);
#82=VERTEX_POINT('',#3194);
#83=VERTEX_POINT('',#3195);
#84=VERTEX_POINT('',#3260);
#85=VERTEX_POINT('',#3268);
#86=VERTEX_POINT('',#3283);
#87=VERTEX_POINT('',#3300);
#88=VERTEX_POINT('',#3307);
#89=VERTEX_POINT('',#3316);
#90=VERTEX_POINT('',#3328);
#91=VERTEX_POINT('',#3500);
#92=VERTEX_POINT('',#3852);
#93=VERTEX_POINT('',#3854);
#94=VERTEX_POINT('',#3857);
#95=VERTEX_POINT('',#3859);
#96=VERTEX_POINT('',#3924);
#97=VERTEX_POINT('',#3941);
#98=VERTEX_POINT('',#3950);
#99=VERTEX_POINT('',#3960);
#100=VERTEX_POINT('',#3965);
#101=VERTEX_POINT('',#3969);
#102=VERTEX_POINT('',#3988);
#103=VERTEX_POINT('',#3989);
#104=VERTEX_POINT('',#4472);
#105=VERTEX_POINT('',#4494);
#106=EDGE_CURVE('',#82,#83,#58,.T.);
#107=EDGE_CURVE('',#84,#82,#59,.T.);
#108=EDGE_CURVE('',#84,#85,#60,.T.);
#109=EDGE_CURVE('',#86,#85,#61,.T.);
#110=EDGE_CURVE('',#87,#86,#62,.T.);
#111=EDGE_CURVE('',#87,#88,#63,.T.);
#112=EDGE_CURVE('',#88,#89,#64,.T.);
#113=EDGE_CURVE('',#90,#89,#65,.T.);
#114=EDGE_CURVE('',#91,#90,#66,.T.);
#115=EDGE_CURVE('',#83,#91,#67,.T.);
#116=EDGE_CURVE('',#89,#90,#68,.T.);
#117=EDGE_CURVE('',#83,#87,#69,.T.);
#118=EDGE_CURVE('',#92,#92,#20,.T.);
#119=EDGE_CURVE('',#92,#93,#16,.T.);
#120=EDGE_CURVE('',#93,#82,#21,.T.);
#121=EDGE_CURVE('',#86,#94,#22,.T.);
#122=EDGE_CURVE('',#95,#94,#70,.T.);
#123=EDGE_CURVE('',#96,#95,#71,.T.);
#124=EDGE_CURVE('',#97,#96,#72,.T.);
#125=EDGE_CURVE('',#97,#93,#23,.T.);
#126=EDGE_CURVE('',#98,#85,#24,.T.);
#127=EDGE_CURVE('',#94,#98,#73,.T.);
#128=EDGE_CURVE('',#99,#97,#74,.T.);
#129=EDGE_CURVE('',#100,#99,#25,.T.);
#130=EDGE_CURVE('',#84,#100,#26,.T.);
#131=EDGE_CURVE('',#101,#101,#27,.T.);
#132=EDGE_CURVE('',#100,#101,#17,.T.);
#133=EDGE_CURVE('',#98,#99,#75,.T.);
#134=EDGE_CURVE('',#102,#103,#76,.T.);
#135=EDGE_CURVE('',#103,#102,#77,.T.);
#136=EDGE_CURVE('',#95,#104,#78,.T.);
#137=EDGE_CURVE('',#104,#103,#79,.T.);
#138=EDGE_CURVE('',#105,#102,#80,.T.);
#139=EDGE_CURVE('',#96,#105,#81,.T.);
#140=ORIENTED_EDGE('',*,*,#106,.F.);
#141=ORIENTED_EDGE('',*,*,#107,.F.);
#142=ORIENTED_EDGE('',*,*,#108,.T.);
#143=ORIENTED_EDGE('',*,*,#109,.F.);
#144=ORIENTED_EDGE('',*,*,#110,.F.);
#145=ORIENTED_EDGE('',*,*,#111,.T.);
#146=ORIENTED_EDGE('',*,*,#112,.T.);
#147=ORIENTED_EDGE('',*,*,#113,.F.);
#148=ORIENTED_EDGE('',*,*,#114,.F.);
#149=ORIENTED_EDGE('',*,*,#115,.F.);
#150=ORIENTED_EDGE('',*,*,#116,.T.);
#151=ORIENTED_EDGE('',*,*,#113,.T.);
#152=ORIENTED_EDGE('',*,*,#117,.F.);
#153=ORIENTED_EDGE('',*,*,#115,.T.);
#154=ORIENTED_EDGE('',*,*,#114,.T.);
#155=ORIENTED_EDGE('',*,*,#116,.F.);
#156=ORIENTED_EDGE('',*,*,#112,.F.);
#157=ORIENTED_EDGE('',*,*,#111,.F.);
#158=ORIENTED_EDGE('',*,*,#118,.F.);
#159=ORIENTED_EDGE('',*,*,#119,.T.);
#160=ORIENTED_EDGE('',*,*,#120,.T.);
#161=ORIENTED_EDGE('',*,*,#106,.T.);
#162=ORIENTED_EDGE('',*,*,#117,.T.);
#163=ORIENTED_EDGE('',*,*,#110,.T.);
#164=ORIENTED_EDGE('',*,*,#121,.T.);
#165=ORIENTED_EDGE('',*,*,#122,.F.);
#166=ORIENTED_EDGE('',*,*,#123,.F.);
#167=ORIENTED_EDGE('',*,*,#124,.F.);
#168=ORIENTED_EDGE('',*,*,#125,.T.);
#169=ORIENTED_EDGE('',*,*,#119,.F.);
#170=ORIENTED_EDGE('',*,*,#109,.T.);
#171=ORIENTED_EDGE('',*,*,#126,.F.);
#172=ORIENTED_EDGE('',*,*,#127,.F.);
#173=ORIENTED_EDGE('',*,*,#121,.F.);
#174=ORIENTED_EDGE('',*,*,#107,.T.);
#175=ORIENTED_EDGE('',*,*,#120,.F.);
#176=ORIENTED_EDGE('',*,*,#125,.F.);
#177=ORIENTED_EDGE('',*,*,#128,.F.);
#178=ORIENTED_EDGE('',*,*,#129,.F.);
#179=ORIENTED_EDGE('',*,*,#130,.F.);
#180=ORIENTED_EDGE('',*,*,#118,.T.);
#181=ORIENTED_EDGE('',*,*,#131,.T.);
#182=ORIENTED_EDGE('',*,*,#130,.T.);
#183=ORIENTED_EDGE('',*,*,#132,.T.);
#184=ORIENTED_EDGE('',*,*,#131,.F.);
#185=ORIENTED_EDGE('',*,*,#132,.F.);
#186=ORIENTED_EDGE('',*,*,#129,.T.);
#187=ORIENTED_EDGE('',*,*,#133,.F.);
#188=ORIENTED_EDGE('',*,*,#126,.T.);
#189=ORIENTED_EDGE('',*,*,#108,.F.);
#190=ORIENTED_EDGE('',*,*,#134,.T.);
#191=ORIENTED_EDGE('',*,*,#135,.T.);
#192=ORIENTED_EDGE('',*,*,#123,.T.);
#193=ORIENTED_EDGE('',*,*,#136,.T.);
#194=ORIENTED_EDGE('',*,*,#137,.T.);
#195=ORIENTED_EDGE('',*,*,#134,.F.);
#196=ORIENTED_EDGE('',*,*,#138,.F.);
#197=ORIENTED_EDGE('',*,*,#139,.F.);
#198=ORIENTED_EDGE('',*,*,#127,.T.);
#199=ORIENTED_EDGE('',*,*,#133,.T.);
#200=ORIENTED_EDGE('',*,*,#128,.T.);
#201=ORIENTED_EDGE('',*,*,#124,.T.);
#202=ORIENTED_EDGE('',*,*,#139,.T.);
#203=ORIENTED_EDGE('',*,*,#138,.T.);
#204=ORIENTED_EDGE('',*,*,#135,.F.);
#205=ORIENTED_EDGE('',*,*,#137,.F.);
#206=ORIENTED_EDGE('',*,*,#136,.F.);
#207=ORIENTED_EDGE('',*,*,#122,.T.);
#208=B_SPLINE_SURFACE_WITH_KNOTS('',3,3,((#287,#288,#289,#290,#291,#292,
#293,#294,#295,#296,#297,#298,#299,#300,#301,#302,#303),(#304,#305,#306,
#307,#308,#309,#310,#311,#312,#313,#314,#315,#316,#317,#318,#319,#320),
(#321,#322,#323,#324,#325,#326,#327,#328,#329,#330,#331,#332,#333,#334,
#335,#336,#337),(#338,#339,#340,#341,#342,#343,#344,#345,#346,#347,#348,
#349,#350,#351,#352,#353,#354),(#355,#356,#357,#358,#359,#360,#361,#362,
#363,#364,#365,#366,#367,#368,#369,#370,#371),(#372,#373,#374,#375,#376,
#377,#378,#379,#380,#381,#382,#383,#384,#385,#386,#387,#388),(#389,#390,
#391,#392,#393,#394,#395,#396,#397,#398,#399,#400,#401,#402,#403,#404,#405),
(#406,#407,#408,#409,#410,#411,#412,#413,#414,#415,#416,#417,#418,#419,
#420,#421,#422),(#423,#424,#425,#426,#427,#428,#429,#430,#431,#432,#433,
#434,#435,#436,#437,#438,#439),(#440,#441,#442,#443,#444,#445,#446,#447,
#448,#449,#450,#451,#452,#453,#454,#455,#456),(#457,#458,#459,#460,#461,
#462,#463,#464,#465,#466,#467,#468,#469,#470,#471,#472,#473),(#474,#475,
#476,#477,#478,#479,#480,#481,#482,#483,#484,#485,#486,#487,#488,#489,#490),
(#491,#492,#493,#494,#495,#496,#497,#498,#499,#500,#501,#502,#503,#504,
#505,#506,#507),(#508,#509,#510,#511,#512,#513,#514,#515,#516,#517,#518,
#519,#520,#521,#522,#523,#524),(#525,#526,#527,#528,#529,#530,#531,#532,
#533,#534,#535,#536,#537,#538,#539,#540,#541),(#542,#543,#544,#545,#546,
#547,#548,#549,#550,#551,#552,#553,#554,#555,#556,#557,#558),(#559,#560,
#561,#562,#563,#564,#565,#566,#567,#568,#569,#570,#571,#572,#573,#574,#575),
(#576,#577,#578,#579,#580,#581,#582,#583,#584,#585,#586,#587,#588,#589,
#590,#591,#592),(#593,#594,#595,#596,#597,#598,#599,#600,#601,#602,#603,
#604,#605,#606,#607,#608,#609),(#610,#611,#612,#613,#614,#615,#616,#617,
#618,#619,#620,#621,#622,#623,#624,#625,#626),(#627,#628,#629,#630,#631,
#632,#633,#634,#635,#636,#637,#638,#639,#640,#641,#642,#643),(#644,#645,
#646,#647,#648,#649,#650,#651,#652,#653,#654,#655,#656,#657,#658,#659,#660),
(#661,#662,#663,#664,#665,#666,#667,#668,#669,#670,#671,#672,#673,#674,
#675,#676,#677),(#678,#679,#680,#681,#682,#683,#684,#685,#686,#687,#688,
#689,#690,#691,#692,#693,#694),(#695,#696,#697,#698,#699,#700,#701,#702,
#703,#704,#705,#706,#707,#708,#709,#710,#711),(#712,#713,#714,#715,#716,
#717,#718,#719,#720,#721,#722,#723,#724,#725,#726,#727,#728),(#729,#730,
#731,#732,#733,#734,#735,#736,#737,#738,#739,#740,#741,#742,#743,#744,#745),
(#746,#747,#748,#749,#750,#751,#752,#753,#754,#755,#756,#757,#758,#759,
#760,#761,#762),(#763,#764,#765,#766,#767,#768,#769,#770,#771,#772,#773,
#774,#775,#776,#777,#778,#779),(#780,#781,#782,#783,#784,#785,#786,#787,
#788,#789,#790,#791,#792,#793,#794,#795,#796),(#797,#798,#799,#800,#801,
#802,#803,#804,#805,#806,#807,#808,#809,#810,#811,#812,#813),(#814,#815,
#816,#817,#818,#819,#820,#821,#822,#823,#824,#825,#826,#827,#828,#829,#830),
(#831,#832,#833,#834,#835,#836,#837,#838,#839,#840,#841,#842,#843,#844,
#845,#846,#847),(#848,#849,#850,#851,#852,#853,#854,#855,#856,#857,#858,
#859,#860,#861,#862,#863,#864),(#865,#866,#867,#868,#869,#870,#871,#872,
#873,#874,#875,#876,#877,#878,#879,#880,#881),(#882,#883,#884,#885,#886,
#887,#888,#889,#890,#891,#892,#893,#894,#895,#896,#897,#898),(#899,#900,
#901,#902,#903,#904,#905,#906,#907,#908,#909,#910,#911,#912,#913,#914,#915),
(#916,#917,#918,#919,#920,#921,#922,#923,#924,#925,#926,#927,#928,#929,
#930,#931,#932),(#933,#934,#935,#936,#937,#938,#939,#940,#941,#942,#943,
#944,#945,#946,#947,#948,#949),(#950,#951,#952,#953,#954,#955,#956,#957,
#958,#959,#960,#961,#962,#963,#964,#965,#966),(#967,#968,#969,#970,#971,
#972,#973,#974,#975,#976,#977,#978,#979,#980,#981,#982,#983),(#984,#985,
#986,#987,#988,#989,#990,#991,#992,#993,#994,#995,#996,#997,#998,#999,#1000),
(#1001,#1002,#1003,#1004,#1005,#1006,#1007,#1008,#1009,#1010,#1011,#1012,
#1013,#1014,#1015,#1016,#1017),(#1018,#1019,#1020,#1021,#1022,#1023,#1024,
#1025,#1026,#1027,#1028,#1029,#1030,#1031,#1032,#1033,#1034),(#1035,#1036,
#1037,#1038,#1039,#1040,#1041,#1042,#1043,#1044,#1045,#1046,#1047,#1048,
#1049,#1050,#1051),(#1052,#1053,#1054,#1055,#1056,#1057,#1058,#1059,#1060,
#1061,#1062,#1063,#1064,#1065,#1066,#1067,#1068),(#1069,#1070,#1071,#1072,
#1073,#1074,#1075,#1076,#1077,#1078,#1079,#1080,#1081,#1082,#1083,#1084,
#1085),(#1086,#1087,#1088,#1089,#1090,#1091,#1092,#1093,#1094,#1095,#1096,
#1097,#1098,#1099,#1100,#1101,#1102),(#1103,#1104,#1105,#1106,#1107,#1108,
#1109,#1110,#1111,#1112,#1113,#1114,#1115,#1116,#1117,#1118,#1119),(#1120,
#1121,#1122,#1123,#1124,#1125,#1126,#1127,#1128,#1129,#1130,#1131,#1132,
#1133,#1134,#1135,#1136),(#1137,#1138,#1139,#1140,#1141,#1142,#1143,#1144,
#1145,#1146,#1147,#1148,#1149,#1150,#1151,#1152,#1153),(#1154,#1155,#1156,
#1157,#1158,#1159,#1160,#1161,#1162,#1163,#1164,#1165,#1166,#1167,#1168,
#1169,#1170),(#1171,#1172,#1173,#1174,#1175,#1176,#1177,#1178,#1179,#1180,
#1181,#1182,#1183,#1184,#1185,#1186,#1187),(#1188,#1189,#1190,#1191,#1192,
#1193,#1194,#1195,#1196,#1197,#1198,#1199,#1200,#1201,#1202,#1203,#1204),
(#1205,#1206,#1207,#1208,#1209,#1210,#1211,#1212,#1213,#1214,#1215,#1216,
#1217,#1218,#1219,#1220,#1221),(#1222,#1223,#1224,#1225,#1226,#1227,#1228,
#1229,#1230,#1231,#1232,#1233,#1234,#1235,#1236,#1237,#1238),(#1239,#1240,
#1241,#1242,#1243,#1244,#1245,#1246,#1247,#1248,#1249,#1250,#1251,#1252,
#1253,#1254,#1255),(#1256,#1257,#1258,#1259,#1260,#1261,#1262,#1263,#1264,
#1265,#1266,#1267,#1268,#1269,#1270,#1271,#1272),(#1273,#1274,#1275,#1276,
#1277,#1278,#1279,#1280,#1281,#1282,#1283,#1284,#1285,#1286,#1287,#1288,
#1289),(#1290,#1291,#1292,#1293,#1294,#1295,#1296,#1297,#1298,#1299,#1300,
#1301,#1302,#1303,#1304,#1305,#1306),(#1307,#1308,#1309,#1310,#1311,#1312,
#1313,#1314,#1315,#1316,#1317,#1318,#1319,#1320,#1321,#1322,#1323),(#1324,
#1325,#1326,#1327,#1328,#1329,#1330,#1331,#1332,#1333,#1334,#1335,#1336,
#1337,#1338,#1339,#1340),(#1341,#1342,#1343,#1344,#1345,#1346,#1347,#1348,
#1349,#1350,#1351,#1352,#1353,#1354,#1355,#1356,#1357),(#1358,#1359,#1360,
#1361,#1362,#1363,#1364,#1365,#1366,#1367,#1368,#1369,#1370,#1371,#1372,
#1373,#1374),(#1375,#1376,#1377,#1378,#1379,#1380,#1381,#1382,#1383,#1384,
#1385,#1386,#1387,#1388,#1389,#1390,#1391),(#1392,#1393,#1394,#1395,#1396,
#1397,#1398,#1399,#1400,#1401,#1402,#1403,#1404,#1405,#1406,#1407,#1408),
(#1409,#1410,#1411,#1412,#1413,#1414,#1415,#1416,#1417,#1418,#1419,#1420,
#1421,#1422,#1423,#1424,#1425),(#1426,#1427,#1428,#1429,#1430,#1431,#1432,
#1433,#1434,#1435,#1436,#1437,#1438,#1439,#1440,#1441,#1442),(#1443,#1444,
#1445,#1446,#1447,#1448,#1449,#1450,#1451,#1452,#1453,#1454,#1455,#1456,
#1457,#1458,#1459),(#1460,#1461,#1462,#1463,#1464,#1465,#1466,#1467,#1468,
#1469,#1470,#1471,#1472,#1473,#1474,#1475,#1476),(#1477,#1478,#1479,#1480,
#1481,#1482,#1483,#1484,#1485,#1486,#1487,#1488,#1489,#1490,#1491,#1492,
#1493),(#1494,#1495,#1496,#1497,#1498,#1499,#1500,#1501,#1502,#1503,#1504,
#1505,#1506,#1507,#1508,#1509,#1510),(#1511,#1512,#1513,#1514,#1515,#1516,
#1517,#1518,#1519,#1520,#1521,#1522,#1523,#1524,#1525,#1526,#1527),(#1528,
#1529,#1530,#1531,#1532,#1533,#1534,#1535,#1536,#1537,#1538,#1539,#1540,
#1541,#1542,#1543,#1544),(#1545,#1546,#1547,#1548,#1549,#1550,#1551,#1552,
#1553,#1554,#1555,#1556,#1557,#1558,#1559,#1560,#1561),(#1562,#1563,#1564,
#1565,#1566,#1567,#1568,#1569,#1570,#1571,#1572,#1573,#1574,#1575,#1576,
#1577,#1578),(#1579,#1580,#1581,#1582,#1583,#1584,#1585,#1586,#1587,#1588,
#1589,#1590,#1591,#1592,#1593,#1594,#1595),(#1596,#1597,#1598,#1599,#1600,
#1601,#1602,#1603,#1604,#1605,#1606,#1607,#1608,#1609,#1610,#1611,#1612),
(#1613,#1614,#1615,#1616,#1617,#1618,#1619,#1620,#1621,#1622,#1623,#1624,
#1625,#1626,#1627,#1628,#1629),(#1630,#1631,#1632,#1633,#1634,#1635,#1636,
#1637,#1638,#1639,#1640,#1641,#1642,#1643,#1644,#1645,#1646),(#1647,#1648,
#1649,#1650,#1651,#1652,#1653,#1654,#1655,#1656,#1657,#1658,#1659,#1660,
#1661,#1662,#1663),(#1664,#1665,#1666,#1667,#1668,#1669,#1670,#1671,#1672,
#1673,#1674,#1675,#1676,#1677,#1678,#1679,#1680),(#1681,#1682,#1683,#1684,
#1685,#1686,#1687,#1688,#1689,#1690,#1691,#1692,#1693,#1694,#1695,#1696,
#1697),(#1698,#1699,#1700,#1701,#1702,#1703,#1704,#1705,#1706,#1707,#1708,
#1709,#1710,#1711,#1712,#1713,#1714),(#1715,#1716,#1717,#1718,#1719,#1720,
#1721,#1722,#1723,#1724,#1725,#1726,#1727,#1728,#1729,#1730,#1731),(#1732,
#1733,#1734,#1735,#1736,#1737,#1738,#1739,#1740,#1741,#1742,#1743,#1744,
#1745,#1746,#1747,#1748),(#1749,#1750,#1751,#1752,#1753,#1754,#1755,#1756,
#1757,#1758,#1759,#1760,#1761,#1762,#1763,#1764,#1765),(#1766,#1767,#1768,
#1769,#1770,#1771,#1772,#1773,#1774,#1775,#1776,#1777,#1778,#1779,#1780,
#1781,#1782),(#1783,#1784,#1785,#1786,#1787,#1788,#1789,#1790,#1791,#1792,
#1793,#1794,#1795,#1796,#1797,#1798,#1799),(#1800,#1801,#1802,#1803,#1804,
#1805,#1806,#1807,#1808,#1809,#1810,#1811,#1812,#1813,#1814,#1815,#1816),
(#1817,#1818,#1819,#1820,#1821,#1822,#1823,#1824,#1825,#1826,#1827,#1828,
#1829,#1830,#1831,#1832,#1833),(#1834,#1835,#1836,#1837,#1838,#1839,#1840,
#1841,#1842,#1843,#1844,#1845,#1846,#1847,#1848,#1849,#1850),(#1851,#1852,
#1853,#1854,#1855,#1856,#1857,#1858,#1859,#1860,#1861,#1862,#1863,#1864,
#1865,#1866,#1867),(#1868,#1869,#1870,#1871,#1872,#1873,#1874,#1875,#1876,
#1877,#1878,#1879,#1880,#1881,#1882,#1883,#1884),(#1885,#1886,#1887,#1888,
#1889,#1890,#1891,#1892,#1893,#1894,#1895,#1896,#1897,#1898,#1899,#1900,
#1901),(#1902,#1903,#1904,#1905,#1906,#1907,#1908,#1909,#1910,#1911,#1912,
#1913,#1914,#1915,#1916,#1917,#1918),(#1919,#1920,#1921,#1922,#1923,#1924,
#1925,#1926,#1927,#1928,#1929,#1930,#1931,#1932,#1933,#1934,#1935),(#1936,
#1937,#1938,#1939,#1940,#1941,#1942,#1943,#1944,#1945,#1946,#1947,#1948,
#1949,#1950,#1951,#1952),(#1953,#1954,#1955,#1956,#1957,#1958,#1959,#1960,
#1961,#1962,#1963,#1964,#1965,#1966,#1967,#1968,#1969),(#1970,#1971,#1972,
#1973,#1974,#1975,#1976,#1977,#1978,#1979,#1980,#1981,#1982,#1983,#1984,
#1985,#1986),(#1987,#1988,#1989,#1990,#1991,#1992,#1993,#1994,#1995,#1996,
#1997,#1998,#1999,#2000,#2001,#2002,#2003),(#2004,#2005,#2006,#2007,#2008,
#2009,#2010,#2011,#2012,#2013,#2014,#2015,#2016,#2017,#2018,#2019,#2020),
(#2021,#2022,#2023,#2024,#2025,#2026,#2027,#2028,#2029,#2030,#2031,#2032,
#2033,#2034,#2035,#2036,#2037),(#2038,#2039,#2040,#2041,#2042,#2043,#2044,
#2045,#2046,#2047,#2048,#2049,#2050,#2051,#2052,#2053,#2054),(#2055,#2056,
#2057,#2058,#2059,#2060,#2061,#2062,#2063,#2064,#2065,#2066,#2067,#2068,
#2069,#2070,#2071),(#2072,#2073,#2074,#2075,#2076,#2077,#2078,#2079,#2080,
#2081,#2082,#2083,#2084,#2085,#2086,#2087,#2088),(#2089,#2090,#2091,#2092,
#2093,#2094,#2095,#2096,#2097,#2098,#2099,#2100,#2101,#2102,#2103,#2104,
#2105),(#2106,#2107,#2108,#2109,#2110,#2111,#2112,#2113,#2114,#2115,#2116,
#2117,#2118,#2119,#2120,#2121,#2122),(#2123,#2124,#2125,#2126,#2127,#2128,
#2129,#2130,#2131,#2132,#2133,#2134,#2135,#2136,#2137,#2138,#2139),(#2140,
#2141,#2142,#2143,#2144,#2145,#2146,#2147,#2148,#2149,#2150,#2151,#2152,
#2153,#2154,#2155,#2156),(#2157,#2158,#2159,#2160,#2161,#2162,#2163,#2164,
#2165,#2166,#2167,#2168,#2169,#2170,#2171,#2172,#2173),(#2174,#2175,#2176,
#2177,#2178,#2179,#2180,#2181,#2182,#2183,#2184,#2185,#2186,#2187,#2188,
#2189,#2190),(#2191,#2192,#2193,#2194,#2195,#2196,#2197,#2198,#2199,#2200,
#2201,#2202,#2203,#2204,#2205,#2206,#2207),(#2208,#2209,#2210,#2211,#2212,
#2213,#2214,#2215,#2216,#2217,#2218,#2219,#2220,#2221,#2222,#2223,#2224),
(#2225,#2226,#2227,#2228,#2229,#2230,#2231,#2232,#2233,#2234,#2235,#2236,
#2237,#2238,#2239,#2240,#2241),(#2242,#2243,#2244,#2245,#2246,#2247,#2248,
#2249,#2250,#2251,#2252,#2253,#2254,#2255,#2256,#2257,#2258),(#2259,#2260,
#2261,#2262,#2263,#2264,#2265,#2266,#2267,#2268,#2269,#2270,#2271,#2272,
#2273,#2274,#2275),(#2276,#2277,#2278,#2279,#2280,#2281,#2282,#2283,#2284,
#2285,#2286,#2287,#2288,#2289,#2290,#2291,#2292),(#2293,#2294,#2295,#2296,
#2297,#2298,#2299,#2300,#2301,#2302,#2303,#2304,#2305,#2306,#2307,#2308,
#2309),(#2310,#2311,#2312,#2313,#2314,#2315,#2316,#2317,#2318,#2319,#2320,
#2321,#2322,#2323,#2324,#2325,#2326),(#2327,#2328,#2329,#2330,#2331,#2332,
#2333,#2334,#2335,#2336,#2337,#2338,#2339,#2340,#2341,#2342,#2343),(#2344,
#2345,#2346,#2347,#2348,#2349,#2350,#2351,#2352,#2353,#2354,#2355,#2356,
#2357,#2358,#2359,#2360),(#2361,#2362,#2363,#2364,#2365,#2366,#2367,#2368,
#2369,#2370,#2371,#2372,#2373,#2374,#2375,#2376,#2377),(#2378,#2379,#2380,
#2381,#2382,#2383,#2384,#2385,#2386,#2387,#2388,#2389,#2390,#2391,#2392,
#2393,#2394),(#2395,#2396,#2397,#2398,#2399,#2400,#2401,#2402,#2403,#2404,
#2405,#2406,#2407,#2408,#2409,#2410,#2411),(#2412,#2413,#2414,#2415,#2416,
#2417,#2418,#2419,#2420,#2421,#2422,#2423,#2424,#2425,#2426,#2427,#2428),
(#2429,#2430,#2431,#2432,#2433,#2434,#2435,#2436,#2437,#2438,#2439,#2440,
#2441,#2442,#2443,#2444,#2445),(#2446,#2447,#2448,#2449,#2450,#2451,#2452,
#2453,#2454,#2455,#2456,#2457,#2458,#2459,#2460,#2461,#2462),(#2463,#2464,
#2465,#2466,#2467,#2468,#2469,#2470,#2471,#2472,#2473,#2474,#2475,#2476,
#2477,#2478,#2479),(#2480,#2481,#2482,#2483,#2484,#2485,#2486,#2487,#2488,
#2489,#2490,#2491,#2492,#2493,#2494,#2495,#2496),(#2497,#2498,#2499,#2500,
#2501,#2502,#2503,#2504,#2505,#2506,#2507,#2508,#2509,#2510,#2511,#2512,
#2513),(#2514,#2515,#2516,#2517,#2518,#2519,#2520,#2521,#2522,#2523,#2524,
#2525,#2526,#2527,#2528,#2529,#2530),(#2531,#2532,#2533,#2534,#2535,#2536,
#2537,#2538,#2539,#2540,#2541,#2542,#2543,#2544,#2545,#2546,#2547),(#2548,
#2549,#2550,#2551,#2552,#2553,#2554,#2555,#2556,#2557,#2558,#2559,#2560,
#2561,#2562,#2563,#2564),(#2565,#2566,#2567,#2568,#2569,#2570,#2571,#2572,
#2573,#2574,#2575,#2576,#2577,#2578,#2579,#2580,#2581),(#2582,#2583,#2584,
#2585,#2586,#2587,#2588,#2589,#2590,#2591,#2592,#2593,#2594,#2595,#2596,
#2597,#2598),(#2599,#2600,#2601,#2602,#2603,#2604,#2605,#2606,#2607,#2608,
#2609,#2610,#2611,#2612,#2613,#2614,#2615),(#2616,#2617,#2618,#2619,#2620,
#2621,#2622,#2623,#2624,#2625,#2626,#2627,#2628,#2629,#2630,#2631,#2632),
(#2633,#2634,#2635,#2636,#2637,#2638,#2639,#2640,#2641,#2642,#2643,#2644,
#2645,#2646,#2647,#2648,#2649),(#2650,#2651,#2652,#2653,#2654,#2655,#2656,
#2657,#2658,#2659,#2660,#2661,#2662,#2663,#2664,#2665,#2666),(#2667,#2668,
#2669,#2670,#2671,#2672,#2673,#2674,#2675,#2676,#2677,#2678,#2679,#2680,
#2681,#2682,#2683),(#2684,#2685,#2686,#2687,#2688,#2689,#2690,#2691,#2692,
#2693,#2694,#2695,#2696,#2697,#2698,#2699,#2700),(#2701,#2702,#2703,#2704,
#2705,#2706,#2707,#2708,#2709,#2710,#2711,#2712,#2713,#2714,#2715,#2716,
#2717),(#2718,#2719,#2720,#2721,#2722,#2723,#2724,#2725,#2726,#2727,#2728,
#2729,#2730,#2731,#2732,#2733,#2734),(#2735,#2736,#2737,#2738,#2739,#2740,
#2741,#2742,#2743,#2744,#2745,#2746,#2747,#2748,#2749,#2750,#2751),(#2752,
#2753,#2754,#2755,#2756,#2757,#2758,#2759,#2760,#2761,#2762,#2763,#2764,
#2765,#2766,#2767,#2768),(#2769,#2770,#2771,#2772,#2773,#2774,#2775,#2776,
#2777,#2778,#2779,#2780,#2781,#2782,#2783,#2784,#2785),(#2786,#2787,#2788,
#2789,#2790,#2791,#2792,#2793,#2794,#2795,#2796,#2797,#2798,#2799,#2800,
#2801,#2802),(#2803,#2804,#2805,#2806,#2807,#2808,#2809,#2810,#2811,#2812,
#2813,#2814,#2815,#2816,#2817,#2818,#2819),(#2820,#2821,#2822,#2823,#2824,
#2825,#2826,#2827,#2828,#2829,#2830,#2831,#2832,#2833,#2834,#2835,#2836),
(#2837,#2838,#2839,#2840,#2841,#2842,#2843,#2844,#2845,#2846,#2847,#2848,
#2849,#2850,#2851,#2852,#2853),(#2854,#2855,#2856,#2857,#2858,#2859,#2860,
#2861,#2862,#2863,#2864,#2865,#2866,#2867,#2868,#2869,#2870),(#2871,#2872,
#2873,#2874,#2875,#2876,#2877,#2878,#2879,#2880,#2881,#2882,#2883,#2884,
#2885,#2886,#2887),(#2888,#2889,#2890,#2891,#2892,#2893,#2894,#2895,#2896,
#2897,#2898,#2899,#2900,#2901,#2902,#2903,#2904),(#2905,#2906,#2907,#2908,
#2909,#2910,#2911,#2912,#2913,#2914,#2915,#2916,#2917,#2918,#2919,#2920,
#2921),(#2922,#2923,#2924,#2925,#2926,#2927,#2928,#2929,#2930,#2931,#2932,
#2933,#2934,#2935,#2936,#2937,#2938),(#2939,#2940,#2941,#2942,#2943,#2944,
#2945,#2946,#2947,#2948,#2949,#2950,#2951,#2952,#2953,#2954,#2955),(#2956,
#2957,#2958,#2959,#2960,#2961,#2962,#2963,#2964,#2965,#2966,#2967,#2968,
#2969,#2970,#2971,#2972),(#2973,#2974,#2975,#2976,#2977,#2978,#2979,#2980,
#2981,#2982,#2983,#2984,#2985,#2986,#2987,#2988,#2989),(#2990,#2991,#2992,
#2993,#2994,#2995,#2996,#2997,#2998,#2999,#3000,#3001,#3002,#3003,#3004,
#3005,#3006),(#3007,#3008,#3009,#3010,#3011,#3012,#3013,#3014,#3015,#3016,
#3017,#3018,#3019,#3020,#3021,#3022,#3023),(#3024,#3025,#3026,#3027,#3028,
#3029,#3030,#3031,#3032,#3033,#3034,#3035,#3036,#3037,#3038,#3039,#3040),
(#3041,#3042,#3043,#3044,#3045,#3046,#3047,#3048,#3049,#3050,#3051,#3052,
#3053,#3054,#3055,#3056,#3057),(#3058,#3059,#3060,#3061,#3062,#3063,#3064,
#3065,#3066,#3067,#3068,#3069,#3070,#3071,#3072,#3073,#3074),(#3075,#3076,
#3077,#3078,#3079,#3080,#3081,#3082,#3083,#3084,#3085,#3086,#3087,#3088,
#3089,#3090,#3091),(#3092,#3093,#3094,#3095,#3096,#3097,#3098,#3099,#3100,
#3101,#3102,#3103,#3104,#3105,#3106,#3107,#3108),(#3109,#3110,#3111,#3112,
#3113,#3114,#3115,#3116,#3117,#3118,#3119,#3120,#3121,#3122,#3123,#3124,
#3125),(#3126,#3127,#3128,#3129,#3130,#3131,#3132,#3133,#3134,#3135,#3136,
#3137,#3138,#3139,#3140,#3141,#3142),(#3143,#3144,#3145,#3146,#3147,#3148,
#3149,#3150,#3151,#3152,#3153,#3154,#3155,#3156,#3157,#3158,#3159),(#3160,
#3161,#3162,#3163,#3164,#3165,#3166,#3167,#3168,#3169,#3170,#3171,#3172,
#3173,#3174,#3175,#3176),(#3177,#3178,#3179,#3180,#3181,#3182,#3183,#3184,
#3185,#3186,#3187,#3188,#3189,#3190,#3191,#3192,#3193)),.UNSPECIFIED.,.F.,
 .F.,.F.,(4,1,1,1,1,1,1,1,2,1,1,1,1,1,1,1,2,1,1,1,1,1,1,1,1,1,1,1,1,1,1,
1,1,1,1,1,1,1,1,1,1,1,1,1,1,1,1,1,1,1,1,1,1,1,1,1,1,1,1,1,1,1,1,1,1,1,1,
1,1,1,1,1,1,1,1,1,1,1,1,1,1,1,2,1,1,1,1,1,1,1,1,1,1,1,1,1,1,1,1,1,1,1,2,
1,1,1,2,1,1,1,1,1,1,1,1,1,1,1,1,1,2,1,1,1,1,1,1,1,1,1,1,1,1,1,1,1,1,1,1,
1,1,2,1,1,1,1,1,1,1,1,1,1,2,1,1,1,1,1,1,1,4),(4,1,1,1,1,1,1,1,1,1,1,1,1,
1,4),(0.,0.0107940858199749,0.0215881716399499,0.0323822574599248,0.0431763432798997,
0.0539704290998747,0.0647645149198496,0.0755586007398245,0.0863526865597994,
0.0981436417232746,0.10993459688675,0.121725552050225,0.1335165072137,0.145307462377175,
0.15709841754065,0.168889372704125,0.180680327867601,0.187879919527119,
0.195079511186638,0.202279102846156,0.209478694505675,0.216678286165194,
0.223877877824712,0.231077469484231,0.238277061143749,0.245476652803268,
0.252676244462786,0.259875836122305,0.267075427781824,0.274275019441342,
0.281474611100861,0.288674202760379,0.295873794419898,0.303073386079417,
0.310272977738935,0.317472569398454,0.324672161057972,0.331871752717491,
0.339071344377009,0.346270936036528,0.353470527696047,0.360670119355565,
0.367869711015084,0.375069302674602,0.382268894334121,0.389468485993639,
0.396668077653158,0.403867669312677,0.411067260972195,0.418266852631714,
0.425466444291232,0.432666035950751,0.43986562761027,0.447065219269788,
0.454264810929307,0.461464402588825,0.468663994248344,0.475863585907862,
0.483063177567381,0.4902627692269,0.497462360886418,0.504661952545937,0.511861544205455,
0.519061135864974,0.526260727524493,0.533460319184011,0.54065991084353,
0.547859502503048,0.555059094162567,0.562258685822085,0.569458277481604,
0.576657869141123,0.583857460800641,0.59105705246016,0.598256644119678,
0.605456235779197,0.612655827438716,0.619855419098234,0.627055010757753,
0.634254602417271,0.636054500332151,0.637854398247031,0.64145419407679,
0.641482087002193,0.641509979927597,0.641565765778404,0.641677337480018,
0.641788909181631,0.641900480883245,0.642793054496156,0.643685628109066,
0.644578201721976,0.64468977342359,0.644745559274397,0.644801345125204,
0.644857130976011,0.644912916826818,0.644926863289519,0.644940809752221,
0.644954756214923,0.644968702677625,0.644996595603028,0.645024488528431,
0.64864307199997,0.652261655471508,0.655880238943046,0.659498822414585,
0.659822527371574,0.660146232328563,0.660227158567811,0.660308084807058,
0.660469937285553,0.660793642242542,0.662088462070499,0.664678101726414,
0.669857381038242,0.671152200866199,0.672447020694157,0.675036660350071,
0.677626300005985,0.6802159396619,0.684562931301603,0.686736427121454,0.688909922941306,
0.689996670851232,0.691083418761157,0.693256914581009,0.697603906220712,
0.706297889500119,0.714991872779525,0.723685856058931,0.732379839338337,
0.741073822617744,0.74976780589715,0.758461789176556,0.767155772455962,
0.775849755735369,0.784543739014775,0.793237722294181,0.801931705573588,
0.810625688852994,0.8193196721324,0.831110627295875,0.837006104877613,0.842901582459351,
0.848797060041088,0.854692537622826,0.866483492786301,0.878274447949776,
0.890065403113251,0.901856358276726,0.907751835858464,0.913647313440202,
0.924441399260177,0.935235485080151,0.946029570900126,0.956823656720101,
0.967617742540076,0.97841182836005,0.989205914180025,1.),(0.0530434456314406,
0.0927261977653814,0.132408949899322,0.211774454167204,0.251457206301145,
0.291139958435085,0.330822710569026,0.370505462702967,0.449192279865096,
0.527879097027225,0.685252731351484,0.763939548513613,0.842626365675742,
0.921313182837871,1.),.UNSPECIFIED.);
#209=B_SPLINE_SURFACE_WITH_KNOTS('',3,3,((#3549,#3550,#3551,#3552,#3553,
#3554,#3555,#3556,#3557,#3558,#3559),(#3560,#3561,#3562,#3563,#3564,#3565,
#3566,#3567,#3568,#3569,#3570),(#3571,#3572,#3573,#3574,#3575,#3576,#3577,
#3578,#3579,#3580,#3581),(#3582,#3583,#3584,#3585,#3586,#3587,#3588,#3589,
#3590,#3591,#3592),(#3593,#3594,#3595,#3596,#3597,#3598,#3599,#3600,#3601,
#3602,#3603),(#3604,#3605,#3606,#3607,#3608,#3609,#3610,#3611,#3612,#3613,
#3614),(#3615,#3616,#3617,#3618,#3619,#3620,#3621,#3622,#3623,#3624,#3625),
(#3626,#3627,#3628,#3629,#3630,#3631,#3632,#3633,#3634,#3635,#3636),(#3637,
#3638,#3639,#3640,#3641,#3642,#3643,#3644,#3645,#3646,#3647),(#3648,#3649,
#3650,#3651,#3652,#3653,#3654,#3655,#3656,#3657,#3658),(#3659,#3660,#3661,
#3662,#3663,#3664,#3665,#3666,#3667,#3668,#3669),(#3670,#3671,#3672,#3673,
#3674,#3675,#3676,#3677,#3678,#3679,#3680),(#3681,#3682,#3683,#3684,#3685,
#3686,#3687,#3688,#3689,#3690,#3691),(#3692,#3693,#3694,#3695,#3696,#3697,
#3698,#3699,#3700,#3701,#3702),(#3703,#3704,#3705,#3706,#3707,#3708,#3709,
#3710,#3711,#3712,#3713),(#3714,#3715,#3716,#3717,#3718,#3719,#3720,#3721,
#3722,#3723,#3724),(#3725,#3726,#3727,#3728,#3729,#3730,#3731,#3732,#3733,
#3734,#3735),(#3736,#3737,#3738,#3739,#3740,#3741,#3742,#3743,#3744,#3745,
#3746),(#3747,#3748,#3749,#3750,#3751,#3752,#3753,#3754,#3755,#3756,#3757),
(#3758,#3759,#3760,#3761,#3762,#3763,#3764,#3765,#3766,#3767,#3768),(#3769,
#3770,#3771,#3772,#3773,#3774,#3775,#3776,#3777,#3778,#3779),(#3780,#3781,
#3782,#3783,#3784,#3785,#3786,#3787,#3788,#3789,#3790),(#3791,#3792,#3793,
#3794,#3795,#3796,#3797,#3798,#3799,#3800,#3801),(#3802,#3803,#3804,#3805,
#3806,#3807,#3808,#3809,#3810,#3811,#3812),(#3813,#3814,#3815,#3816,#3817,
#3818,#3819,#3820,#3821,#3822,#3823),(#3824,#3825,#3826,#3827,#3828,#3829,
#3830,#3831,#3832,#3833,#3834)),.UNSPECIFIED.,.F.,.F.,.F.,(4,1,1,1,1,2,
1,1,1,2,1,1,1,1,1,2,1,1,2,4),(4,1,1,1,1,1,1,1,4),(0.,0.210296134129596,
0.420592268259193,0.525740335323991,0.630888402388789,0.841184536518386,
0.842260970894959,0.843337405271532,0.845490274024677,0.849796011530969,
0.858523958642383,0.867251905753797,0.871615879309504,0.875979852865211,
0.880343826420918,0.884707799976625,0.909692425183938,0.922184737787594,
0.93467705039125,1.),(0.0818289663178275,0.153998090414112,0.226167214510397,
0.298336338606682,0.370505462702967,0.527879097027225,0.685252731351484,
0.842626365675742,1.),.UNSPECIFIED.);
#210=B_SPLINE_SURFACE_WITH_KNOTS('',3,3,((#4186,#4187,#4188,#4189,#4190,
#4191,#4192,#4193,#4194,#4195,#4196),(#4197,#4198,#4199,#4200,#4201,#4202,
#4203,#4204,#4205,#4206,#4207),(#4208,#4209,#4210,#4211,#4212,#4213,#4214,
#4215,#4216,#4217,#4218),(#4219,#4220,#4221,#4222,#4223,#4224,#4225,#4226,
#4227,#4228,#4229),(#4230,#4231,#4232,#4233,#4234,#4235,#4236,#4237,#4238,
#4239,#4240),(#4241,#4242,#4243,#4244,#4245,#4246,#4247,#4248,#4249,#4250,
#4251),(#4252,#4253,#4254,#4255,#4256,#4257,#4258,#4259,#4260,#4261,#4262),
(#4263,#4264,#4265,#4266,#4267,#4268,#4269,#4270,#4271,#4272,#4273),(#4274,
#4275,#4276,#4277,#4278,#4279,#4280,#4281,#4282,#4283,#4284),(#4285,#4286,
#4287,#4288,#4289,#4290,#4291,#4292,#4293,#4294,#4295),(#4296,#4297,#4298,
#4299,#4300,#4301,#4302,#4303,#4304,#4305,#4306),(#4307,#4308,#4309,#4310,
#4311,#4312,#4313,#4314,#4315,#4316,#4317),(#4318,#4319,#4320,#4321,#4322,
#4323,#4324,#4325,#4326,#4327,#4328),(#4329,#4330,#4331,#4332,#4333,#4334,
#4335,#4336,#4337,#4338,#4339),(#4340,#4341,#4342,#4343,#4344,#4345,#4346,
#4347,#4348,#4349,#4350),(#4351,#4352,#4353,#4354,#4355,#4356,#4357,#4358,
#4359,#4360,#4361),(#4362,#4363,#4364,#4365,#4366,#4367,#4368,#4369,#4370,
#4371,#4372),(#4373,#4374,#4375,#4376,#4377,#4378,#4379,#4380,#4381,#4382,
#4383),(#4384,#4385,#4386,#4387,#4388,#4389,#4390,#4391,#4392,#4393,#4394),
(#4395,#4396,#4397,#4398,#4399,#4400,#4401,#4402,#4403,#4404,#4405),(#4406,
#4407,#4408,#4409,#4410,#4411,#4412,#4413,#4414,#4415,#4416),(#4417,#4418,
#4419,#4420,#4421,#4422,#4423,#4424,#4425,#4426,#4427),(#4428,#4429,#4430,
#4431,#4432,#4433,#4434,#4435,#4436,#4437,#4438),(#4439,#4440,#4441,#4442,
#4443,#4444,#4445,#4446,#4447,#4448,#4449),(#4450,#4451,#4452,#4453,#4454,
#4455,#4456,#4457,#4458,#4459,#4460),(#4461,#4462,#4463,#4464,#4465,#4466,
#4467,#4468,#4469,#4470,#4471)),.UNSPECIFIED.,.F.,.F.,.F.,(4,1,1,1,1,2,
1,1,1,2,1,1,1,1,1,2,1,1,2,4),(4,1,1,1,1,1,1,1,4),(0.,0.210296134129596,
0.420592268259193,0.525740335323991,0.630888402388789,0.841184536518386,
0.842260970894959,0.843337405271532,0.845490274024677,0.849796011530969,
0.858523958642383,0.867251905753797,0.871615879309504,0.875979852865211,
0.880343826420918,0.884707799976625,0.909692425183938,0.922184737787594,
0.93467705039125,1.),(0.0818289663178275,0.153998090414112,0.226167214510397,
0.298336338606682,0.370505462702967,0.527879097027225,0.685252731351484,
0.842626365675742,1.),.UNSPECIFIED.);
#211=B_SPLINE_SURFACE_WITH_KNOTS('',3,3,((#4514,#4515,#4516,#4517,#4518,
#4519,#4520,#4521,#4522,#4523,#4524,#4525,#4526,#4527,#4528,#4529,#4530),
(#4531,#4532,#4533,#4534,#4535,#4536,#4537,#4538,#4539,#4540,#4541,#4542,
#4543,#4544,#4545,#4546,#4547),(#4548,#4549,#4550,#4551,#4552,#4553,#4554,
#4555,#4556,#4557,#4558,#4559,#4560,#4561,#4562,#4563,#4564),(#4565,#4566,
#4567,#4568,#4569,#4570,#4571,#4572,#4573,#4574,#4575,#4576,#4577,#4578,
#4579,#4580,#4581),(#4582,#4583,#4584,#4585,#4586,#4587,#4588,#4589,#4590,
#4591,#4592,#4593,#4594,#4595,#4596,#4597,#4598),(#4599,#4600,#4601,#4602,
#4603,#4604,#4605,#4606,#4607,#4608,#4609,#4610,#4611,#4612,#4613,#4614,
#4615),(#4616,#4617,#4618,#4619,#4620,#4621,#4622,#4623,#4624,#4625,#4626,
#4627,#4628,#4629,#4630,#4631,#4632),(#4633,#4634,#4635,#4636,#4637,#4638,
#4639,#4640,#4641,#4642,#4643,#4644,#4645,#4646,#4647,#4648,#4649),(#4650,
#4651,#4652,#4653,#4654,#4655,#4656,#4657,#4658,#4659,#4660,#4661,#4662,
#4663,#4664,#4665,#4666),(#4667,#4668,#4669,#4670,#4671,#4672,#4673,#4674,
#4675,#4676,#4677,#4678,#4679,#4680,#4681,#4682,#4683),(#4684,#4685,#4686,
#4687,#4688,#4689,#4690,#4691,#4692,#4693,#4694,#4695,#4696,#4697,#4698,
#4699,#4700),(#4701,#4702,#4703,#4704,#4705,#4706,#4707,#4708,#4709,#4710,
#4711,#4712,#4713,#4714,#4715,#4716,#4717),(#4718,#4719,#4720,#4721,#4722,
#4723,#4724,#4725,#4726,#4727,#4728,#4729,#4730,#4731,#4732,#4733,#4734),
(#4735,#4736,#4737,#4738,#4739,#4740,#4741,#4742,#4743,#4744,#4745,#4746,
#4747,#4748,#4749,#4750,#4751),(#4752,#4753,#4754,#4755,#4756,#4757,#4758,
#4759,#4760,#4761,#4762,#4763,#4764,#4765,#4766,#4767,#4768),(#4769,#4770,
#4771,#4772,#4773,#4774,#4775,#4776,#4777,#4778,#4779,#4780,#4781,#4782,
#4783,#4784,#4785),(#4786,#4787,#4788,#4789,#4790,#4791,#4792,#4793,#4794,
#4795,#4796,#4797,#4798,#4799,#4800,#4801,#4802),(#4803,#4804,#4805,#4806,
#4807,#4808,#4809,#4810,#4811,#4812,#4813,#4814,#4815,#4816,#4817,#4818,
#4819),(#4820,#4821,#4822,#4823,#4824,#4825,#4826,#4827,#4828,#4829,#4830,
#4831,#4832,#4833,#4834,#4835,#4836),(#4837,#4838,#4839,#4840,#4841,#4842,
#4843,#4844,#4845,#4846,#4847,#4848,#4849,#4850,#4851,#4852,#4853),(#4854,
#4855,#4856,#4857,#4858,#4859,#4860,#4861,#4862,#4863,#4864,#4865,#4866,
#4867,#4868,#4869,#4870),(#4871,#4872,#4873,#4874,#4875,#4876,#4877,#4878,
#4879,#4880,#4881,#4882,#4883,#4884,#4885,#4886,#4887),(#4888,#4889,#4890,
#4891,#4892,#4893,#4894,#4895,#4896,#4897,#4898,#4899,#4900,#4901,#4902,
#4903,#4904),(#4905,#4906,#4907,#4908,#4909,#4910,#4911,#4912,#4913,#4914,
#4915,#4916,#4917,#4918,#4919,#4920,#4921),(#4922,#4923,#4924,#4925,#4926,
#4927,#4928,#4929,#4930,#4931,#4932,#4933,#4934,#4935,#4936,#4937,#4938),
(#4939,#4940,#4941,#4942,#4943,#4944,#4945,#4946,#4947,#4948,#4949,#4950,
#4951,#4952,#4953,#4954,#4955),(#4956,#4957,#4958,#4959,#4960,#4961,#4962,
#4963,#4964,#4965,#4966,#4967,#4968,#4969,#4970,#4971,#4972),(#4973,#4974,
#4975,#4976,#4977,#4978,#4979,#4980,#4981,#4982,#4983,#4984,#4985,#4986,
#4987,#4988,#4989),(#4990,#4991,#4992,#4993,#4994,#4995,#4996,#4997,#4998,
#4999,#5000,#5001,#5002,#5003,#5004,#5005,#5006),(#5007,#5008,#5009,#5010,
#5011,#5012,#5013,#5014,#5015,#5016,#5017,#5018,#5019,#5020,#5021,#5022,
#5023),(#5024,#5025,#5026,#5027,#5028,#5029,#5030,#5031,#5032,#5033,#5034,
#5035,#5036,#5037,#5038,#5039,#5040),(#5041,#5042,#5043,#5044,#5045,#5046,
#5047,#5048,#5049,#5050,#5051,#5052,#5053,#5054,#5055,#5056,#5057),(#5058,
#5059,#5060,#5061,#5062,#5063,#5064,#5065,#5066,#5067,#5068,#5069,#5070,
#5071,#5072,#5073,#5074),(#5075,#5076,#5077,#5078,#5079,#5080,#5081,#5082,
#5083,#5084,#5085,#5086,#5087,#5088,#5089,#5090,#5091),(#5092,#5093,#5094,
#5095,#5096,#5097,#5098,#5099,#5100,#5101,#5102,#5103,#5104,#5105,#5106,
#5107,#5108),(#5109,#5110,#5111,#5112,#5113,#5114,#5115,#5116,#5117,#5118,
#5119,#5120,#5121,#5122,#5123,#5124,#5125),(#5126,#5127,#5128,#5129,#5130,
#5131,#5132,#5133,#5134,#5135,#5136,#5137,#5138,#5139,#5140,#5141,#5142),
(#5143,#5144,#5145,#5146,#5147,#5148,#5149,#5150,#5151,#5152,#5153,#5154,
#5155,#5156,#5157,#5158,#5159),(#5160,#5161,#5162,#5163,#5164,#5165,#5166,
#5167,#5168,#5169,#5170,#5171,#5172,#5173,#5174,#5175,#5176),(#5177,#5178,
#5179,#5180,#5181,#5182,#5183,#5184,#5185,#5186,#5187,#5188,#5189,#5190,
#5191,#5192,#5193),(#5194,#5195,#5196,#5197,#5198,#5199,#5200,#5201,#5202,
#5203,#5204,#5205,#5206,#5207,#5208,#5209,#5210),(#5211,#5212,#5213,#5214,
#5215,#5216,#5217,#5218,#5219,#5220,#5221,#5222,#5223,#5224,#5225,#5226,
#5227),(#5228,#5229,#5230,#5231,#5232,#5233,#5234,#5235,#5236,#5237,#5238,
#5239,#5240,#5241,#5242,#5243,#5244),(#5245,#5246,#5247,#5248,#5249,#5250,
#5251,#5252,#5253,#5254,#5255,#5256,#5257,#5258,#5259,#5260,#5261),(#5262,
#5263,#5264,#5265,#5266,#5267,#5268,#5269,#5270,#5271,#5272,#5273,#5274,
#5275,#5276,#5277,#5278),(#5279,#5280,#5281,#5282,#5283,#5284,#5285,#5286,
#5287,#5288,#5289,#5290,#5291,#5292,#5293,#5294,#5295),(#5296,#5297,#5298,
#5299,#5300,#5301,#5302,#5303,#5304,#5305,#5306,#5307,#5308,#5309,#5310,
#5311,#5312),(#5313,#5314,#5315,#5316,#5317,#5318,#5319,#5320,#5321,#5322,
#5323,#5324,#5325,#5326,#5327,#5328,#5329),(#5330,#5331,#5332,#5333,#5334,
#5335,#5336,#5337,#5338,#5339,#5340,#5341,#5342,#5343,#5344,#5345,#5346),
(#5347,#5348,#5349,#5350,#5351,#5352,#5353,#5354,#5355,#5356,#5357,#5358,
#5359,#5360,#5361,#5362,#5363),(#5364,#5365,#5366,#5367,#5368,#5369,#5370,
#5371,#5372,#5373,#5374,#5375,#5376,#5377,#5378,#5379,#5380),(#5381,#5382,
#5383,#5384,#5385,#5386,#5387,#5388,#5389,#5390,#5391,#5392,#5393,#5394,
#5395,#5396,#5397),(#5398,#5399,#5400,#5401,#5402,#5403,#5404,#5405,#5406,
#5407,#5408,#5409,#5410,#5411,#5412,#5413,#5414),(#5415,#5416,#5417,#5418,
#5419,#5420,#5421,#5422,#5423,#5424,#5425,#5426,#5427,#5428,#5429,#5430,
#5431),(#5432,#5433,#5434,#5435,#5436,#5437,#5438,#5439,#5440,#5441,#5442,
#5443,#5444,#5445,#5446,#5447,#5448),(#5449,#5450,#5451,#5452,#5453,#5454,
#5455,#5456,#5457,#5458,#5459,#5460,#5461,#5462,#5463,#5464,#5465),(#5466,
#5467,#5468,#5469,#5470,#5471,#5472,#5473,#5474,#5475,#5476,#5477,#5478,
#5479,#5480,#5481,#5482),(#5483,#5484,#5485,#5486,#5487,#5488,#5489,#5490,
#5491,#5492,#5493,#5494,#5495,#5496,#5497,#5498,#5499),(#5500,#5501,#5502,
#5503,#5504,#5505,#5506,#5507,#5508,#5509,#5510,#5511,#5512,#5513,#5514,
#5515,#5516),(#5517,#5518,#5519,#5520,#5521,#5522,#5523,#5524,#5525,#5526,
#5527,#5528,#5529,#5530,#5531,#5532,#5533),(#5534,#5535,#5536,#5537,#5538,
#5539,#5540,#5541,#5542,#5543,#5544,#5545,#5546,#5547,#5548,#5549,#5550),
(#5551,#5552,#5553,#5554,#5555,#5556,#5557,#5558,#5559,#5560,#5561,#5562,
#5563,#5564,#5565,#5566,#5567),(#5568,#5569,#5570,#5571,#5572,#5573,#5574,
#5575,#5576,#5577,#5578,#5579,#5580,#5581,#5582,#5583,#5584),(#5585,#5586,
#5587,#5588,#5589,#5590,#5591,#5592,#5593,#5594,#5595,#5596,#5597,#5598,
#5599,#5600,#5601),(#5602,#5603,#5604,#5605,#5606,#5607,#5608,#5609,#5610,
#5611,#5612,#5613,#5614,#5615,#5616,#5617,#5618),(#5619,#5620,#5621,#5622,
#5623,#5624,#5625,#5626,#5627,#5628,#5629,#5630,#5631,#5632,#5633,#5634,
#5635),(#5636,#5637,#5638,#5639,#5640,#5641,#5642,#5643,#5644,#5645,#5646,
#5647,#5648,#5649,#5650,#5651,#5652),(#5653,#5654,#5655,#5656,#5657,#5658,
#5659,#5660,#5661,#5662,#5663,#5664,#5665,#5666,#5667,#5668,#5669),(#5670,
#5671,#5672,#5673,#5674,#5675,#5676,#5677,#5678,#5679,#5680,#5681,#5682,
#5683,#5684,#5685,#5686),(#5687,#5688,#5689,#5690,#5691,#5692,#5693,#5694,
#5695,#5696,#5697,#5698,#5699,#5700,#5701,#5702,#5703),(#5704,#5705,#5706,
#5707,#5708,#5709,#5710,#5711,#5712,#5713,#5714,#5715,#5716,#5717,#5718,
#5719,#5720),(#5721,#5722,#5723,#5724,#5725,#5726,#5727,#5728,#5729,#5730,
#5731,#5732,#5733,#5734,#5735,#5736,#5737),(#5738,#5739,#5740,#5741,#5742,
#5743,#5744,#5745,#5746,#5747,#5748,#5749,#5750,#5751,#5752,#5753,#5754),
(#5755,#5756,#5757,#5758,#5759,#5760,#5761,#5762,#5763,#5764,#5765,#5766,
#5767,#5768,#5769,#5770,#5771),(#5772,#5773,#5774,#5775,#5776,#5777,#5778,
#5779,#5780,#5781,#5782,#5783,#5784,#5785,#5786,#5787,#5788),(#5789,#5790,
#5791,#5792,#5793,#5794,#5795,#5796,#5797,#5798,#5799,#5800,#5801,#5802,
#5803,#5804,#5805),(#5806,#5807,#5808,#5809,#5810,#5811,#5812,#5813,#5814,
#5815,#5816,#5817,#5818,#5819,#5820,#5821,#5822),(#5823,#5824,#5825,#5826,
#5827,#5828,#5829,#5830,#5831,#5832,#5833,#5834,#5835,#5836,#5837,#5838,
#5839),(#5840,#5841,#5842,#5843,#5844,#5845,#5846,#5847,#5848,#5849,#5850,
#5851,#5852,#5853,#5854,#5855,#5856),(#5857,#5858,#5859,#5860,#5861,#5862,
#5863,#5864,#5865,#5866,#5867,#5868,#5869,#5870,#5871,#5872,#5873),(#5874,
#5875,#5876,#5877,#5878,#5879,#5880,#5881,#5882,#5883,#5884,#5885,#5886,
#5887,#5888,#5889,#5890),(#5891,#5892,#5893,#5894,#5895,#5896,#5897,#5898,
#5899,#5900,#5901,#5902,#5903,#5904,#5905,#5906,#5907),(#5908,#5909,#5910,
#5911,#5912,#5913,#5914,#5915,#5916,#5917,#5918,#5919,#5920,#5921,#5922,
#5923,#5924),(#5925,#5926,#5927,#5928,#5929,#5930,#5931,#5932,#5933,#5934,
#5935,#5936,#5937,#5938,#5939,#5940,#5941),(#5942,#5943,#5944,#5945,#5946,
#5947,#5948,#5949,#5950,#5951,#5952,#5953,#5954,#5955,#5956,#5957,#5958),
(#5959,#5960,#5961,#5962,#5963,#5964,#5965,#5966,#5967,#5968,#5969,#5970,
#5971,#5972,#5973,#5974,#5975),(#5976,#5977,#5978,#5979,#5980,#5981,#5982,
#5983,#5984,#5985,#5986,#5987,#5988,#5989,#5990,#5991,#5992),(#5993,#5994,
#5995,#5996,#5997,#5998,#5999,#6000,#6001,#6002,#6003,#6004,#6005,#6006,
#6007,#6008,#6009),(#6010,#6011,#6012,#6013,#6014,#6015,#6016,#6017,#6018,
#6019,#6020,#6021,#6022,#6023,#6024,#6025,#6026),(#6027,#6028,#6029,#6030,
#6031,#6032,#6033,#6034,#6035,#6036,#6037,#6038,#6039,#6040,#6041,#6042,
#6043),(#6044,#6045,#6046,#6047,#6048,#6049,#6050,#6051,#6052,#6053,#6054,
#6055,#6056,#6057,#6058,#6059,#6060),(#6061,#6062,#6063,#6064,#6065,#6066,
#6067,#6068,#6069,#6070,#6071,#6072,#6073,#6074,#6075,#6076,#6077),(#6078,
#6079,#6080,#6081,#6082,#6083,#6084,#6085,#6086,#6087,#6088,#6089,#6090,
#6091,#6092,#6093,#6094),(#6095,#6096,#6097,#6098,#6099,#6100,#6101,#6102,
#6103,#6104,#6105,#6106,#6107,#6108,#6109,#6110,#6111),(#6112,#6113,#6114,
#6115,#6116,#6117,#6118,#6119,#6120,#6121,#6122,#6123,#6124,#6125,#6126,
#6127,#6128),(#6129,#6130,#6131,#6132,#6133,#6134,#6135,#6136,#6137,#6138,
#6139,#6140,#6141,#6142,#6143,#6144,#6145),(#6146,#6147,#6148,#6149,#6150,
#6151,#6152,#6153,#6154,#6155,#6156,#6157,#6158,#6159,#6160,#6161,#6162),
(#6163,#6164,#6165,#6166,#6167,#6168,#6169,#6170,#6171,#6172,#6173,#6174,
#6175,#6176,#6177,#6178,#6179),(#6180,#6181,#6182,#6183,#6184,#6185,#6186,
#6187,#6188,#6189,#6190,#6191,#6192,#6193,#6194,#6195,#6196),(#6197,#6198,
#6199,#6200,#6201,#6202,#6203,#6204,#6205,#6206,#6207,#6208,#6209,#6210,
#6211,#6212,#6213),(#6214,#6215,#6216,#6217,#6218,#6219,#6220,#6221,#6222,
#6223,#6224,#6225,#6226,#6227,#6228,#6229,#6230),(#6231,#6232,#6233,#6234,
#6235,#6236,#6237,#6238,#6239,#6240,#6241,#6242,#6243,#6244,#6245,#6246,
#6247),(#6248,#6249,#6250,#6251,#6252,#6253,#6254,#6255,#6256,#6257,#6258,
#6259,#6260,#6261,#6262,#6263,#6264),(#6265,#6266,#6267,#6268,#6269,#6270,
#6271,#6272,#6273,#6274,#6275,#6276,#6277,#6278,#6279,#6280,#6281),(#6282,
#6283,#6284,#6285,#6286,#6287,#6288,#6289,#6290,#6291,#6292,#6293,#6294,
#6295,#6296,#6297,#6298),(#6299,#6300,#6301,#6302,#6303,#6304,#6305,#6306,
#6307,#6308,#6309,#6310,#6311,#6312,#6313,#6314,#6315),(#6316,#6317,#6318,
#6319,#6320,#6321,#6322,#6323,#6324,#6325,#6326,#6327,#6328,#6329,#6330,
#6331,#6332),(#6333,#6334,#6335,#6336,#6337,#6338,#6339,#6340,#6341,#6342,
#6343,#6344,#6345,#6346,#6347,#6348,#6349),(#6350,#6351,#6352,#6353,#6354,
#6355,#6356,#6357,#6358,#6359,#6360,#6361,#6362,#6363,#6364,#6365,#6366),
(#6367,#6368,#6369,#6370,#6371,#6372,#6373,#6374,#6375,#6376,#6377,#6378,
#6379,#6380,#6381,#6382,#6383),(#6384,#6385,#6386,#6387,#6388,#6389,#6390,
#6391,#6392,#6393,#6394,#6395,#6396,#6397,#6398,#6399,#6400),(#6401,#6402,
#6403,#6404,#6405,#6406,#6407,#6408,#6409,#6410,#6411,#6412,#6413,#6414,
#6415,#6416,#6417),(#6418,#6419,#6420,#6421,#6422,#6423,#6424,#6425,#6426,
#6427,#6428,#6429,#6430,#6431,#6432,#6433,#6434),(#6435,#6436,#6437,#6438,
#6439,#6440,#6441,#6442,#6443,#6444,#6445,#6446,#6447,#6448,#6449,#6450,
#6451),(#6452,#6453,#6454,#6455,#6456,#6457,#6458,#6459,#6460,#6461,#6462,
#6463,#6464,#6465,#6466,#6467,#6468),(#6469,#6470,#6471,#6472,#6473,#6474,
#6475,#6476,#6477,#6478,#6479,#6480,#6481,#6482,#6483,#6484,#6485),(#6486,
#6487,#6488,#6489,#6490,#6491,#6492,#6493,#6494,#6495,#6496,#6497,#6498,
#6499,#6500,#6501,#6502),(#6503,#6504,#6505,#6506,#6507,#6508,#6509,#6510,
#6511,#6512,#6513,#6514,#6515,#6516,#6517,#6518,#6519),(#6520,#6521,#6522,
#6523,#6524,#6525,#6526,#6527,#6528,#6529,#6530,#6531,#6532,#6533,#6534,
#6535,#6536),(#6537,#6538,#6539,#6540,#6541,#6542,#6543,#6544,#6545,#6546,
#6547,#6548,#6549,#6550,#6551,#6552,#6553),(#6554,#6555,#6556,#6557,#6558,
#6559,#6560,#6561,#6562,#6563,#6564,#6565,#6566,#6567,#6568,#6569,#6570),
(#6571,#6572,#6573,#6574,#6575,#6576,#6577,#6578,#6579,#6580,#6581,#6582,
#6583,#6584,#6585,#6586,#6587),(#6588,#6589,#6590,#6591,#6592,#6593,#6594,
#6595,#6596,#6597,#6598,#6599,#6600,#6601,#6602,#6603,#6604),(#6605,#6606,
#6607,#6608,#6609,#6610,#6611,#6612,#6613,#6614,#6615,#6616,#6617,#6618,
#6619,#6620,#6621),(#6622,#6623,#6624,#6625,#6626,#6627,#6628,#6629,#6630,
#6631,#6632,#6633,#6634,#6635,#6636,#6637,#6638),(#6639,#6640,#6641,#6642,
#6643,#6644,#6645,#6646,#6647,#6648,#6649,#6650,#6651,#6652,#6653,#6654,
#6655),(#6656,#6657,#6658,#6659,#6660,#6661,#6662,#6663,#6664,#6665,#6666,
#6667,#6668,#6669,#6670,#6671,#6672),(#6673,#6674,#6675,#6676,#6677,#6678,
#6679,#6680,#6681,#6682,#6683,#6684,#6685,#6686,#6687,#6688,#6689),(#6690,
#6691,#6692,#6693,#6694,#6695,#6696,#6697,#6698,#6699,#6700,#6701,#6702,
#6703,#6704,#6705,#6706),(#6707,#6708,#6709,#6710,#6711,#6712,#6713,#6714,
#6715,#6716,#6717,#6718,#6719,#6720,#6721,#6722,#6723),(#6724,#6725,#6726,
#6727,#6728,#6729,#6730,#6731,#6732,#6733,#6734,#6735,#6736,#6737,#6738,
#6739,#6740),(#6741,#6742,#6743,#6744,#6745,#6746,#6747,#6748,#6749,#6750,
#6751,#6752,#6753,#6754,#6755,#6756,#6757),(#6758,#6759,#6760,#6761,#6762,
#6763,#6764,#6765,#6766,#6767,#6768,#6769,#6770,#6771,#6772,#6773,#6774),
(#6775,#6776,#6777,#6778,#6779,#6780,#6781,#6782,#6783,#6784,#6785,#6786,
#6787,#6788,#6789,#6790,#6791),(#6792,#6793,#6794,#6795,#6796,#6797,#6798,
#6799,#6800,#6801,#6802,#6803,#6804,#6805,#6806,#6807,#6808),(#6809,#6810,
#6811,#6812,#6813,#6814,#6815,#6816,#6817,#6818,#6819,#6820,#6821,#6822,
#6823,#6824,#6825),(#6826,#6827,#6828,#6829,#6830,#6831,#6832,#6833,#6834,
#6835,#6836,#6837,#6838,#6839,#6840,#6841,#6842),(#6843,#6844,#6845,#6846,
#6847,#6848,#6849,#6850,#6851,#6852,#6853,#6854,#6855,#6856,#6857,#6858,
#6859),(#6860,#6861,#6862,#6863,#6864,#6865,#6866,#6867,#6868,#6869,#6870,
#6871,#6872,#6873,#6874,#6875,#6876),(#6877,#6878,#6879,#6880,#6881,#6882,
#6883,#6884,#6885,#6886,#6887,#6888,#6889,#6890,#6891,#6892,#6893),(#6894,
#6895,#6896,#6897,#6898,#6899,#6900,#6901,#6902,#6903,#6904,#6905,#6906,
#6907,#6908,#6909,#6910),(#6911,#6912,#6913,#6914,#6915,#6916,#6917,#6918,
#6919,#6920,#6921,#6922,#6923,#6924,#6925,#6926,#6927),(#6928,#6929,#6930,
#6931,#6932,#6933,#6934,#6935,#6936,#6937,#6938,#6939,#6940,#6941,#6942,
#6943,#6944),(#6945,#6946,#6947,#6948,#6949,#6950,#6951,#6952,#6953,#6954,
#6955,#6956,#6957,#6958,#6959,#6960,#6961),(#6962,#6963,#6964,#6965,#6966,
#6967,#6968,#6969,#6970,#6971,#6972,#6973,#6974,#6975,#6976,#6977,#6978),
(#6979,#6980,#6981,#6982,#6983,#6984,#6985,#6986,#6987,#6988,#6989,#6990,
#6991,#6992,#6993,#6994,#6995),(#6996,#6997,#6998,#6999,#7000,#7001,#7002,
#7003,#7004,#7005,#7006,#7007,#7008,#7009,#7010,#7011,#7012),(#7013,#7014,
#7015,#7016,#7017,#7018,#7019,#7020,#7021,#7022,#7023,#7024,#7025,#7026,
#7027,#7028,#7029),(#7030,#7031,#7032,#7033,#7034,#7035,#7036,#7037,#7038,
#7039,#7040,#7041,#7042,#7043,#7044,#7045,#7046),(#7047,#7048,#7049,#7050,
#7051,#7052,#7053,#7054,#7055,#7056,#7057,#7058,#7059,#7060,#7061,#7062,
#7063),(#7064,#7065,#7066,#7067,#7068,#7069,#7070,#7071,#7072,#7073,#7074,
#7075,#7076,#7077,#7078,#7079,#7080),(#7081,#7082,#7083,#7084,#7085,#7086,
#7087,#7088,#7089,#7090,#7091,#7092,#7093,#7094,#7095,#7096,#7097),(#7098,
#7099,#7100,#7101,#7102,#7103,#7104,#7105,#7106,#7107,#7108,#7109,#7110,
#7111,#7112,#7113,#7114),(#7115,#7116,#7117,#7118,#7119,#7120,#7121,#7122,
#7123,#7124,#7125,#7126,#7127,#7128,#7129,#7130,#7131),(#7132,#7133,#7134,
#7135,#7136,#7137,#7138,#7139,#7140,#7141,#7142,#7143,#7144,#7145,#7146,
#7147,#7148),(#7149,#7150,#7151,#7152,#7153,#7154,#7155,#7156,#7157,#7158,
#7159,#7160,#7161,#7162,#7163,#7164,#7165),(#7166,#7167,#7168,#7169,#7170,
#7171,#7172,#7173,#7174,#7175,#7176,#7177,#7178,#7179,#7180,#7181,#7182),
(#7183,#7184,#7185,#7186,#7187,#7188,#7189,#7190,#7191,#7192,#7193,#7194,
#7195,#7196,#7197,#7198,#7199),(#7200,#7201,#7202,#7203,#7204,#7205,#7206,
#7207,#7208,#7209,#7210,#7211,#7212,#7213,#7214,#7215,#7216),(#7217,#7218,
#7219,#7220,#7221,#7222,#7223,#7224,#7225,#7226,#7227,#7228,#7229,#7230,
#7231,#7232,#7233),(#7234,#7235,#7236,#7237,#7238,#7239,#7240,#7241,#7242,
#7243,#7244,#7245,#7246,#7247,#7248,#7249,#7250),(#7251,#7252,#7253,#7254,
#7255,#7256,#7257,#7258,#7259,#7260,#7261,#7262,#7263,#7264,#7265,#7266,
#7267),(#7268,#7269,#7270,#7271,#7272,#7273,#7274,#7275,#7276,#7277,#7278,
#7279,#7280,#7281,#7282,#7283,#7284),(#7285,#7286,#7287,#7288,#7289,#7290,
#7291,#7292,#7293,#7294,#7295,#7296,#7297,#7298,#7299,#7300,#7301),(#7302,
#7303,#7304,#7305,#7306,#7307,#7308,#7309,#7310,#7311,#7312,#7313,#7314,
#7315,#7316,#7317,#7318),(#7319,#7320,#7321,#7322,#7323,#7324,#7325,#7326,
#7327,#7328,#7329,#7330,#7331,#7332,#7333,#7334,#7335),(#7336,#7337,#7338,
#7339,#7340,#7341,#7342,#7343,#7344,#7345,#7346,#7347,#7348,#7349,#7350,
#7351,#7352),(#7353,#7354,#7355,#7356,#7357,#7358,#7359,#7360,#7361,#7362,
#7363,#7364,#7365,#7366,#7367,#7368,#7369),(#7370,#7371,#7372,#7373,#7374,
#7375,#7376,#7377,#7378,#7379,#7380,#7381,#7382,#7383,#7384,#7385,#7386),
(#7387,#7388,#7389,#7390,#7391,#7392,#7393,#7394,#7395,#7396,#7397,#7398,
#7399,#7400,#7401,#7402,#7403)),.UNSPECIFIED.,.F.,.F.,.F.,(4,1,1,1,1,1,
1,1,2,1,1,1,1,1,1,1,2,1,1,1,1,1,1,1,1,1,1,1,1,1,1,1,1,1,1,1,1,1,1,1,1,1,
1,1,1,1,1,1,1,1,1,1,1,1,1,1,1,1,1,1,1,1,1,1,1,1,1,1,1,1,1,1,1,1,1,1,1,1,
1,1,1,1,1,2,1,1,1,1,1,1,1,1,1,1,1,1,1,1,1,1,1,2,1,1,1,2,1,1,1,1,1,1,1,1,
1,1,1,1,1,2,1,1,1,1,1,1,1,1,1,1,1,1,1,1,1,1,1,1,1,1,2,1,1,1,1,1,1,1,1,1,
1,2,1,1,1,1,1,1,1,4),(4,1,1,1,1,1,1,1,1,1,1,1,1,1,4),(0.,0.0107940858199749,
0.0215881716399499,0.0323822574599248,0.0431763432798997,0.0539704290998747,
0.0647645149198496,0.0755586007398245,0.0863526865597994,0.0981436417232746,
0.10993459688675,0.121725552050225,0.1335165072137,0.145307462377175,0.15709841754065,
0.168889372704125,0.180680327867601,0.187879919527119,0.195079511186638,
0.202279102846156,0.209478694505675,0.216678286165194,0.223877877824712,
0.231077469484231,0.238277061143749,0.245476652803268,0.252676244462786,
0.259875836122305,0.267075427781824,0.274275019441342,0.281474611100861,
0.288674202760379,0.295873794419898,0.303073386079417,0.310272977738935,
0.317472569398454,0.324672161057972,0.331871752717491,0.339071344377009,
0.346270936036528,0.353470527696047,0.360670119355565,0.367869711015084,
0.375069302674602,0.382268894334121,0.389468485993639,0.396668077653158,
0.403867669312677,0.411067260972195,0.418266852631714,0.425466444291232,
0.432666035950751,0.43986562761027,0.447065219269788,0.454264810929307,
0.461464402588825,0.468663994248344,0.475863585907862,0.483063177567381,
0.4902627692269,0.497462360886418,0.504661952545937,0.511861544205455,0.519061135864974,
0.526260727524493,0.533460319184011,0.54065991084353,0.547859502503048,
0.555059094162567,0.562258685822085,0.569458277481604,0.576657869141123,
0.583857460800641,0.59105705246016,0.598256644119678,0.605456235779197,
0.612655827438716,0.619855419098234,0.627055010757753,0.628854908672632,
0.630654806587512,0.634254602417271,0.637854398247031,0.64145419407679,
0.641565765778404,0.641677337480018,0.641900480883245,0.6423467676897,0.642793054496156,
0.643685628109066,0.644131914915521,0.644578201721976,0.644801345125204,
0.644857130976011,0.644912916826818,0.644940809752221,0.644954756214923,
0.644968702677625,0.644982649140326,0.644996595603028,0.64501054206573,
0.645024488528431,0.64864307199997,0.652261655471508,0.655880238943046,
0.659498822414585,0.659822527371574,0.660146232328563,0.660308084807058,
0.660469937285553,0.660793642242542,0.662088462070499,0.664678101726414,
0.667267741382328,0.669857381038242,0.672447020694157,0.675036660350071,
0.676331480178028,0.677626300005985,0.6802159396619,0.684562931301603,0.686736427121454,
0.688909922941306,0.693256914581009,0.694343662490935,0.695430410400861,
0.697603906220712,0.706297889500119,0.714991872779525,0.723685856058931,
0.732379839338337,0.741073822617744,0.74976780589715,0.758461789176556,
0.767155772455962,0.775849755735369,0.784543739014775,0.793237722294181,
0.801931705573588,0.810625688852994,0.8193196721324,0.831110627295875,0.837006104877613,
0.842901582459351,0.848797060041088,0.854692537622826,0.866483492786301,
0.878274447949776,0.890065403113251,0.901856358276726,0.907751835858464,
0.913647313440202,0.924441399260177,0.935235485080151,0.946029570900126,
0.956823656720101,0.967617742540076,0.97841182836005,0.989205914180025,
1.),(0.0530432361209221,0.0927260144436777,0.132408792766433,0.211774349411945,
0.2514571277347,0.291139906057456,0.330822684380211,0.370505462702967,0.449192279865096,
0.527879097027225,0.685252731351484,0.763939548513613,0.842626365675742,
0.921313182837871,1.),.UNSPECIFIED.);
#212=ADVANCED_FACE('',(#35),#208,.T.);
#213=ADVANCED_FACE('',(#36),#30,.F.);
#214=ADVANCED_FACE('',(#37),#209,.T.);
#215=ADVANCED_FACE('',(#38),#28,.T.);
#216=ADVANCED_FACE('',(#39),#31,.F.);
#217=ADVANCED_FACE('',(#40),#32,.F.);
#218=ADVANCED_FACE('',(#41,#15),#33,.T.);
#219=ADVANCED_FACE('',(#42),#29,.F.);
#220=ADVANCED_FACE('',(#43),#34,.F.);
#221=ADVANCED_FACE('',(#44),#210,.T.);
#222=ADVANCED_FACE('',(#45),#211,.T.);
#223=CLOSED_SHELL('',(#212,#213,#214,#215,#216,#217,#218,#219,#220,#221,
#222));
#224=DERIVED_UNIT_ELEMENT(#226,1.);
#225=DERIVED_UNIT_ELEMENT(#7409,-3.);
#226=(
MASS_UNIT()
NAMED_UNIT(*)
SI_UNIT(.KILO.,.GRAM.)
);
#227=DERIVED_UNIT((#224,#225));
#228=MEASURE_REPRESENTATION_ITEM('density measure',
POSITIVE_RATIO_MEASURE(7850.),#227);
#229=PROPERTY_DEFINITION_REPRESENTATION(#234,#231);
#230=PROPERTY_DEFINITION_REPRESENTATION(#235,#232);
#231=REPRESENTATION('material name',(#233),#7406);
#232=REPRESENTATION('density',(#228),#7406);
#233=DESCRIPTIVE_REPRESENTATION_ITEM('Steel','Steel');
#234=PROPERTY_DEFINITION('material property','material name',#7416);
#235=PROPERTY_DEFINITION('material property','density of part',#7416);
#236=AXIS2_PLACEMENT_3D('',#286,#252,#253);
#237=AXIS2_PLACEMENT_3D('',#3522,#254,#255);
#238=AXIS2_PLACEMENT_3D('',#3851,#256,#257);
#239=AXIS2_PLACEMENT_3D('',#3853,#258,#259);
#240=AXIS2_PLACEMENT_3D('',#3856,#261,#262);
#241=AXIS2_PLACEMENT_3D('',#3858,#263,#264);
#242=AXIS2_PLACEMENT_3D('',#3948,#265,#266);
#243=AXIS2_PLACEMENT_3D('',#3949,#267,#268);
#244=AXIS2_PLACEMENT_3D('',#3951,#269,#270);
#245=AXIS2_PLACEMENT_3D('',#3959,#271,#272);
#246=AXIS2_PLACEMENT_3D('',#3966,#273,#274);
#247=AXIS2_PLACEMENT_3D('',#3967,#275,#276);
#248=AXIS2_PLACEMENT_3D('',#3968,#277,#278);
#249=AXIS2_PLACEMENT_3D('',#3970,#279,#280);
#250=AXIS2_PLACEMENT_3D('',#3971,#281,#282);
#251=AXIS2_PLACEMENT_3D('',#3987,#284,#285);
#252=DIRECTION('axis',(0.,0.,1.));
#253=DIRECTION('refdir',(1.,0.,0.));
#254=DIRECTION('center_axis',(-4.07475611328927E-14,1.,-1.52882357536189E-14));
#255=DIRECTION('ref_axis',(0.,1.52882357536189E-14,1.));
#256=DIRECTION('center_axis',(0.,0.,1.));
#257=DIRECTION('ref_axis',(1.,0.,0.));
#258=DIRECTION('center_axis',(0.,0.,1.));
#259=DIRECTION('ref_axis',(1.,0.,0.));
#260=DIRECTION('',(0.,0.,-1.));
#261=DIRECTION('center_axis',(0.,0.,1.));
#262=DIRECTION('ref_axis',(1.,0.,0.));
#263=DIRECTION('center_axis',(0.,0.,1.));
#264=DIRECTION('ref_axis',(1.,0.,0.));
#265=DIRECTION('center_axis',(0.,0.,1.));
#266=DIRECTION('ref_axis',(1.,0.,0.));
#267=DIRECTION('center_axis',(0.,0.,1.));
#268=DIRECTION('ref_axis',(1.,0.,0.));
#269=DIRECTION('center_axis',(0.,0.,-1.));
#270=DIRECTION('ref_axis',(1.,0.,0.));
#271=DIRECTION('center_axis',(0.,0.,1.));
#272=DIRECTION('ref_axis',(1.,0.,0.));
#273=DIRECTION('center_axis',(0.,0.,-1.));
#274=DIRECTION('ref_axis',(1.,0.,0.));
#275=DIRECTION('center_axis',(0.,0.,-1.));
#276=DIRECTION('ref_axis',(1.,0.,0.));
#277=DIRECTION('center_axis',(0.,0.,1.));
#278=DIRECTION('ref_axis',(1.,0.,0.));
#279=DIRECTION('center_axis',(0.,0.,-1.));
#280=DIRECTION('ref_axis',(1.,0.,0.));
#281=DIRECTION('center_axis',(0.,0.,1.));
#282=DIRECTION('ref_axis',(1.,0.,0.));
#283=DIRECTION('',(0.,0.,1.));
#284=DIRECTION('center_axis',(4.0625096452978E-14,-1.,-1.52882357536189E-14));
#285=DIRECTION('ref_axis',(-1.87226889802795E-30,-1.52882357536189E-14,
1.));
#286=CARTESIAN_POINT('',(0.,0.,0.));
#287=CARTESIAN_POINT('Ctrl Pts',(13.0017440533743,3.6194343542915,10.9774387282477));
#288=CARTESIAN_POINT('Ctrl Pts',(13.1875534501075,2.21740291037651,10.9228446579107));
#289=CARTESIAN_POINT('Ctrl Pts',(13.5437592503376,-0.698317911668307,10.8195789656479));
#290=CARTESIAN_POINT('Ctrl Pts',(14.1932600080758,-6.98011225672539,10.6327148661006));
#291=CARTESIAN_POINT('Ctrl Pts',(14.7453806065949,-13.9435603183741,10.4443626013113));
#292=CARTESIAN_POINT('Ctrl Pts',(15.1927971225881,-21.6062922687804,10.1646430954588));
#293=CARTESIAN_POINT('Ctrl Pts',(15.4744331430808,-27.7083738933887,9.89159892953732));
#294=CARTESIAN_POINT('Ctrl Pts',(15.701173678647,-34.1704226840785,9.54960443480556));
#295=CARTESIAN_POINT('Ctrl Pts',(15.929456005845,-43.2318005442754,9.01885072438939));
#296=CARTESIAN_POINT('Ctrl Pts',(16.0817808771902,-55.434137959906,8.30460031244994));
#297=CARTESIAN_POINT('Ctrl Pts',(16.0528281879874,-76.7715367896171,7.01575728986834));
#298=CARTESIAN_POINT('Ctrl Pts',(15.64389459463,-100.678929313555,5.50050099257792));
#299=CARTESIAN_POINT('Ctrl Pts',(14.9226110246161,-126.719395242222,3.87231829704053));
#300=CARTESIAN_POINT('Ctrl Pts',(14.2401892430789,-147.225462701239,2.63267869641406));
#301=CARTESIAN_POINT('Ctrl Pts',(13.4271954964627,-168.637976601044,1.3963875954514));
#302=CARTESIAN_POINT('Ctrl Pts',(12.8022291143331,-183.489504828184,0.576847112866036));
#303=CARTESIAN_POINT('Ctrl Pts',(12.4691579170369,-191.05678510918,0.163376207060374));
#304=CARTESIAN_POINT('Ctrl Pts',(13.0734981192405,3.6161756103505,11.0198267922123));
#305=CARTESIAN_POINT('Ctrl Pts',(13.2523166456373,2.21353354787434,10.9618451347864));
#306=CARTESIAN_POINT('Ctrl Pts',(13.5936080768899,-0.703126697696749,10.8513787477434));
#307=CARTESIAN_POINT('Ctrl Pts',(14.2099795225301,-6.98574457369595,10.6485920051785));
#308=CARTESIAN_POINT('Ctrl Pts',(14.7270805844075,-13.9485001653906,10.4435124071778));
#309=CARTESIAN_POINT('Ctrl Pts',(15.1463597106107,-21.6097192710971,10.1505123680562));
#310=CARTESIAN_POINT('Ctrl Pts',(15.4120325405943,-27.7105386543216,9.87004989384801));
#311=CARTESIAN_POINT('Ctrl Pts',(15.6284913190884,-34.1714038821391,9.52343230199684));
#312=CARTESIAN_POINT('Ctrl Pts',(15.8492039602773,-43.2314681920972,8.98952128356102));
#313=CARTESIAN_POINT('Ctrl Pts',(15.9945958141606,-55.4323007541362,8.27254668771559));
#314=CARTESIAN_POINT('Ctrl Pts',(15.9636358089761,-76.7681231161301,6.98376515536008));
#315=CARTESIAN_POINT('Ctrl Pts',(15.5672636859886,-100.675694641164,5.47567172137817));
#316=CARTESIAN_POINT('Ctrl Pts',(14.863321056412,-126.717320425913,3.85697546272489));
#317=CARTESIAN_POINT('Ctrl Pts',(14.1928773670713,-147.224312724233,2.62394119440865));
#318=CARTESIAN_POINT('Ctrl Pts',(13.3889173833211,-168.637548597406,1.39280902932346));
#319=CARTESIAN_POINT('Ctrl Pts',(12.7678596722406,-183.489361391828,0.575670428035752));
#320=CARTESIAN_POINT('Ctrl Pts',(12.4366938411039,-191.05678510918,0.163376207060374));
#321=CARTESIAN_POINT('Ctrl Pts',(13.2165606578542,3.60952430589684,11.1030147772979));
#322=CARTESIAN_POINT('Ctrl Pts',(13.3810686165438,2.2056345926202,11.0381986109718));
#323=CARTESIAN_POINT('Ctrl Pts',(13.6918248248323,-0.712947998509384,10.9132001236953));
#324=CARTESIAN_POINT('Ctrl Pts',(14.2403519046566,-6.99726232467233,10.6782630178379));
#325=CARTESIAN_POINT('Ctrl Pts',(14.6857286200423,-13.9586191065845,10.4394020882761));
#326=CARTESIAN_POINT('Ctrl Pts',(15.0474097077388,-21.6167504350045,10.1196155877821));
#327=CARTESIAN_POINT('Ctrl Pts',(15.280434341876,-27.7149861483738,9.82422147670169));
#328=CARTESIAN_POINT('Ctrl Pts',(15.4759069163805,-34.1734221532117,9.46834389083181));
#329=CARTESIAN_POINT('Ctrl Pts',(15.6812394816987,-43.2307841947014,8.92818597895764));
#330=CARTESIAN_POINT('Ctrl Pts',(15.8125973199817,-55.4285253247548,8.20588185797751));
#331=CARTESIAN_POINT('Ctrl Pts',(15.7778324956036,-76.7611080228798,6.91753904004725));
#332=CARTESIAN_POINT('Ctrl Pts',(15.4075613144996,-100.669036372579,5.42429003222768));
#333=CARTESIAN_POINT('Ctrl Pts',(14.739530735834,-126.713035177103,3.8251508802804));
#334=CARTESIAN_POINT('Ctrl Pts',(14.0939116986833,-147.221926238373,2.6057502305073));
#335=CARTESIAN_POINT('Ctrl Pts',(13.3087324345108,-168.63665287543,1.3853168187699));
#336=CARTESIAN_POINT('Ctrl Pts',(12.6958560136847,-183.489060983199,0.573205847388549));
#337=CARTESIAN_POINT('Ctrl Pts',(12.3686802877742,-191.056785109179,0.163376211107029));
#338=CARTESIAN_POINT('Ctrl Pts',(13.4298465438157,3.59915528802504,11.2230450345401));
#339=CARTESIAN_POINT('Ctrl Pts',(13.5719269703087,2.19331670677948,11.1478085868871));
#340=CARTESIAN_POINT('Ctrl Pts',(13.8348145463503,-0.728276823876918,11.0006400129262));
#341=CARTESIAN_POINT('Ctrl Pts',(14.2769378114548,-7.01528039463147,10.716608193783));
#342=CARTESIAN_POINT('Ctrl Pts',(14.6098002255518,-13.974498185031,10.4261437867408));
#343=CARTESIAN_POINT('Ctrl Pts',(14.8812149473058,-21.6278159137196,10.0655381993453));
#344=CARTESIAN_POINT('Ctrl Pts',(15.0631565872038,-27.7220027558047,9.74748050276488));
#345=CARTESIAN_POINT('Ctrl Pts',(15.2259140916344,-34.1766131032227,9.37768066995668));
#346=CARTESIAN_POINT('Ctrl Pts',(15.4074729413509,-43.229701689263,8.82835755931526));
#347=CARTESIAN_POINT('Ctrl Pts',(15.5172891325499,-55.4225664151279,8.09841383308932));
#348=CARTESIAN_POINT('Ctrl Pts',(15.477431303622,-76.7500357116168,6.81165844006033));
#349=CARTESIAN_POINT('Ctrl Pts',(15.1491721252338,-100.65849593547,5.34218995342986));
#350=CARTESIAN_POINT('Ctrl Pts',(14.5386075376051,-126.70621041759,3.77408905337483));
#351=CARTESIAN_POINT('Ctrl Pts',(13.9327655121001,-147.218093343097,2.57637191462074));
#352=CARTESIAN_POINT('Ctrl Pts',(13.1778432675489,-168.635193138312,1.37309853091362));
#353=CARTESIAN_POINT('Ctrl Pts',(12.5783032996984,-183.488570780237,0.569183705411946));
#354=CARTESIAN_POINT('Ctrl Pts',(12.2576373966068,-191.056785109179,0.163376216148482));
#355=CARTESIAN_POINT('Ctrl Pts',(13.641857262959,3.58840342672742,11.3383293902294));
#356=CARTESIAN_POINT('Ctrl Pts',(13.760573111408,2.1805404011843,11.2525141328993));
#357=CARTESIAN_POINT('Ctrl Pts',(13.9735795092956,-0.744188464606114,11.0828242526687));
#358=CARTESIAN_POINT('Ctrl Pts',(14.3047808623679,-7.03402228360987,10.7488765931327));
#359=CARTESIAN_POINT('Ctrl Pts',(14.5203283411047,-13.9910610859093,10.4059271343293));
#360=CARTESIAN_POINT('Ctrl Pts',(14.6977071637388,-21.6393875264362,10.0039012933113));
#361=CARTESIAN_POINT('Ctrl Pts',(14.8265094691716,-27.7293562618735,9.66293386707536));
#362=CARTESIAN_POINT('Ctrl Pts',(14.9553481501654,-34.1799635471209,9.27918915471617));
#363=CARTESIAN_POINT('Ctrl Pts',(15.1124479511666,-43.2285640257021,8.72090849329828));
#364=CARTESIAN_POINT('Ctrl Pts',(15.2002449037759,-55.4163189509415,7.98367818745339));
#365=CARTESIAN_POINT('Ctrl Pts',(15.1558928638169,-76.7384271575714,6.69942202527298));
#366=CARTESIAN_POINT('Ctrl Pts',(14.8724329463471,-100.647416082457,5.25520529566601));
#367=CARTESIAN_POINT('Ctrl Pts',(14.3228398553177,-126.698998673945,3.71979454124396));
#368=CARTESIAN_POINT('Ctrl Pts',(13.7592496272107,-147.214013690034,2.54495786143861));
#369=CARTESIAN_POINT('Ctrl Pts',(13.03661677009,-168.633620237538,1.35992550819978));
#370=CARTESIAN_POINT('Ctrl Pts',(12.4514504522419,-183.488042004996,0.564844666048931));
#371=CARTESIAN_POINT('Ctrl Pts',(12.137805583207,-191.056785109179,0.163376218658209));
#372=CARTESIAN_POINT('Ctrl Pts',(13.8526277461813,3.57727784660198,11.4488700948065));
#373=CARTESIAN_POINT('Ctrl Pts',(13.9470668168765,2.16731665778704,11.3523268898994));
#374=CARTESIAN_POINT('Ctrl Pts',(14.1082322946574,-0.760668853487453,11.1597861586646));
#375=CARTESIAN_POINT('Ctrl Pts',(14.3241131762897,-7.05347032669235,10.7751482638959));
#376=CARTESIAN_POINT('Ctrl Pts',(14.4176714856415,-14.0082909270759,10.3788835278194));
#377=CARTESIAN_POINT('Ctrl Pts',(14.497344506482,-21.6514526914208,9.93487448111083));
#378=CARTESIAN_POINT('Ctrl Pts',(14.5710057474693,-27.7370382748446,9.57077031018912));
#379=CARTESIAN_POINT('Ctrl Pts',(14.6647536185401,-34.1834695239214,9.17306816597973));
#380=CARTESIAN_POINT('Ctrl Pts',(14.7967272846314,-43.2273726709809,8.60604002353764));
#381=CARTESIAN_POINT('Ctrl Pts',(14.8620398357517,-55.4097902230815,7.8618758972362));
#382=CARTESIAN_POINT('Ctrl Pts',(14.813776682884,-76.7262958672598,6.58101377478365));
#383=CARTESIAN_POINT('Ctrl Pts',(14.5778296338998,-100.635810478407,5.16347825426591));
#384=CARTESIAN_POINT('Ctrl Pts',(14.0926209343693,-126.691409847987,3.66235947547737));
#385=CARTESIAN_POINT('Ctrl Pts',(13.5736919524264,-147.209693658708,2.51156437494261));
#386=CARTESIAN_POINT('Ctrl Pts',(12.8853272906536,-168.631937141232,1.34582316095862));
#387=CARTESIAN_POINT('Ctrl Pts',(12.315544561514,-183.487475675212,0.560197109691974));
#388=CARTESIAN_POINT('Ctrl Pts',(12.0094184840319,-191.056785109178,0.163376223906091));
#389=CARTESIAN_POINT('Ctrl Pts',(14.0621896007679,3.56578781493521,11.554674896762));
#390=CARTESIAN_POINT('Ctrl Pts',(14.1314642377624,2.15365654000105,11.4472648979371));
#391=CARTESIAN_POINT('Ctrl Pts',(14.2388825259242,-0.777703929004855,11.2315639875905));
#392=CARTESIAN_POINT('Ctrl Pts',(14.3351634059125,-7.07360691130333,10.7955101517323));
#393=CARTESIAN_POINT('Ctrl Pts',(14.3021858367012,-14.0261708763908,10.3451490572003));
#394=CARTESIAN_POINT('Ctrl Pts',(14.2805830217422,-21.663998797622,9.85863206850295));
#395=CARTESIAN_POINT('Ctrl Pts',(14.2971557292337,-27.7450402881209,9.47118455095659));
#396=CARTESIAN_POINT('Ctrl Pts',(14.3546729381257,-34.1871269405348,9.05952180417875));
#397=CARTESIAN_POINT('Ctrl Pts',(14.4608716714408,-43.2261289209839,8.48395879361816));
#398=CARTESIAN_POINT('Ctrl Pts',(14.5032479781848,-55.4029874060777,7.73321123101235));
#399=CARTESIAN_POINT('Ctrl Pts',(14.4516415097867,-76.7136552354529,6.45662012264654));
#400=CARTESIAN_POINT('Ctrl Pts',(14.2658477477693,-100.623692722412,5.06715217944798));
#401=CARTESIAN_POINT('Ctrl Pts',(13.8483440100168,-126.68345384368,3.60187618987784));
#402=CARTESIAN_POINT('Ctrl Pts',(13.3764205111994,-147.205139672442,2.47624750020295));
#403=CARTESIAN_POINT('Ctrl Pts',(12.7242492716205,-168.630146850671,1.33081663997998));
#404=CARTESIAN_POINT('Ctrl Pts',(12.1708327205556,-183.486872808623,0.555249408982555));
#405=CARTESIAN_POINT('Ctrl Pts',(11.8727097383806,-191.056785109178,0.163376229411016));
#406=CARTESIAN_POINT('Ctrl Pts',(14.2705742991393,3.55394261212868,11.6557527119685));
#407=CARTESIAN_POINT('Ctrl Pts',(14.3138220145915,2.13957124932891,11.5373455542479));
#408=CARTESIAN_POINT('Ctrl Pts',(14.3656398788748,-0.79527931293272,11.2981966454225));
#409=CARTESIAN_POINT('Ctrl Pts',(14.3381619334412,-7.09441400800697,10.8100448360091));
#410=CARTESIAN_POINT('Ctrl Pts',(14.1742288225959,-14.0446837520992,10.3048566600556));
#411=CARTESIAN_POINT('Ctrl Pts',(14.0478805245423,-21.6770130958723,9.77534344361788));
#412=CARTESIAN_POINT('Ctrl Pts',(14.0054724488222,-27.7533538515546,9.3643633965327));
#413=CARTESIAN_POINT('Ctrl Pts',(14.0256511261029,-34.1909318455563,8.93874659491862));
#414=CARTESIAN_POINT('Ctrl Pts',(14.1054446550527,-43.2248343281498,8.35486305806634));
#415=CARTESIAN_POINT('Ctrl Pts',(14.1244453006053,-55.3959179274391,7.597882629177));
#416=CARTESIAN_POINT('Ctrl Pts',(14.0700477279797,-76.7005189790492,6.32642241439055));
#417=CARTESIAN_POINT('Ctrl Pts',(13.9369737371259,-100.611076648465,4.96636758161933));
#418=CARTESIAN_POINT('Ctrl Pts',(13.5904025783385,-126.675140635362,3.53843616517683));
#419=CARTESIAN_POINT('Ctrl Pts',(13.167763262534,-147.200358119496,2.43906347740515));
#420=CARTESIAN_POINT('Ctrl Pts',(12.5536570359812,-168.628252321118,1.31493147485157));
#421=CARTESIAN_POINT('Ctrl Pts',(12.017562022436,-183.486234422967,0.550009936485213));
#422=CARTESIAN_POINT('Ctrl Pts',(11.7279129855805,-191.056785109178,0.163376232614937));
#423=CARTESIAN_POINT('Ctrl Pts',(14.4778157580229,3.5417513986867,11.7521064837907));
#424=CARTESIAN_POINT('Ctrl Pts',(14.4941980440447,2.12507162834,11.6225837703682));
#425=CARTESIAN_POINT('Ctrl Pts',(14.4886158215715,-0.813381327847948,11.3597185632104));
#426=CARTESIAN_POINT('Ctrl Pts',(14.3333375464921,-7.11587448124401,10.8188404127922));
#427=CARTESIAN_POINT('Ctrl Pts',(14.0341566116175,-14.0638131182302,10.2581434329631));
#428=CARTESIAN_POINT('Ctrl Pts',(13.7996922697019,-21.6904831628135,9.68518609118303));
#429=CARTESIAN_POINT('Ctrl Pts',(13.6964644840084,-27.7619704624545,9.25050764397562));
#430=CARTESIAN_POINT('Ctrl Pts',(13.6782288416353,-34.1948800564299,8.81095273024632));
#431=CARTESIAN_POINT('Ctrl Pts',(13.7310048676518,-43.2234899830645,8.21896648010682));
#432=CARTESIAN_POINT('Ctrl Pts',(13.7262042655666,-55.3885887259937,7.45609951948924));
#433=CARTESIAN_POINT('Ctrl Pts',(13.669552591347,-76.6869001695559,6.19061184599262));
#434=CARTESIAN_POINT('Ctrl Pts',(13.5916922732932,-100.597975609954,4.86127060190044));
#435=CARTESIAN_POINT('Ctrl Pts',(13.3191895637927,-126.666480039497,3.47213266449401));
#436=CARTESIAN_POINT('Ctrl Pts',(12.948048232779,-147.195355438271,2.40006827332024));
#437=CARTESIAN_POINT('Ctrl Pts',(12.3738251091426,-168.6262565891,1.29819251275573));
#438=CARTESIAN_POINT('Ctrl Pts',(11.8559795569308,-183.485561535979,0.544487073746301));
#439=CARTESIAN_POINT('Ctrl Pts',(11.5752618616655,-191.056785109177,0.163376239941617));
#440=CARTESIAN_POINT('Ctrl Pts',(14.6152354678519,3.53339945686313,11.8132012438404));
#441=CARTESIAN_POINT('Ctrl Pts',(14.613166211693,2.11513667659559,11.6761920731668));
#442=CARTESIAN_POINT('Ctrl Pts',(14.5681521499157,-0.825790347336311,11.3973534091037));
#443=CARTESIAN_POINT('Ctrl Pts',(14.3250623864166,-7.13060438023929,10.8209267372082));
#444=CARTESIAN_POINT('Ctrl Pts',(13.9329386342067,-14.0769650247326,10.2228047263581));
#445=CARTESIAN_POINT('Ctrl Pts',(13.6242176010953,-21.6997583390575,9.62060752145788));
#446=CARTESIAN_POINT('Ctrl Pts',(13.4792556896321,-27.767911355498,9.17002650807754));
#447=CARTESIAN_POINT('Ctrl Pts',(13.4347143843279,-34.1976053200042,8.72119710470796));
#448=CARTESIAN_POINT('Ctrl Pts',(13.4690832576118,-43.2225620183172,8.12395411894956));
#449=CARTESIAN_POINT('Ctrl Pts',(13.448138309721,-55.3835347878669,7.35739772155185));
#450=CARTESIAN_POINT('Ctrl Pts',(13.3903310587667,-76.6775089062834,6.09644255233986));
#451=CARTESIAN_POINT('Ctrl Pts',(13.3508920052766,-100.588927862233,4.7884202712468));
#452=CARTESIAN_POINT('Ctrl Pts',(13.1297958971919,-126.660481476164,3.42608099096389));
#453=CARTESIAN_POINT('Ctrl Pts',(12.7944182281032,-147.191877102995,2.37290179913031));
#454=CARTESIAN_POINT('Ctrl Pts',(12.2479600589201,-168.624860531474,1.28648160853852));
#455=CARTESIAN_POINT('Ctrl Pts',(11.742881463946,-183.485090622259,0.540621819509591));
#456=CARTESIAN_POINT('Ctrl Pts',(11.4684139580934,-191.056785109177,0.163376245243128));
#457=CARTESIAN_POINT('Ctrl Pts',(14.7586214469436,3.52454772845845,11.8754747363094));
#458=CARTESIAN_POINT('Ctrl Pts',(14.7369718402675,2.10460597274208,11.7306035295321));
#459=CARTESIAN_POINT('Ctrl Pts',(14.6501162619132,-0.838946855988944,11.4349710166985));
#460=CARTESIAN_POINT('Ctrl Pts',(14.3138300833712,-7.14623089647508,10.821180661085));
#461=CARTESIAN_POINT('Ctrl Pts',(13.8230657711377,-14.0909282265841,10.1836985562665));
#462=CARTESIAN_POINT('Ctrl Pts',(13.4355525719281,-21.7096122103264,9.55078554389213));
#463=CARTESIAN_POINT('Ctrl Pts',(13.2463237728068,-27.7742261297347,9.08353095116132));
#464=CARTESIAN_POINT('Ctrl Pts',(13.1739099756823,-34.2005031664078,8.62500990785015));
#465=CARTESIAN_POINT('Ctrl Pts',(13.1888205179679,-43.2215741179469,8.0223469744505));
#466=CARTESIAN_POINT('Ctrl Pts',(13.1508491476142,-55.3781613154718,7.25204359235395));
#467=CARTESIAN_POINT('Ctrl Pts',(13.0920104620234,-76.6675243219129,5.99610938206692));
#468=CARTESIAN_POINT('Ctrl Pts',(13.0935873444916,-100.579302165859,4.7108086392885));
#469=CARTESIAN_POINT('Ctrl Pts',(12.9273022701617,-126.654091544299,3.37697054761272));
#470=CARTESIAN_POINT('Ctrl Pts',(12.6300669828462,-147.188165619021,2.34388783582267));
#471=CARTESIAN_POINT('Ctrl Pts',(12.113252592251,-168.62336692644,1.27394882413837));
#472=CARTESIAN_POINT('Ctrl Pts',(11.621834690378,-183.48458664165,0.536485094172685));
#473=CARTESIAN_POINT('Ctrl Pts',(11.3540561091559,-191.056785109176,0.163376249779638));
#474=CARTESIAN_POINT('Ctrl Pts',(14.8911017185509,3.51598939634039,11.9783906146129));
#475=CARTESIAN_POINT('Ctrl Pts',(14.8494937083996,2.09441500638236,11.8234379728077));
#476=CARTESIAN_POINT('Ctrl Pts',(14.7199541375553,-0.851710995600661,11.5063177879755));
#477=CARTESIAN_POINT('Ctrl Pts',(14.2884928155959,-7.16149144014534,10.8447941754507));
#478=CARTESIAN_POINT('Ctrl Pts',(13.6968982330662,-14.1046806311473,10.1570588969394));
#479=CARTESIAN_POINT('Ctrl Pts',(13.2289267061615,-21.7193909516381,9.4845687186115));
#480=CARTESIAN_POINT('Ctrl Pts',(12.9945907350695,-27.7805321014594,8.99551029598942));
#481=CARTESIAN_POINT('Ctrl Pts',(12.8939208485283,-34.2034124520299,8.52385649762575));
#482=CARTESIAN_POINT('Ctrl Pts',(12.889361979823,-43.2205807677735,7.91299702337521));
#483=CARTESIAN_POINT('Ctrl Pts',(12.8345473591633,-55.3727895918254,7.13622753590868));
#484=CARTESIAN_POINT('Ctrl Pts',(12.7757217529164,-76.6575414035954,5.88363235452497));
#485=CARTESIAN_POINT('Ctrl Pts',(12.8205867075079,-100.569608532595,4.62368143912065));
#486=CARTESIAN_POINT('Ctrl Pts',(12.7118005272423,-126.647567819372,3.32238851045969));
#487=CARTESIAN_POINT('Ctrl Pts',(12.4546390111757,-147.184309022466,2.31212898213443));
#488=CARTESIAN_POINT('Ctrl Pts',(11.9691511904537,-168.621772517942,1.26052212790928));
#489=CARTESIAN_POINT('Ctrl Pts',(11.4923356899087,-183.484047502965,0.532059725417701));
#490=CARTESIAN_POINT('Ctrl Pts',(11.2317124971369,-191.056785109176,0.163376256288606));
#491=CARTESIAN_POINT('Ctrl Pts',(14.9981832942512,3.50620855203346,12.2192369709788));
#492=CARTESIAN_POINT('Ctrl Pts',(14.929962878652,2.08272624518223,12.0448486966857));
#493=CARTESIAN_POINT('Ctrl Pts',(14.7433736559545,-0.866493470445094,11.6863284545269));
#494=CARTESIAN_POINT('Ctrl Pts',(14.1842511796859,-7.17960513668626,10.9329996546484));
#495=CARTESIAN_POINT('Ctrl Pts',(13.4570550164985,-14.1215125931837,10.1485668168384));
#496=CARTESIAN_POINT('Ctrl Pts',(12.8813460050709,-21.7316783192205,9.39926889135392));
#497=CARTESIAN_POINT('Ctrl Pts',(12.5871079099076,-27.7886241059142,8.86732693580472));
#498=CARTESIAN_POINT('Ctrl Pts',(12.4496739854664,-34.2072109362468,8.36899884240682));
#499=CARTESIAN_POINT('Ctrl Pts',(12.4211057901298,-43.2192739427511,7.74002375280211));
#500=CARTESIAN_POINT('Ctrl Pts',(12.3465509953664,-55.3658694181249,6.9476911163467));
#501=CARTESIAN_POINT('Ctrl Pts',(12.2932164097276,-76.6446765430923,5.69586796658671));
#502=CARTESIAN_POINT('Ctrl Pts',(12.4031670994337,-100.556818973756,4.47796806936048));
#503=CARTESIAN_POINT('Ctrl Pts',(12.3790774188436,-126.638582944438,3.23224511219528));
#504=CARTESIAN_POINT('Ctrl Pts',(12.1812437123412,-147.178714422081,2.260702530135));
#505=CARTESIAN_POINT('Ctrl Pts',(11.7430352109612,-168.619284382415,1.23940382102587));
#506=CARTESIAN_POINT('Ctrl Pts',(11.2890810390712,-183.483201382072,0.525114422426989));
#507=CARTESIAN_POINT('Ctrl Pts',(11.0396870674918,-191.056785109175,0.163376269051459));
#508=CARTESIAN_POINT('Ctrl Pts',(14.9867364195775,3.49999219566807,12.5059640690259));
#509=CARTESIAN_POINT('Ctrl Pts',(14.8964812384638,2.07523404135609,12.3097176704564));
#510=CARTESIAN_POINT('Ctrl Pts',(14.6624963918206,-0.876180847612659,11.9046344475377));
#511=CARTESIAN_POINT('Ctrl Pts',(13.9966910131051,-7.19212427165209,11.048038256901));
#512=CARTESIAN_POINT('Ctrl Pts',(13.1557620002304,-14.1338777041219,10.1547667600154));
#513=CARTESIAN_POINT('Ctrl Pts',(12.4903814403866,-21.7411499983617,9.31875020873426));
#514=CARTESIAN_POINT('Ctrl Pts',(12.1470048660851,-27.7950902832605,8.73817350664599));
#515=CARTESIAN_POINT('Ctrl Pts',(11.9805285343905,-34.2103326327153,8.20928835417872));
#516=CARTESIAN_POINT('Ctrl Pts',(11.9349503705903,-43.2181854576126,7.5590430054067));
#517=CARTESIAN_POINT('Ctrl Pts',(11.8480419066169,-55.3603026733986,6.74802835292472));
#518=CARTESIAN_POINT('Ctrl Pts',(11.8071670682532,-76.634323559727,5.49497822787235));
#519=CARTESIAN_POINT('Ctrl Pts',(11.9814978391862,-100.546131639032,4.32195388018414));
#520=CARTESIAN_POINT('Ctrl Pts',(12.0389136617262,-126.630584584685,3.13621675768423));
#521=CARTESIAN_POINT('Ctrl Pts',(11.898559952464,-147.173381969166,2.20636205354169));
#522=CARTESIAN_POINT('Ctrl Pts',(11.5073296803146,-168.61670579816,1.21736406504167));
#523=CARTESIAN_POINT('Ctrl Pts',(11.0771423103758,-183.482319174871,0.517872775766205));
#524=CARTESIAN_POINT('Ctrl Pts',(10.8394561624282,-191.056785109174,0.163376274574337));
#525=CARTESIAN_POINT('Ctrl Pts',(14.8479032687193,3.49724979347375,12.7908182674921));
#526=CARTESIAN_POINT('Ctrl Pts',(14.7406199698744,2.07183322046497,12.5725108136572));
#527=CARTESIAN_POINT('Ctrl Pts',(14.4697874153952,-0.880898448463833,12.1203905125049));
#528=CARTESIAN_POINT('Ctrl Pts',(13.7203205688099,-7.19918318040901,11.1593436540663));
#529=CARTESIAN_POINT('Ctrl Pts',(12.7896895721267,-14.1418805969358,10.1558755340312));
#530=CARTESIAN_POINT('Ctrl Pts',(12.0545135123803,-21.7478712130458,9.23209631663722));
#531=CARTESIAN_POINT('Ctrl Pts',(11.6738405495557,-27.799968637625,8.6023550209391));
#532=CARTESIAN_POINT('Ctrl Pts',(11.4867815514156,-34.212794001566,8.0426711268864));
#533=CARTESIAN_POINT('Ctrl Pts',(11.4318289586225,-43.2173124594552,7.37114621668874));
#534=CARTESIAN_POINT('Ctrl Pts',(11.3405894226668,-55.356060810706,6.54155923743856));
#535=CARTESIAN_POINT('Ctrl Pts',(11.3196486059693,-76.6264289807918,5.28792452733633));
#536=CARTESIAN_POINT('Ctrl Pts',(11.557285870607,-100.537502996615,4.16118554167995));
#537=CARTESIAN_POINT('Ctrl Pts',(11.6923564216339,-126.623553632698,3.03709898528369));
#538=CARTESIAN_POINT('Ctrl Pts',(11.6072019908441,-147.168307841158,2.15012505267389));
#539=CARTESIAN_POINT('Ctrl Pts',(11.2623957733335,-168.614039906599,1.19446266465988));
#540=CARTESIAN_POINT('Ctrl Pts',(10.8568415662292,-183.481402207915,0.510345718537454));
#541=CARTESIAN_POINT('Ctrl Pts',(10.6313243082757,-191.056785109173,0.163376289531805));
#542=CARTESIAN_POINT('Ctrl Pts',(14.5914598715831,3.49733087623937,13.0261751354033));
#543=CARTESIAN_POINT('Ctrl Pts',(14.471707868618,2.07175667758822,12.7878088885835));
#544=CARTESIAN_POINT('Ctrl Pts',(14.1736554147588,-0.881580873908906,12.29284291381));
#545=CARTESIAN_POINT('Ctrl Pts',(13.3615583783357,-7.20181723543922,11.2364007742801));
#546=CARTESIAN_POINT('Ctrl Pts',(12.3632436283976,-14.1463599180229,10.1321366453456));
#547=CARTESIAN_POINT('Ctrl Pts',(11.5765116827851,-21.7523789194704,9.12840180346855));
#548=CARTESIAN_POINT('Ctrl Pts',(11.1694204431404,-27.8035737719121,8.45417901924726));
#549=CARTESIAN_POINT('Ctrl Pts',(10.9695708371032,-34.2147276718806,7.86709192450141));
#550=CARTESIAN_POINT('Ctrl Pts',(10.9122919160649,-43.2166101294049,7.17742033509655));
#551=CARTESIAN_POINT('Ctrl Pts',(10.8241513730544,-55.3528798881598,6.3325985143651));
#552=CARTESIAN_POINT('Ctrl Pts',(10.8301066203841,-76.6205041962866,5.08166280057293));
#553=CARTESIAN_POINT('Ctrl Pts',(11.1301544927237,-100.530513600911,4.0012065431579));
#554=CARTESIAN_POINT('Ctrl Pts',(11.3394183124756,-126.617277180526,2.93768609327189));
#555=CARTESIAN_POINT('Ctrl Pts',(11.3074229958701,-147.163418171445,2.09300881516437));
#556=CARTESIAN_POINT('Ctrl Pts',(11.0085871833128,-168.611288257327,1.1707595445571));
#557=CARTESIAN_POINT('Ctrl Pts',(10.6285008783666,-183.480451807758,0.502544158403222));
#558=CARTESIAN_POINT('Ctrl Pts',(10.4155960406918,-191.056785109172,0.16337630515881));
#559=CARTESIAN_POINT('Ctrl Pts',(14.2448678433186,3.49911045647033,13.1718710803288));
#560=CARTESIAN_POINT('Ctrl Pts',(14.1159522228365,2.07367847376357,12.9173050586231));
#561=CARTESIAN_POINT('Ctrl Pts',(13.7976555729976,-0.879843478051136,12.3876101661199));
#562=CARTESIAN_POINT('Ctrl Pts',(12.9382048997346,-7.2018188815012,11.2534692758559));
#563=CARTESIAN_POINT('Ctrl Pts',(11.8882315779096,-14.1487710790831,10.0668949346665));
#564=CARTESIAN_POINT('Ctrl Pts',(11.0632890228165,-21.7556080799931,8.9984951636939));
#565=CARTESIAN_POINT('Ctrl Pts',(10.637784527961,-27.8064561383099,8.2888857282767));
#566=CARTESIAN_POINT('Ctrl Pts',(10.4309253648536,-34.2163674351577,7.6808656779003));
#567=CARTESIAN_POINT('Ctrl Pts',(10.3766238481713,-43.2160025652015,6.97883766024657));
#568=CARTESIAN_POINT('Ctrl Pts',(10.297216941124,-55.3503004919675,6.1248434445646));
#569=CARTESIAN_POINT('Ctrl Pts',(10.3355361320957,-76.6156965781088,4.88211982540494));
#570=CARTESIAN_POINT('Ctrl Pts',(10.6977695030588,-100.52442869101,3.84673806197558));
#571=CARTESIAN_POINT('Ctrl Pts',(10.9791331745496,-126.611378836458,2.84036123000478));
#572=CARTESIAN_POINT('Ctrl Pts',(10.9991286537759,-147.158578917788,2.03588479254342));
#573=CARTESIAN_POINT('Ctrl Pts',(10.7462460219083,-168.60845022239,1.1463099174818));
#574=CARTESIAN_POINT('Ctrl Pts',(10.3924423173674,-183.479469300957,0.494479006176623));
#575=CARTESIAN_POINT('Ctrl Pts',(10.1925758941789,-191.056785109171,0.163376315840925));
#576=CARTESIAN_POINT('Ctrl Pts',(13.848690646165,3.50117199270621,13.2010019233524));
#577=CARTESIAN_POINT('Ctrl Pts',(13.7120516115225,2.07592769730983,12.9353275301311));
#578=CARTESIAN_POINT('Ctrl Pts',(13.3765709710527,-0.877723894665305,12.3816510555433));
#579=CARTESIAN_POINT('Ctrl Pts',(12.4764619851434,-7.20145137032086,11.1932866982087));
#580=CARTESIAN_POINT('Ctrl Pts',(11.3819266028811,-14.1509534460929,9.94900599537163));
#581=CARTESIAN_POINT('Ctrl Pts',(10.5247911758306,-21.7587404422165,8.83626638034178));
#582=CARTESIAN_POINT('Ctrl Pts',(10.0845595581188,-27.809310738264,8.10332640977339));
#583=CARTESIAN_POINT('Ctrl Pts',(9.87346563776621,-34.2180076230235,7.48291610937175));
#584=CARTESIAN_POINT('Ctrl Pts',(9.82483257057065,-43.2153914805454,6.7761071239117));
#585=CARTESIAN_POINT('Ctrl Pts',(9.75712647341038,-55.3477395181297,5.92084605881565));
#586=CARTESIAN_POINT('Ctrl Pts',(9.83105697361769,-76.6109249001805,4.69334470339785));
#587=CARTESIAN_POINT('Ctrl Pts',(10.2563090444915,-100.518315957593,3.70100891222333));
#588=CARTESIAN_POINT('Ctrl Pts',(10.6097960018311,-126.605380418016,2.74676517552493));
#589=CARTESIAN_POINT('Ctrl Pts',(10.6819668904441,-147.153619342099,1.97936450589026));
#590=CARTESIAN_POINT('Ctrl Pts',(10.475709280126,-168.605524417579,1.12116317644933));
#591=CARTESIAN_POINT('Ctrl Pts',(10.1489879453667,-183.478456014063,0.486161195701541));
#592=CARTESIAN_POINT('Ctrl Pts',(9.96256839479457,-191.056785109169,0.163376338994498));
#593=CARTESIAN_POINT('Ctrl Pts',(13.5835349061927,3.5017327977254,13.1367213130778));
#594=CARTESIAN_POINT('Ctrl Pts',(13.4412500090236,2.07646517196264,12.8673073199551));
#595=CARTESIAN_POINT('Ctrl Pts',(13.0932574359725,-0.877494242168325,12.3053919027577));
#596=CARTESIAN_POINT('Ctrl Pts',(12.1637582671479,-7.20255768827152,11.0978327935149));
#597=CARTESIAN_POINT('Ctrl Pts',(11.0371654042252,-14.1535544893821,9.83287984742736));
#598=CARTESIAN_POINT('Ctrl Pts',(10.1567787966015,-21.7615996046278,8.70528529420382));
#599=CARTESIAN_POINT('Ctrl Pts',(9.70577773997974,-27.8116880942669,7.96550963625995));
#600=CARTESIAN_POINT('Ctrl Pts',(9.49132100093842,-34.2193112519677,7.3430085226792));
#601=CARTESIAN_POINT('Ctrl Pts',(9.44619145402007,-43.2149145867331,6.63846885543534));
#602=CARTESIAN_POINT('Ctrl Pts',(9.38612725574593,-55.3456337459031,5.7880508547796));
#603=CARTESIAN_POINT('Ctrl Pts',(9.48419460406501,-76.6070045228274,4.57570242218833));
#604=CARTESIAN_POINT('Ctrl Pts',(9.95285022134906,-100.513563497621,3.61050060559287));
#605=CARTESIAN_POINT('Ctrl Pts',(10.3561199887191,-126.60097620358,2.6872806804598));
#606=CARTESIAN_POINT('Ctrl Pts',(10.4642775847646,-147.150111110244,1.94225828823537));
#607=CARTESIAN_POINT('Ctrl Pts',(10.2901072795913,-168.603513777238,1.10395951898818));
#608=CARTESIAN_POINT('Ctrl Pts',(9.9819692038915,-183.477760853777,0.480454823379735));
#609=CARTESIAN_POINT('Ctrl Pts',(9.80477484976551,-191.056785109167,0.163376358620061));
#610=CARTESIAN_POINT('Ctrl Pts',(13.3823536599607,3.5014962796202,13.053859150484));
#611=CARTESIAN_POINT('Ctrl Pts',(13.2347371965802,2.07608479651667,12.7827938017804));
#612=CARTESIAN_POINT('Ctrl Pts',(12.8750184765173,-0.878305871026446,12.2171047025189));
#613=CARTESIAN_POINT('Ctrl Pts',(11.9182283993504,-7.20457097515031,11.0003834089334));
#614=CARTESIAN_POINT('Ctrl Pts',(10.7620558558367,-14.1565808418037,9.72538054541438));
#615=CARTESIAN_POINT('Ctrl Pts',(9.8599030981217,-21.7645143753383,8.59128784311068));
#616=CARTESIAN_POINT('Ctrl Pts',(9.39847411330288,-27.8139705906427,7.84925544906473));
#617=CARTESIAN_POINT('Ctrl Pts',(9.18013832815916,-34.2205202186123,7.22736264783033));
#618=CARTESIAN_POINT('Ctrl Pts',(9.13688878236278,-43.2144764868102,6.52668332084093));
#619=CARTESIAN_POINT('Ctrl Pts',(9.0820687171421,-55.3436277024022,5.68227468707692));
#620=CARTESIAN_POINT('Ctrl Pts',(9.19902636422778,-76.6032723990585,4.48399443908718));
#621=CARTESIAN_POINT('Ctrl Pts',(9.70353690384867,-100.5092245498,3.54006449169295));
#622=CARTESIAN_POINT('Ctrl Pts',(10.1482636954738,-126.597143904245,2.64044382736622));
#623=CARTESIAN_POINT('Ctrl Pts',(10.2863224304601,-147.147161224389,1.91257665301308));
#624=CARTESIAN_POINT('Ctrl Pts',(10.1386199117431,-168.601870279825,1.08993470962168));
#625=CARTESIAN_POINT('Ctrl Pts',(9.84565639353889,-183.47719348995,0.475797502015558));
#626=CARTESIAN_POINT('Ctrl Pts',(9.67599133300634,-191.056785109166,0.163376367714042));
#627=CARTESIAN_POINT('Ctrl Pts',(13.2297405281037,3.50127951611658,12.9904140027755));
#628=CARTESIAN_POINT('Ctrl Pts',(13.077996639147,2.07575197941852,12.7180866919303));
#629=CARTESIAN_POINT('Ctrl Pts',(12.7091985987586,-0.878977138699533,12.1495259881035));
#630=CARTESIAN_POINT('Ctrl Pts',(11.7313026821927,-7.20616629783028,10.9258121118706));
#631=CARTESIAN_POINT('Ctrl Pts',(10.5522557436238,-14.1589400473489,9.64315473882032));
#632=CARTESIAN_POINT('Ctrl Pts',(9.63325174011088,-21.766772214179,8.50411144871229));
#633=CARTESIAN_POINT('Ctrl Pts',(9.16372845996827,-27.8157333070646,7.76035929397016));
#634=CARTESIAN_POINT('Ctrl Pts',(8.94233882352809,-34.2214523431424,7.1389409115027));
#635=CARTESIAN_POINT('Ctrl Pts',(8.90045089785192,-43.2141398733549,6.44121800069613));
#636=CARTESIAN_POINT('Ctrl Pts',(8.8495582040272,-55.34208011789,5.60141667052939));
#637=CARTESIAN_POINT('Ctrl Pts',(8.9808904202555,-76.6003928350349,4.41389821997673));
#638=CARTESIAN_POINT('Ctrl Pts',(9.51283874867533,-100.505884616839,3.48623027616048));
#639=CARTESIAN_POINT('Ctrl Pts',(9.98931754494922,-126.594202337791,2.60464676926956));
#640=CARTESIAN_POINT('Ctrl Pts',(10.1502730189273,-147.144901725453,1.88989110338303));
#641=CARTESIAN_POINT('Ctrl Pts',(10.0228241257556,-168.600613730881,1.07921525863498));
#642=CARTESIAN_POINT('Ctrl Pts',(9.74146097898443,-183.47675980266,0.472237498845206));
#643=CARTESIAN_POINT('Ctrl Pts',(9.57755125110281,-191.056785109166,0.163376375774099));
#644=CARTESIAN_POINT('Ctrl Pts',(13.0006506793806,3.50084385845812,12.8934105100216));
#645=CARTESIAN_POINT('Ctrl Pts',(12.842458863549,2.0751203190191,12.619178422123));
#646=CARTESIAN_POINT('Ctrl Pts',(12.4594954353074,-0.880152152674219,12.0462720229667));
#647=CARTESIAN_POINT('Ctrl Pts',(11.4487083206721,-7.20876635009892,10.8119859153553));
#648=CARTESIAN_POINT('Ctrl Pts',(10.2340474399894,-14.1626724114439,9.51774277403389));
#649=CARTESIAN_POINT('Ctrl Pts',(9.28874069161474,-21.7703007794483,8.37122574481007));
#650=CARTESIAN_POINT('Ctrl Pts',(8.8065134687752,-27.8184708365011,7.62489774570744));
#651=CARTESIAN_POINT('Ctrl Pts',(8.58021396371526,-34.2228942862409,7.00422872869379));
#652=CARTESIAN_POINT('Ctrl Pts',(8.54017702253608,-43.2136191564224,6.31103502635753));
#653=CARTESIAN_POINT('Ctrl Pts',(8.49504178852024,-55.339678105863,5.47827269477149));
#654=CARTESIAN_POINT('Ctrl Pts',(8.64808721585401,-76.5959239929305,4.30716868283066));
#655=CARTESIAN_POINT('Ctrl Pts',(9.22193564872855,-100.500725556382,3.40426119840077));
#656=CARTESIAN_POINT('Ctrl Pts',(9.74697931284467,-126.589684445188,2.55013277881027));
#657=CARTESIAN_POINT('Ctrl Pts',(9.9429404569878,-147.141446234384,1.85533705569381));
#658=CARTESIAN_POINT('Ctrl Pts',(9.84641240276911,-168.598699097367,1.06288393160213));
#659=CARTESIAN_POINT('Ctrl Pts',(9.5827239130215,-183.476099086972,0.466813913616844));
#660=CARTESIAN_POINT('Ctrl Pts',(9.42758240365193,-191.056785109165,0.163376386864504));
#661=CARTESIAN_POINT('Ctrl Pts',(12.7714273466256,3.50029971177441,12.7945857814094));
#662=CARTESIAN_POINT('Ctrl Pts',(12.6065392648269,2.07435906737342,12.5184348864676));
#663=CARTESIAN_POINT('Ctrl Pts',(12.2088754312227,-0.881491137798408,11.9411530466267));
#664=CARTESIAN_POINT('Ctrl Pts',(11.1640006560047,-7.21156805875261,10.6962104700339));
#665=CARTESIAN_POINT('Ctrl Pts',(9.91245318724727,-14.1665931508488,9.39029332769703));
#666=CARTESIAN_POINT('Ctrl Pts',(8.93984440401631,-21.7739675863318,8.23625965744595));
#667=CARTESIAN_POINT('Ctrl Pts',(8.44436764436342,-27.8212998703944,7.48735669937361));
#668=CARTESIAN_POINT('Ctrl Pts',(8.21283602254198,-34.2243794157471,6.86747777847302));
#669=CARTESIAN_POINT('Ctrl Pts',(8.17446318651719,-43.21308384737,6.17890585747582));
#670=CARTESIAN_POINT('Ctrl Pts',(8.13495036027524,-55.3371981289179,5.35331608021653));
#671=CARTESIAN_POINT('Ctrl Pts',(8.30985316634662,-76.5913101325885,4.19889442725053));
#672=CARTESIAN_POINT('Ctrl Pts',(8.92632123427549,-100.495421656497,3.32110832463486));
#673=CARTESIAN_POINT('Ctrl Pts',(9.50083826287404,-126.585063922274,2.4948250094591));
#674=CARTESIAN_POINT('Ctrl Pts',(9.73244597865004,-147.137926189811,1.82027426267724));
#675=CARTESIAN_POINT('Ctrl Pts',(9.66736357330705,-168.596755384402,1.0463089269558));
#676=CARTESIAN_POINT('Ctrl Pts',(9.42161622201929,-183.475428488527,0.461309236698246));
#677=CARTESIAN_POINT('Ctrl Pts',(9.2753741585269,-191.056785109164,0.163376400561727));
#678=CARTESIAN_POINT('Ctrl Pts',(12.5421087056362,3.49964906101284,12.6939552545823));
#679=CARTESIAN_POINT('Ctrl Pts',(12.3702810080635,2.07347044101509,12.4158757362356));
#680=CARTESIAN_POINT('Ctrl Pts',(11.9573955355737,-0.882991420909743,11.8341919832082));
#681=CARTESIAN_POINT('Ctrl Pts',(10.8772631993641,-7.21456795268985,10.5785251507232));
#682=CARTESIAN_POINT('Ctrl Pts',(9.58758866769361,-14.1706987145908,9.26085592019329));
#683=CARTESIAN_POINT('Ctrl Pts',(8.58670208130662,-21.7777697064703,8.09927320749518));
#684=CARTESIAN_POINT('Ctrl Pts',(8.07744165464874,-27.8242181803278,7.34780372190672));
#685=CARTESIAN_POINT('Ctrl Pts',(7.84036326623761,-34.2259064855815,6.72875699144963));
#686=CARTESIAN_POINT('Ctrl Pts',(7.80347082083285,-43.2125339357345,6.04490007173617));
#687=CARTESIAN_POINT('Ctrl Pts',(7.7694487880579,-55.3346416666076,5.22661214512704));
#688=CARTESIAN_POINT('Ctrl Pts',(7.96634746100622,-76.5865542201072,4.08913394079962));
#689=CARTESIAN_POINT('Ctrl Pts',(8.62613497445624,-100.48997613827,3.23681548193835));
#690=CARTESIAN_POINT('Ctrl Pts',(9.25100907318615,-126.580343355161,2.43875093105807));
#691=CARTESIAN_POINT('Ctrl Pts',(9.51888646360839,-147.134343450294,1.7847188758808));
#692=CARTESIAN_POINT('Ctrl Pts',(9.48575925047243,-168.594783541313,1.0294973145596));
#693=CARTESIAN_POINT('Ctrl Pts',(9.25821122694751,-183.474748309322,0.455725951750963));
#694=CARTESIAN_POINT('Ctrl Pts',(9.12099584452691,-191.056785109162,0.163376415351217));
#695=CARTESIAN_POINT('Ctrl Pts',(12.3127322665336,3.49889390905592,12.5915340955387));
#696=CARTESIAN_POINT('Ctrl Pts',(12.1337281936993,2.07245694662819,12.3115173889611));
#697=CARTESIAN_POINT('Ctrl Pts',(11.705112520609,-0.884649649629454,11.7254109391267));
#698=CARTESIAN_POINT('Ctrl Pts',(10.5885836384067,-7.21776166299631,10.4589604926107));
#699=CARTESIAN_POINT('Ctrl Pts',(9.25957258979875,-14.1749847978865,9.12947379376467));
#700=CARTESIAN_POINT('Ctrl Pts',(8.22945736700275,-21.7817039167578,7.96031755423313));
#701=CARTESIAN_POINT('Ctrl Pts',(7.7058931239786,-27.8272236664069,7.20629268111484));
#702=CARTESIAN_POINT('Ctrl Pts',(7.46296056537737,-34.2274745623502,6.5881223395349));
#703=CARTESIAN_POINT('Ctrl Pts',(7.42736860787941,-43.2119699730154,5.90907305283511));
#704=CARTESIAN_POINT('Ctrl Pts',(7.39870692363528,-55.3320107492594,5.09821650975985));
#705=CARTESIAN_POINT('Ctrl Pts',(7.61773357074428,-76.5816599208425,3.97793739220055));
#706=CARTESIAN_POINT('Ctrl Pts',(8.32151868929088,-100.484392731843,3.15142193082111));
#707=CARTESIAN_POINT('Ctrl Pts',(8.9976071195766,-126.575525481013,2.38193669335913));
#708=CARTESIAN_POINT('Ctrl Pts',(9.30235862804467,-147.130699796065,1.74868742504012));
#709=CARTESIAN_POINT('Ctrl Pts',(9.30168073439352,-168.592784416292,1.0124568111535));
#710=CARTESIAN_POINT('Ctrl Pts',(9.09258224790849,-183.474058851353,0.450066544802152));
#711=CARTESIAN_POINT('Ctrl Pts',(8.96451678958376,-191.056785109161,0.163376432084035));
#712=CARTESIAN_POINT('Ctrl Pts',(12.0833357576179,3.49803625445371,12.4873377586494));
#713=CARTESIAN_POINT('Ctrl Pts',(11.8969243246899,2.07132094792468,12.2053780581097));
#714=CARTESIAN_POINT('Ctrl Pts',(11.4520831440383,-0.886462812690539,11.6148325669677));
#715=CARTESIAN_POINT('Ctrl Pts',(10.2980474392017,-7.22114527312336,10.3375516465103));
#716=CARTESIAN_POINT('Ctrl Pts',(8.92852205836694,-14.1794474759633,8.99619346311858));
#717=CARTESIAN_POINT('Ctrl Pts',(7.86825159831826,-21.7857671410792,7.81944842261256));
#718=CARTESIAN_POINT('Ctrl Pts',(7.32987609216881,-27.8303141604716,7.06288446747408));
#719=CARTESIAN_POINT('Ctrl Pts',(7.08078939587583,-34.2290825513888,6.44563642736224));
#720=CARTESIAN_POINT('Ctrl Pts',(7.04632151133658,-43.2113922230419,5.77148743889546));
#721=CARTESIAN_POINT('Ctrl Pts',(7.02289207211465,-55.3293071269356,4.96818973999218));
#722=CARTESIAN_POINT('Ctrl Pts',(7.26417278629798,-76.576630545504,3.86535918229811));
#723=CARTESIAN_POINT('Ctrl Pts',(8.01261300584851,-100.478674909686,3.06496924978908));
#724=CARTESIAN_POINT('Ctrl Pts',(8.74074742649613,-126.570612961242,2.32440911274498));
#725=CARTESIAN_POINT('Ctrl Pts',(9.08295927437315,-147.126997048109,1.71219624369327));
#726=CARTESIAN_POINT('Ctrl Pts',(9.11520948582399,-168.590758909384,0.995194802814914));
#727=CARTESIAN_POINT('Ctrl Pts',(8.92480260538537,-183.473360416616,0.444333500840291));
#728=CARTESIAN_POINT('Ctrl Pts',(8.80600632201007,-191.05678510916,0.163376450572558));
#729=CARTESIAN_POINT('Ctrl Pts',(11.8539567327193,3.49707810128856,12.3813817343121));
#730=CARTESIAN_POINT('Ctrl Pts',(11.6599131618584,2.07006488765562,12.0974751933453));
#731=CARTESIAN_POINT('Ctrl Pts',(11.1983641204325,-0.888427714725983,11.5024793932137));
#732=CARTESIAN_POINT('Ctrl Pts',(10.0057411997869,-7.22471462338392,10.2143314613148));
#733=CARTESIAN_POINT('Ctrl Pts',(8.59455499816515,-14.1840826199374,8.86105980390188));
#734=CARTESIAN_POINT('Ctrl Pts',(7.50322731331773,-21.7899562232826,7.67671918514978));
#735=CARTESIAN_POINT('Ctrl Pts',(6.94954647935619,-27.8334875286662,6.91763630907711));
#736=CARTESIAN_POINT('Ctrl Pts',(6.69401301841041,-34.2307294421794,6.30135838756707));
#737=CARTESIAN_POINT('Ctrl Pts',(6.66049645409943,-43.2108011011816,5.63220205738552));
#738=CARTESIAN_POINT('Ctrl Pts',(6.64217288449893,-55.3265326984586,4.83658979007574));
#739=CARTESIAN_POINT('Ctrl Pts',(6.90582755445184,-76.5714695938309,3.75145146428774));
#740=CARTESIAN_POINT('Ctrl Pts',(7.69955918573429,-100.472826281953,2.97749777963871));
#741=CARTESIAN_POINT('Ctrl Pts',(8.4805452065651,-126.565608498218,2.26619464515097));
#742=CARTESIAN_POINT('Ctrl Pts',(8.86078516070841,-147.123237006378,1.67526176458795));
#743=CARTESIAN_POINT('Ctrl Pts',(8.92642688097559,-168.588707893369,0.977718849007404));
#744=CARTESIAN_POINT('Ctrl Pts',(8.7549456196833,-183.472653307108,0.438529305339424));
#745=CARTESIAN_POINT('Ctrl Pts',(8.64553376994047,-191.056785109158,0.163376471114734));
#746=CARTESIAN_POINT('Ctrl Pts',(11.6246327450301,3.49602145480929,12.2736816608705));
#747=CARTESIAN_POINT('Ctrl Pts',(11.422738240756,2.06869117156505,11.9878268071855));
#748=CARTESIAN_POINT('Ctrl Pts',(10.9440121078234,-0.890541251926239,11.3883741540561));
#749=CARTESIAN_POINT('Ctrl Pts',(9.71175085926064,-7.228465676243,10.0893341095342));
#750=CARTESIAN_POINT('Ctrl Pts',(8.25778886120112,-14.1888862036388,8.72411862767733));
#751=CARTESIAN_POINT('Ctrl Pts',(7.13452639255192,-21.7942680461537,7.53218449630294));
#752=CARTESIAN_POINT('Ctrl Pts',(6.56505919818044,-27.8367416169575,6.77060738984472));
#753=CARTESIAN_POINT('Ctrl Pts',(6.30279374372535,-34.232414178807,6.15534919530645));
#754=CARTESIAN_POINT('Ctrl Pts',(6.27005932268935,-43.2101969428758,5.49127774620079));
#755=CARTESIAN_POINT('Ctrl Pts',(6.25671730644175,-55.3236892856023,4.70347597986823));
#756=CARTESIAN_POINT('Ctrl Pts',(6.5428597221786,-76.5661804686438,3.63626755531708));
#757=CARTESIAN_POINT('Ctrl Pts',(7.38249816440956,-100.466850388633,2.88904849631095));
#758=CARTESIAN_POINT('Ctrl Pts',(8.21711557769816,-126.560514774033,2.20731992760206));
#759=CARTESIAN_POINT('Ctrl Pts',(8.63593307038286,-147.119421482472,1.63790036478894));
#760=CARTESIAN_POINT('Ctrl Pts',(8.73541434088285,-168.586632255475,0.96003641755052));
#761=CARTESIAN_POINT('Ctrl Pts',(8.58308461117831,-183.471937824825,0.432656443580137));
#762=CARTESIAN_POINT('Ctrl Pts',(8.48316846158047,-191.056785109156,0.163376493815045));
#763=CARTESIAN_POINT('Ctrl Pts',(11.395401268123,3.49486832341527,12.164253273811));
#764=CARTESIAN_POINT('Ctrl Pts',(11.1854431402055,2.0672022294459,11.8764507817958));
#765=CARTESIAN_POINT('Ctrl Pts',(10.6890837260195,-0.892800266559894,11.2725396250604));
#766=CARTESIAN_POINT('Ctrl Pts',(9.41616265521509,-7.23239432343368,9.96259317646812));
#767=CARTESIAN_POINT('Ctrl Pts',(7.91834131720827,-14.1938541415851,8.58541532446526));
#768=CARTESIAN_POINT('Ctrl Pts',(6.76229104688845,-21.798699468698,7.38589837354534));
#769=CARTESIAN_POINT('Ctrl Pts',(6.1765696857412,-27.8400742801434,6.62185588118005));
#770=CARTESIAN_POINT('Ctrl Pts',(5.90729438245952,-34.2341357286171,6.00766885978594));
#771=CARTESIAN_POINT('Ctrl Pts',(5.87517655448739,-43.209580126169,5.3487742769083));
#772=CARTESIAN_POINT('Ctrl Pts',(5.86669366416691,-55.3207787525134,4.56890689203336));
#773=CARTESIAN_POINT('Ctrl Pts',(6.17543146531071,-76.5607666269918,3.51986013216834));
#774=CARTESIAN_POINT('Ctrl Pts',(7.06157105884981,-100.46075080938,2.79966202006989));
#775=CARTESIAN_POINT('Ctrl Pts',(7.95057371229463,-126.55533448281,2.14781149149085));
#776=CARTESIAN_POINT('Ctrl Pts',(8.40849977485665,-147.115552282289,1.60012844733758));
#777=CARTESIAN_POINT('Ctrl Pts',(8.54225326285206,-168.584532875292,0.942155024643285));
#778=CARTESIAN_POINT('Ctrl Pts',(8.40929290020549,-183.471214271763,0.426717400954855));
#779=CARTESIAN_POINT('Ctrl Pts',(8.31897972509462,-191.056785109154,0.163376518889824));
#780=CARTESIAN_POINT('Ctrl Pts',(11.1662997298554,3.49362071780516,12.0531124276327));
#781=CARTESIAN_POINT('Ctrl Pts',(10.9480713322819,2.06560048302102,11.7633652310039));
#782=CARTESIAN_POINT('Ctrl Pts',(10.4336355400731,-0.895201623778883,11.1549987070054));
#783=CARTESIAN_POINT('Ctrl Pts',(9.11906261088941,-7.23649648785078,9.83414266806221));
#784=CARTESIAN_POINT('Ctrl Pts',(7.57632988415743,-14.1989823745827,8.44499557892398));
#785=CARTESIAN_POINT('Ctrl Pts',(6.3866632917996,-21.8032473592084,7.23791521156147));
#786=CARTESIAN_POINT('Ctrl Pts',(5.78423309018459,-27.8434833663815,6.47144051198777));
#787=CARTESIAN_POINT('Ctrl Pts',(5.50767747588835,-34.2358930457898,5.85837791006691));
#788=CARTESIAN_POINT('Ctrl Pts',(5.47601429612541,-43.2089510067909,5.20475198283986));
#789=CARTESIAN_POINT('Ctrl Pts',(5.47227008925131,-55.3178029425106,4.43294148512646));
#790=CARTESIAN_POINT('Ctrl Pts',(5.80370479715131,-76.5552315002096,3.40228218668857));
#791=CARTESIAN_POINT('Ctrl Pts',(6.73691889919955,-100.454531105441,2.70937914035173));
#792=CARTESIAN_POINT('Ctrl Pts',(7.68103475855558,-126.550070313652,2.08769591458958));
#793=CARTESIAN_POINT('Ctrl Pts',(8.17858205354015,-147.111631215246,1.56196239816277));
#794=CARTESIAN_POINT('Ctrl Pts',(8.34702505681408,-168.582410636473,0.924082160800566));
#795=CARTESIAN_POINT('Ctrl Pts',(8.23364380710815,-183.47048294992,0.420714662833406));
#796=CARTESIAN_POINT('Ctrl Pts',(8.15303688865572,-191.056785109152,0.163376546532792));
#797=CARTESIAN_POINT('Ctrl Pts',(10.9373654958746,3.49228065139135,11.9402750852455));
#798=CARTESIAN_POINT('Ctrl Pts',(10.7106662632844,2.0638883629228,11.6485883096046));
#799=CARTESIAN_POINT('Ctrl Pts',(10.1777240703135,-0.897742170964734,11.0357743812816));
#800=CARTESIAN_POINT('Ctrl Pts',(8.82053680808725,-7.24076806960637,9.70401647804497));
#801=CARTESIAN_POINT('Ctrl Pts',(7.23187212481549,-14.204266824406,8.30290499166028));
#802=CARTESIAN_POINT('Ctrl Pts',(6.00778522650049,-21.8079085777703,7.0882892456269));
#803=CARTESIAN_POINT('Ctrl Pts',(5.38820470225879,-27.8469667254066,6.31941973773204));
#804=CARTESIAN_POINT('Ctrl Pts',(5.1041057039523,-34.2376850906534,5.70753660862587));
#805=CARTESIAN_POINT('Ctrl Pts',(5.0727388497892,-43.2083099525603,5.05927089727017));
#806=CARTESIAN_POINT('Ctrl Pts',(5.07361482355501,-55.3147637115654,4.29563850431617));
#807=CARTESIAN_POINT('Ctrl Pts',(5.42784182886843,-76.5495785362594,3.28358651990843));
#808=CARTESIAN_POINT('Ctrl Pts',(6.4086827709229,-100.448194850415,2.6182405378306));
#809=CARTESIAN_POINT('Ctrl Pts',(7.4086138821318,-126.544724959667,2.02699974052482));
#810=CARTESIAN_POINT('Ctrl Pts',(7.94627668325323,-147.107660089388,1.52341860886404));
#811=CARTESIAN_POINT('Ctrl Pts',(8.14981112604604,-168.580266420534,0.905825330049732));
#812=CARTESIAN_POINT('Ctrl Pts',(8.0562106522148,-183.46974416129,0.414650714626079));
#813=CARTESIAN_POINT('Ctrl Pts',(7.98540928042176,-191.056785109149,0.163376576978146));
#814=CARTESIAN_POINT('Ctrl Pts',(10.7086358756184,3.4908501401498,11.8257573219093));
#815=CARTESIAN_POINT('Ctrl Pts',(10.4732713081872,2.06206829977708,11.5321383127105));
#816=CARTESIAN_POINT('Ctrl Pts',(9.92140578467908,-0.900418759172406,10.9148897320701));
#817=CARTESIAN_POINT('Ctrl Pts',(8.52067124071376,-7.2452049745054,9.57224866893291));
#818=CARTESIAN_POINT('Ctrl Pts',(6.88508554138507,-14.2097034177236,8.15918927899669));
#819=CARTESIAN_POINT('Ctrl Pts',(5.62579888530888,-21.8126799854742,6.93707483528684));
#820=CARTESIAN_POINT('Ctrl Pts',(4.98863972615676,-27.8505222041418,6.16585218009969));
#821=CARTESIAN_POINT('Ctrl Pts',(4.69674166878139,-34.2395108194348,5.55520536758728));
#822=CARTESIAN_POINT('Ctrl Pts',(4.66551643662825,-43.2076573251585,4.91239120966342));
#823=CARTESIAN_POINT('Ctrl Pts',(4.67089605777354,-55.3116629105882,4.15705679346989));
#824=CARTESIAN_POINT('Ctrl Pts',(5.04800463181189,-76.5438111773456,3.16382601007358));
#825=CARTESIAN_POINT('Ctrl Pts',(6.07700373973653,-100.441745613996,2.52628693173707));
#826=CARTESIAN_POINT('Ctrl Pts',(7.1334262441923,-126.539301113205,1.96574952150229));
#827=CARTESIAN_POINT('Ctrl Pts',(7.71168044386703,-147.10364071399,1.48451346468887));
#828=CARTESIAN_POINT('Ctrl Pts',(7.95069287739307,-168.578101110142,0.887392029188056));
#829=CARTESIAN_POINT('Ctrl Pts',(7.87706675584898,-183.468998207872,0.408528041756681));
#830=CARTESIAN_POINT('Ctrl Pts',(7.81616622854575,-191.056785109147,0.16337661047359));
#831=CARTESIAN_POINT('Ctrl Pts',(10.4801481183032,3.48933120272032,11.7095753225793));
#832=CARTESIAN_POINT('Ctrl Pts',(10.2359297939952,2.0601427289526,11.4140336226043));
#833=CARTESIAN_POINT('Ctrl Pts',(9.66473710206974,-0.90322823173626,10.7923679341137));
#834=CARTESIAN_POINT('Ctrl Pts',(8.21955189189057,-7.24980309892187,9.43887332287445));
#835=CARTESIAN_POINT('Ctrl Pts',(6.53608763101506,-14.2152880733919,8.01389416695858));
#836=CARTESIAN_POINT('Ctrl Pts',(5.24084631625626,-21.8175584395162,6.78432631401637));
#837=CARTESIAN_POINT('Ctrl Pts',(4.58569340090685,-27.854147649014,6.01079639412741));
#838=CARTESIAN_POINT('Ctrl Pts',(4.2857480094258,-34.2413691896868,5.40144452830017));
#839=CARTESIAN_POINT('Ctrl Pts',(4.25451332220592,-43.2069934897896,4.7641730240996));
#840=CARTESIAN_POINT('Ctrl Pts',(4.26428201710538,-55.3085023948247,4.01725512995254));
#841=CARTESIAN_POINT('Ctrl Pts',(4.66435531062776,-76.5379328717943,3.04305347080181));
#842=CARTESIAN_POINT('Ctrl Pts',(5.74202289150213,-100.435186970604,2.43355900191798));
#843=CARTESIAN_POINT('Ctrl Pts',(6.85558701309783,-126.533801468395,1.90397179571841));
#844=CARTESIAN_POINT('Ctrl Pts',(7.4748901153281,-147.099574898177,1.44526335091301));
#845=CARTESIAN_POINT('Ctrl Pts',(7.74975171584802,-168.575915587371,0.868789758769908));
#846=CARTESIAN_POINT('Ctrl Pts',(7.69628543832262,-183.46824539166,0.402349129680695));
#847=CARTESIAN_POINT('Ctrl Pts',(7.6453770611691,-191.056785109144,0.163376647298509));
#848=CARTESIAN_POINT('Ctrl Pts',(10.2519394133235,3.48772586039834,11.5917453824111));
#849=CARTESIAN_POINT('Ctrl Pts',(9.99868498571619,2.05811408809742,11.2942927360214));
#850=CARTESIAN_POINT('Ctrl Pts',(9.40777438909121,-0.906167430242885,10.6682322584219));
#851=CARTESIAN_POINT('Ctrl Pts',(7.9172646919704,-7.25455833774062,9.3039246200511));
#852=CARTESIAN_POINT('Ctrl Pts',(6.184995855655,-14.221016709129,7.86706544703289));
#853=CARTESIAN_POINT('Ctrl Pts',(4.85306953901564,-21.8225407957562,6.6300980686158));
#854=CARTESIAN_POINT('Ctrl Pts',(4.17952093581164,-27.8578409047049,5.85431099139586));
#855=CARTESIAN_POINT('Ctrl Pts',(3.87128734095585,-34.2432591574028,5.2463144780082));
#856=CARTESIAN_POINT('Ctrl Pts',(3.83989575003041,-43.2063188100649,4.61467648720248));
#857=CARTESIAN_POINT('Ctrl Pts',(3.85394091598719,-55.3052840188956,3.87629231217543));
#858=CARTESIAN_POINT('Ctrl Pts',(4.27705596474321,-76.5319470677932,2.92132172631329));
#859=CARTESIAN_POINT('Ctrl Pts',(5.40388131127269,-100.428522494841,2.34009743020433));
#860=CARTESIAN_POINT('Ctrl Pts',(6.57521135830944,-126.528228719813,1.84169309936893));
#861=CARTESIAN_POINT('Ctrl Pts',(7.23600247927035,-147.095464451663,1.40568464947775));
#862=CARTESIAN_POINT('Ctrl Pts',(7.54706904742647,-168.573710734624,0.850026017287245));
#863=CARTESIAN_POINT('Ctrl Pts',(7.51394001994047,-183.467486014651,0.396116463873162));
#864=CARTESIAN_POINT('Ctrl Pts',(7.47311110642605,-191.056785109141,0.163376687751846));
#865=CARTESIAN_POINT('Ctrl Pts',(10.0240468888266,3.48603613716709,11.4722839053613));
#866=CARTESIAN_POINT('Ctrl Pts',(9.7615800926437,2.05598481847812,11.1729342486063));
#867=CARTESIAN_POINT('Ctrl Pts',(9.15057396074234,-0.909233191323696,10.5425060682791));
#868=CARTESIAN_POINT('Ctrl Pts',(7.61389554002465,-7.25946658010133,9.16743679638694));
#869=CARTESIAN_POINT('Ctrl Pts',(5.83192765753644,-14.2268852379394,7.71874894613697));
#870=CARTESIAN_POINT('Ctrl Pts',(4.46261056693313,-21.8276239073381,6.47444449685711));
#871=CARTESIAN_POINT('Ctrl Pts',(3.7702775445392,-27.8615998147989,5.69645457457795));
#872=CARTESIAN_POINT('Ctrl Pts',(3.45352228670392,-34.245179678541,5.08987558794318));
#873=CARTESIAN_POINT('Ctrl Pts',(3.42182997683021,-43.2056336507176,4.46396172033897));
#874=CARTESIAN_POINT('Ctrl Pts',(3.44004098220474,-55.3020096394385,3.73422711328197));
#875=CARTESIAN_POINT('Ctrl Pts',(3.88626870896483,-76.5258572167329,2.79868357171146));
#876=CARTESIAN_POINT('Ctrl Pts',(5.06272009453988,-100.421755763918,2.24594287861685));
#877=CARTESIAN_POINT('Ctrl Pts',(6.29241445368349,-126.522585563199,1.77893996035918));
#878=CARTESIAN_POINT('Ctrl Pts',(6.99511431817982,-147.091311184365,1.36579374080994));
#879=CARTESIAN_POINT('Ctrl Pts',(7.34272627763692,-168.571487434147,0.831108304272553));
#880=CARTESIAN_POINT('Ctrl Pts',(7.33010382099093,-183.466720378842,0.389832529853777));
#881=CARTESIAN_POINT('Ctrl Pts',(7.29943769243445,-191.056785109137,0.163376732177195));
#882=CARTESIAN_POINT('Ctrl Pts',(9.79650761079237,3.48426405972938,11.3512074047277));
#883=CARTESIAN_POINT('Ctrl Pts',(9.52465826341976,2.05375736432601,11.0499768629823));
#884=CARTESIAN_POINT('Ctrl Pts',(8.89319207861328,-0.912422348288499,10.4152128211928));
#885=CARTESIAN_POINT('Ctrl Pts',(7.30953029135421,-7.2645237115812,9.02944416589972));
#886=CARTESIAN_POINT('Ctrl Pts',(5.47700045024961,-14.2328895699495,7.5689905424963));
#887=CARTESIAN_POINT('Ctrl Pts',(4.06961139493496,-21.8328046253815,6.31742002994751));
#888=CARTESIAN_POINT('Ctrl Pts',(3.35811842680765,-27.8654222214155,5.53728577220201));
#889=CARTESIAN_POINT('Ctrl Pts',(3.03261546105817,-34.2471297082047,4.9321882462175));
#890=CARTESIAN_POINT('Ctrl Pts',(3.00048225384669,-43.2049383761641,4.31208885565694));
#891=CARTESIAN_POINT('Ctrl Pts',(3.02275044422836,-55.298681113725,3.5911183057736));
#892=CARTESIAN_POINT('Ctrl Pts',(3.49215566277275,-76.5196667714692,2.67519179411157));
#893=CARTESIAN_POINT('Ctrl Pts',(4.71868034145027,-100.4148903564,2.1511360009545));
#894=CARTESIAN_POINT('Ctrl Pts',(6.00731147582035,-126.516874695091,1.71573890163592));
#895=CARTESIAN_POINT('Ctrl Pts',(6.75232241587784,-147.087116906608,1.32560700283416));
#896=CARTESIAN_POINT('Ctrl Pts',(7.13680481230328,-168.569246568288,0.812044118622127));
#897=CARTESIAN_POINT('Ctrl Pts',(7.14485016176196,-183.465948786229,0.383499813143367));
#898=CARTESIAN_POINT('Ctrl Pts',(7.12442614731175,-191.056785109133,0.163376780919286));
#899=CARTESIAN_POINT('Ctrl Pts',(9.56935858259724,3.48241165749932,11.2285325003685));
#900=CARTESIAN_POINT('Ctrl Pts',(9.28796258779286,2.05143417319853,10.9254393820209));
#901=CARTESIAN_POINT('Ctrl Pts',(8.63568495105494,-0.915731730235675,10.2863760657137));
#902=CARTESIAN_POINT('Ctrl Pts',(7.00425476358081,-7.26972561300873,8.88998110704162));
#903=CARTESIAN_POINT('Ctrl Pts',(5.12033162313621,-14.2390256114105,7.41783615604335));
#904=CARTESIAN_POINT('Ctrl Pts',(3.67421400579139,-21.8380797986029,6.15907911983621));
#905=CARTESIAN_POINT('Ctrl Pts',(2.94319877808339,-27.8693059654017,5.37686321959132));
#906=CARTESIAN_POINT('Ctrl Pts',(2.60872947863811,-34.2491082010799,4.7733128399655));
#907=CARTESIAN_POINT('Ctrl Pts',(2.57601883687526,-43.2042333512772,4.15911801669447));
#908=CARTESIAN_POINT('Ctrl Pts',(2.60223753807897,-55.2953003004066,3.44702464845623));
#909=CARTESIAN_POINT('Ctrl Pts',(3.09487895618841,-76.5133791872641,2.55089916161984));
#910=CARTESIAN_POINT('Ctrl Pts',(4.37190316000033,-100.407929852885,2.05571743686864));
#911=CARTESIAN_POINT('Ctrl Pts',(5.72001760498638,-126.511098813028,1.6521164395887));
#912=CARTESIAN_POINT('Ctrl Pts',(6.50772355726254,-147.082883429023,1.28514081162006));
#913=CARTESIAN_POINT('Ctrl Pts',(6.92938605710033,-168.566989019355,0.792840959576193));
#914=CARTESIAN_POINT('Ctrl Pts',(6.95825236250271,-183.465171538809,0.377120799368611));
#915=CARTESIAN_POINT('Ctrl Pts',(6.94814579913659,-191.056785109129,0.163376834428698));
#916=CARTESIAN_POINT('Ctrl Pts',(9.34263674278628,3.48048096270149,11.1042759228845));
#917=CARTESIAN_POINT('Ctrl Pts',(9.05153609329336,2.04901769588918,10.7993407151554));
#918=CARTESIAN_POINT('Ctrl Pts',(8.37810873097168,-0.919158162412629,10.15601944547));
#919=CARTESIAN_POINT('Ctrl Pts',(6.69815473169878,-7.27506816097441,8.74908207214555));
#920=CARTESIAN_POINT('Ctrl Pts',(4.76203853782846,-14.2452892651316,7.26533175495787));
#921=CARTESIAN_POINT('Ctrl Pts',(3.27656036607428,-21.8434462734477,5.99947624702791));
#922=CARTESIAN_POINT('Ctrl Pts',(2.52567378390906,-27.8732488861781,5.21524557001803));
#923=CARTESIAN_POINT('Ctrl Pts',(2.18202694909679,-34.2511141111719,4.61330976560835));
#924=CARTESIAN_POINT('Ctrl Pts',(2.14860598075048,-43.2035189409611,4.00510932934134));
#925=CARTESIAN_POINT('Ctrl Pts',(2.17867050373584,-55.2918690591379,3.30200489359703));
#926=CARTESIAN_POINT('Ctrl Pts',(2.69460072687194,-76.5069979213321,2.42585842917399));
#927=CARTESIAN_POINT('Ctrl Pts',(4.02252966456023,-100.400877835689,1.95972781484309));
#928=CARTESIAN_POINT('Ctrl Pts',(5.43064802477088,-126.505260615467,1.58809908469163));
#929=CARTESIAN_POINT('Ctrl Pts',(6.26141452853664,-147.078612562613,1.24441154083082));
#930=CARTESIAN_POINT('Ctrl Pts',(6.72055141786167,-168.564715669699,0.773506326010435));
#931=CARTESIAN_POINT('Ctrl Pts',(6.77038374350554,-183.464388938577,0.37069797403838));
#932=CARTESIAN_POINT('Ctrl Pts',(6.77066597603079,-191.056785109125,0.163376893038203));
#933=CARTESIAN_POINT('Ctrl Pts',(9.11637896719633,3.47847401022068,10.9784545023873));
#934=CARTESIAN_POINT('Ctrl Pts',(8.81542174800276,2.04651038638399,10.6716998660598));
#935=CARTESIAN_POINT('Ctrl Pts',(8.12051951782389,-0.922698466106824,10.0241666892448));
#936=CARTESIAN_POINT('Ctrl Pts',(6.39131593162592,-7.28054722763824,8.60678157555094));
#937=CARTESIAN_POINT('Ctrl Pts',(4.40223853072052,-14.2516764303116,7.11152334769756));
#938=CARTESIAN_POINT('Ctrl Pts',(2.8767924288645,-21.8489008940767,5.8386659132891));
#939=CARTESIAN_POINT('Ctrl Pts',(2.10569862354998,-27.8772488218802,5.05249148601367));
#940=CARTESIAN_POINT('Ctrl Pts',(1.75267048042008,-34.2531463919928,4.4522394214269));
#941=CARTESIAN_POINT('Ctrl Pts',(1.71840994279732,-43.2027955104197,3.85012291448889));
#942=CARTESIAN_POINT('Ctrl Pts',(1.75221758733418,-55.2883892507848,3.15611778280955));
#943=CARTESIAN_POINT('Ctrl Pts',(2.2914831218458,-76.500526433069,2.30012233583156));
#944=CARTESIAN_POINT('Ctrl Pts',(3.67070097668294,-100.393737888993,1.86320775129413));
#945=CARTESIAN_POINT('Ctrl Pts',(5.13931792219401,-126.499362801808,1.52371334179549));
#946=CARTESIAN_POINT('Ctrl Pts',(6.01349211696838,-147.074306118696,1.20343556255688));
#947=CARTESIAN_POINT('Ctrl Pts',(6.51038230027437,-168.562427401658,0.754047717256526));
#948=CARTESIAN_POINT('Ctrl Pts',(6.58131762491747,-183.46360128753,0.364233823057895));
#949=CARTESIAN_POINT('Ctrl Pts',(6.59205600597085,-191.056785109119,0.163376957476925));
#950=CARTESIAN_POINT('Ctrl Pts',(8.89062206111607,3.47639283801828,10.8510851919829));
#951=CARTESIAN_POINT('Ctrl Pts',(8.57966245243601,2.04391470222774,10.5425359567495));
#952=CARTESIAN_POINT('Ctrl Pts',(7.8629733507565,-0.926349458350918,9.89084163139548));
#953=CARTESIAN_POINT('Ctrl Pts',(6.0838240532775,-7.28615868046896,8.46311421359052));
#954=CARTESIAN_POINT('Ctrl Pts',(4.04104890830126,-14.2581830023383,6.95645699620747));
#955=CARTESIAN_POINT('Ctrl Pts',(2.47505212996993,-21.8544405021488,5.67670265196758));
#956=CARTESIAN_POINT('Ctrl Pts',(1.68342846604408,-27.8813036090912,4.88865964988641));
#957=CARTESIAN_POINT('Ctrl Pts',(1.32082267572521,-34.2552039963291,4.29016221583574));
#958=CARTESIAN_POINT('Ctrl Pts',(1.28559697988721,-43.2020634249257,3.69421889543908));
#959=CARTESIAN_POINT('Ctrl Pts',(1.32304703972555,-55.2848627373429,3.00942205018288));
#960=CARTESIAN_POINT('Ctrl Pts',(1.8856882968067,-76.4939681840478,2.17374360571591));
#961=CARTESIAN_POINT('Ctrl Pts',(3.31655822513223,-100.386513598884,1.76619784980207));
#962=CARTESIAN_POINT('Ctrl Pts',(4.84614248807968,-126.493408072465,1.45898570867271));
#963=CARTESIAN_POINT('Ctrl Pts',(5.76405311138457,-147.069965908998,1.16222924567575));
#964=CARTESIAN_POINT('Ctrl Pts',(6.2989601103761,-168.560125097608,0.734472631628623));
#965=CARTESIAN_POINT('Ctrl Pts',(6.39112732718202,-183.462808887664,0.357730831523778));
#966=CARTESIAN_POINT('Ctrl Pts',(6.41238521722976,-191.056785109114,0.163377027665383));
#967=CARTESIAN_POINT('Ctrl Pts',(8.66540277602611,3.47423948615471,10.7221850059059));
#968=CARTESIAN_POINT('Ctrl Pts',(8.34430105649423,2.04123310357943,10.4118681654292));
#969=CARTESIAN_POINT('Ctrl Pts',(7.60552622319817,-0.930107952819919,9.75606815836495));
#970=CARTESIAN_POINT('Ctrl Pts',(5.77576475428596,-7.29189838312826,8.31811461590101));
#971=CARTESIAN_POINT('Ctrl Pts',(3.67858695642071,-14.2648048734866,6.80017878403806));
#972=CARTESIAN_POINT('Ctrl Pts',(2.07148139502416,-21.8600619374148,5.5136410049532));
#973=CARTESIAN_POINT('Ctrl Pts',(1.25901847707973,-27.8854110834238,4.72380874236327));
#974=CARTESIAN_POINT('Ctrl Pts',(0.886646138642854,-34.2572858766868,4.12713855165418));
#975=CARTESIAN_POINT('Ctrl Pts',(0.850333353125389,-43.2013230501853,3.53745738504574));
#976=CARTESIAN_POINT('Ctrl Pts',(0.891327118455053,-55.2812913819616,2.86197641881723));
#977=CARTESIAN_POINT('Ctrl Pts',(1.47737841663433,-76.4873266378166,2.0467749497787));
#978=CARTESIAN_POINT('Ctrl Pts',(2.96024254509935,-100.379208553113,1.66873870594202));
#979=CARTESIAN_POINT('Ctrl Pts',(4.55123691576537,-126.487399128659,1.39394268134402));
#980=CARTESIAN_POINT('Ctrl Pts',(5.51319430075079,-147.065593745472,1.12080896096563));
#981=CARTESIAN_POINT('Ctrl Pts',(6.08636625302233,-168.557809639885,0.714788571104715));
#982=CARTESIAN_POINT('Ctrl Pts',(6.19988616943494,-183.462012040976,0.351191488099108));
#983=CARTESIAN_POINT('Ctrl Pts',(6.23172293677277,-191.056785109107,0.163377107090561));
#984=CARTESIAN_POINT('Ctrl Pts',(8.44075771592386,3.47201600203427,10.5917713415338));
#985=CARTESIAN_POINT('Ctrl Pts',(8.10938026573941,2.03846805844575,10.2797160487013));
#986=CARTESIAN_POINT('Ctrl Pts',(7.34823400094139,-0.933970754629209,9.61987048594624));
#987=CARTESIAN_POINT('Ctrl Pts',(5.46722358572098,-7.29776219021702,8.17181769360932));
#988=CARTESIAN_POINT('Ctrl Pts',(3.31496988910166,-14.271537928768,6.64273497624922));
#989=CARTESIAN_POINT('Ctrl Pts',(1.66622210096632,-21.8657620344081,5.34953563425691));
#990=CARTESIAN_POINT('Ctrl Pts',(0.832623783470874,-27.8895690765262,4.55799754291608));
#991=CARTESIAN_POINT('Ctrl Pts',(0.450303445855464,-34.2593909831246,3.96322889638145));
#992=CARTESIAN_POINT('Ctrl Pts',(0.41278530480126,-43.200574750739,3.37989853979172));
#993=CARTESIAN_POINT('Ctrl Pts',(0.457226079133305,-55.2776770491044,2.71383960471174));
#994=CARTESIAN_POINT('Ctrl Pts',(1.06671565520391,-76.4806052613177,1.91926904088769));
#995=CARTESIAN_POINT('Ctrl Pts',(2.60189508719102,-100.371826342592,1.57087086220421));
#996=CARTESIAN_POINT('Ctrl Pts',(4.2547164140366,-126.481338673497,1.32861070415468));
#997=CARTESIAN_POINT('Ctrl Pts',(5.26101248826409,-147.061191441084,1.07919103143854));
#998=CARTESIAN_POINT('Ctrl Pts',(5.8726821485332,-168.55548191108,0.69500299089949));
#999=CARTESIAN_POINT('Ctrl Pts',(6.00766748850061,-183.461211049465,0.3446182332069));
#1000=CARTESIAN_POINT('Ctrl Pts',(6.05013850925372,-191.056785109104,0.163377150999373));
#1001=CARTESIAN_POINT('Ctrl Pts',(8.21672362636149,3.46972442415372,10.4598609696611));
#1002=CARTESIAN_POINT('Ctrl Pts',(7.87494293052446,2.03562202644218,10.1460985317778));
#1003=CARTESIAN_POINT('Ctrl Pts',(7.09115267560516,-0.937934676487889,9.48227229116685));
#1004=CARTESIAN_POINT('Ctrl Pts',(5.15828622232306,-7.30374596358957,8.02425786462082));
#1005=CARTESIAN_POINT('Ctrl Pts',(2.95031500887835,-14.2783780587882,6.48417152354168));
#1006=CARTESIAN_POINT('Ctrl Pts',(1.25941619787168,-21.8715376326549,5.18444097965055));
#1007=CARTESIAN_POINT('Ctrl Pts',(0.404399585717984,-27.893775425286,4.39128462405969));
#1008=CARTESIAN_POINT('Ctrl Pts',(0.0119572348345261,-34.2615182699022,
3.79849357198662));
#1009=CARTESIAN_POINT('Ctrl Pts',(-0.0268808676115384,-43.1998188948531,
3.22160240152625));
#1010=CARTESIAN_POINT('Ctrl Pts',(0.0209122036495038,-55.2740216040692,
2.56507031931515));
#1011=CARTESIAN_POINT('Ctrl Pts',(0.653862196485633,-76.4738075205608,1.79127860930169));
#1012=CARTESIAN_POINT('Ctrl Pts',(2.24165698530627,-100.364370556869,1.47263497367927));
#1013=CARTESIAN_POINT('Ctrl Pts',(3.95669615944657,-126.475229408776,1.26301635489524));
#1014=CARTESIAN_POINT('Ctrl Pts',(5.00760443855388,-147.056760807532,1.03739191844254));
#1015=CARTESIAN_POINT('Ctrl Pts',(5.65798916899558,-168.553142793211,0.67512349200593));
#1016=CARTESIAN_POINT('Ctrl Pts',(5.81454456536793,-183.460406215119,0.338013659543848));
#1017=CARTESIAN_POINT('Ctrl Pts',(5.86770122349099,-191.056785109095,0.163377266912414));
#1018=CARTESIAN_POINT('Ctrl Pts',(7.99333693385489,3.46736680788521,10.3264716345928));
#1019=CARTESIAN_POINT('Ctrl Pts',(7.64103158541597,2.03269748457534,10.0110355086497));
#1020=CARTESIAN_POINT('Ctrl Pts',(6.83433796019567,-0.941996513041656,9.34329808692821));
#1021=CARTESIAN_POINT('Ctrl Pts',(4.84903809511114,-7.30984554644041,7.8754702795252));
#1022=CARTESIAN_POINT('Ctrl Pts',(2.58473944962043,-14.2853211393488,6.32453484410533));
#1023=CARTESIAN_POINT('Ctrl Pts',(0.851205512789279,-21.877385560511,5.01841179590331));
#1024=CARTESIAN_POINT('Ctrl Pts',(-0.0254990231687444,-27.8980279572884,
4.22372883002963));
#1025=CARTESIAN_POINT('Ctrl Pts',(-0.428229937844115,-34.2636666849877,
3.63299308102915));
#1026=CARTESIAN_POINT('Ctrl Pts',(-0.468498931097353,-43.1990558468126,
3.06262914043189));
#1027=CARTESIAN_POINT('Ctrl Pts',(-0.417446245653103,-55.2703269137362,
2.41572725391202));
#1028=CARTESIAN_POINT('Ctrl Pts',(0.238980232728131,-76.4669368874302,1.66285627726702));
#1029=CARTESIAN_POINT('Ctrl Pts',(1.87966941147792,-100.356844791211,1.37407152463042));
#1030=CARTESIAN_POINT('Ctrl Pts',(3.65729137847378,-126.469074039937,1.19718602630708));
#1031=CARTESIAN_POINT('Ctrl Pts',(4.75306696914038,-147.052303658748,0.995427899764639));
#1032=CARTESIAN_POINT('Ctrl Pts',(5.44236874944615,-168.550793168966,0.655157485455968));
#1033=CARTESIAN_POINT('Ctrl Pts',(5.62059075408031,-183.459597839943,0.331380160573393));
#1034=CARTESIAN_POINT('Ctrl Pts',(5.68448044135748,-191.056785109087,0.163377363117026));
#1035=CARTESIAN_POINT('Ctrl Pts',(7.77063415356972,3.4649452026274,10.1916206303609));
#1036=CARTESIAN_POINT('Ctrl Pts',(7.40768885693584,2.02969690440052,9.87454641830664));
#1037=CARTESIAN_POINT('Ctrl Pts',(6.57784564748893,-0.946153063584814,9.20297199947281));
#1038=CARTESIAN_POINT('Ctrl Pts',(4.53956471742968,-7.3160567862289,7.7254897319887));
#1039=CARTESIAN_POINT('Ctrl Pts',(2.21836040566473,-14.2923630494745,6.163871130391));
#1040=CARTESIAN_POINT('Ctrl Pts',(0.441731925261498,-21.8833026494438,4.85150267806353));
#1041=CARTESIAN_POINT('Ctrl Pts',(-0.456916895271915,-27.9023245036739,
4.05538885453728));
#1042=CARTESIAN_POINT('Ctrl Pts',(-0.870095469055261,-34.2658351793422,
3.46678782088136));
#1043=CARTESIAN_POINT('Ctrl Pts',(-0.911902609191921,-43.1982859737552,
2.90303884375678));
#1044=CARTESIAN_POINT('Ctrl Pts',(-0.85768098424855,-55.2665948459509,2.26586910058883));
#1045=CARTESIAN_POINT('Ctrl Pts',(-0.177768033386634,-76.4599968337359,
1.53405471475164));
#1046=CARTESIAN_POINT('Ctrl Pts',(1.51607352512667,-100.349252640424,1.27522109320716));
#1047=CARTESIAN_POINT('Ctrl Pts',(3.35661727068574,-126.462875271757,1.13114622448213));
#1048=CARTESIAN_POINT('Ctrl Pts',(4.49749686448568,-147.047821807862,0.95331537212796));
#1049=CARTESIAN_POINT('Ctrl Pts',(5.2259022828406,-168.548433920639,0.63511250929737));
#1050=CARTESIAN_POINT('Ctrl Pts',(5.42587935967349,-183.458786225928,0.324720263412042));
#1051=CARTESIAN_POINT('Ctrl Pts',(5.50054547571838,-191.056785109077,0.163377481553619));
#1052=CARTESIAN_POINT('Ctrl Pts',(7.54865165912492,3.46246166465582,10.0553255989783));
#1053=CARTESIAN_POINT('Ctrl Pts',(7.17495723339836,2.02662276487482,9.7366510430321));
#1054=CARTESIAN_POINT('Ctrl Pts',(6.32173140759463,-0.950401119274418,9.06131845361916));
#1055=CARTESIAN_POINT('Ctrl Pts',(4.22995150088266,-7.32237552177116,7.57435126945753));
#1056=CARTESIAN_POINT('Ctrl Pts',(1.85129500225506,-14.2994996612658,6.00222673713138));
#1057=CARTESIAN_POINT('Ctrl Pts',(0.031137268016195,-21.8892857260025,4.68376832675786));
#1058=CARTESIAN_POINT('Ctrl Pts',(-0.889698919566162,-27.9066628919186,
3.88632347663836));
#1059=CARTESIAN_POINT('Ctrl Pts',(-1.31347678120698,-34.2680227017111,3.29993824284207));
#1060=CARTESIAN_POINT('Ctrl Pts',(-1.35692564299135,-43.1975096418434,2.74289163301667));
#1061=CARTESIAN_POINT('Ctrl Pts',(-1.29962372899382,-55.2628272698749,2.11555453845753));
#1062=CARTESIAN_POINT('Ctrl Pts',(-0.596220389854486,-76.4529908345576,
1.40492654961164));
#1063=CARTESIAN_POINT('Ctrl Pts',(1.15101050235274,-100.341597702317,1.17612419918085));
#1064=CARTESIAN_POINT('Ctrl Pts',(3.05478905311387,-126.456635810757,1.06492339685866));
#1065=CARTESIAN_POINT('Ctrl Pts',(4.24099092566997,-147.04331706889,0.911070676516224));
#1066=CARTESIAN_POINT('Ctrl Pts',(5.00867118086935,-168.546065930716,0.614996045112018));
#1067=CARTESIAN_POINT('Ctrl Pts',(5.23048370893725,-183.457971675073,0.318036435848962));
#1068=CARTESIAN_POINT('Ctrl Pts',(5.31596566119297,-191.056785109067,0.163377604835258));
#1069=CARTESIAN_POINT('Ctrl Pts',(7.32742578359478,3.45991825144498,9.91760417486005));
#1070=CARTESIAN_POINT('Ctrl Pts',(6.94287916595668,2.02347754668372,9.59736915284739));
#1071=CARTESIAN_POINT('Ctrl Pts',(6.06605087681047,-0.954737468765326,8.91836186753573));
#1072=CARTESIAN_POINT('Ctrl Pts',(3.92028383630277,-7.32879758892413,7.42208992124049));
#1073=CARTESIAN_POINT('Ctrl Pts',(1.48366035258627,-14.3067268443659,5.8396480085803));
#1074=CARTESIAN_POINT('Ctrl Pts',(-0.380436629191344,-21.8953316153591,
4.51526343012974));
#1075=CARTESIAN_POINT('Ctrl Pts',(-1.32368998127219,-27.9110409490263,3.7165914558456));
#1076=CARTESIAN_POINT('Ctrl Pts',(-1.75821129025793,-34.2702282009316,3.13250478142795));
#1077=CARTESIAN_POINT('Ctrl Pts',(-1.80340176400588,-43.1967272179671,2.5822476119711));
#1078=CARTESIAN_POINT('Ctrl Pts',(-1.74310618754009,-55.2590260558431,1.9648422399111));
#1079=CARTESIAN_POINT('Ctrl Pts',(-1.01621461467155,-76.4459223667841,1.27552440770474));
#1080=CARTESIAN_POINT('Ctrl Pts',(0.78462152304504,-100.333883576185,1.07682137181097));
#1081=CARTESIAN_POINT('Ctrl Pts',(2.75192194057313,-126.450358364141,0.998544008833096));
#1082=CARTESIAN_POINT('Ctrl Pts',(3.98364594830208,-147.038791255984,0.868710175951087));
#1083=CARTESIAN_POINT('Ctrl Pts',(4.7907568468804,-168.543690081614,0.594815599708948));
#1084=CARTESIAN_POINT('Ctrl Pts',(5.03447711890681,-183.457154489373,0.311331172275815));
#1085=CARTESIAN_POINT('Ctrl Pts',(5.13081032264594,-191.056785109056,0.163377742177508));
#1086=CARTESIAN_POINT('Ctrl Pts',(7.1069927731611,3.45731702423361,9.77847414260459));
#1087=CARTESIAN_POINT('Ctrl Pts',(6.7114970222933,2.02026373480994,9.45672066332514));
#1088=CARTESIAN_POINT('Ctrl Pts',(5.81085961687791,-0.959158895650463,8.77412678818215));
#1089=CARTESIAN_POINT('Ctrl Pts',(3.61064705679765,-7.33531881799892,7.26874081928098));
#1090=CARTESIAN_POINT('Ctrl Pts',(1.11557353181419,-14.3140404639265,5.67618135523649));
#1091=CARTESIAN_POINT('Ctrl Pts',(-0.792847959441603,-21.9014371397019,
4.34604271631946));
#1092=CARTESIAN_POINT('Ctrl Pts',(-1.75873498015552,-27.9154565000881,3.54625157882842));
#1093=CARTESIAN_POINT('Ctrl Pts',(-2.20413642005306,-34.2724506248961,2.96454788588861));
#1094=CARTESIAN_POINT('Ctrl Pts',(-2.25116470625362,-43.1959390689864,2.42116688985954));
#1095=CARTESIAN_POINT('Ctrl Pts',(-2.18796006295104,-55.2551930754413,1.81379086791165));
#1096=CARTESIAN_POINT('Ctrl Pts',(-1.43758847595863,-76.4387949097891,1.14590089511866));
#1097=CARTESIAN_POINT('Ctrl Pts',(0.417047776775449,-100.326113863508,0.977353119662819));
#1098=CARTESIAN_POINT('Ctrl Pts',(2.44813115451483,-126.444045640281,0.932034509624386));
#1099=CARTESIAN_POINT('Ctrl Pts',(3.72555873240142,-147.034246183776,0.826250220803813));
#1100=CARTESIAN_POINT('Ctrl Pts',(4.57224068796244,-168.541307255798,0.57457866867179));
#1101=CARTESIAN_POINT('Ctrl Pts',(4.8379329109225,-183.456334970826,0.304606955343502));
#1102=CARTESIAN_POINT('Ctrl Pts',(4.94514878924709,-191.056785109044,0.163377891055171));
#1103=CARTESIAN_POINT('Ctrl Pts',(6.88738880654897,3.45466004690982,9.63795336560384));
#1104=CARTESIAN_POINT('Ctrl Pts',(6.48085310609708,2.01698381742256,9.31472556422759));
#1105=CARTESIAN_POINT('Ctrl Pts',(5.55621313209637,-0.963662179559441,8.62863783003041));
#1106=CARTESIAN_POINT('Ctrl Pts',(3.3011264534421,-7.34193503486637,7.1143391436259));
#1107=CARTESIAN_POINT('Ctrl Pts',(0.747151588134922,-14.3214363814759,5.51187321919207));
#1108=CARTESIAN_POINT('Ctrl Pts',(-1.20595493007415,-21.9075991189264,4.17616092980934));
#1109=CARTESIAN_POINT('Ctrl Pts',(-2.19467882251057,-27.9199073689106,3.3753626384386));
#1110=CARTESIAN_POINT('Ctrl Pts',(-2.65108959598164,-34.2746889210091,2.79612800608365));
#1111=CARTESIAN_POINT('Ctrl Pts',(-2.70004820083659,-43.1951455620717,2.25970957103592));
#1112=CARTESIAN_POINT('Ctrl Pts',(-2.63401705153236,-55.2513302014838,1.66245907727625));
#1113=CARTESIAN_POINT('Ctrl Pts',(-1.86017973172764,-76.4316119451533,1.01610860623392));
#1114=CARTESIAN_POINT('Ctrl Pts',(0.0484304603084491,-100.318292167659,
0.877759944187094));
#1115=CARTESIAN_POINT('Ctrl Pts',(2.14353191914408,-126.437700348513,0.865421347567921));
#1116=CARTESIAN_POINT('Ctrl Pts',(3.46682607801017,-147.029683667228,0.783707164302987));
#1117=CARTESIAN_POINT('Ctrl Pts',(4.35320410955006,-168.538918335727,0.554292752636512));
#1118=CARTESIAN_POINT('Ctrl Pts',(4.64092440435172,-183.455513421426,0.297866273083351));
#1119=CARTESIAN_POINT('Ctrl Pts',(4.75905038819331,-191.056785109031,0.163378054323475));
#1120=CARTESIAN_POINT('Ctrl Pts',(6.66864998509589,3.45194938653938,9.4960598169743));
#1121=CARTESIAN_POINT('Ctrl Pts',(6.25098964717161,2.01364028640906,9.17140395046849));
#1122=CARTESIAN_POINT('Ctrl Pts',(5.30216686060919,-0.968244095624153,8.48191970161946));
#1123=CARTESIAN_POINT('Ctrl Pts',(2.99180726746766,-7.34864206041457,6.95892014616901));
#1124=CARTESIAN_POINT('Ctrl Pts',(0.378511537316904,-14.3289104544914,5.34677008921483));
#1125=CARTESIAN_POINT('Ctrl Pts',(-1.61961576680583,-21.9138143703019,4.0056728417709));
#1126=CARTESIAN_POINT('Ctrl Pts',(-2.63136642489173,-27.9243913777202,3.2039834429624));
#1127=CARTESIAN_POINT('Ctrl Pts',(-3.0989082478657,-34.2769420359762,2.62730559874888));
#1128=CARTESIAN_POINT('Ctrl Pts',(-3.14988597833693,-43.1943470645541,2.09793575961968));
#1129=CARTESIAN_POINT('Ctrl Pts',(-3.08110884369237,-55.2474393080365,1.51090551419509));
#1130=CARTESIAN_POINT('Ctrl Pts',(-2.2838261298089,-76.4243769568124,0.886200120271982));
#1131=CARTESIAN_POINT('Ctrl Pts',(-0.321089221151156,-100.310422094052,
0.778082333787679));
#1132=CARTESIAN_POINT('Ctrl Pts',(1.83823946321505,-126.431325199235,0.7987309633714));
#1133=CARTESIAN_POINT('Ctrl Pts',(3.20754478716715,-147.025105521699,0.741097355663721));
#1134=CARTESIAN_POINT('Ctrl Pts',(4.13372851781998,-168.536524203882,0.533965350063541));
#1135=CARTESIAN_POINT('Ctrl Pts',(4.44352491937618,-183.454690143171,0.291111611305996));
#1136=CARTESIAN_POINT('Ctrl Pts',(4.57258444749579,-191.056785109016,0.163378232616954));
#1137=CARTESIAN_POINT('Ctrl Pts',(6.45081233594155,3.4491871131598,9.35281156479249));
#1138=CARTESIAN_POINT('Ctrl Pts',(6.02194880466491,2.01023563717314,9.02677600737838));
#1139=CARTESIAN_POINT('Ctrl Pts',(5.04877617722744,-0.972901414674024,8.33399719288118));
#1140=CARTESIAN_POINT('Ctrl Pts',(2.68277469294909,-7.35543571074273,6.80251913943342));
#1141=CARTESIAN_POINT('Ctrl Pts',(0.00977036461930008,-14.3364585365508,
5.18091849360913));
#1142=CARTESIAN_POINT('Ctrl Pts',(-2.03368871218557,-21.9200797085945,3.83463324521292));
#1143=CARTESIAN_POINT('Ctrl Pts',(-3.06864271260518,-27.9289063472801,3.03217281185889));
#1144=CARTESIAN_POINT('Ctrl Pts',(-3.54742980873361,-34.2792089158924,2.45814112463828));
#1145=CARTESIAN_POINT('Ctrl Pts',(-3.60051176772815,-43.1935439439942,1.93590555741979));
#1146=CARTESIAN_POINT('Ctrl Pts',(-3.52906712345342,-55.2435222704192,1.359188816507));
#1147=CARTESIAN_POINT('Ctrl Pts',(-2.7083654077089,-76.4170934310144,0.756228002946293));
#1148=CARTESIAN_POINT('Ctrl Pts',(-0.691370054370248,-100.302507250102,
0.678360766543953));
#1149=CARTESIAN_POINT('Ctrl Pts',(1.53236901930874,-126.424922903877,0.731989793140849));
#1150=CARTESIAN_POINT('Ctrl Pts',(2.94781166306265,-147.020513562922,0.698437143133564));
#1151=CARTESIAN_POINT('Ctrl Pts',(3.91389531863725,-168.534125742751,0.513603960419505));
#1152=CARTESIAN_POINT('Ctrl Pts',(4.24580777576609,-183.453865438056,0.284345456944329));
#1153=CARTESIAN_POINT('Ctrl Pts',(4.38582029475418,-191.056785109001,0.163378427692406));
#1154=CARTESIAN_POINT('Ctrl Pts',(6.23391180936681,3.44637529990224,9.20822677771776));
#1155=CARTESIAN_POINT('Ctrl Pts',(5.79377266444758,2.00677236876034,8.88086201635835));
#1156=CARTESIAN_POINT('Ctrl Pts',(4.79609639111246,-0.977630903105659,8.18489517997529));
#1157=CARTESIAN_POINT('Ctrl Pts',(2.37411387481527,-7.36231179702657,6.64517150096481));
#1158=CARTESIAN_POINT('Ctrl Pts',(-0.358954976571172,-14.3440764772257,
5.01436500301717));
#1159=CARTESIAN_POINT('Ctrl Pts',(-2.44803202655961,-21.9263919459868,3.66309695694563));
#1160=CARTESIAN_POINT('Ctrl Pts',(-3.50635262052237,-27.9334500968232,2.85998957756619));
#1161=CARTESIAN_POINT('Ctrl Pts',(-3.99649171541355,-34.2814885061962,2.28869504978322));
#1162=CARTESIAN_POINT('Ctrl Pts',(-4.0517592968261,-43.1927365681537,1.77367906491191));
#1163=CARTESIAN_POINT('Ctrl Pts',(-3.97772356855733,-55.239580965217,1.20736761371199));
#1164=CARTESIAN_POINT('Ctrl Pts',(-3.13363529249693,-76.4097648563618,0.626244805927322));
#1165=CARTESIAN_POINT('Ctrl Pts',(-1.06227081778245,-100.294551245259,0.57863570920483));
#1166=CARTESIAN_POINT('Ctrl Pts',(1.22603582419274,-126.418496174924,0.665224267207136));
#1167=CARTESIAN_POINT('Ctrl Pts',(2.68772351040186,-147.015909607018,0.655742872784978));
#1168=CARTESIAN_POINT('Ctrl Pts',(3.69378591797582,-168.531723834838,0.493216082908628));
#1169=CARTESIAN_POINT('Ctrl Pts',(4.04784629336628,-183.453039608078,0.277570296727631));
#1170=CARTESIAN_POINT('Ctrl Pts',(4.19882725764284,-191.056785108983,0.163378641103007));
#1171=CARTESIAN_POINT('Ctrl Pts',(6.01798427875217,3.44351602296616,9.06232372152094));
#1172=CARTESIAN_POINT('Ctrl Pts',(5.56650323911037,2.00325298383643,8.73368235143956));
#1173=CARTESIAN_POINT('Ctrl Pts',(4.5441827457513,-0.982429322898993,8.03463862229912));
#1174=CARTESIAN_POINT('Ctrl Pts',(2.06590990893739,-7.36926612553162,6.48691267073808));
#1175=CARTESIAN_POINT('Ctrl Pts',(-0.727547564665417,-14.3517601220911,
4.84715622873125));
#1176=CARTESIAN_POINT('Ctrl Pts',(-2.86250398795172,-21.9327478920899,3.4911188164311));
#1177=CARTESIAN_POINT('Ctrl Pts',(-3.94434109289424,-27.9380204440681,2.68749258452235));
#1178=CARTESIAN_POINT('Ctrl Pts',(-4.44593140835288,-34.2837797516843,2.11902784481869));
#1179=CARTESIAN_POINT('Ctrl Pts',(-4.50346229209013,-43.1919253050106,1.61131638074563));
#1180=CARTESIAN_POINT('Ctrl Pts',(-4.42690985032714,-55.2356172702872,1.05550052693853));
#1181=CARTESIAN_POINT('Ctrl Pts',(-3.55947350068754,-76.4023947238154,0.496303067083744));
#1182=CARTESIAN_POINT('Ctrl Pts',(-1.43365028145266,-100.286557691011,0.478947617549427));
#1183=CARTESIAN_POINT('Ctrl Pts',(0.919355118789775,-126.412047725914,0.598460810467614));
#1184=CARTESIAN_POINT('Ctrl Pts',(2.4273771353395,-147.01129547049,0.613030888820179));
#1185=CARTESIAN_POINT('Ctrl Pts',(3.47348172182754,-168.529319362655,0.472809216752372));
#1186=CARTESIAN_POINT('Ctrl Pts',(3.84971379199534,-183.452212955234,0.270788617456856));
#1187=CARTESIAN_POINT('Ctrl Pts',(4.0116746638098,-191.056785108964,0.163378874473616));
#1188=CARTESIAN_POINT('Ctrl Pts',(5.8030655393766,3.44061136166062,8.9151207596227));
#1189=CARTESIAN_POINT('Ctrl Pts',(5.34018246680181,1.99967998873228,8.58525747985305));
#1190=CARTESIAN_POINT('Ctrl Pts',(4.29309041793646,-0.987293431566892,7.88325256298123));
#1191=CARTESIAN_POINT('Ctrl Pts',(1.75824784132925,-7.37629449755893,6.32777815170034));
#1192=CARTESIAN_POINT('Ctrl Pts',(-1.095890510367,-14.3595053126809,4.67933882311119));
#1193=CARTESIAN_POINT('Ctrl Pts',(-3.27696289234088,-21.9391443539115,3.31875368617522));
#1194=CARTESIAN_POINT('Ctrl Pts',(-4.38245308352409,-27.9426152051958,2.51474068959746));
#1195=CARTESIAN_POINT('Ctrl Pts',(-4.89558633169528,-34.2860815964978,1.94919998538436));
#1196=CARTESIAN_POINT('Ctrl Pts',(-4.95545447863005,-43.1911105227534,1.44887760214899));
#1197=CARTESIAN_POINT('Ctrl Pts',(-4.87645763359112,-55.2316330647701,0.903646169299963));
#1198=CARTESIAN_POINT('Ctrl Pts',(-3.98571773810862,-76.394986526717,0.366455310831669));
#1199=CARTESIAN_POINT('Ctrl Pts',(-1.80536720703808,-100.27853020091,0.379336936812053));
#1200=CARTESIAN_POINT('Ctrl Pts',(0.612442148112798,-126.405580271454,0.53172584286337));
#1201=CARTESIAN_POINT('Ctrl Pts',(2.166869345356,-147.006672970236,0.570317534072058));
#1202=CARTESIAN_POINT('Ctrl Pts',(3.25306413600917,-168.526913208729,0.452390861765699));
#1203=CARTESIAN_POINT('Ctrl Pts',(3.65148359120767,-183.451385781519,0.264002906653383));
#1204=CARTESIAN_POINT('Ctrl Pts',(3.82443184063896,-191.056785108944,0.163379130149511));
#1205=CARTESIAN_POINT('Ctrl Pts',(5.5891913077374,3.43766339841295,8.76663635192596));
#1206=CARTESIAN_POINT('Ctrl Pts',(5.11485221058654,1.99605589345609,8.43560796089376));
#1207=CARTESIAN_POINT('Ctrl Pts',(4.04287451714948,-0.992219982138594,7.73076212781723));
#1208=CARTESIAN_POINT('Ctrl Pts',(1.45121266767165,-7.38339270942636,6.16780350885809));
#1209=CARTESIAN_POINT('Ctrl Pts',(-1.46386695706384,-14.3673078864745,4.51095947882521));
#1210=CARTESIAN_POINT('Ctrl Pts',(-3.69126705395048,-21.9455781358497,3.14605645108756));
#1211=CARTESIAN_POINT('Ctrl Pts',(-4.82053355597343,-27.9472321948492,2.34179276151902));
#1212=CARTESIAN_POINT('Ctrl Pts',(-5.34529393343828,-34.2883929841247,1.77927195157245));
#1213=CARTESIAN_POINT('Ctrl Pts',(-5.40756958031048,-43.1902925897873,1.28642282439604));
#1214=CARTESIAN_POINT('Ctrl Pts',(-5.32619857668544,-55.2276302290928,0.751863145256503));
#1215=CARTESIAN_POINT('Ctrl Pts',(-4.41220569981616,-76.3875437607966,0.236754047424924));
#1216=CARTESIAN_POINT('Ctrl Pts',(-2.17728034749277,-100.270472390567,0.27984410057524));
#1217=CARTESIAN_POINT('Ctrl Pts',(0.305412161678567,-126.399096527215,0.465045777983273));
#1218=CARTESIAN_POINT('Ctrl Pts',(1.90629694971752,-147.002043923538,0.527619148471329));
#1219=CARTESIAN_POINT('Ctrl Pts',(3.0326145667532,-168.5245062556,0.431968516593649));
#1220=CARTESIAN_POINT('Ctrl Pts',(3.45322901100842,-183.450558388929,0.257215650609372));
#1221=CARTESIAN_POINT('Ctrl Pts',(3.63716811596493,-191.056785108921,0.163379409246754));
#1222=CARTESIAN_POINT('Ctrl Pts',(5.37639722065638,3.43467421879733,8.61688905419076));
#1223=CARTESIAN_POINT('Ctrl Pts',(4.89055425758974,1.99238321172562,8.28475444532748));
#1224=CARTESIAN_POINT('Ctrl Pts',(3.79359008487774,-0.997205723120103,7.57719252488029));
#1225=CARTESIAN_POINT('Ctrl Pts',(1.14488933287102,-7.39055655242348,6.00702436911984));
#1226=CARTESIAN_POINT('Ctrl Pts',(-1.83136008091639,-14.3751636768557,4.34206492913413));
#1227=CARTESIAN_POINT('Ctrl Pts',(-4.10527480510252,-21.9520460396627,2.97308201906636));
#1228=CARTESIAN_POINT('Ctrl Pts',(-5.25842748331686,-27.9518692261111,2.1687076815882));
#1229=CARTESIAN_POINT('Ctrl Pts',(-5.79489166511551,-34.2907128573875,1.60930422886161));
#1230=CARTESIAN_POINT('Ctrl Pts',(-5.85964131938793,-43.189471874731,1.12401214189643));
#1231=CARTESIAN_POINT('Ctrl Pts',(-5.77596433118542,-55.2236106449862,0.600210052264356));
#1232=CARTESIAN_POINT('Ctrl Pts',(-4.83877506990152,-76.3800699242044,0.107251774988973));
#1233=CARTESIAN_POINT('Ctrl Pts',(-2.5492484474681,-100.262387877694,0.180509533720843));
#1234=CARTESIAN_POINT('Ctrl Pts',(-0.00161958733325109,-126.392599209958,
0.398447026570341));
#1235=CARTESIAN_POINT('Ctrl Pts',(1.64575675842431,-146.997410148087,0.484952072785968));
#1236=CARTESIAN_POINT('Ctrl Pts',(2.81221441929335,-168.522099385821,0.411549682941428));
#1237=CARTESIAN_POINT('Ctrl Pts',(3.2550233701438,-183.449731079462,0.250429339050288));
#1238=CARTESIAN_POINT('Ctrl Pts',(3.44995281636341,-191.056785108896,0.163379716314711));
#1239=CARTESIAN_POINT('Ctrl Pts',(5.16471883446552,3.43164591154142,8.46589751762794));
#1240=CARTESIAN_POINT('Ctrl Pts',(4.66733031822079,1.98866446097824,8.13271767501681));
#1241=CARTESIAN_POINT('Ctrl Pts',(3.54529209372973,-1.00224739848437,7.42256904385184));
#1242=CARTESIAN_POINT('Ctrl Pts',(0.839362730218772,-7.39778181280342,5.84547642054695));
#1243=CARTESIAN_POINT('Ctrl Pts',(-2.19825309185313,-14.3830685131151,4.17270194653842));
#1244=CARTESIAN_POINT('Ctrl Pts',(-4.51884449722239,-21.9585448644787,2.79988531931943));
#1245=CARTESIAN_POINT('Ctrl Pts',(-5.69597984907187,-27.9565241105182,1.99554434193384));
#1246=CARTESIAN_POINT('Ctrl Pts',(-6.24421698267361,-34.2930401584546,1.43935730601345));
#1247=CARTESIAN_POINT('Ctrl Pts',(-6.31150341730595,-43.1886487464255,0.961705645868368));
#1248=CARTESIAN_POINT('Ctrl Pts',(-6.22558654228926,-55.2195761954753,0.448745477281557));
#1249=CARTESIAN_POINT('Ctrl Pts',(-5.26526352154435,-76.3725685174886,-0.0219990247478451));
#1250=CARTESIAN_POINT('Ctrl Pts',(-2.92113024210439,-100.254280282066,0.0813736460212396));
#1251=CARTESIAN_POINT('Ctrl Pts',(-0.308537840032706,-126.3860910375,0.331955988740784));
#1252=CARTESIAN_POINT('Ctrl Pts',(1.38534558463347,-146.992773461941,0.44233264023936));
#1253=CARTESIAN_POINT('Ctrl Pts',(2.59194510105044,-168.51969348195,0.391141856052111));
#1254=CARTESIAN_POINT('Ctrl Pts',(3.05693998994837,-183.448904155112,0.243646454642705));
#1255=CARTESIAN_POINT('Ctrl Pts',(3.26285527099842,-191.056785108869,0.163380048843856));
#1256=CARTESIAN_POINT('Ctrl Pts',(4.95419162421982,3.42858056857112,8.31368048733247));
#1257=CARTESIAN_POINT('Ctrl Pts',(4.44522202542371,1.98490216241919,7.97951848138724));
#1258=CARTESIAN_POINT('Ctrl Pts',(3.29803544718153,-1.00734174760586,7.26691705540353));
#1259=CARTESIAN_POINT('Ctrl Pts',(0.534717701606459,-7.40506427170349,5.6831954124199));
#1260=CARTESIAN_POINT('Ctrl Pts',(-2.56442923242097,-14.3910182203663,4.00291734476792));
#1261=CARTESIAN_POINT('Ctrl Pts',(-4.93183449918136,-21.9650714067231,2.62652130553595));
#1262=CARTESIAN_POINT('Ctrl Pts',(-6.13303564542,-27.9611946580008,1.82236164908737));
#1263=CARTESIAN_POINT('Ctrl Pts',(-6.69310734461381,-34.2953738288024,1.269491679642));
#1264=CARTESIAN_POINT('Ctrl Pts',(-6.76298959284678,-43.1878235739192,0.799563429569476));
#1265=CARTESIAN_POINT('Ctrl Pts',(-6.67489684772251,-55.2155287649259,0.297528004807247));
#1266=CARTESIAN_POINT('Ctrl Pts',(-5.69150871651705,-76.3650430436941,-0.150945876529948));
#1267=CARTESIAN_POINT('Ctrl Pts',(-3.29278445945155,-100.246153225639,-0.0175231531786303));
#1268=CARTESIAN_POINT('Ctrl Pts',(-0.615227336278547,-126.379574728818,
0.26559907162574));
#1269=CARTESIAN_POINT('Ctrl Pts',(1.12516023925882,-146.988135683616,0.399777195420414));
#1270=CARTESIAN_POINT('Ctrl Pts',(2.37188801446462,-168.517289426582,0.370752546136393));
#1271=CARTESIAN_POINT('Ctrl Pts',(2.85905218568829,-183.448077917876,0.236869496602894));
#1272=CARTESIAN_POINT('Ctrl Pts',(3.07594480296561,-191.056785108839,0.163380420874362));
#1273=CARTESIAN_POINT('Ctrl Pts',(4.74485098278493,3.42548028497381,8.16025680358446));
#1274=CARTESIAN_POINT('Ctrl Pts',(4.22427093380222,1.98109884098825,7.82517778676109));
#1275=CARTESIAN_POINT('Ctrl Pts',(3.05187497785287,-1.01248550531629,7.11026201069564));
#1276=CARTESIAN_POINT('Ctrl Pts',(0.231039035321571,-7.412399705222,5.52021715368768));
#1277=CARTESIAN_POINT('Ctrl Pts',(-2.92977178147831,-14.3990086196499,3.8327579734188));
#1278=CARTESIAN_POINT('Ctrl Pts',(-5.34410320163266,-21.9716224602278,2.4530449482875));
#1279=CARTESIAN_POINT('Ctrl Pts',(-6.56943987752468,-27.965878676985,1.64921851572646));
#1280=CARTESIAN_POINT('Ctrl Pts',(-7.14140021628434,-34.2977128092865,1.09976784389819));
#1281=CARTESIAN_POINT('Ctrl Pts',(-7.21393356622566,-43.1869967265066,0.637645576647212));
#1282=CARTESIAN_POINT('Ctrl Pts',(-7.12372687996558,-55.2114702389669,0.146616199091612));
#1283=CARTESIAN_POINT('Ctrl Pts',(-6.11734830592042,-76.3574970081899,-0.279536333461655));
#1284=CARTESIAN_POINT('Ctrl Pts',(-3.66406981475518,-100.238010332331,-0.116140487560017));
#1285=CARTESIAN_POINT('Ctrl Pts',(-0.921572804552626,-126.373053003834,
0.199402650023615));
#1286=CARTESIAN_POINT('Ctrl Pts',(0.865297543106146,-146.983498631907,0.357302052016676));
#1287=CARTESIAN_POINT('Ctrl Pts',(2.15212457303448,-168.514888102263,0.350389230425853));
#1288=CARTESIAN_POINT('Ctrl Pts',(2.66143328593003,-183.447252669751,0.230100927874609));
#1289=CARTESIAN_POINT('Ctrl Pts',(2.88929074866093,-191.056785108808,0.163380810173884));
#1290=CARTESIAN_POINT('Ctrl Pts',(4.53673222026156,3.42234715914126,8.00564539657779));
#1291=CARTESIAN_POINT('Ctrl Pts',(4.00451851908118,1.97725702550597,7.66971659911955));
#1292=CARTESIAN_POINT('Ctrl Pts',(2.80686544912526,-1.01767540169215,6.95262944048602));
#1293=CARTESIAN_POINT('Ctrl Pts',(-0.071588530696054,-7.41978388414833,
5.35657751492594));
#1294=CARTESIAN_POINT('Ctrl Pts',(-3.29416404701398,-14.4070355276213,3.66227072898615));
#1295=CARTESIAN_POINT('Ctrl Pts',(-5.75550900790417,-21.9781948159351,2.27951125150319));
#1296=CARTESIAN_POINT('Ctrl Pts',(-7.00503755417814,-27.970573974134,1.47617387887476));
#1297=CARTESIAN_POINT('Ctrl Pts',(-7.58893306038495,-34.3000560399704,0.930246313463143));
#1298=CARTESIAN_POINT('Ctrl Pts',(-7.66416904986642,-43.186168573645,0.476012187275151));
#1299=CARTESIAN_POINT('Ctrl Pts',(-7.57190826103683,-55.2074025046895,-0.00393135580433468));
#1300=CARTESIAN_POINT('Ctrl Pts',(-6.54261992816443,-76.3499339191028,-0.407717927633837));
#1301=CARTESIAN_POINT('Ctrl Pts',(-4.03484502296691,-100.229855228554,-0.214437940515238));
#1302=CARTESIAN_POINT('Ctrl Pts',(-1.22745898450517,-126.366528583914,0.133393154710886));
#1303=CARTESIAN_POINT('Ctrl Pts',(0.605854299728871,-146.978864126283,0.314923587583826));
#1304=CARTESIAN_POINT('Ctrl Pts',(1.93273616537358,-168.512490391697,0.33005946062661));
#1305=CARTESIAN_POINT('Ctrl Pts',(2.46415658913377,-183.44642871273,0.223343293507176));
#1306=CARTESIAN_POINT('Ctrl Pts',(2.70296241437403,-191.05678510877,0.163381276615648));
#1307=CARTESIAN_POINT('Ctrl Pts',(4.32987056265852,3.41918329251053,7.84986529590443));
#1308=CARTESIAN_POINT('Ctrl Pts',(3.78600617681665,1.97337924841801,7.51315602162044));
#1309=CARTESIAN_POINT('Ctrl Pts',(2.56306154927771,-1.02290816244282,6.79404495514293));
#1310=CARTESIAN_POINT('Ctrl Pts',(-0.373080317827974,-7.42721257447008,
5.19231242246875));
#1311=CARTESIAN_POINT('Ctrl Pts',(-3.65748938331964,-14.4150947571709,3.49150252919866));
#1312=CARTESIAN_POINT('Ctrl Pts',(-6.16591035499993,-21.9847852625093,2.10597521504635));
#1313=CARTESIAN_POINT('Ctrl Pts',(-7.43967370906848,-27.9752783548973,1.3032866588693));
#1314=CARTESIAN_POINT('Ctrl Pts',(-8.0355433583537,-34.302402460495,0.760987571958823));
#1315=CARTESIAN_POINT('Ctrl Pts',(-8.11352976900923,-43.1853394851452,0.314723319678917));
#1316=CARTESIAN_POINT('Ctrl Pts',(-8.01927261395073,-55.2033274502268,-0.154056145500102));
#1317=CARTESIAN_POINT('Ctrl Pts',(-6.96716121312149,-76.3423572863943,-0.535438280338641));
#1318=CARTESIAN_POINT('Ctrl Pts',(-4.40496877044249,-100.221691542063,-0.312375219030768));
#1319=CARTESIAN_POINT('Ctrl Pts',(-1.53277057633287,-126.360004190776,0.0675968748558926));
#1320=CARTESIAN_POINT('Ctrl Pts',(0.346927356252024,-146.974233986019,0.27265803141566));
#1321=CARTESIAN_POINT('Ctrl Pts',(1.71380423568434,-168.510097177277,0.309770622346963));
#1322=CARTESIAN_POINT('Ctrl Pts',(2.26729546083476,-183.445606348819,0.216598955623628));
#1323=CARTESIAN_POINT('Ctrl Pts',(2.51702917346964,-191.056785108736,0.163381697146589));
#1324=CARTESIAN_POINT('Ctrl Pts',(4.12430115227332,3.41599079020429,7.69293560694667));
#1325=CARTESIAN_POINT('Ctrl Pts',(3.56877522281241,1.96946804643858,7.35551722902488));
#1326=CARTESIAN_POINT('Ctrl Pts',(2.32051790240538,-1.02818050795493,6.63453424260177));
#1327=CARTESIAN_POINT('Ctrl Pts',(-0.673351688336608,-7.43468153614066,
5.02745787004772));
#1328=CARTESIAN_POINT('Ctrl Pts',(-4.01963115359531,-14.4231821159552,3.32050036954709));
#1329=CARTESIAN_POINT('Ctrl Pts',(-6.57516566714577,-21.9913905849165,1.93249191802374));
#1330=CARTESIAN_POINT('Ctrl Pts',(-7.87319335344742,-27.9799896222503,1.13061585101216));
#1331=CARTESIAN_POINT('Ctrl Pts',(-8.48106856256935,-34.3047510092383,0.592052187433604));
#1332=CARTESIAN_POINT('Ctrl Pts',(-8.5618494154876,-43.1845098307488,0.15383912120301));
#1333=CARTESIAN_POINT('Ctrl Pts',(-8.46565153682192,-55.1992469657207,-0.303699524566685));
#1334=CARTESIAN_POINT('Ctrl Pts',(-7.39080977245485,-76.3347706239749,-0.662644854773027));
#1335=CARTESIAN_POINT('Ctrl Pts',(-4.7742997780694,-100.213522904575,-0.409911786197642));
#1336=CARTESIAN_POINT('Ctrl Pts',(-1.83739235406672,-126.353482548957,0.0020404008986002));
#1337=CARTESIAN_POINT('Ctrl Pts',(0.0886134671298544,-146.969610032143,
0.23052193992875));
#1338=CARTESIAN_POINT('Ctrl Pts',(1.49541010343458,-168.50770934213,0.289530474170348));
#1339=CARTESIAN_POINT('Ctrl Pts',(2.07092311588041,-183.444785879989,0.209870687300842));
#1340=CARTESIAN_POINT('Ctrl Pts',(2.33156024862465,-191.056785108683,0.163382359667486));
#1341=CARTESIAN_POINT('Ctrl Pts',(3.92005904432121,3.41277175964518,7.53487556139048));
#1342=CARTESIAN_POINT('Ctrl Pts',(3.35286688978685,1.96552595916839,7.19682151824343));
#1343=CARTESIAN_POINT('Ctrl Pts',(2.0792890416923,-1.03348915536142,6.47412307072256));
#1344=CARTESIAN_POINT('Ctrl Pts',(-0.972318088474456,-7.44218652576162,
4.86204989088645));
#1345=CARTESIAN_POINT('Ctrl Pts',(-4.38047281515314,-14.4312934096286,3.14931119494985));
#1346=CARTESIAN_POINT('Ctrl Pts',(-6.98313346091479,-21.9980075675725,1.75911633065189));
#1347=CARTESIAN_POINT('Ctrl Pts',(-8.30544158295185,-27.9847055795037,0.958220318927103));
#1348=CARTESIAN_POINT('Ctrl Pts',(-8.92534620402941,-34.3071006251961,0.423500552280445));
#1349=CARTESIAN_POINT('Ctrl Pts',(-9.00896175169581,-43.1836799810849,-0.00658046667049193));
#1350=CARTESIAN_POINT('Ctrl Pts',(-8.91087666092021,-55.1951629411701,-0.452803168092444));
#1351=CARTESIAN_POINT('Ctrl Pts',(-7.81340322102129,-76.3271774449905,-0.789285512256231));
#1352=CARTESIAN_POINT('Ctrl Pts',(-5.1426966589077,-100.205352945918,-0.507007687988965));
#1353=CARTESIAN_POINT('Ctrl Pts',(-2.14120891047007,-126.346966380283,-0.0632503720298915));
#1354=CARTESIAN_POINT('Ctrl Pts',(-0.168990399185095,-146.964994083063,
0.188531126840306));
#1355=CARTESIAN_POINT('Ctrl Pts',(1.27763536918448,-168.505327767776,0.269345934450777));
#1356=CARTESIAN_POINT('Ctrl Pts',(1.87511310851583,-183.443967608291,0.20316033601495));
#1357=CARTESIAN_POINT('Ctrl Pts',(2.14662520191364,-191.056785108661,0.163382626478371));
#1358=CARTESIAN_POINT('Ctrl Pts',(3.71717920881651,3.40952831318082,7.37570443208915));
#1359=CARTESIAN_POINT('Ctrl Pts',(3.13832232928582,1.9615555317221,7.03709022323867));
#1360=CARTESIAN_POINT('Ctrl Pts',(1.83942945341033,-1.03883081467923,6.31283728719887));
#1361=CARTESIAN_POINT('Ctrl Pts',(-1.26989497470981,-7.44972329161982,4.6961246112823));
#1362=CARTESIAN_POINT('Ctrl Pts',(-4.73989776976793,-14.4394244359409,2.97798213064685));
#1363=CARTESIAN_POINT('Ctrl Pts',(-7.38967215946191,-22.0046329886306,1.58590365091987));
#1364=CARTESIAN_POINT('Ctrl Pts',(-8.73626338852085,-27.9894240252168,0.786159164141589));
#1365=CARTESIAN_POINT('Ctrl Pts',(-9.36821370141045,-34.3094502445793,0.255393347434958));
#1366=CARTESIAN_POINT('Ctrl Pts',(-9.45470042601729,-43.1828503059377,-0.166475182228263));
#1367=CARTESIAN_POINT('Ctrl Pts',(-9.35477954735478,-55.1910772702849,-0.601308267862029));
#1368=CARTESIAN_POINT('Ctrl Pts',(-8.23477913848226,-76.319581270279,-0.915307522672242));
#1369=CARTESIAN_POINT('Ctrl Pts',(-5.5100181710892,-100.197185304501,-0.603622082715099));
#1370=CARTESIAN_POINT('Ctrl Pts',(-2.44410511060536,-126.340458413747,-0.128248471608269));
#1371=CARTESIAN_POINT('Ctrl Pts',(-0.425787605627715,-146.96038796237,0.146702565935494));
#1372=CARTESIAN_POINT('Ctrl Pts',(1.0605611927596,-168.502953338294,0.249225239177859));
#1373=CARTESIAN_POINT('Ctrl Pts',(1.6799384606653,-183.443151835654,0.196471200980131));
#1374=CARTESIAN_POINT('Ctrl Pts',(1.96229306309037,-191.056785108606,0.163383311617322));
#1375=CARTESIAN_POINT('Ctrl Pts',(3.51569653113557,3.40626256495693,7.21544161118605));
#1376=CARTESIAN_POINT('Ctrl Pts',(2.92518261228994,1.95755931160599,6.87634479317401));
#1377=CARTESIAN_POINT('Ctrl Pts',(1.60099353030574,-1.04420219329462,6.15070280535428));
#1378=CARTESIAN_POINT('Ctrl Pts',(-1.56599789347129,-7.45728757939371,4.52971817838118));
#1379=CARTESIAN_POINT('Ctrl Pts',(-5.09778952855404,-14.4475709914488,2.8065602171188));
#1380=CARTESIAN_POINT('Ctrl Pts',(-7.79464029786939,-22.0112636264601,1.41290892435173));
#1381=CARTESIAN_POINT('Ctrl Pts',(-9.16550386538846,-27.9941427589785,0.614491309918721));
#1382=CARTESIAN_POINT('Ctrl Pts',(-9.80950857237251,-34.3117988046932,0.0877910224316924));
#1383=CARTESIAN_POINT('Ctrl Pts',(-9.89889917713557,-43.1820211762511,-0.325785031490564));
#1384=CARTESIAN_POINT('Ctrl Pts',(-9.79719180151034,-55.1869918462047,-0.749156426959836));
#1385=CARTESIAN_POINT('Ctrl Pts',(-8.65477511178067,-76.311985618922,-1.04065866434813));
#1386=CARTESIAN_POINT('Ctrl Pts',(-5.87612293659577,-100.189023615621,-0.69971487530093));
#1387=CARTESIAN_POINT('Ctrl Pts',(-2.74596558756905,-126.333961374479,-0.192927818514259));
#1388=CARTESIAN_POINT('Ctrl Pts',(-0.681681240185513,-146.955793490126,
0.105052275831017));
#1389=CARTESIAN_POINT('Ctrl Pts',(0.844269095794757,-168.500586935675,0.229175542847335));
#1390=CARTESIAN_POINT('Ctrl Pts',(1.4854726311792,-183.442338864104,0.189805389831688));
#1391=CARTESIAN_POINT('Ctrl Pts',(1.7786332988347,-191.056785108547,0.163384037543547));
#1392=CARTESIAN_POINT('Ctrl Pts',(3.31564580738451,3.40297663254074,7.05410658232699));
#1393=CARTESIAN_POINT('Ctrl Pts',(2.7134887246053,1.95353985034263,6.71460676467352));
#1394=CARTESIAN_POINT('Ctrl Pts',(1.36403558914195,-1.0495999937099,5.98774561752894));
#1395=CARTESIAN_POINT('Ctrl Pts',(-1.86054244794265,-7.46487512933586,4.36286679955585));
#1396=CARTESIAN_POINT('Ctrl Pts',(-5.45403163870729,-14.4557288682805,2.63509253552967));
#1397=CARTESIAN_POINT('Ctrl Pts',(-8.1978964307106,-22.017896256554,1.24018722102216));
#1398=CARTESIAN_POINT('Ctrl Pts',(-9.5930081187606,-27.9988595786521,0.443275694532175));
#1399=CARTESIAN_POINT('Ctrl Pts',(-10.2490683378098,-34.314145242086,-0.0792459645662645));
#1400=CARTESIAN_POINT('Ctrl Pts',(-10.3413917412633,-43.1811929631603,-0.48445001741784));
#1401=CARTESIAN_POINT('Ctrl Pts',(-10.2379450208548,-55.1829085634738,-0.896289249909821));
#1402=CARTESIAN_POINT('Ctrl Pts',(-9.07322871554902,-76.3043940126348,-1.16528672094924));
#1403=CARTESIAN_POINT('Ctrl Pts',(-6.24086956963944,-100.180871516883,-0.795245970077734));
#1404=CARTESIAN_POINT('Ctrl Pts',(-3.04667497295388,-126.327477988841,-0.257262325599997));
#1405=CARTESIAN_POINT('Ctrl Pts',(-0.936574393110025,-146.95121248688,0.0635962871844362));
#1406=CARTESIAN_POINT('Ctrl Pts',(0.62884059471851,-168.498229441957,0.209204015625422));
#1407=CARTESIAN_POINT('Ctrl Pts',(1.29178907254143,-183.441528995668,0.183165027567576));
#1408=CARTESIAN_POINT('Ctrl Pts',(1.59571536946,-191.056785108514,0.163384444078899));
#1409=CARTESIAN_POINT('Ctrl Pts',(3.11706173993893,3.39967263874763,6.89171890049625));
#1410=CARTESIAN_POINT('Ctrl Pts',(2.50328156245065,1.94949970530239,6.55189774168138));
#1411=CARTESIAN_POINT('Ctrl Pts',(1.12860989029309,-1.05502091102308,5.82399181835112));
#1412=CARTESIAN_POINT('Ctrl Pts',(-2.15344426141941,-7.47248167313486,4.19560679298074));
#1413=CARTESIAN_POINT('Ctrl Pts',(-5.80850760346018,-14.4638938505564,2.463626349301));
#1414=CARTESIAN_POINT('Ctrl Pts',(-8.59929903120731,-22.0245276481227,1.06779383175737));
#1415=CARTESIAN_POINT('Ctrl Pts',(-10.0186211609047,-28.0035722773437,0.2725714847672));
#1416=CARTESIAN_POINT('Ctrl Pts',(-10.6867304174472,-34.3164884905131,-0.245656883275482));
#1417=CARTESIAN_POINT('Ctrl Pts',(-10.7820117509984,-43.1803660369264,-0.642409843433659));
#1418=CARTESIAN_POINT('Ctrl Pts',(-10.676870738057,-55.1788293201992,-1.04264789624969));
#1419=CARTESIAN_POINT('Ctrl Pts',(-9.48997749075126,-76.2968099805679,-1.28913893437906));
#1420=CARTESIAN_POINT('Ctrl Pts',(-6.60411681631923,-100.172732654111,-0.890174458397019));
#1421=CARTESIAN_POINT('Ctrl Pts',(-3.34611814757325,-126.321010989983,-0.321224918302591));
#1422=CARTESIAN_POINT('Ctrl Pts',(-1.19037045850177,-146.946646778046,0.0223516946168301));
#1423=CARTESIAN_POINT('Ctrl Pts',(0.414356801484386,-168.495881741558,0.189319036796262));
#1424=CARTESIAN_POINT('Ctrl Pts',(1.09896074863489,-183.440722532264,0.17655357169153));
#1425=CARTESIAN_POINT('Ctrl Pts',(1.41360824667865,-191.056785108429,0.163385503551015));
#1426=CARTESIAN_POINT('Ctrl Pts',(2.91997895265991,3.39635270697622,6.72829821877928));
#1427=CARTESIAN_POINT('Ctrl Pts',(2.29460194769904,1.94544143504029,6.38823942226895));
#1428=CARTESIAN_POINT('Ctrl Pts',(0.89477059493229,-1.0604616392173,5.65946753067747));
#1429=CARTESIAN_POINT('Ctrl Pts',(-2.44461906086547,-7.48010294167355,4.02797445054773));
#1430=CARTESIAN_POINT('Ctrl Pts',(-6.16110107059285,-14.4720617231442,2.29220875528662));
#1431=CARTESIAN_POINT('Ctrl Pts',(-8.99870672993609,-22.0311545724106,0.895783792045591));
#1432=CARTESIAN_POINT('Ctrl Pts',(-10.4421881547193,-28.0082786508245,0.102437559407612));
#1433=CARTESIAN_POINT('Ctrl Pts',(-11.1223323774024,-34.3188274859408,-0.411381365329604));
#1434=CARTESIAN_POINT('Ctrl Pts',(-11.2205929752531,-43.1795407695997,-0.799604625185105));
#1435=CARTESIAN_POINT('Ctrl Pts',(-11.113800556049,-55.174756012909,-1.1881741475532));
#1436=CARTESIAN_POINT('Ctrl Pts',(-9.90485899532528,-76.2892370477826,-1.41216331058611));
#1437=CARTESIAN_POINT('Ctrl Pts',(-6.96572322110943,-100.164610667151,-0.984460557369499));
#1438=CARTESIAN_POINT('Ctrl Pts',(-3.64417964287679,-126.314563104508,-0.384789872860984));
#1439=CARTESIAN_POINT('Ctrl Pts',(-1.44297241432079,-146.942098183394,-0.0186658544883255));
#1440=CARTESIAN_POINT('Ctrl Pts',(0.200899376854451,-168.493544715686,0.169527345303525));
#1441=CARTESIAN_POINT('Ctrl Pts',(0.907061286199931,-183.439919775954,0.169972671971729));
#1442=CARTESIAN_POINT('Ctrl Pts',(1.23238156506049,-191.056785108358,0.163386380551975));
#1443=CARTESIAN_POINT('Ctrl Pts',(2.72443197132195,3.39301896592755,6.56386427252969));
#1444=CARTESIAN_POINT('Ctrl Pts',(2.08749060834482,1.94136760401878,6.2236535828335));
#1445=CARTESIAN_POINT('Ctrl Pts',(0.662571802038131,-1.0659188648632,5.49419898557293));
#1446=CARTESIAN_POINT('Ctrl Pts',(-2.73398260003986,-7.48773465730833,3.86000617788));
#1447=CARTESIAN_POINT('Ctrl Pts',(-6.51169565320683,-14.4802282630274,2.12088702509348));
#1448=CARTESIAN_POINT('Ctrl Pts',(-9.3959780864795,-22.0377737945321,0.724212344590598));
#1449=CARTESIAN_POINT('Ctrl Pts',(-10.8635541804295,-28.012976490251,-0.0670669894851705));
#1450=CARTESIAN_POINT('Ctrl Pts',(-11.5557116926247,-34.3211611616371,-0.576358790666144));
#1451=CARTESIAN_POINT('Ctrl Pts',(-11.656969088793,-43.1787175323967,-0.955974202486277));
#1452=CARTESIAN_POINT('Ctrl Pts',(-11.5485660180248,-55.1706905415283,-1.33280937859449));
#1453=CARTESIAN_POINT('Ctrl Pts',(-10.3177107551685,-76.2816787464365,-1.53430736148826));
#1454=CARTESIAN_POINT('Ctrl Pts',(-7.32554744786854,-100.156509203637,-1.07806374241959));
#1455=CARTESIAN_POINT('Ctrl Pts',(-3.9407442174223,-126.308137065377,-0.447930564039708));
#1456=CARTESIAN_POINT('Ctrl Pts',(-1.69428351590145,-146.937568527214,-0.0594397410009451));
#1457=CARTESIAN_POINT('Ctrl Pts',(-0.0114503879426439,-168.491219247737,
0.149836784749002));
#1458=CARTESIAN_POINT('Ctrl Pts',(0.716163865539194,-183.439121028706,0.163425195695042));
#1459=CARTESIAN_POINT('Ctrl Pts',(1.05210451273762,-191.056785108271,0.163387457192549));
#1460=CARTESIAN_POINT('Ctrl Pts',(2.53045523465842,3.38967354684024,6.39843688445444));
#1461=CARTESIAN_POINT('Ctrl Pts',(1.88198818958102,1.93728077984561,6.05816208322167));
#1462=CARTESIAN_POINT('Ctrl Pts',(0.432067526609634,-1.07138927078955,5.32821247227344));
#1463=CARTESIAN_POINT('Ctrl Pts',(-3.02145070427549,-7.49537253836354,3.69173840992129));
#1464=CARTESIAN_POINT('Ctrl Pts',(-6.86017503395195,-14.4883892443265,1.94970840470541));
#1465=CARTESIAN_POINT('Ctrl Pts',(-9.79097172210705,-22.0443820782255,0.553134669116675));
#1466=CARTESIAN_POINT('Ctrl Pts',(-11.2825643710474,-28.0176635864117,-0.235883149044196));
#1467=CARTESIAN_POINT('Ctrl Pts',(-11.9867058848133,-34.3234884510402,-0.740528644943008));
#1468=CARTESIAN_POINT('Ctrl Pts',(-12.0909738059892,-43.1778966972412,-1.11145853978688));
#1469=CARTESIAN_POINT('Ctrl Pts',(-11.980998682839,-55.1666348064955,-1.47649515540187));
#1470=CARTESIAN_POINT('Ctrl Pts',(-10.7283702924644,-76.2741386092877,-1.6555188359721));
#1471=CARTESIAN_POINT('Ctrl Pts',(-7.68344809316445,-100.148431910986,-1.17094383240556));
#1472=CARTESIAN_POINT('Ctrl Pts',(-4.23569652178622,-126.301735604404,-0.510620774002246));
#1473=CARTESIAN_POINT('Ctrl Pts',(-1.94420689287178,-146.933059632399,-0.0999537798829902));
#1474=CARTESIAN_POINT('Ctrl Pts',(-0.222611037470268,-168.488906220153,
0.130254708004375));
#1475=CARTESIAN_POINT('Ctrl Pts',(0.526341865250505,-183.438326592527,0.156913469360445));
#1476=CARTESIAN_POINT('Ctrl Pts',(0.872846476137357,-191.056785108181,0.163388574795614));
#1477=CARTESIAN_POINT('Ctrl Pts',(2.33808308845902,3.38631858474178,6.23203596091758));
#1478=CARTESIAN_POINT('Ctrl Pts',(1.67813524793216,1.93318353452813,5.89178686306859));
#1479=CARTESIAN_POINT('Ctrl Pts',(0.203311708544494,-1.07686953441773,5.16153435927446));
#1480=CARTESIAN_POINT('Ctrl Pts',(-3.30693925112535,-7.50301229709449,3.52320764762135));
#1481=CARTESIAN_POINT('Ctrl Pts',(-7.20642291894671,-14.4965404360329,1.7787202032144));
#1482=CARTESIAN_POINT('Ctrl Pts',(-10.1835462608217,-22.0509761837169,0.382606002486105));
#1483=CARTESIAN_POINT('Ctrl Pts',(-11.6990638520646,-28.0223377278241,-0.403951855412719));
#1484=CARTESIAN_POINT('Ctrl Pts',(-12.4151524609399,-34.3258082864763,-0.903830360281162));
#1485=CARTESIAN_POINT('Ctrl Pts',(-12.5224408211327,-43.1770786360802,-1.26599754762826));
#1486=CARTESIAN_POINT('Ctrl Pts',(-12.4109300912844,-55.162590710058,-1.6191729684853));
#1487=CARTESIAN_POINT('Ctrl Pts',(-11.1366751128991,-76.2666201726088,-1.77574539374875));
#1488=CARTESIAN_POINT('Ctrl Pts',(-8.03928376940283,-100.140382439988,-1.26306050558136));
#1489=CARTESIAN_POINT('Ctrl Pts',(-4.52892124793662,-126.295361455613,-0.572834108557061));
#1490=CARTESIAN_POINT('Ctrl Pts',(-2.19264572888476,-146.928573323091,-0.140191593237378));
#1491=CARTESIAN_POINT('Ctrl Pts',(-0.432501190101466,-168.486606515826,
0.11078868866417));
#1492=CARTESIAN_POINT('Ctrl Pts',(0.337668574714011,-183.437536769408,0.150440062780166));
#1493=CARTESIAN_POINT('Ctrl Pts',(0.694676752469316,-191.05678510808,0.1633898179973));
#1494=CARTESIAN_POINT('Ctrl Pts',(2.1473497869247,3.38295621792039,6.06468149324171));
#1495=CARTESIAN_POINT('Ctrl Pts',(1.47597225264029,1.92907844394778,5.72454994313818));
#1496=CARTESIAN_POINT('Ctrl Pts',(-0.023641792491673,-1.08235632846696,
4.99419108450875));
#1497=CARTESIAN_POINT('Ctrl Pts',(-3.59036417997604,-7.51064964055676,3.35445044125541));
#1498=CARTESIAN_POINT('Ctrl Pts',(-7.55032305914786,-14.5046776029916,1.607969752703));
#1499=CARTESIAN_POINT('Ctrl Pts',(-10.5735603563085,-22.057552868656,0.212681584517385));
#1500=CARTESIAN_POINT('Ctrl Pts',(-12.11289776889,-28.0269967015746,-0.571214052368653));
#1501=CARTESIAN_POINT('Ctrl Pts',(-12.8408889411123,-34.3281195997275,-1.06620338699103));
#1502=CARTESIAN_POINT('Ctrl Pts',(-12.9512038354081,-43.1762637211899,-1.41953116303421));
#1503=CARTESIAN_POINT('Ctrl Pts',(-12.8381917812416,-55.1585601556975,-1.76078435307555));
#1504=CARTESIAN_POINT('Ctrl Pts',(-11.5424627112827,-76.2591269748931,-1.89493475238388));
#1505=CARTESIAN_POINT('Ctrl Pts',(-8.39291306718568,-100.132364443202,-1.35437351793992));
#1506=CARTESIAN_POINT('Ctrl Pts',(-4.82030306175579,-126.289017353732,-0.634544260562546));
#1507=CARTESIAN_POINT('Ctrl Pts',(-2.43950318048056,-146.924111423487,-0.18013689324171));
#1508=CARTESIAN_POINT('Ctrl Pts',(-0.641039430600867,-168.484321017462,
0.0914461999669353));
#1509=CARTESIAN_POINT('Ctrl Pts',(0.150217323843584,-183.436751861346,0.144007435223387));
#1510=CARTESIAN_POINT('Ctrl Pts',(0.517664679476849,-191.056785107971,0.163391160890688));
#1511=CARTESIAN_POINT('Ctrl Pts',(1.95828949092916,3.37958858823735,5.89639355531247));
#1512=CARTESIAN_POINT('Ctrl Pts',(1.27553958396357,1.9249680881757,5.55647342296171));
#1513=CARTESIAN_POINT('Ctrl Pts',(-0.248739195030164,-1.08784632053128,
4.82620915941644));
#1514=CARTESIAN_POINT('Ctrl Pts',(-3.87164148726678,-7.51828027008699,3.18550339863382));
#1515=CARTESIAN_POINT('Ctrl Pts',(-7.8917592387738,-14.5127965053241,1.43750442997103));
#1516=CARTESIAN_POINT('Ctrl Pts',(-10.9608726770436,-22.0641088875761,0.0434166878765673));
#1517=CARTESIAN_POINT('Ctrl Pts',(-12.5239112715622,-28.0316382928407,-0.737610658799173));
#1518=CARTESIAN_POINT('Ctrl Pts',(-13.2637528429759,-34.3304213217122,-1.22758715357814));
#1519=CARTESIAN_POINT('Ctrl Pts',(-13.377096541725,-43.1754523250093,-1.57199930456399));
#1520=CARTESIAN_POINT('Ctrl Pts',(-13.2626152790795,-55.1545450484621,-1.90127082171673));
#1521=CARTESIAN_POINT('Ctrl Pts',(-11.9455705682351,-76.2516625575968,-2.01303460478437));
#1522=CARTESIAN_POINT('Ctrl Pts',(-8.74419457626571,-100.124381575867,-1.44484258078336));
#1523=CARTESIAN_POINT('Ctrl Pts',(-5.10972664076911,-126.282706035043,-0.695724862331973));
#1524=CARTESIAN_POINT('Ctrl Pts',(-2.68468242250666,-146.919675758515,-0.219773323664746));
#1525=CARTESIAN_POINT('Ctrl Pts',(-0.848144370282161,-168.482050607937,
0.0722347946107416));
#1526=CARTESIAN_POINT('Ctrl Pts',(-0.0359385895762981,-183.435972170334,
0.137618133582165));
#1527=CARTESIAN_POINT('Ctrl Pts',(0.341879562773914,-191.05678510785,0.163392665191739));
#1528=CARTESIAN_POINT('Ctrl Pts',(1.77093628245698,3.37621783912141,5.72719227639546));
#1529=CARTESIAN_POINT('Ctrl Pts',(1.07687754764061,1.92085504946901,5.38757945369742));
#1530=CARTESIAN_POINT('Ctrl Pts',(-0.471926800557765,-1.09333617558343,
4.65761511545627));
#1531=CARTESIAN_POINT('Ctrl Pts',(-4.15068724462883,-7.52589988426755,3.0164031154209));
#1532=CARTESIAN_POINT('Ctrl Pts',(-8.23061532836862,-14.5208929015842,1.2673715309165));
#1533=CARTESIAN_POINT('Ctrl Pts',(-11.3453419762123,-22.0706409948246,-0.125133541615046));
#1534=CARTESIAN_POINT('Ctrl Pts',(-12.9319495864624,-28.0362602875101,-0.903082739599582));
#1535=CARTESIAN_POINT('Ctrl Pts',(-13.6835817555035,-34.3327123842674,-1.38792127076635));
#1536=CARTESIAN_POINT('Ctrl Pts',(-13.7999526965939,-43.174644821136,-1.72334209861766));
#1537=CARTESIAN_POINT('Ctrl Pts',(-13.6840321405588,-55.1505472933567,-2.04057419521918));
#1538=CARTESIAN_POINT('Ctrl Pts',(-12.3458361658168,-76.2442304614162,-2.1299930210046));
#1539=CARTESIAN_POINT('Ctrl Pts',(-9.09298678313061,-100.116437491344,-1.53442795652659));
#1540=CARTESIAN_POINT('Ctrl Pts',(-5.39707649003216,-126.276430233136,-0.756350204762703));
#1541=CARTESIAN_POINT('Ctrl Pts',(-2.92808642652076,-146.915268150482,-0.259085232663135));
#1542=CARTESIAN_POINT('Ctrl Pts',(-1.05373435340078,-168.479796168537,0.0531612272042009));
#1543=CARTESIAN_POINT('Ctrl Pts',(-0.220725545127639,-183.435197998434,
0.131273824866838));
#1544=CARTESIAN_POINT('Ctrl Pts',(0.167391030607979,-191.056785107781,0.163393512734685));
#1545=CARTESIAN_POINT('Ctrl Pts',(1.58532409984539,3.37284612359046,5.5570979625511));
#1546=CARTESIAN_POINT('Ctrl Pts',(0.880026310172761,1.91674192029628,5.21789035957695));
#1547=CARTESIAN_POINT('Ctrl Pts',(-0.693150984447196,-1.09882254604555,
4.48843572225906));
#1548=CARTESIAN_POINT('Ctrl Pts',(-4.42741753804023,-7.5335041672438,2.8471864532108));
#1549=CARTESIAN_POINT('Ctrl Pts',(-8.56677508962088,-14.5289625364539,1.09761875448606));
#1550=CARTESIAN_POINT('Ctrl Pts',(-11.7268268313442,-22.0771459332007,-0.292913475060165));
#1551=CARTESIAN_POINT('Ctrl Pts',(-13.3368577486022,-28.0408604620398,-1.06757085381071));
#1552=CARTESIAN_POINT('Ctrl Pts',(-14.1002130625904,-34.3349917132475,-1.54714475638214));
#1553=CARTESIAN_POINT('Ctrl Pts',(-14.2196058504044,-43.1738415804524,-1.87349902107143));
#1554=CARTESIAN_POINT('Ctrl Pts',(-14.1022737967608,-55.1465688014611,-2.17863535242713));
#1555=CARTESIAN_POINT('Ctrl Pts',(-12.7430969280761,-76.2368342404975,-2.24575693229091));
#1556=CARTESIAN_POINT('Ctrl Pts',(-9.4391484567052,-100.108535858487,-1.62308821176096));
#1557=CARTESIAN_POINT('Ctrl Pts',(-5.68223763621306,-126.270192695043,-0.816392525295));
#1558=CARTESIAN_POINT('Ctrl Pts',(-3.16961879644588,-146.910890431762,-0.298054758219905));
#1559=CARTESIAN_POINT('Ctrl Pts',(-1.25772856459842,-168.477558585625,0.0342347642311929));
#1560=CARTESIAN_POINT('Ctrl Pts',(-0.404070937960811,-183.434429647484,
0.124978945731865));
#1561=CARTESIAN_POINT('Ctrl Pts',(-0.00573230434184634,-191.056785107608,
0.163395654997901));
#1562=CARTESIAN_POINT('Ctrl Pts',(1.40148684911901,3.36947559044598,5.38613087800138));
#1563=CARTESIAN_POINT('Ctrl Pts',(0.685026010184361,1.91263128953376,5.04742841931533));
#1564=CARTESIAN_POINT('Ctrl Pts',(-0.912358210744265,-1.10430208883159,
4.3186976053994));
#1565=CARTESIAN_POINT('Ctrl Pts',(-4.70174857081365,-7.54108880875453,2.67789005627807));
#1566=CARTESIAN_POINT('Ctrl Pts',(-8.90012250796325,-14.5370011618156,0.928293370889406));
#1567=CARTESIAN_POINT('Ctrl Pts',(-12.1051860882156,-22.0836204534155,-0.459868045590195));
#1568=CARTESIAN_POINT('Ctrl Pts',(-13.7384810579391,-28.0454366008374,-1.23101617078101));
#1569=CARTESIAN_POINT('Ctrl Pts',(-14.5134844142978,-34.3372582403615,-1.70519736095272));
#1570=CARTESIAN_POINT('Ctrl Pts',(-14.6358898072553,-43.1730429777909,-2.02241036441972));
#1571=CARTESIAN_POINT('Ctrl Pts',(-14.517171816735,-55.1426114794965,-2.31539636490253));
#1572=CARTESIAN_POINT('Ctrl Pts',(-13.1371903222725,-76.229477438167,-2.36027471854811));
#1573=CARTESIAN_POINT('Ctrl Pts',(-9.78253798979964,-100.100680331963,-1.71078405235603));
#1574=CARTESIAN_POINT('Ctrl Pts',(-5.96509444270972,-126.263996153671,-0.87582663716284));
#1575=CARTESIAN_POINT('Ctrl Pts',(-3.40918234205875,-146.906544423124,-0.33666680328393));
#1576=CARTESIAN_POINT('Ctrl Pts',(-1.46004513842269,-168.475338739246,0.0154615337431493));
#1577=CARTESIAN_POINT('Ctrl Pts',(-0.585900894364141,-183.433667419603,
0.118734472408291));
#1578=CARTESIAN_POINT('Ctrl Pts',(-0.177420560534415,-191.056785107452,
0.163397583036305));
#1579=CARTESIAN_POINT('Ctrl Pts',(1.21945831010116,3.36610839584251,5.21431142556861));
#1580=CARTESIAN_POINT('Ctrl Pts',(0.491916664569214,1.90852575403791,4.87621604658546));
#1581=CARTESIAN_POINT('Ctrl Pts',(-1.12949502022386,-1.10977145105267,4.14842756440812));
#1582=CARTESIAN_POINT('Ctrl Pts',(-4.9735965774965,-7.54864948732834,2.50855075474489));
#1583=CARTESIAN_POINT('Ctrl Pts',(-9.23054151385395,-14.5450045190764,0.759442917705587));
#1584=CARTESIAN_POINT('Ctrl Pts',(-12.4802784886776,-22.0900612977741,-0.625941872916992));
#1585=CARTESIAN_POINT('Ctrl Pts',(-14.1366646966849,-28.0499864816928,-1.3933595349245));
#1586=CARTESIAN_POINT('Ctrl Pts',(-14.9232333316111,-34.3395108932558,-1.86201845662205));
#1587=CARTESIAN_POINT('Ctrl Pts',(-15.048638239233,-43.1722493863557,-2.17001600784517));
#1588=CARTESIAN_POINT('Ctrl Pts',(-14.9285576871223,-55.1386772385828,-2.45079870698657));
#1589=CARTESIAN_POINT('Ctrl Pts',(-13.5279537738345,-76.2221636072908,-2.47349403856199));
#1590=CARTESIAN_POINT('Ctrl Pts',(-10.1230139511811,-100.092874577147,-1.79747510756728));
#1591=CARTESIAN_POINT('Ctrl Pts',(-6.2455316031065,-126.257843350919,-0.934626047716853));
#1592=CARTESIAN_POINT('Ctrl Pts',(-3.64668027508622,-146.9022319519,-0.374904864140674));
#1593=CARTESIAN_POINT('Ctrl Pts',(-1.66060274446673,-168.47313751268,-0.00315073694495941));
#1594=CARTESIAN_POINT('Ctrl Pts',(-0.766142187217203,-183.432911616767,
0.112543144503005));
#1595=CARTESIAN_POINT('Ctrl Pts',(-0.347604503019821,-191.056785107293,
0.16339955128074));
#1596=CARTESIAN_POINT('Ctrl Pts',(1.03927214927997,3.36274670114985,5.04166012479135));
#1597=CARTESIAN_POINT('Ctrl Pts',(0.300738181386654,1.90442791650995,4.70427576817384));
#1598=CARTESIAN_POINT('Ctrl Pts',(-1.34450803930642,-1.11522727273337,3.97765251900992));
#1599=CARTESIAN_POINT('Ctrl Pts',(-5.24287784798977,-7.55618187353184,2.33920549110982));
#1600=CARTESIAN_POINT('Ctrl Pts',(-9.55791604645486,-14.5529683426773,0.591115058849645));
#1601=CARTESIAN_POINT('Ctrl Pts',(-12.8519627533591,-22.0964652034562,-0.791079445378231));
#1602=CARTESIAN_POINT('Ctrl Pts',(-14.5312538139642,-28.0545078787097,-1.55454166113649));
#1603=CARTESIAN_POINT('Ctrl Pts',(-15.3292972931729,-34.341748597504,-2.01754727191132));
#1604=CARTESIAN_POINT('Ctrl Pts',(-15.4576847707412,-43.1714611788236,-2.31625567833457));
#1605=CARTESIAN_POINT('Ctrl Pts',(-15.3362628599563,-55.1347679923778,-2.58478363986053));
#1606=CARTESIAN_POINT('Ctrl Pts',(-13.9152246844928,-76.2148963060084,-2.58536229715594));
#1607=CARTESIAN_POINT('Ctrl Pts',(-10.4604349663879,-100.085122264882,-1.88312062294571));
#1608=CARTESIAN_POINT('Ctrl Pts',(-6.52343392705374,-126.251737032788,-0.992763794603398));
#1609=CARTESIAN_POINT('Ctrl Pts',(-3.88201595155433,-146.897954848136,-0.412751928865499));
#1610=CARTESIAN_POINT('Ctrl Pts',(-1.85932024607761,-168.470955790409,-0.0215937413125055));
#1611=CARTESIAN_POINT('Ctrl Pts',(-0.944721823658259,-183.4321625409,0.10640834048718));
#1612=CARTESIAN_POINT('Ctrl Pts',(-0.516215131106852,-191.056785107059,
0.163402453026182));
#1613=CARTESIAN_POINT('Ctrl Pts',(0.860962012589788,3.3593926628088,4.86819741254996));
#1614=CARTESIAN_POINT('Ctrl Pts',(0.1115304526761,1.90034037535441,4.53163002464353));
#1615=CARTESIAN_POINT('Ctrl Pts',(-1.55734397343329,-1.12066619909966,3.80639920862881));
#1616=CARTESIAN_POINT('Ctrl Pts',(-5.50950878104143,-7.56368164425254,2.16989095766055));
#1617=CARTESIAN_POINT('Ctrl Pts',(-9.88213026432785,-14.560888374864,0.423357005311988));
#1618=CARTESIAN_POINT('Ctrl Pts',(-13.2200978688544,-22.1028289160572,-0.955225832713688));
#1619=CARTESIAN_POINT('Ctrl Pts',(-14.9220938218409,-28.0589985744075,-1.71450389280379));
#1620=CARTESIAN_POINT('Ctrl Pts',(-15.7315140428503,-34.3439702848724,-2.17172378378523));
#1621=CARTESIAN_POINT('Ctrl Pts',(-15.862863279369,-43.1706787320665,-2.46106993401181));
#1622=CARTESIAN_POINT('Ctrl Pts',(-15.7401189254275,-55.1308856501145,-2.71729362985853));
#1623=CARTESIAN_POINT('Ctrl Pts',(-14.2988404994888,-76.2076790813454,-2.695828359401));
#1624=CARTESIAN_POINT('Ctrl Pts',(-10.7946592819637,-100.077427051489,-1.96768199984822));
#1625=CARTESIAN_POINT('Ctrl Pts',(-6.79868555558291,-126.245679930867,-1.05021551195364));
#1626=CARTESIAN_POINT('Ctrl Pts',(-4.11509192679022,-146.893714930054,-0.450193773307227));
#1627=CARTESIAN_POINT('Ctrl Pts',(-2.05611544758892,-168.468794450494,-0.0398623379182681));
#1628=CARTESIAN_POINT('Ctrl Pts',(-1.1215655310285,-183.431420494207,0.100329948593473));
#1629=CARTESIAN_POINT('Ctrl Pts',(-0.683182164307218,-191.056785106959,
0.16340369132936));
#1630=CARTESIAN_POINT('Ctrl Pts',(0.684561319286411,3.35604845515238,4.69394407348482));
#1631=CARTESIAN_POINT('Ctrl Pts',(-0.0756668516422397,1.8962657475021,4.35830160079571));
#1632=CARTESIAN_POINT('Ctrl Pts',(-1.76794961692697,-1.12608485283525,3.63469485757242));
#1633=CARTESIAN_POINT('Ctrl Pts',(-5.77340575686733,-7.57114445039148,2.00064440631248));
#1634=CARTESIAN_POINT('Ctrl Pts',(-10.2030680601673,-14.5687603321902,0.256216827249153));
#1635=CARTESIAN_POINT('Ctrl Pts',(-13.5845424282795,-22.109149158854,-1.11832506476376));
#1636=CARTESIAN_POINT('Ctrl Pts',(-15.3090297156942,-28.0634563322664,-1.87318647595951));
#1637=CARTESIAN_POINT('Ctrl Pts',(-16.1297208842624,-34.3461748745843,-2.32448668296377));
#1638=CARTESIAN_POINT('Ctrl Pts',(-16.2640072059784,-43.1699024164809,-2.60439791943918));
#1639=CARTESIAN_POINT('Ctrl Pts',(-16.1399572159653,-55.1270321325239,-2.84826910548452));
#1640=CARTESIAN_POINT('Ctrl Pts',(-14.6786385536025,-76.2005155066015,-2.80483862888575));
#1641=CARTESIAN_POINT('Ctrl Pts',(-11.1255457622927,-100.069792624387,-2.05111698533149));
#1642=CARTESIAN_POINT('Ctrl Pts',(-7.0711717561361,-126.239674804599,-1.10695241585394));
#1643=CARTESIAN_POINT('Ctrl Pts',(-4.34581211715276,-146.889514037232,-0.48721142125853));
#1644=CARTESIAN_POINT('Ctrl Pts',(-2.25090795996525,-168.466654381983,-0.0579459855287916));
#1645=CARTESIAN_POINT('Ctrl Pts',(-1.29660122010381,-183.430685778415,0.0943138116730422));
#1646=CARTESIAN_POINT('Ctrl Pts',(-0.848437505567336,-191.056785106722,
0.163406623865025));
#1647=CARTESIAN_POINT('Ctrl Pts',(0.510103490847913,3.35271624488872,4.51892075770792));
#1648=CARTESIAN_POINT('Ctrl Pts',(-0.260814054825499,1.89220664289683,4.18431314341227));
#1649=CARTESIAN_POINT('Ctrl Pts',(-1.97627184381619,-1.13147986510292,3.46256642952957));
#1650=CARTESIAN_POINT('Ctrl Pts',(-6.03448528145139,-7.57856595299507,1.83150274112566));
#1651=CARTESIAN_POINT('Ctrl Pts',(-10.5206136058132,-14.5765799429993,0.089741983289211));
#1652=CARTESIAN_POINT('Ctrl Pts',(-13.9451553711774,-22.1154226672107,-1.28032194878998));
#1653=CARTESIAN_POINT('Ctrl Pts',(-15.6919068365596,-28.0678789274709,-2.03053049368864));
#1654=CARTESIAN_POINT('Ctrl Pts',(-16.5237554719275,-34.3483612943029,-2.47577565461443));
#1655=CARTESIAN_POINT('Ctrl Pts',(-16.6609503282757,-43.1691326079425,-2.74617988173176));
#1656=CARTESIAN_POINT('Ctrl Pts',(-16.5356092500182,-55.1232093539998,-2.97765209285911));
#1657=CARTESIAN_POINT('Ctrl Pts',(-15.0544562435518,-76.1934091394704,-2.91234144416282));
#1658=CARTESIAN_POINT('Ctrl Pts',(-11.4529527718481,-100.062222650978,-2.13338618576474));
#1659=CARTESIAN_POINT('Ctrl Pts',(-7.34077691004485,-126.233724393914,-1.16294916832132));
#1660=CARTESIAN_POINT('Ctrl Pts',(-4.57407937646278,-146.885353993417,-0.523789597386316));
#1661=CARTESIAN_POINT('Ctrl Pts',(-2.44361598811032,-168.464536465398,-0.0758383452265657));
#1662=CARTESIAN_POINT('Ctrl Pts',(-1.46975510245282,-183.429958695622,0.0883611385550236));
#1663=CARTESIAN_POINT('Ctrl Pts',(-1.01191135862634,-191.056785106451,0.163409974286824));
#1664=CARTESIAN_POINT('Ctrl Pts',(0.337621840143958,3.34939820332941,4.34314820968138));
#1665=CARTESIAN_POINT('Ctrl Pts',(-0.443871584125504,1.88816567672394,4.0096873901873));
#1666=CARTESIAN_POINT('Ctrl Pts',(-2.18225761342418,-1.13684786067989,3.29004098253397));
#1667=CARTESIAN_POINT('Ctrl Pts',(-6.29266391854411,-7.58594180594498,1.66250295104651));
#1668=CARTESIAN_POINT('Ctrl Pts',(-10.8346510923318,-14.5843429294761,-0.0760199770648711));
#1669=CARTESIAN_POINT('Ctrl Pts',(-14.3017956301902,-22.121646172109,-1.44116120104691));
#1670=CARTESIAN_POINT('Ctrl Pts',(-16.0705705069725,-28.0722641321952,-2.18647694155596));
#1671=CARTESIAN_POINT('Ctrl Pts',(-16.9134554332198,-34.3505284700895,-2.62553028809274));
#1672=CARTESIAN_POINT('Ctrl Pts',(-17.053526391092,-43.1683696820859,-2.88635596764018));
#1673=CARTESIAN_POINT('Ctrl Pts',(-16.9269065198638,-55.1194192311305,-3.10538447753335));
#1674=CARTESIAN_POINT('Ctrl Pts',(-15.4261309454549,-76.1863635420768,-3.01828497664437));
#1675=CARTESIAN_POINT('Ctrl Pts',(-11.7767387094683,-100.054720803101,-2.21444995257785));
#1676=CARTESIAN_POINT('Ctrl Pts',(-7.60738547463571,-126.227831441884,-1.21818011755368));
#1677=CARTESIAN_POINT('Ctrl Pts',(-4.79979665466161,-146.881236624311,-0.559912685972733));
#1678=CARTESIAN_POINT('Ctrl Pts',(-2.63415786682386,-168.462441582064,-0.0935326897823059));
#1679=CARTESIAN_POINT('Ctrl Pts',(-1.64095354669977,-183.429239547894,0.082473566315168));
#1680=CARTESIAN_POINT('Ctrl Pts',(-1.17353408427902,-191.056785106215,0.163412894493155));
#1681=CARTESIAN_POINT('Ctrl Pts',(0.209767590587716,3.34692193597025,4.21077260735493));
#1682=CARTESIAN_POINT('Ctrl Pts',(-0.579567922105324,1.88515052658894,3.87825732862788));
#1683=CARTESIAN_POINT('Ctrl Pts',(-2.33495488340131,-1.14085105213487,3.16036965539222));
#1684=CARTESIAN_POINT('Ctrl Pts',(-6.48405966706171,-7.59143618588392,1.53588751165011));
#1685=CARTESIAN_POINT('Ctrl Pts',(-11.0674612073832,-14.5901194802631,-0.199770746718617));
#1686=CARTESIAN_POINT('Ctrl Pts',(-14.5661903520008,-22.1262738359521,-1.56088050613862));
#1687=CARTESIAN_POINT('Ctrl Pts',(-16.3512919913657,-28.0755233133383,-2.30234387762253));
#1688=CARTESIAN_POINT('Ctrl Pts',(-17.202357469966,-34.3521386079516,-2.73664965456106));
#1689=CARTESIAN_POINT('Ctrl Pts',(-17.3445582665579,-43.1678029287634,-2.99023813560005));
#1690=CARTESIAN_POINT('Ctrl Pts',(-17.2169869062655,-55.1166025735288,-3.19990136652375));
#1691=CARTESIAN_POINT('Ctrl Pts',(-15.7016577115017,-76.1811276049853,-3.09653325290622));
#1692=CARTESIAN_POINT('Ctrl Pts',(-12.016756415964,-100.049148279199,-2.27431242048913));
#1693=CARTESIAN_POINT('Ctrl Pts',(-7.8050082745176,-126.223456891373,-1.25900786766159));
#1694=CARTESIAN_POINT('Ctrl Pts',(-4.96709991596197,-146.87818198199,-0.58664996199501));
#1695=CARTESIAN_POINT('Ctrl Pts',(-2.775379180338,-168.460888360157,-0.10664760346995));
#1696=CARTESIAN_POINT('Ctrl Pts',(-1.76783150289543,-183.428706364741,0.0781104636978445));
#1697=CARTESIAN_POINT('Ctrl Pts',(-1.29331147867864,-191.056785105911,0.163416649010257));
#1698=CARTESIAN_POINT('Ctrl Pts',(0.125169733923677,3.34527687618192,4.12230104678987));
#1699=CARTESIAN_POINT('Ctrl Pts',(-0.669354453383484,1.88314773017907,3.79045235129655));
#1700=CARTESIAN_POINT('Ctrl Pts',(-2.43598984877349,-1.14350929306052,3.07381491694036));
#1701=CARTESIAN_POINT('Ctrl Pts',(-6.61069823444317,-7.59508212291858,1.45154460915727));
#1702=CARTESIAN_POINT('Ctrl Pts',(-11.2214994046417,-14.5939501454505,-0.282018910347507));
#1703=CARTESIAN_POINT('Ctrl Pts',(-14.7411239778142,-22.1293412772196,-1.64029726247981));
#1704=CARTESIAN_POINT('Ctrl Pts',(-16.5370263722572,-28.0776830258265,-2.37911510321035));
#1705=CARTESIAN_POINT('Ctrl Pts',(-17.3935028718479,-34.3532053500277,-2.81021226071912));
#1706=CARTESIAN_POINT('Ctrl Pts',(-17.5371109908492,-43.1674274804702,-3.05895396769408));
#1707=CARTESIAN_POINT('Ctrl Pts',(-17.4089076938812,-55.1147362038387,-3.2623609254356));
#1708=CARTESIAN_POINT('Ctrl Pts',(-15.8839459059521,-76.1776581947619,-3.14817962956695));
#1709=CARTESIAN_POINT('Ctrl Pts',(-12.175547992657,-100.045456843589,-2.31382002936902));
#1710=CARTESIAN_POINT('Ctrl Pts',(-7.93574791721374,-126.220560190181,-1.28597195232296));
#1711=CARTESIAN_POINT('Ctrl Pts',(-5.07777761075453,-146.876160026722,-0.604323835343673));
#1712=CARTESIAN_POINT('Ctrl Pts',(-2.86879838164236,-168.459860625318,-0.115325926449435));
#1713=CARTESIAN_POINT('Ctrl Pts',(-1.85175925553188,-183.428353577905,0.0752218481509602));
#1714=CARTESIAN_POINT('Ctrl Pts',(-1.37254061565008,-191.056785105863,0.16341723984945));
#1715=CARTESIAN_POINT('Ctrl Pts',(0.0689420599177339,3.34418175854229,4.06326148148529));
#1716=CARTESIAN_POINT('Ctrl Pts',(-0.729030610568292,1.88181453570073,3.7318668754977));
#1717=CARTESIAN_POINT('Ctrl Pts',(-2.50314186913269,-1.14527856790832,3.01608376384319));
#1718=CARTESIAN_POINT('Ctrl Pts',(-6.69486658145549,-7.59750812688142,1.39533477774905));
#1719=CARTESIAN_POINT('Ctrl Pts',(-11.3238774983175,-14.5964984001047,-0.336782691941765));
#1720=CARTESIAN_POINT('Ctrl Pts',(-14.8573888973458,-22.131381457333,-1.69313493207636));
#1721=CARTESIAN_POINT('Ctrl Pts',(-16.6604691760426,-28.0791193001061,-2.43016839610218));
#1722=CARTESIAN_POINT('Ctrl Pts',(-17.5205414798717,-34.3539147062228,-2.85911481579599));
#1723=CARTESIAN_POINT('Ctrl Pts',(-17.6650843809796,-43.1671778257208,-3.10461948532192));
#1724=CARTESIAN_POINT('Ctrl Pts',(-17.5364603920893,-55.1134950384607,-3.30385219810437));
#1725=CARTESIAN_POINT('Ctrl Pts',(-16.0050956240876,-76.175350987397,-3.18247090629338));
#1726=CARTESIAN_POINT('Ctrl Pts',(-12.2810807306198,-100.043002252706,-2.34005057128753));
#1727=CARTESIAN_POINT('Ctrl Pts',(-8.02263629098907,-126.218634358839,-1.30387940785577));
#1728=CARTESIAN_POINT('Ctrl Pts',(-5.15133203714932,-146.874815955111,-0.616065592361664));
#1729=CARTESIAN_POINT('Ctrl Pts',(-2.93088201447016,-168.459177553386,-0.121093742286864));
#1730=CARTESIAN_POINT('Ctrl Pts',(-1.90753431945376,-183.428119104576,0.0733018036250225));
#1731=CARTESIAN_POINT('Ctrl Pts',(-1.42519271021852,-191.05678510585,0.163417406023832));
#1732=CARTESIAN_POINT('Ctrl Pts',(0.0269643104026908,3.34336226198951,4.01891651791967));
#1733=CARTESIAN_POINT('Ctrl Pts',(-0.77358261312024,1.88081695797876,3.68787343886897));
#1734=CARTESIAN_POINT('Ctrl Pts',(-2.55327444713547,-1.14660219442044,2.97275463470183));
#1735=CARTESIAN_POINT('Ctrl Pts',(-6.75770133854776,-7.59932232500999,1.35319950061766));
#1736=CARTESIAN_POINT('Ctrl Pts',(-11.4003050001701,-14.5984032736787,-0.377777367404752));
#1737=CARTESIAN_POINT('Ctrl Pts',(-14.9441820099639,-22.1329061331922,-1.73264148191552));
#1738=CARTESIAN_POINT('Ctrl Pts',(-16.7526199330487,-28.0801924740192,-2.46831328716166));
#1739=CARTESIAN_POINT('Ctrl Pts',(-17.6153759197756,-34.3544446648038,-2.89563346467686));
#1740=CARTESIAN_POINT('Ctrl Pts',(-17.7606159561906,-43.1669913166635,-3.13870375516642));
#1741=CARTESIAN_POINT('Ctrl Pts',(-17.6316771081667,-55.1125676777602,-3.33480187251179));
#1742=CARTESIAN_POINT('Ctrl Pts',(-16.0955313670508,-76.1736271198738,-3.20803053276061));
#1743=CARTESIAN_POINT('Ctrl Pts',(-12.3598577447605,-100.041168563773,-2.35960043062413));
#1744=CARTESIAN_POINT('Ctrl Pts',(-8.08749478983851,-126.217196020953,-1.31723129135669));
#1745=CARTESIAN_POINT('Ctrl Pts',(-5.20623632791513,-146.873812334524,-0.624824614996643));
#1746=CARTESIAN_POINT('Ctrl Pts',(-2.97722289161401,-168.458667617617,-0.125398360139783));
#1747=CARTESIAN_POINT('Ctrl Pts',(-1.94916548408607,-183.42794406419,0.0718694739506572));
#1748=CARTESIAN_POINT('Ctrl Pts',(-1.46449236262864,-191.056785105761,0.163418508353028));
#1749=CARTESIAN_POINT('Ctrl Pts',(-0.0011505381875209,3.34281256594078,
3.98909528775871));
#1750=CARTESIAN_POINT('Ctrl Pts',(-0.803421372693675,1.88014784401212,3.65829332623407));
#1751=CARTESIAN_POINT('Ctrl Pts',(-2.58685036605293,-1.14748988997144,2.9436314453448));
#1752=CARTESIAN_POINT('Ctrl Pts',(-6.79978346413619,-7.6005386978123,1.32490224737805));
#1753=CARTESIAN_POINT('Ctrl Pts',(-11.4514896102724,-14.599680113285,-0.405283049763876));
#1754=CARTESIAN_POINT('Ctrl Pts',(-15.0023078851979,-22.1339279490573,-1.75912776302325));
#1755=CARTESIAN_POINT('Ctrl Pts',(-16.8143334210411,-28.0809116172097,-2.49387422552432));
#1756=CARTESIAN_POINT('Ctrl Pts',(-17.6788863345885,-34.3547997655241,-2.92009593762994));
#1757=CARTESIAN_POINT('Ctrl Pts',(-17.8245928756827,-43.1668663507714,-3.16152781150668));
#1758=CARTESIAN_POINT('Ctrl Pts',(-17.6954427114201,-55.1119462590898,-3.35551839787351));
#1759=CARTESIAN_POINT('Ctrl Pts',(-16.1560945782631,-76.1724719692189,-3.22513051046232));
#1760=CARTESIAN_POINT('Ctrl Pts',(-12.4126127520669,-100.039939953728,-2.37267933768067));
#1761=CARTESIAN_POINT('Ctrl Pts',(-8.13092835488315,-126.216232455499,-1.32616647938973));
#1762=CARTESIAN_POINT('Ctrl Pts',(-5.24300339935829,-146.873140090119,-0.630688506883478));
#1763=CARTESIAN_POINT('Ctrl Pts',(-3.0082548055315,-168.458326103602,-0.128281603289145));
#1764=CARTESIAN_POINT('Ctrl Pts',(-1.97704309098972,-183.42782683768,0.0709096610584112));
#1765=CARTESIAN_POINT('Ctrl Pts',(-1.49080846711912,-191.056785105748,0.163418656795365));
#1766=CARTESIAN_POINT('Ctrl Pts',(-0.00158287208543879,3.34280411279741,
3.98863670248513));
#1767=CARTESIAN_POINT('Ctrl Pts',(-0.803880215871707,1.88013755442954,3.65783845147617));
#1768=CARTESIAN_POINT('Ctrl Pts',(-2.58736667709766,-1.14750354104995,2.94318360497982));
#1769=CARTESIAN_POINT('Ctrl Pts',(-6.80043057854373,-7.60055740380874,1.3244671336791));
#1770=CARTESIAN_POINT('Ctrl Pts',(-11.4522766972357,-14.5996997496314,-0.405705959858516));
#1771=CARTESIAN_POINT('Ctrl Pts',(-15.0032017107605,-22.1339436636518,-1.75953498625689));
#1772=CARTESIAN_POINT('Ctrl Pts',(-16.8152824147826,-28.0809226770727,-2.49426722614652));
#1773=CARTESIAN_POINT('Ctrl Pts',(-17.6798629605096,-34.3548052267253,-2.92047207017881));
#1774=CARTESIAN_POINT('Ctrl Pts',(-17.8255766755081,-43.1668644288777,-3.16187879855476));
#1775=CARTESIAN_POINT('Ctrl Pts',(-17.6964232621288,-55.1119367021926,-3.35583704478405));
#1776=CARTESIAN_POINT('Ctrl Pts',(-16.1570258855198,-76.1724542039819,-3.22539368027336));
#1777=CARTESIAN_POINT('Ctrl Pts',(-12.4134239907176,-100.039921058591,-2.3728808521177));
#1778=CARTESIAN_POINT('Ctrl Pts',(-8.13159625565953,-126.216217636368,-1.3263044670307));
#1779=CARTESIAN_POINT('Ctrl Pts',(-5.24356878816327,-146.873129751225,-0.630779407801472));
#1780=CARTESIAN_POINT('Ctrl Pts',(-3.00873200376105,-168.458320851154,-0.128326802362968));
#1781=CARTESIAN_POINT('Ctrl Pts',(-1.97747178493376,-183.427825034741,0.0708939572104636));
#1782=CARTESIAN_POINT('Ctrl Pts',(-1.49121314969529,-191.056785105748,0.163417673445905));
#1783=CARTESIAN_POINT('Ctrl Pts',(-0.0024474984031628,3.34278720641031,
3.98771953041613));
#1784=CARTESIAN_POINT('Ctrl Pts',(-0.804797858116172,1.88011697494241,3.65692871095848));
#1785=CARTESIAN_POINT('Ctrl Pts',(-2.58839924933183,-1.14753084430965,2.94228796508766));
#1786=CARTESIAN_POINT('Ctrl Pts',(-6.80172474442201,-7.60059481926683,1.32359704859446));
#1787=CARTESIAN_POINT('Ctrl Pts',(-11.4538507939709,-14.599739027825,-0.406551514604017));
#1788=CARTESIAN_POINT('Ctrl Pts',(-15.0049892736359,-22.1339750981474,-1.76034912467911));
#1789=CARTESIAN_POINT('Ctrl Pts',(-16.8171803082635,-28.0809448009251,-2.49505294749388));
#1790=CARTESIAN_POINT('Ctrl Pts',(-17.6818161154803,-34.354816151277,-2.92122415022892));
#1791=CARTESIAN_POINT('Ctrl Pts',(-17.827544177703,-43.1668605843045,-3.16258078428772));
#1792=CARTESIAN_POINT('Ctrl Pts',(-17.6983842670315,-55.111917584975,-3.3564746267857));
#1793=CARTESIAN_POINT('Ctrl Pts',(-16.1588884102837,-76.1724186671874,-3.2259208531046));
#1794=CARTESIAN_POINT('Ctrl Pts',(-12.4150463938671,-100.039883260957,-2.37328543502129));
#1795=CARTESIAN_POINT('Ctrl Pts',(-8.13293200183489,-126.216187991574,-1.32658277101029));
#1796=CARTESIAN_POINT('Ctrl Pts',(-5.24469952412212,-146.873109068365,-0.630964105884604));
#1797=CARTESIAN_POINT('Ctrl Pts',(-3.00968637098119,-168.458310343372,-0.12842063181694));
#1798=CARTESIAN_POINT('Ctrl Pts',(-1.97832915084578,-183.427821427844,0.0708587855322558));
#1799=CARTESIAN_POINT('Ctrl Pts',(-1.49202249642943,-191.056785105748,0.163411778785151));
#1800=CARTESIAN_POINT('Ctrl Pts',(-0.00396048561804849,3.34275761993112,
3.986114475083));
#1801=CARTESIAN_POINT('Ctrl Pts',(-0.806403616391687,1.88008095992842,3.65533668874847));
#1802=CARTESIAN_POINT('Ctrl Pts',(-2.59020612045041,-1.14757862803965,2.94072070283175));
#1803=CARTESIAN_POINT('Ctrl Pts',(-6.80398937128565,-7.60066030576721,1.32207477620646));
#1804=CARTESIAN_POINT('Ctrl Pts',(-11.4566052639969,-14.5998077796251,-0.408030532214334));
#1805=CARTESIAN_POINT('Ctrl Pts',(-15.0081172808767,-22.1340301229309,-1.76177305034265));
#1806=CARTESIAN_POINT('Ctrl Pts',(-16.8205013785441,-28.0809835288654,-2.49642721766914));
#1807=CARTESIAN_POINT('Ctrl Pts',(-17.6852338845896,-34.3548352750666,-2.92253979810768));
#1808=CARTESIAN_POINT('Ctrl Pts',(-17.8309870503915,-43.1668538541398,-3.16380928834544));
#1809=CARTESIAN_POINT('Ctrl Pts',(-17.7018157681507,-55.1118841205608,-3.35759114656074));
#1810=CARTESIAN_POINT('Ctrl Pts',(-16.1621475818797,-76.1723564606689,-3.22684559720266));
#1811=CARTESIAN_POINT('Ctrl Pts',(-12.4178853836785,-100.039817095173,-2.37399753007395));
#1812=CARTESIAN_POINT('Ctrl Pts',(-8.1352693809939,-126.216136095519,-1.32707591609418));
#1813=CARTESIAN_POINT('Ctrl Pts',(-5.24667816412239,-146.873072859647,-0.631294940425564));
#1814=CARTESIAN_POINT('Ctrl Pts',(-3.01135639107029,-168.458291946949,-0.128593849989528));
#1815=CARTESIAN_POINT('Ctrl Pts',(-1.97982943308744,-183.427815112994,0.0707873502862451));
#1816=CARTESIAN_POINT('Ctrl Pts',(-1.49343875242793,-191.056785105749,0.163391142000296));
#1817=CARTESIAN_POINT('Ctrl Pts',(-0.0061215858577295,3.34271535253948,
3.98382152695855));
#1818=CARTESIAN_POINT('Ctrl Pts',(-0.80869722784376,1.88002950710473,3.65306243848704));
#1819=CARTESIAN_POINT('Ctrl Pts',(-2.59278699597199,-1.14764689960926,2.93848206268536));
#1820=CARTESIAN_POINT('Ctrl Pts',(-6.8072240953953,-7.60075388599112,1.31990117008733));
#1821=CARTESIAN_POINT('Ctrl Pts',(-11.4605396696382,-14.5999060408444,-0.410141420107118));
#1822=CARTESIAN_POINT('Ctrl Pts',(-15.0125852320041,-22.1341087724959,-1.76380491488365));
#1823=CARTESIAN_POINT('Ctrl Pts',(-16.8252450872753,-28.0810388876984,-2.498388357218));
#1824=CARTESIAN_POINT('Ctrl Pts',(-17.6901157023643,-34.3548626120532,-2.92441790345415));
#1825=CARTESIAN_POINT('Ctrl Pts',(-17.8359047043497,-43.16684423328,-3.16556438116927));
#1826=CARTESIAN_POINT('Ctrl Pts',(-17.706717153598,-55.1118362867001,-3.35918833197036));
#1827=CARTESIAN_POINT('Ctrl Pts',(-16.1668027733923,-76.1722675433339,-3.22817291156261));
#1828=CARTESIAN_POINT('Ctrl Pts',(-12.4219403536619,-100.039722513425,-2.37502645644495));
#1829=CARTESIAN_POINT('Ctrl Pts',(-8.13860782078007,-126.216061905797,-1.32779786833346));
#1830=CARTESIAN_POINT('Ctrl Pts',(-5.24950416061968,-146.87302109216,-0.631789283800096));
#1831=CARTESIAN_POINT('Ctrl Pts',(-3.01374153661058,-168.458265643169,-0.128867037742097));
#1832=CARTESIAN_POINT('Ctrl Pts',(-1.98197211396207,-183.427806083572,0.0706570769943241));
#1833=CARTESIAN_POINT('Ctrl Pts',(-1.49546140467157,-191.056785105749,0.163332203582104));
#1834=CARTESIAN_POINT('Ctrl Pts',(-0.00871441263092861,3.34266462960107,
3.98106997005243));
#1835=CARTESIAN_POINT('Ctrl Pts',(-0.811449039741859,1.87996775842489,3.65033344626731));
#1836=CARTESIAN_POINT('Ctrl Pts',(-2.59588346700821,-1.14772884180569,2.93579618546958));
#1837=CARTESIAN_POINT('Ctrl Pts',(-6.81110506456591,-7.60086623170036,1.31729456021789));
#1838=CARTESIAN_POINT('Ctrl Pts',(-11.4652601315831,-14.6000240320187,-0.412671278613372));
#1839=CARTESIAN_POINT('Ctrl Pts',(-15.017945829772,-22.1342032266997,-1.76623942862253));
#1840=CARTESIAN_POINT('Ctrl Pts',(-16.8309365116272,-28.0811053763064,-2.50073834033381));
#1841=CARTESIAN_POINT('Ctrl Pts',(-17.6959727832911,-34.3548954466125,-2.92666938695298));
#1842=CARTESIAN_POINT('Ctrl Pts',(-17.8418047006066,-43.1668326771069,-3.16767062694941));
#1843=CARTESIAN_POINT('Ctrl Pts',(-17.71259752501,-55.1117788378967,-3.36110839371807));
#1844=CARTESIAN_POINT('Ctrl Pts',(-16.172387570542,-76.1721607535941,-3.22977570215434));
#1845=CARTESIAN_POINT('Ctrl Pts',(-12.4268047782824,-100.039608911933,-2.37627979905196));
#1846=CARTESIAN_POINT('Ctrl Pts',(-8.14261231985743,-126.215972786541,-1.328692154049));
#1847=CARTESIAN_POINT('Ctrl Pts',(-5.25289366221611,-146.872958900147,-0.632417284747266));
#1848=CARTESIAN_POINT('Ctrl Pts',(-3.01660194807257,-168.45823403826,-0.129236069591829));
#1849=CARTESIAN_POINT('Ctrl Pts',(-1.98454151898174,-183.427795233918,0.0704555686681727));
#1850=CARTESIAN_POINT('Ctrl Pts',(-1.49788675149659,-191.056785105749,0.163214308391014));
#1851=CARTESIAN_POINT('Ctrl Pts',(-0.0173555325049623,3.3424955448176,3.97189804891556));
#1852=CARTESIAN_POINT('Ctrl Pts',(-0.8206200217937,1.87976190955782,3.64123716189005));
#1853=CARTESIAN_POINT('Ctrl Pts',(-2.60620314037281,-1.14800204193778,2.92684488809206));
#1854=CARTESIAN_POINT('Ctrl Pts',(-6.82403939999445,-7.60124089490019,1.30861154644453));
#1855=CARTESIAN_POINT('Ctrl Pts',(-11.4809924446542,-14.6004176139071,-0.421093527930101));
#1856=CARTESIAN_POINT('Ctrl Pts',(-15.0358115588272,-22.1345183410995,-1.7743421545086));
#1857=CARTESIAN_POINT('Ctrl Pts',(-16.8499046953978,-28.0813272122834,-2.50856042105662));
#1858=CARTESIAN_POINT('Ctrl Pts',(-17.7154928331482,-34.3550050030249,-2.93416692192369));
#1859=CARTESIAN_POINT('Ctrl Pts',(-17.861467354852,-43.1667941169673,-3.17469190289868));
#1860=CARTESIAN_POINT('Ctrl Pts',(-17.7321942102942,-55.1115871695719,-3.36752006531406));
#1861=CARTESIAN_POINT('Ctrl Pts',(-16.1909981174072,-76.171804469467,-3.23515158693024));
#1862=CARTESIAN_POINT('Ctrl Pts',(-12.4430131856732,-100.039229870275,-2.3805195602752));
#1863=CARTESIAN_POINT('Ctrl Pts',(-8.15595342382071,-126.215675394679,-1.33176597873072));
#1864=CARTESIAN_POINT('Ctrl Pts',(-5.26418412306039,-146.872751339421,-0.634626179989979));
#1865=CARTESIAN_POINT('Ctrl Pts',(-3.02612814034247,-168.458128544262,-0.130603071230239));
#1866=CARTESIAN_POINT('Ctrl Pts',(-1.99309727666571,-183.427759017306,0.0696337355264313));
#1867=CARTESIAN_POINT('Ctrl Pts',(-1.50596210895082,-191.056785105751,0.162664615592596));
#1868=CARTESIAN_POINT('Ctrl Pts',(-0.0320329896782734,3.34220802465594,
3.95630529597547));
#1869=CARTESIAN_POINT('Ctrl Pts',(-0.836197617936559,1.87941179337197,3.62577622634139));
#1870=CARTESIAN_POINT('Ctrl Pts',(-2.62373235129611,-1.14846698241186,2.91164017509841));
#1871=CARTESIAN_POINT('Ctrl Pts',(-6.84601153799563,-7.60187929579915,1.29389409727171));
#1872=CARTESIAN_POINT('Ctrl Pts',(-11.5077192758892,-14.6010890020847,-0.435329814374565));
#1873=CARTESIAN_POINT('Ctrl Pts',(-15.0661625664075,-22.1350562415439,-1.78802211639764));
#1874=CARTESIAN_POINT('Ctrl Pts',(-16.8821273764833,-28.0817060445998,-2.52177191251639));
#1875=CARTESIAN_POINT('Ctrl Pts',(-17.7486506301265,-34.3551921391004,-2.94685573239241));
#1876=CARTESIAN_POINT('Ctrl Pts',(-17.8948629650358,-43.1667282372347,-3.18663151252284));
#1877=CARTESIAN_POINT('Ctrl Pts',(-17.7654717703621,-55.1112599100772,-3.37850761484038));
#1878=CARTESIAN_POINT('Ctrl Pts',(-16.2225891448893,-76.1711961569378,-3.2445455520152));
#1879=CARTESIAN_POINT('Ctrl Pts',(-12.4705094040855,-100.038582444638,-2.38820185730102));
#1880=CARTESIAN_POINT('Ctrl Pts',(-8.17856383513013,-126.215167125311,-1.33770332149091));
#1881=CARTESIAN_POINT('Ctrl Pts',(-5.28330006811003,-146.872396391796,-0.639267332442544));
#1882=CARTESIAN_POINT('Ctrl Pts',(-3.04223677621751,-168.457948015283,-0.133976530036836));
#1883=CARTESIAN_POINT('Ctrl Pts',(-2.00755102384081,-183.42769702729,0.0670857021899344));
#1884=CARTESIAN_POINT('Ctrl Pts',(-1.5195966153426,-191.056785105763,0.160528684449889));
#1885=CARTESIAN_POINT('Ctrl Pts',(-0.0527242126467828,3.34180169845925,
3.93429056422657));
#1886=CARTESIAN_POINT('Ctrl Pts',(-0.858158998182073,1.87891670798881,3.60395554444607));
#1887=CARTESIAN_POINT('Ctrl Pts',(-2.64844914400265,-1.14912543702034,2.89020514263896));
#1888=CARTESIAN_POINT('Ctrl Pts',(-6.87700623609923,-7.6027863223899,1.27322343674606));
#1889=CARTESIAN_POINT('Ctrl Pts',(-11.5454348816747,-14.6020456823311,-0.455228323461783));
#1890=CARTESIAN_POINT('Ctrl Pts',(-15.1089919999208,-22.1358240707179,-1.80710286554957));
#1891=CARTESIAN_POINT('Ctrl Pts',(-16.9275889954915,-28.0822474012889,-2.54021225909034));
#1892=CARTESIAN_POINT('Ctrl Pts',(-17.7954132398608,-34.355459729279,-2.96462917491944));
#1893=CARTESIAN_POINT('Ctrl Pts',(-17.9419263013195,-43.1666339831898,-3.20349510318403));
#1894=CARTESIAN_POINT('Ctrl Pts',(-17.812321059009,-55.1107924429177,-3.3942334575362));
#1895=CARTESIAN_POINT('Ctrl Pts',(-16.2669678695242,-76.1703272770086,-3.25843115244353));
#1896=CARTESIAN_POINT('Ctrl Pts',(-12.5089953450946,-100.037656734879,-2.40020947970825));
#1897=CARTESIAN_POINT('Ctrl Pts',(-8.21003325031927,-126.214439244107,-1.34782854794272));
#1898=CARTESIAN_POINT('Ctrl Pts',(-5.30974872509705,-146.871887307092,-0.647989422622616));
#1899=CARTESIAN_POINT('Ctrl Pts',(-3.06435720073636,-168.457688629189,-0.141309711211181));
#1900=CARTESIAN_POINT('Ctrl Pts',(-2.02728345632891,-183.427607910247,0.0606693508083295));
#1901=CARTESIAN_POINT('Ctrl Pts',(-1.5381467270445,-191.056785105772,0.154570328050104));
#1902=CARTESIAN_POINT('Ctrl Pts',(-0.0673602407439056,3.34151344387923,
3.91869548246812));
#1903=CARTESIAN_POINT('Ctrl Pts',(-0.873694921151186,1.87856521294228,3.58850333007708));
#1904=CARTESIAN_POINT('Ctrl Pts',(-2.66593906722923,-1.14959383658752,2.87504232797286));
#1905=CARTESIAN_POINT('Ctrl Pts',(-6.89895412446165,-7.60343421673622,1.25865381391377));
#1906=CARTESIAN_POINT('Ctrl Pts',(-11.5721582833213,-14.6027315923224,-0.469188157563525));
#1907=CARTESIAN_POINT('Ctrl Pts',(-15.1393385030593,-22.1363758225437,-1.82046137284012));
#1908=CARTESIAN_POINT('Ctrl Pts',(-16.9597900913296,-28.0826369522923,-2.55313109297122));
#1909=CARTESIAN_POINT('Ctrl Pts',(-17.8285144396711,-34.3556524386747,-2.97712331051674));
#1910=CARTESIAN_POINT('Ctrl Pts',(-17.9751997325228,-43.1665660587115,-3.2154442419395));
#1911=CARTESIAN_POINT('Ctrl Pts',(-17.845387053546,-55.1104562294683,-3.40551560485959));
#1912=CARTESIAN_POINT('Ctrl Pts',(-16.2981765821801,-76.1697024010604,-3.26868569474955));
#1913=CARTESIAN_POINT('Ctrl Pts',(-12.535893470117,-100.036990107859,-2.40949678529621));
#1914=CARTESIAN_POINT('Ctrl Pts',(-8.23181540757197,-126.213914037682,-1.35617428517785));
#1915=CARTESIAN_POINT('Ctrl Pts',(-5.32786727849072,-146.871519272074,-0.655629055151076));
#1916=CARTESIAN_POINT('Ctrl Pts',(-3.07930875685566,-168.457500691111,-0.148235776425012));
#1917=CARTESIAN_POINT('Ctrl Pts',(-2.04048042015115,-183.42754329654,0.0542251647728737));
#1918=CARTESIAN_POINT('Ctrl Pts',(-1.55047478828104,-191.056785105782,0.148367074846555));
#1919=CARTESIAN_POINT('Ctrl Pts',(-0.0755330994114103,3.34135218129165,
3.90998002913842));
#1920=CARTESIAN_POINT('Ctrl Pts',(-0.882370915227966,1.87836846754732,3.57986931714019));
#1921=CARTESIAN_POINT('Ctrl Pts',(-2.6757083332924,-1.14985636421264,2.86657481392715));
#1922=CARTESIAN_POINT('Ctrl Pts',(-6.91122022274796,-7.60379835374073,1.25053296425577));
#1923=CARTESIAN_POINT('Ctrl Pts',(-11.5871003599344,-14.6031180525546,-0.476949829191196));
#1924=CARTESIAN_POINT('Ctrl Pts',(-15.1563063037119,-22.1366871599587,-1.827880459579));
#1925=CARTESIAN_POINT('Ctrl Pts',(-16.9777903942448,-28.0828569663189,-2.56030845351998));
#1926=CARTESIAN_POINT('Ctrl Pts',(-17.847008692567,-34.3557613372231,-2.98407714561344));
#1927=CARTESIAN_POINT('Ctrl Pts',(-17.993772695958,-43.1665276577985,-3.22212239572194));
#1928=CARTESIAN_POINT('Ctrl Pts',(-17.8638200042521,-55.1102664012404,-3.41186136420162));
#1929=CARTESIAN_POINT('Ctrl Pts',(-16.3155249752485,-76.1693496074454,-3.27453741832497));
#1930=CARTESIAN_POINT('Ctrl Pts',(-12.5507732257297,-100.036613412841,-2.41491358973474));
#1931=CARTESIAN_POINT('Ctrl Pts',(-8.24377217757889,-126.213616867609,-1.36117894855378));
#1932=CARTESIAN_POINT('Ctrl Pts',(-5.33772965308496,-146.871310770514,-0.66032290271714));
#1933=CARTESIAN_POINT('Ctrl Pts',(-3.08735697049272,-168.457394063631,-0.152609512986781));
#1934=CARTESIAN_POINT('Ctrl Pts',(-2.04752049282355,-183.427506621202,0.050071965582461));
#1935=CARTESIAN_POINT('Ctrl Pts',(-1.55701551985836,-191.056785105784,0.144324211071687));
#1936=CARTESIAN_POINT('Ctrl Pts',(-0.0772534882050292,3.34131822485546,
3.90814517634811));
#1937=CARTESIAN_POINT('Ctrl Pts',(-0.884197236666168,1.8783270359938,3.57805166503275));
#1938=CARTESIAN_POINT('Ctrl Pts',(-2.67776486608612,-1.14991166078588,2.86479237928622));
#1939=CARTESIAN_POINT('Ctrl Pts',(-6.91380260791965,-7.60387508801614,1.24882403470209));
#1940=CARTESIAN_POINT('Ctrl Pts',(-11.5902463733301,-14.6031995247714,-0.478582507966337));
#1941=CARTESIAN_POINT('Ctrl Pts',(-15.1598788242329,-22.1367528114588,-1.8294407893652));
#1942=CARTESIAN_POINT('Ctrl Pts',(-16.9815801445455,-28.0829033676514,-2.56181802999951));
#1943=CARTESIAN_POINT('Ctrl Pts',(-17.8509021067223,-34.3557843061996,-2.98554013996397));
#1944=CARTESIAN_POINT('Ctrl Pts',(-17.9976820504601,-43.1665195577586,-3.22352834552266));
#1945=CARTESIAN_POINT('Ctrl Pts',(-17.8676990107698,-55.1102263682836,-3.4131987319681));
#1946=CARTESIAN_POINT('Ctrl Pts',(-16.3191739733617,-76.1692752071293,-3.27577354238736));
#1947=CARTESIAN_POINT('Ctrl Pts',(-12.5539003457737,-100.036533960339,-2.41606180618305));
#1948=CARTESIAN_POINT('Ctrl Pts',(-8.24628161908829,-126.213554174797,-1.36224433466763));
#1949=CARTESIAN_POINT('Ctrl Pts',(-5.33979647239574,-146.871266774548,-0.661325740995335));
#1950=CARTESIAN_POINT('Ctrl Pts',(-3.08904025712476,-168.457371558683,-0.153547677159136));
#1951=CARTESIAN_POINT('Ctrl Pts',(-2.0489905379097,-183.427498879956,0.0491785425537658));
#1952=CARTESIAN_POINT('Ctrl Pts',(-1.55837994558136,-191.056785105784,0.143453181128324));
#1953=CARTESIAN_POINT('Ctrl Pts',(-0.0785436736566266,3.34129275426966,
3.90676902649256));
#1954=CARTESIAN_POINT('Ctrl Pts',(-0.885566876786884,1.87829595646618,3.57668844361822));
#1955=CARTESIAN_POINT('Ctrl Pts',(-2.67930718998423,-1.14995314729209,2.86345565356472));
#1956=CARTESIAN_POINT('Ctrl Pts',(-6.9157394270534,-7.60393267645953,1.24754270102397));
#1957=CARTESIAN_POINT('Ctrl Pts',(-11.5926060507992,-14.603260686227,-0.479806334253082));
#1958=CARTESIAN_POINT('Ctrl Pts',(-15.1625584034145,-22.136802104586,-1.83061023970029));
#1959=CARTESIAN_POINT('Ctrl Pts',(-16.9844225754809,-28.0829382107594,-2.56294948346412));
#1960=CARTESIAN_POINT('Ctrl Pts',(-17.8538221194858,-34.3558015547967,-2.98663689454469));
#1961=CARTESIAN_POINT('Ctrl Pts',(-18.0006136951625,-43.166513474617,-3.2245828156903));
#1962=CARTESIAN_POINT('Ctrl Pts',(-17.8706074529103,-55.1101963083233,-3.41420245746347));
#1963=CARTESIAN_POINT('Ctrl Pts',(-16.3219090485147,-76.169219341705,-3.27670271993858));
#1964=CARTESIAN_POINT('Ctrl Pts',(-12.5562429149071,-100.036474295489,-2.4169268654583));
#1965=CARTESIAN_POINT('Ctrl Pts',(-8.24815974885512,-126.213507088734,-1.36304923581763));
#1966=CARTESIAN_POINT('Ctrl Pts',(-5.34134176596839,-146.87123372629,-0.662085177949138));
#1967=CARTESIAN_POINT('Ctrl Pts',(-3.09029708491414,-168.457354650971,-0.154259961440882));
#1968=CARTESIAN_POINT('Ctrl Pts',(-2.05008692756426,-183.427493063702,0.0484989779616026));
#1969=CARTESIAN_POINT('Ctrl Pts',(-1.55939686550269,-191.056785105784,0.142789990139064));
#1970=CARTESIAN_POINT('Ctrl Pts',(-0.0798337531901925,3.34126728039045,
3.90539286609929));
#1971=CARTESIAN_POINT('Ctrl Pts',(-0.886936415919116,1.87826487107749,3.5753252388739));
#1972=CARTESIAN_POINT('Ctrl Pts',(-2.68084943887593,-1.14999464787229,2.86211902643917));
#1973=CARTESIAN_POINT('Ctrl Pts',(-6.91767627729542,-7.6039903026003,1.24626172416554));
#1974=CARTESIAN_POINT('Ctrl Pts',(-11.5949658979989,-14.6033219049598,-0.481029489797772));
#1975=CARTESIAN_POINT('Ctrl Pts',(-15.1652381735641,-22.1368514522589,-1.83177890758804));
#1976=CARTESIAN_POINT('Ctrl Pts',(-16.9872651256962,-28.0829730960735,-2.56408022201642));
#1977=CARTESIAN_POINT('Ctrl Pts',(-17.856742083673,-34.3558188253624,-2.98773316923702));
#1978=CARTESIAN_POINT('Ctrl Pts',(-18.0035449651108,-43.1665073835084,-3.22563729682307));
#1979=CARTESIAN_POINT('Ctrl Pts',(-17.873515071525,-55.1101662130859,-3.41520688410059));
#1980=CARTESIAN_POINT('Ctrl Pts',(-16.3246424306847,-76.1691634109488,-3.27763396439297));
#1981=CARTESIAN_POINT('Ctrl Pts',(-12.5585826744827,-100.036414554926,-2.41779579962197));
#1982=CARTESIAN_POINT('Ctrl Pts',(-8.25003387309497,-126.213459935932,-1.36385995809516));
#1983=CARTESIAN_POINT('Ctrl Pts',(-5.34288217539255,-146.871200626498,-0.662851862958366));
#1984=CARTESIAN_POINT('Ctrl Pts',(-3.09154819987331,-168.457337714114,-0.154980838046214));
#1985=CARTESIAN_POINT('Ctrl Pts',(-2.05117708793718,-183.427487237161,0.0478099857213598));
#1986=CARTESIAN_POINT('Ctrl Pts',(-1.56040729931068,-191.056785105784,0.142116958853728));
#1987=CARTESIAN_POINT('Ctrl Pts',(-0.0808012336325044,3.34124817248015,
3.90436073779435));
#1988=CARTESIAN_POINT('Ctrl Pts',(-0.887963495471886,1.87824155253337,3.57430284834295));
#1989=CARTESIAN_POINT('Ctrl Pts',(-2.68200607014279,-1.15002578411035,2.86111663005233));
#1990=CARTESIAN_POINT('Ctrl Pts',(-6.91912894196887,-7.60403355096485,1.2453012611758));
#1991=CARTESIAN_POINT('Ctrl Pts',(-11.5967359150916,-14.6033678625865,-0.481946350905431));
#1992=CARTESIAN_POINT('Ctrl Pts',(-15.167248149579,-22.1368885044308,-1.83265481804744));
#1993=CARTESIAN_POINT('Ctrl Pts',(-16.98939713347,-28.0829992920362,-2.56492773509231));
#1994=CARTESIAN_POINT('Ctrl Pts',(-17.8589320241828,-34.3558317948824,-2.98855501017638));
#1995=CARTESIAN_POINT('Ctrl Pts',(-18.0057431378497,-43.1665028090174,-3.22642816104368));
#1996=CARTESIAN_POINT('Ctrl Pts',(-17.8756951619334,-55.1101436148038,-3.41596072026178));
#1997=CARTESIAN_POINT('Ctrl Pts',(-16.3266911830437,-76.1691214132137,-3.27833393771387));
#1998=CARTESIAN_POINT('Ctrl Pts',(-12.5603353556763,-100.036369692007,-2.41845038299756));
#1999=CARTESIAN_POINT('Ctrl Pts',(-8.25143641630228,-126.213424520713,-1.3644723364355));
#2000=CARTESIAN_POINT('Ctrl Pts',(-5.34403376457549,-146.871175762607,-0.663432283115189));
#2001=CARTESIAN_POINT('Ctrl Pts',(-3.092482186121,-168.457324989401,-0.155527903315212));
#2002=CARTESIAN_POINT('Ctrl Pts',(-2.05198996339851,-183.427482859448,0.0472862143750093));
#2003=CARTESIAN_POINT('Ctrl Pts',(-1.56116018544295,-191.056785105784,0.141604847158375));
#2004=CARTESIAN_POINT('Ctrl Pts',(-0.0814461876592491,3.34123543281863,
3.9036726488429));
#2005=CARTESIAN_POINT('Ctrl Pts',(-0.888648183505559,1.87822600499239,3.57362125915676));
#2006=CARTESIAN_POINT('Ctrl Pts',(-2.68277713513296,-1.15004654601449,2.86044839598589));
#2007=CARTESIAN_POINT('Ctrl Pts',(-6.92009739695258,-7.60406239522091,1.24466106097941));
#2008=CARTESIAN_POINT('Ctrl Pts',(-11.5979159857244,-14.6033985193521,-0.482557386072552));
#2009=CARTESIAN_POINT('Ctrl Pts',(-15.1685882003899,-22.1369132234054,-1.83323851875581));
#2010=CARTESIAN_POINT('Ctrl Pts',(-16.990818514786,-28.0830167696133,-2.56549252573052));
#2011=CARTESIAN_POINT('Ctrl Pts',(-17.8603919731443,-34.3558404483315,-2.98910275834239));
#2012=CARTESIAN_POINT('Ctrl Pts',(-18.0072084673569,-43.1664997568278,-3.22695540930774));
#2013=CARTESIAN_POINT('Ctrl Pts',(-17.8771482953389,-55.1101285380328,-3.41646349570257));
#2014=CARTESIAN_POINT('Ctrl Pts',(-16.3280564734069,-76.1690933938645,-3.27880122510003));
#2015=CARTESIAN_POINT('Ctrl Pts',(-12.5615029118723,-100.036339759196,-2.41888796858499));
#2016=CARTESIAN_POINT('Ctrl Pts',(-8.25237016072184,-126.213400889213,-1.36488238519825));
#2017=CARTESIAN_POINT('Ctrl Pts',(-5.34479991869522,-146.871159170167,-0.663821465813571));
#2018=CARTESIAN_POINT('Ctrl Pts',(-3.09310300569724,-168.457316496908,-0.155895264391988));
#2019=CARTESIAN_POINT('Ctrl Pts',(-2.05252987910732,-183.427479937635,0.0469341242222702));
#2020=CARTESIAN_POINT('Ctrl Pts',(-1.56166002249173,-191.056785105784,0.141260403198526));
#2021=CARTESIAN_POINT('Ctrl Pts',(-0.0817686580948637,3.34122906277617,
3.90332860366887));
#2022=CARTESIAN_POINT('Ctrl Pts',(-0.888990522031142,1.87821823078997,3.57328046650452));
#2023=CARTESIAN_POINT('Ctrl Pts',(-2.68316266271531,-1.15005692801735,2.86011428530626));
#2024=CARTESIAN_POINT('Ctrl Pts',(-6.92058162687087,-7.60407681978431,1.2443409861693));
#2025=CARTESIAN_POINT('Ctrl Pts',(-11.5985060283541,-14.6034138512458,-0.48286285897196));
#2026=CARTESIAN_POINT('Ctrl Pts',(-15.1692582338824,-22.1369255861299,-1.83353031637599));
#2027=CARTESIAN_POINT('Ctrl Pts',(-16.9915292109467,-28.0830255108273,-2.56577487110033));
#2028=CARTESIAN_POINT('Ctrl Pts',(-17.8611219427035,-34.3558447762732,-2.98937659734629));
#2029=CARTESIAN_POINT('Ctrl Pts',(-18.0079411107718,-43.1664982301916,-3.22721902925094));
#2030=CARTESIAN_POINT('Ctrl Pts',(-17.8778748059474,-55.1101209973985,-3.41671492216293));
#2031=CARTESIAN_POINT('Ctrl Pts',(-16.3287390138058,-76.1690793800768,-3.27903499402471));
#2032=CARTESIAN_POINT('Ctrl Pts',(-12.5620865016702,-100.036324788078,-2.41910699692703));
#2033=CARTESIAN_POINT('Ctrl Pts',(-8.2528367689294,-126.21338906936,-1.36508776678085));
#2034=CARTESIAN_POINT('Ctrl Pts',(-5.34518268263213,-146.871150870826,-0.664016504801613));
#2035=CARTESIAN_POINT('Ctrl Pts',(-3.09341304674508,-168.45731224892,-0.156079475110645));
#2036=CARTESIAN_POINT('Ctrl Pts',(-2.05279942943717,-183.427478476174,0.0467574989351419));
#2037=CARTESIAN_POINT('Ctrl Pts',(-1.56190952213747,-191.056785105784,0.14108757434965));
#2038=CARTESIAN_POINT('Ctrl Pts',(-0.0820911219473861,3.34122269252234,
3.90298455784689));
#2039=CARTESIAN_POINT('Ctrl Pts',(-0.889332852477124,1.87821045634407,3.57293967254791));
#2040=CARTESIAN_POINT('Ctrl Pts',(-2.68354818680999,-1.15006731056131,2.85978018004776));
#2041=CARTESIAN_POINT('Ctrl Pts',(-6.92106585958265,-7.60409124675539,1.24402092563814));
#2042=CARTESIAN_POINT('Ctrl Pts',(-11.5990960936397,-14.6034291872659,-0.483168297736344));
#2043=CARTESIAN_POINT('Ctrl Pts',(-15.1699282933478,-22.1369379530421,-1.83382207553142));
#2044=CARTESIAN_POINT('Ctrl Pts',(-16.9922399234215,-28.0830342554717,-2.56605718559043));
#2045=CARTESIAN_POINT('Ctrl Pts',(-17.8618519166261,-34.3558491061061,-2.98965041902879));
#2046=CARTESIAN_POINT('Ctrl Pts',(-18.0086737252769,-43.1664967030906,-3.22748266114828));
#2047=CARTESIAN_POINT('Ctrl Pts',(-17.8786012734163,-55.1101134544519,-3.41696640128759));
#2048=CARTESIAN_POINT('Ctrl Pts',(-16.3294214348756,-76.1690653618894,-3.27926889517444));
#2049=CARTESIAN_POINT('Ctrl Pts',(-12.56266992901,-100.036309811738,-2.41932626979247));
#2050=CARTESIAN_POINT('Ctrl Pts',(-8.25330313245494,-126.213377244788,-1.36529350887927));
#2051=CARTESIAN_POINT('Ctrl Pts',(-5.34556512450749,-146.871142567726,-0.664211987314868));
#2052=CARTESIAN_POINT('Ctrl Pts',(-3.09372271714283,-168.457307998747,-0.156264212514376));
#2053=CARTESIAN_POINT('Ctrl Pts',(-2.05306858967516,-183.427477013773,0.0465802929004865));
#2054=CARTESIAN_POINT('Ctrl Pts',(-1.56215860123906,-191.056785105784,0.140914141520932));
#2055=CARTESIAN_POINT('Ctrl Pts',(-0.082521065008792,3.34121419856508,3.90252582904521));
#2056=CARTESIAN_POINT('Ctrl Pts',(-0.889789289210365,1.8782000895906,3.57248528742864));
#2057=CARTESIAN_POINT('Ctrl Pts',(-2.68406221049635,-1.15008115603179,2.85933471590397));
#2058=CARTESIAN_POINT('Ctrl Pts',(-6.92171150583389,-7.60411048597073,1.24359422603309));
#2059=CARTESIAN_POINT('Ctrl Pts',(-11.5998828363221,-14.6034496391043,-0.483575477009234));
#2060=CARTESIAN_POINT('Ctrl Pts',(-15.1708216924613,-22.1369544452644,-1.83421099990966));
#2061=CARTESIAN_POINT('Ctrl Pts',(-16.9931875325436,-28.0830459168637,-2.56643351432726));
#2062=CARTESIAN_POINT('Ctrl Pts',(-17.8628251957547,-34.3558548799319,-2.99001544542963));
#2063=CARTESIAN_POINT('Ctrl Pts',(-18.0096505259791,-43.1664946661583,-3.22783414374262));
#2064=CARTESIAN_POINT('Ctrl Pts',(-17.8795698034708,-55.1101033942943,-3.41730174073779));
#2065=CARTESIAN_POINT('Ctrl Pts',(-16.3303312082876,-76.1690466658954,-3.27958092028014));
#2066=CARTESIAN_POINT('Ctrl Pts',(-12.5634475433807,-100.036289837698,-2.41961893572472));
#2067=CARTESIAN_POINT('Ctrl Pts',(-8.25392456870156,-126.213361474051,-1.36556830244825));
#2068=CARTESIAN_POINT('Ctrl Pts',(-5.34607463754268,-146.871131493623,-0.664473230244002));
#2069=CARTESIAN_POINT('Ctrl Pts',(-3.09413511702242,-168.457302330124,-0.156511237648223));
#2070=CARTESIAN_POINT('Ctrl Pts',(-2.05342689738485,-183.427475063697,0.0463432477727999));
#2071=CARTESIAN_POINT('Ctrl Pts',(-1.56249014479397,-191.056785105784,0.140682088109619));
#2072=CARTESIAN_POINT('Ctrl Pts',(-0.0830584773409983,3.34120358059291,
3.9019524167544));
#2073=CARTESIAN_POINT('Ctrl Pts',(-0.890359810074311,1.87818713088439,3.57191729707082));
#2074=CARTESIAN_POINT('Ctrl Pts',(-2.68470473413388,-1.15009846328767,2.8587778979924));
#2075=CARTESIAN_POINT('Ctrl Pts',(-6.92251857188784,-7.60413454105889,1.24306086767137));
#2076=CARTESIAN_POINT('Ctrl Pts',(-11.6008663514592,-14.6034752155335,-0.484084383936316));
#2077=CARTESIAN_POINT('Ctrl Pts',(-15.1719385414804,-22.1369750729408,-1.83469708388741));
#2078=CARTESIAN_POINT('Ctrl Pts',(-16.9943721064393,-28.0830605041684,-2.56690388143608));
#2079=CARTESIAN_POINT('Ctrl Pts',(-17.8640418241017,-34.3558621032503,-2.99047171582934));
#2080=CARTESIAN_POINT('Ctrl Pts',(-18.0108714402185,-43.1664921189166,-3.22827355461179));
#2081=CARTESIAN_POINT('Ctrl Pts',(-17.8807803829112,-55.110090813118,-3.41772106897167));
#2082=CARTESIAN_POINT('Ctrl Pts',(-16.3314680973002,-76.1690232842361,-3.27997129139621));
#2083=CARTESIAN_POINT('Ctrl Pts',(-12.5644192028886,-100.036264856007,-2.41998538920492));
#2084=CARTESIAN_POINT('Ctrl Pts',(-8.25470078616037,-126.213341747577,-1.36591269361214));
#2085=CARTESIAN_POINT('Ctrl Pts',(-5.34671070192815,-146.871117640321,-0.664800876757555));
#2086=CARTESIAN_POINT('Ctrl Pts',(-3.09464968141564,-168.457295238005,-0.156821319459449));
#2087=CARTESIAN_POINT('Ctrl Pts',(-2.05387383506678,-183.427472622987,0.0460454999177464));
#2088=CARTESIAN_POINT('Ctrl Pts',(-1.56290351391866,-191.056785105784,0.140390527806338));
#2089=CARTESIAN_POINT('Ctrl Pts',(-0.0834883898752967,3.34119508562839,
3.90149368414586));
#2090=CARTESIAN_POINT('Ctrl Pts',(-0.89081622382844,1.87817676193435,3.57146292284575));
#2091=CARTESIAN_POINT('Ctrl Pts',(-2.68521873382209,-1.15011231414666,2.85833246336803));
#2092=CARTESIAN_POINT('Ctrl Pts',(-6.92316422930761,-7.60415379161247,1.24263429328649));
#2093=CARTESIAN_POINT('Ctrl Pts',(-11.6016531133907,-14.6034956830949,-0.484491347856524));
#2094=CARTESIAN_POINT('Ctrl Pts',(-15.1728319608064,-22.136991579316,-1.83508575275597));
#2095=CARTESIAN_POINT('Ctrl Pts',(-16.9953197305369,-28.0830721759115,-2.56727996437222));
#2096=CARTESIAN_POINT('Ctrl Pts',(-17.8650150706607,-34.3558678821332,-2.99083656693878));
#2097=CARTESIAN_POINT('Ctrl Pts',(-18.0118481482853,-43.1664900794686,-3.2286250080109));
#2098=CARTESIAN_POINT('Ctrl Pts',(-17.8817486347618,-55.110080742545,-3.41805657972803));
#2099=CARTESIAN_POINT('Ctrl Pts',(-16.3323773910754,-76.1690045693164,-3.28028389738863));
#2100=CARTESIAN_POINT('Ctrl Pts',(-12.5651958998376,-100.036244860419,-2.4202791452153));
#2101=CARTESIAN_POINT('Ctrl Pts',(-8.25532095349329,-126.213325958209,-1.36618914791287));
#2102=CARTESIAN_POINT('Ctrl Pts',(-5.34721874321826,-146.871106552198,-0.665064208572902));
#2103=CARTESIAN_POINT('Ctrl Pts',(-3.09506033862444,-168.457289561643,-0.157070816457861));
#2104=CARTESIAN_POINT('Ctrl Pts',(-2.05423019588795,-183.427470670723,0.0458057545660817));
#2105=CARTESIAN_POINT('Ctrl Pts',(-1.56323307689044,-191.056785105784,0.140155646345424));
#2106=CARTESIAN_POINT('Ctrl Pts',(-0.111589285413308,3.34063979108842,3.8715084559202));
#2107=CARTESIAN_POINT('Ctrl Pts',(-0.92064909458623,1.87749896954567,3.54176287892049));
#2108=CARTESIAN_POINT('Ctrl Pts',(-2.71881646427909,-1.15101772490156,2.82921692543288));
#2109=CARTESIAN_POINT('Ctrl Pts',(-6.96536861115979,-7.60541238568543,1.21475259501249));
#2110=CARTESIAN_POINT('Ctrl Pts',(-11.6530841413042,-14.6048340352526,-0.511091150610668));
#2111=CARTESIAN_POINT('Ctrl Pts',(-15.2312353571944,-22.1380710140301,-1.86048944496516));
#2112=CARTESIAN_POINT('Ctrl Pts',(-17.0572647892729,-28.0838355007455,-2.59186062059573));
#2113=CARTESIAN_POINT('Ctrl Pts',(-17.9286336547512,-34.3562458345538,-3.01468385294772));
#2114=CARTESIAN_POINT('Ctrl Pts',(-18.0756881611909,-43.1663566937103,-3.25159680756042));
#2115=CARTESIAN_POINT('Ctrl Pts',(-17.9450366922648,-55.1094222232858,-3.43999183599974));
#2116=CARTESIAN_POINT('Ctrl Pts',(-16.3918016199893,-76.1677807902586,-3.3007250015007));
#2117=CARTESIAN_POINT('Ctrl Pts',(-12.6159533521365,-100.034937288871,-2.43950177575634));
#2118=CARTESIAN_POINT('Ctrl Pts',(-8.29583851759788,-126.212293388571,-1.38428935150876));
#2119=CARTESIAN_POINT('Ctrl Pts',(-5.38039694811349,-146.870381380987,-0.682309980459976));
#2120=CARTESIAN_POINT('Ctrl Pts',(-3.12186939921216,-168.456918293334,-0.173419714579312));
#2121=CARTESIAN_POINT('Ctrl Pts',(-2.07749059545933,-183.427342936534,0.0300877261017953));
#2122=CARTESIAN_POINT('Ctrl Pts',(-1.58473694588617,-191.056785105824,0.124755931833102));
#2123=CARTESIAN_POINT('Ctrl Pts',(-0.166127383548568,3.3397318451725,3.80884529788855));
#2124=CARTESIAN_POINT('Ctrl Pts',(-0.978336444196644,1.87638554243575,3.47884570084175));
#2125=CARTESIAN_POINT('Ctrl Pts',(-2.78337445648231,-1.15252246373722,2.76571432759077));
#2126=CARTESIAN_POINT('Ctrl Pts',(-7.04571053971625,-7.60755495675015,1.14980546008664));
#2127=CARTESIAN_POINT('Ctrl Pts',(-11.7503960121928,-14.607162147492,-0.577607354368534));
#2128=CARTESIAN_POINT('Ctrl Pts',(-15.3412511842157,-22.1399743642239,-1.92792305914605));
#2129=CARTESIAN_POINT('Ctrl Pts',(-17.1736108769591,-28.0851931334724,-2.65951376878578));
#2130=CARTESIAN_POINT('Ctrl Pts',(-18.0477701028501,-34.3569219589413,-3.08204672216871));
#2131=CARTESIAN_POINT('Ctrl Pts',(-18.1947344115892,-43.1661175092267,-3.31804036771404));
#2132=CARTESIAN_POINT('Ctrl Pts',(-18.0624012921509,-55.1082510934289,-3.50508705810309));
#2133=CARTESIAN_POINT('Ctrl Pts',(-16.5008132482667,-76.1656042192874,-3.36290878396023));
#2134=CARTESIAN_POINT('Ctrl Pts',(-12.7074917294689,-100.032592952873,-2.49754235979035));
#2135=CARTESIAN_POINT('Ctrl Pts',(-8.36690568343465,-126.210420476971,-1.43780524294607));
#2136=CARTESIAN_POINT('Ctrl Pts',(-5.43675254050523,-146.869051972536,-0.73253616221576));
#2137=CARTESIAN_POINT('Ctrl Pts',(-3.16535478601678,-168.456229976891,-0.220621328709038));
#2138=CARTESIAN_POINT('Ctrl Pts',(-2.11371979784386,-183.42710569254,-0.0152855941176354));
#2139=CARTESIAN_POINT('Ctrl Pts',(-1.61737011060578,-191.056785105955,0.0802905693772277));
#2140=CARTESIAN_POINT('Ctrl Pts',(-0.241528604612706,3.33919567986565,3.70691921028729));
#2141=CARTESIAN_POINT('Ctrl Pts',(-1.05688091407475,1.87570214042385,3.37446542456355));
#2142=CARTESIAN_POINT('Ctrl Pts',(-2.86889829216592,-1.15353189449756,2.65598051629498));
#2143=CARTESIAN_POINT('Ctrl Pts',(-7.14767738089977,-7.60923956607532,1.02778673714616));
#2144=CARTESIAN_POINT('Ctrl Pts',(-11.870268829025,-14.6092292792838,-0.712779305325598));
#2145=CARTESIAN_POINT('Ctrl Pts',(-15.4738800392892,-22.1417837999129,-2.0728446656557));
#2146=CARTESIAN_POINT('Ctrl Pts',(-17.3119327731473,-28.0865373519116,-2.80922628704563));
#2147=CARTESIAN_POINT('Ctrl Pts',(-18.1874901622635,-34.3576091191523,-3.23377401449523));
#2148=CARTESIAN_POINT('Ctrl Pts',(-18.3316982397653,-43.165871161795,-3.46948418362327));
#2149=CARTESIAN_POINT('Ctrl Pts',(-18.1940162291949,-55.1070909292758,-3.65499387402292));
#2150=CARTESIAN_POINT('Ctrl Pts',(-16.6169685203707,-76.1634478690629,-3.50599748868715));
#2151=CARTESIAN_POINT('Ctrl Pts',(-12.7970560331545,-100.030184830222,-2.62677409294789));
#2152=CARTESIAN_POINT('Ctrl Pts',(-8.42619157218136,-126.208398370122,-1.55088586157853));
#2153=CARTESIAN_POINT('Ctrl Pts',(-5.4740983749764,-146.867553590329,-0.834019911545937));
#2154=CARTESIAN_POINT('Ctrl Pts',(-3.18299890955883,-168.455420119278,-0.311956727046848));
#2155=CARTESIAN_POINT('Ctrl Pts',(-2.11984093389368,-183.42682476425,-0.100892942249971));
#2156=CARTESIAN_POINT('Ctrl Pts',(-1.61776592027959,-191.056785106059,-0.00247734356774776));
#2157=CARTESIAN_POINT('Ctrl Pts',(-0.308384347891692,3.33965208330649,3.59934835296242));
#2158=CARTESIAN_POINT('Ctrl Pts',(-1.12471326573901,1.87620899320591,3.26294941499595));
#2159=CARTESIAN_POINT('Ctrl Pts',(-2.93910871953954,-1.15302220261802,2.53582778456967));
#2160=CARTESIAN_POINT('Ctrl Pts',(-7.22417856139529,-7.60901912688384,0.887706849618275));
#2161=CARTESIAN_POINT('Ctrl Pts',(-11.9539914293152,-14.6094746459191,-0.874286710068933));
#2162=CARTESIAN_POINT('Ctrl Pts',(-15.5616807152146,-22.1422302988603,-2.25016544221747));
#2163=CARTESIAN_POINT('Ctrl Pts',(-17.4004096634904,-28.0869665176109,-2.99422462249237));
#2164=CARTESIAN_POINT('Ctrl Pts',(-18.2739933514613,-34.3578597804507,-3.42183257690857));
#2165=CARTESIAN_POINT('Ctrl Pts',(-18.412724939344,-43.1657760468905,-3.65667278510481));
#2166=CARTESIAN_POINT('Ctrl Pts',(-18.2670155738934,-55.1067175824252,-3.83910131159257));
#2167=CARTESIAN_POINT('Ctrl Pts',(-16.6728299937144,-76.1627534085383,-3.67786512433803));
#2168=CARTESIAN_POINT('Ctrl Pts',(-12.828809242784,-100.029260246756,-2.77459234661299));
#2169=CARTESIAN_POINT('Ctrl Pts',(-8.43150005968102,-126.207456954342,-1.67078057712182));
#2170=CARTESIAN_POINT('Ctrl Pts',(-5.46003721984435,-146.866755467759,-0.933819076481464));
#2171=CARTESIAN_POINT('Ctrl Pts',(-3.15094795336193,-168.45493719614,-0.394067610719161));
#2172=CARTESIAN_POINT('Ctrl Pts',(-2.07679492845856,-183.426655001972,-0.172939799250259));
#2173=CARTESIAN_POINT('Ctrl Pts',(-1.56924585493479,-191.056785106165,-0.0695331759852353));
#2174=CARTESIAN_POINT('Ctrl Pts',(-0.346381595643023,3.34066279097217,3.52578670606467));
#2175=CARTESIAN_POINT('Ctrl Pts',(-1.16166191472571,1.8773982119065,3.18626456964516));
#2176=CARTESIAN_POINT('Ctrl Pts',(-2.97398947881945,-1.15158152509427,2.45224522864161));
#2177=CARTESIAN_POINT('Ctrl Pts',(-7.25505035092368,-7.60744813876549,0.788009525723319));
#2178=CARTESIAN_POINT('Ctrl Pts',(-11.9809616188194,-14.6082303572488,-0.991428525737763));
#2179=CARTESIAN_POINT('Ctrl Pts',(-15.5845370712857,-22.1414492190898,-2.37989614872106));
#2180=CARTESIAN_POINT('Ctrl Pts',(-17.4199974328551,-28.086516192021,-3.12976858384516));
#2181=CARTESIAN_POINT('Ctrl Pts',(-18.2900975955724,-34.357671557033,-3.55917845890594));
#2182=CARTESIAN_POINT('Ctrl Pts',(-18.4239589712774,-43.1658365184771,-3.79211987227873));
#2183=CARTESIAN_POINT('Ctrl Pts',(-18.2720598138879,-55.1071001457621,-3.97043394214592));
#2184=CARTESIAN_POINT('Ctrl Pts',(-16.6675688567487,-76.1634634993346,-3.79624046150856));
#2185=CARTESIAN_POINT('Ctrl Pts',(-12.8125605868777,-100.029854917806,-2.86970432914323));
#2186=CARTESIAN_POINT('Ctrl Pts',(-8.40399088444434,-126.207736745376,-1.73923718129132));
#2187=CARTESIAN_POINT('Ctrl Pts',(-5.4241032537311,-146.866829351376,-0.983014878102132));
#2188=CARTESIAN_POINT('Ctrl Pts',(-3.10670450766285,-168.4549091607,-0.426093219774668));
#2189=CARTESIAN_POINT('Ctrl Pts',(-2.02709945188006,-183.426642557028,-0.195021190062163));
#2190=CARTESIAN_POINT('Ctrl Pts',(-1.51682310314834,-191.056785106272,-0.086678132115082));
#2191=CARTESIAN_POINT('Ctrl Pts',(-0.365220282807103,3.34139884701677,3.48578574462953));
#2192=CARTESIAN_POINT('Ctrl Pts',(-1.17943944973921,1.8782709532051,3.14458222764855));
#2193=CARTESIAN_POINT('Ctrl Pts',(-2.98957780764675,-1.15050138564348,2.40682563612204));
#2194=CARTESIAN_POINT('Ctrl Pts',(-7.26601811320697,-7.60619698805914,0.733781826200052));
#2195=CARTESIAN_POINT('Ctrl Pts',(-11.987194317628,-14.6071480531311,-1.05523456070834));
#2196=CARTESIAN_POINT('Ctrl Pts',(-15.5865564729487,-22.1407066186607,-2.45050105511864));
#2197=CARTESIAN_POINT('Ctrl Pts',(-17.419234261247,-28.0860511278368,-3.20339273979267));
#2198=CARTESIAN_POINT('Ctrl Pts',(-18.286965009138,-34.3574620002515,-3.63352232231727));
#2199=CARTESIAN_POINT('Ctrl Pts',(-18.4181130465075,-43.165907356031,-3.8649556568635));
#2200=CARTESIAN_POINT('Ctrl Pts',(-18.2629968601805,-55.1074966635514,-4.0403907579388));
#2201=CARTESIAN_POINT('Ctrl Pts',(-16.6539851530586,-76.1641995671751,-3.85792228929913));
#2202=CARTESIAN_POINT('Ctrl Pts',(-12.7954307053312,-100.030544968191,-2.91720210718331));
#2203=CARTESIAN_POINT('Ctrl Pts',(-8.38361433645762,-126.208170138097,-1.77059220096346));
#2204=CARTESIAN_POINT('Ctrl Pts',(-5.4012086519613,-146.867061876969,-1.0026767913831));
#2205=CARTESIAN_POINT('Ctrl Pts',(-3.08107455289617,-168.454989931824,-0.435266417680515));
#2206=CARTESIAN_POINT('Ctrl Pts',(-1.99949400517285,-183.426669018228,-0.198066173563959));
#2207=CARTESIAN_POINT('Ctrl Pts',(-1.48822813496619,-191.056785106311,-0.0866747075146383));
#2208=CARTESIAN_POINT('Ctrl Pts',(-0.368286971833729,3.34152239988792,3.47921814075864));
#2209=CARTESIAN_POINT('Ctrl Pts',(-1.18232499995568,1.87841749103167,3.13773914465755));
#2210=CARTESIAN_POINT('Ctrl Pts',(-2.99208827697294,-1.15031983163867,2.3993700714965));
#2211=CARTESIAN_POINT('Ctrl Pts',(-7.26773524712413,-7.60598606480675,0.724882937209454));
#2212=CARTESIAN_POINT('Ctrl Pts',(-11.9880961320859,-14.6069648392928,-1.0657031212221));
#2213=CARTESIAN_POINT('Ctrl Pts',(-15.5867380546953,-22.1405804128606,-2.46208384627615));
#2214=CARTESIAN_POINT('Ctrl Pts',(-17.4189446015179,-28.0859718072247,-3.21547039262876));
#2215=CARTESIAN_POINT('Ctrl Pts',(-18.2862791814879,-34.3574261390043,-3.64571787322089));
#2216=CARTESIAN_POINT('Ctrl Pts',(-18.4169802894287,-43.1659194352761,-3.87690426236115));
#2217=CARTESIAN_POINT('Ctrl Pts',(-18.2613378813947,-55.1075642760802,-4.05186624994772));
#2218=CARTESIAN_POINT('Ctrl Pts',(-16.651598421163,-76.1643251096979,-3.86804140721182));
#2219=CARTESIAN_POINT('Ctrl Pts',(-12.7924971867121,-100.030663161357,-2.92499300269296));
#2220=CARTESIAN_POINT('Ctrl Pts',(-8.38018860470882,-126.208245027079,-1.77573560068507));
#2221=CARTESIAN_POINT('Ctrl Pts',(-5.39739826252434,-146.867102588936,-1.00590339217231));
#2222=CARTESIAN_POINT('Ctrl Pts',(-3.07684080221018,-168.455004443104,-0.436772103828078));
#2223=CARTESIAN_POINT('Ctrl Pts',(-1.99495062985878,-183.426673772704,-0.198565624355676));
#2224=CARTESIAN_POINT('Ctrl Pts',(-1.48352889666502,-191.056785106311,-0.0866748709111513));
#2225=CARTESIAN_POINT('Ctrl Pts',(-0.371676270992662,3.34166736318359,3.47183456136227));
#2226=CARTESIAN_POINT('Ctrl Pts',(-1.18549455957291,1.87858956606292,3.13004722639024));
#2227=CARTESIAN_POINT('Ctrl Pts',(-2.99480116611773,-1.150106162271,2.39099298056693));
#2228=CARTESIAN_POINT('Ctrl Pts',(-7.26947621633646,-7.60573632825129,0.714889821795874));
#2229=CARTESIAN_POINT('Ctrl Pts',(-11.9888346495358,-14.6067461548828,-1.07745363051539));
#2230=CARTESIAN_POINT('Ctrl Pts',(-15.5866019043486,-22.1404286651227,-2.47508174452043));
#2231=CARTESIAN_POINT('Ctrl Pts',(-17.41824558861,-28.0858758458024,-3.22902201615896));
#2232=CARTESIAN_POINT('Ctrl Pts',(-18.285118931512,-34.3573825349326,-3.65940059041571));
#2233=CARTESIAN_POINT('Ctrl Pts',(-18.4153151489537,-43.1659341875459,-3.89030863768713));
#2234=CARTESIAN_POINT('Ctrl Pts',(-18.2590852197758,-55.1076461047267,-4.06473940030781));
#2235=CARTESIAN_POINT('Ctrl Pts',(-16.6485623158369,-76.1644770451232,-3.87939119257055));
#2236=CARTESIAN_POINT('Ctrl Pts',(-12.7889244052982,-100.030807276357,-2.93373268233779));
#2237=CARTESIAN_POINT('Ctrl Pts',(-8.37615562356265,-126.208337750133,-1.78150557526767));
#2238=CARTESIAN_POINT('Ctrl Pts',(-5.39299987752461,-146.867154133002,-1.00952233905866));
#2239=CARTESIAN_POINT('Ctrl Pts',(-3.072024043315,-168.455023606195,-0.438460944504347));
#2240=CARTESIAN_POINT('Ctrl Pts',(-1.98981752590178,-183.426680108803,-0.199126380686009));
#2241=CARTESIAN_POINT('Ctrl Pts',(-1.47823667856699,-191.056785106313,-0.0866747546655892));
#2242=CARTESIAN_POINT('Ctrl Pts',(-0.37391058677224,3.34176646295146,3.4669149552018));
#2243=CARTESIAN_POINT('Ctrl Pts',(-1.18757562213706,1.87870725994937,3.12492322310786));
#2244=CARTESIAN_POINT('Ctrl Pts',(-2.99656349277761,-1.14995982691017,2.38541405952567));
#2245=CARTESIAN_POINT('Ctrl Pts',(-7.27055728088949,-7.60556470761455,0.708238806459288));
#2246=CARTESIAN_POINT('Ctrl Pts',(-11.9892121963241,-14.6065951951472,-1.08527143411471));
#2247=CARTESIAN_POINT('Ctrl Pts',(-15.5863694900235,-22.1403234898627,-2.48372735537919));
#2248=CARTESIAN_POINT('Ctrl Pts',(-17.4176241073825,-28.0858091154597,-3.23803474647214));
#2249=CARTESIAN_POINT('Ctrl Pts',(-18.284183517881,-34.3573521327107,-3.66850005334303));
#2250=CARTESIAN_POINT('Ctrl Pts',(-18.4140421399557,-43.1659445038288,-3.89922279089171));
#2251=CARTESIAN_POINT('Ctrl Pts',(-18.257422636655,-55.1077030318773,-4.07329971772343));
#2252=CARTESIAN_POINT('Ctrl Pts',(-16.6463920131985,-76.1645827405171,-3.88693870687994));
#2253=CARTESIAN_POINT('Ctrl Pts',(-12.786429168303,-100.030907938979,-2.93954386374621));
#2254=CARTESIAN_POINT('Ctrl Pts',(-8.37339251269294,-126.208403047189,-1.78534245489357));
#2255=CARTESIAN_POINT('Ctrl Pts',(-5.39002107444141,-146.867190852009,-1.01192960910824));
#2256=CARTESIAN_POINT('Ctrl Pts',(-3.06879038512348,-168.455037543934,-0.439584434035601));
#2257=CARTESIAN_POINT('Ctrl Pts',(-1.98638627817081,-183.426684734325,-0.199499015022435));
#2258=CARTESIAN_POINT('Ctrl Pts',(-1.4747060218494,-191.056785106313,-0.0866747630555022));
#2259=CARTESIAN_POINT('Ctrl Pts',(-0.375393419070709,3.34183318243303,3.46363599902221));
#2260=CARTESIAN_POINT('Ctrl Pts',(-1.18895482737159,1.87878649501903,3.12150790426655));
#2261=CARTESIAN_POINT('Ctrl Pts',(-2.99772615597577,-1.1498612800662,2.38169625341327));
#2262=CARTESIAN_POINT('Ctrl Pts',(-7.27125791669138,-7.6054490066799,0.703806419903807));
#2263=CARTESIAN_POINT('Ctrl Pts',(-11.9894343459221,-14.6064932640137,-1.09048036502393));
#2264=CARTESIAN_POINT('Ctrl Pts',(-15.5861782288708,-22.1402523610806,-2.48948760562212));
#2265=CARTESIAN_POINT('Ctrl Pts',(-17.4171703102271,-28.0857639151512,-3.2440397670825));
#2266=CARTESIAN_POINT('Ctrl Pts',(-18.2835186071823,-34.3573315040025,-3.67456254061655));
#2267=CARTESIAN_POINT('Ctrl Pts',(-18.4131518176328,-43.165951462112,-3.90516151239903));
#2268=CARTESIAN_POINT('Ctrl Pts',(-18.2562728918231,-55.1077415630385,-4.07900249701913));
#2269=CARTESIAN_POINT('Ctrl Pts',(-16.6449070974066,-76.1646543021112,-3.89196602168952));
#2270=CARTESIAN_POINT('Ctrl Pts',(-12.7847364943745,-100.030976203071,-2.94341523538588));
#2271=CARTESIAN_POINT('Ctrl Pts',(-8.37153111211297,-126.208447469815,-1.78789843777045));
#2272=CARTESIAN_POINT('Ctrl Pts',(-5.38802267994761,-146.867215944082,-1.01353264263598));
#2273=CARTESIAN_POINT('Ctrl Pts',(-3.06662856583129,-168.455047140158,-0.440332604761657));
#2274=CARTESIAN_POINT('Ctrl Pts',(-1.98409664589781,-183.426687912668,-0.199747626601972));
#2275=CARTESIAN_POINT('Ctrl Pts',(-1.47235161158458,-191.056785106313,-0.0866747587139689));
#2276=CARTESIAN_POINT('Ctrl Pts',(-0.377970726337632,3.34195165399034,3.45790006043127));
#2277=CARTESIAN_POINT('Ctrl Pts',(-1.19134519234903,1.87892728266092,3.11553511707638));
#2278=CARTESIAN_POINT('Ctrl Pts',(-2.99972817519651,-1.14968599320663,2.37519497338676));
#2279=CARTESIAN_POINT('Ctrl Pts',(-7.2724254318279,-7.60524273161033,0.696061362573075));
#2280=CARTESIAN_POINT('Ctrl Pts',(-11.9897399669754,-14.6063110270842,-1.09958079149483));
#2281=CARTESIAN_POINT('Ctrl Pts',(-15.5857405813153,-22.1401249163049,-2.49954890222701));
#2282=CARTESIAN_POINT('Ctrl Pts',(-17.4162622622297,-28.0856828208171,-3.25452651926739));
#2283=CARTESIAN_POINT('Ctrl Pts',(-18.2822369097298,-34.3572944823878,-3.6851496332857));
#2284=CARTESIAN_POINT('Ctrl Pts',(-18.4114753379257,-43.1659641128796,-3.91553249011644));
#2285=CARTESIAN_POINT('Ctrl Pts',(-18.2541443929423,-55.1078108005125,-4.08896143529847));
#2286=CARTESIAN_POINT('Ctrl Pts',(-16.6422040305323,-76.164782824493,-3.90074662694035));
#2287=CARTESIAN_POINT('Ctrl Pts',(-12.7816921425005,-100.031099056269,-2.95017545816001));
#2288=CARTESIAN_POINT('Ctrl Pts',(-8.36822013583899,-126.208527747054,-1.79236237518702));
#2289=CARTESIAN_POINT('Ctrl Pts',(-5.38449343464277,-146.867261548268,-1.01633408320576));
#2290=CARTESIAN_POINT('Ctrl Pts',(-3.06282991963411,-168.455064764651,-0.44164016548686));
#2291=CARTESIAN_POINT('Ctrl Pts',(-1.98008249087246,-183.42669379657,-0.200180914250694));
#2292=CARTESIAN_POINT('Ctrl Pts',(-1.46822968560646,-191.056785106314,-0.0866747528545152));
#2293=CARTESIAN_POINT('Ctrl Pts',(-0.385960658743635,3.34233465183885,3.43988778562099));
#2294=CARTESIAN_POINT('Ctrl Pts',(-1.19872186490352,1.87938245773284,3.09677985511306));
#2295=CARTESIAN_POINT('Ctrl Pts',(-3.00581917433933,-1.14911872003747,2.35479148305284));
#2296=CARTESIAN_POINT('Ctrl Pts',(-7.27575956623019,-7.60457307444774,0.67176189477006));
#2297=CARTESIAN_POINT('Ctrl Pts',(-11.9902104981691,-14.6057168331466,-1.12811483987392));
#2298=CARTESIAN_POINT('Ctrl Pts',(-15.5837620828658,-22.1397076274156,-2.53108840183986));
#2299=CARTESIAN_POINT('Ctrl Pts',(-17.4127507283897,-28.085416240026,-3.28739904044272));
#2300=CARTESIAN_POINT('Ctrl Pts',(-18.2775216304581,-34.3571722864736,-3.71833213186328));
#2301=CARTESIAN_POINT('Ctrl Pts',(-18.4055137884391,-43.1660054112167,-3.94803404275621));
#2302=CARTESIAN_POINT('Ctrl Pts',(-18.2467686612088,-55.1080381048754,-4.12016772751013));
#2303=CARTESIAN_POINT('Ctrl Pts',(-16.6330794025237,-76.1652050082128,-3.92825317273839));
#2304=CARTESIAN_POINT('Ctrl Pts',(-12.7716403019314,-100.031504315252,-2.97135745016185));
#2305=CARTESIAN_POINT('Ctrl Pts',(-8.35749464434356,-126.208794742141,-1.8063486093904));
#2306=CARTESIAN_POINT('Ctrl Pts',(-5.37319647693367,-146.867414927998,-1.02510687230046));
#2307=CARTESIAN_POINT('Ctrl Pts',(-3.05079232973945,-168.455125136926,-0.445735198575401));
#2308=CARTESIAN_POINT('Ctrl Pts',(-1.96743015605467,-183.426713881955,-0.201541673709267));
#2309=CARTESIAN_POINT('Ctrl Pts',(-1.45526438190868,-191.056785106316,-0.0866747162377063));
#2310=CARTESIAN_POINT('Ctrl Pts',(-0.403976832557512,3.34332319101315,3.3974619210183));
#2311=CARTESIAN_POINT('Ctrl Pts',(-1.21505429184318,1.88055936461157,3.05265077967016));
#2312=CARTESIAN_POINT('Ctrl Pts',(-3.01862075333449,-1.14764575611444,2.30686250248858));
#2313=CARTESIAN_POINT('Ctrl Pts',(-7.2808916835555,-7.60281553907701,0.614869977112575));
#2314=CARTESIAN_POINT('Ctrl Pts',(-11.9873578329499,-14.6041360033773,-1.19477808051933));
#2315=CARTESIAN_POINT('Ctrl Pts',(-15.5741927856311,-22.1385844772854,-2.60467065532937));
#2316=CARTESIAN_POINT('Ctrl Pts',(-17.3990798943591,-28.0846921955089,-3.36403383478926));
#2317=CARTESIAN_POINT('Ctrl Pts',(-18.2607842774901,-34.3568381497186,-3.79566139128836));
#2318=CARTESIAN_POINT('Ctrl Pts',(-18.385799560117,-43.166119867988,-4.02375383200094));
#2319=CARTESIAN_POINT('Ctrl Pts',(-18.2237819787286,-55.1086564859184,-4.19284636991903));
#2320=CARTESIAN_POINT('Ctrl Pts',(-16.6064693098457,-76.1663531599833,-3.99230009268016));
#2321=CARTESIAN_POINT('Ctrl Pts',(-12.7439635899169,-100.032618558388,-3.02067046107547));
#2322=CARTESIAN_POINT('Ctrl Pts',(-8.32957186335034,-126.209544447693,-1.83892136493548));
#2323=CARTESIAN_POINT('Ctrl Pts',(-5.34489382368593,-146.867857706851,-1.0455547759752));
#2324=CARTESIAN_POINT('Ctrl Pts',(-3.02156742806723,-168.455307436148,-0.455283821183496));
#2325=CARTESIAN_POINT('Ctrl Pts',(-1.93720599188343,-183.426775222569,-0.204707432193396));
#2326=CARTESIAN_POINT('Ctrl Pts',(-1.42453527344983,-191.056785106348,-0.0866741495920136));
#2327=CARTESIAN_POINT('Ctrl Pts',(-0.438435555515423,3.34585482070651,3.30731158668434));
#2328=CARTESIAN_POINT('Ctrl Pts',(-1.24475591179931,1.8835803589052,2.95918941034866));
#2329=CARTESIAN_POINT('Ctrl Pts',(-3.03823364307771,-1.14383969867803,2.20601412932872));
#2330=CARTESIAN_POINT('Ctrl Pts',(-7.27834469980129,-7.59819501632481,0.496484673699948));
#2331=CARTESIAN_POINT('Ctrl Pts',(-11.9615314232831,-14.5998891219481,-1.33230519350494));
#2332=CARTESIAN_POINT('Ctrl Pts',(-15.5293074440077,-22.1355110198229,-2.75568605193151));
#2333=CARTESIAN_POINT('Ctrl Pts',(-17.3430291982235,-28.0826813444962,-3.52091978033157));
#2334=CARTESIAN_POINT('Ctrl Pts',(-18.1970077075522,-34.3558988950608,-3.95370833777303));
#2335=CARTESIAN_POINT('Ctrl Pts',(-18.31543719264,-43.1664419164581,-4.17829907627775));
#2336=CARTESIAN_POINT('Ctrl Pts',(-18.1466947432209,-55.1103742171613,-4.34095957347844));
#2337=CARTESIAN_POINT('Ctrl Pts',(-16.5240467559612,-76.1695436524059,-4.12260108853079));
#2338=CARTESIAN_POINT('Ctrl Pts',(-12.6648902558389,-100.03576666713,-3.12100501182932));
#2339=CARTESIAN_POINT('Ctrl Pts',(-8.25663252014837,-126.211728507215,-1.90526060350356));
#2340=CARTESIAN_POINT('Ctrl Pts',(-5.27590369050789,-146.869197599789,-1.0872438552391));
#2341=CARTESIAN_POINT('Ctrl Pts',(-2.95474086828043,-168.455890887303,-0.474783120268419));
#2342=CARTESIAN_POINT('Ctrl Pts',(-1.87054465646638,-183.426972694287,-0.211182423931211));
#2343=CARTESIAN_POINT('Ctrl Pts',(-1.35792027636766,-191.056785106387,-0.0866734458951187));
#2344=CARTESIAN_POINT('Ctrl Pts',(-0.464921720531351,3.34906218920342,3.22160142076809));
#2345=CARTESIAN_POINT('Ctrl Pts',(-1.26440014345568,1.88741865371561,2.87144445853462));
#2346=CARTESIAN_POINT('Ctrl Pts',(-3.04326115645112,-1.13896721102109,2.11364057338425));
#2347=CARTESIAN_POINT('Ctrl Pts',(-7.25083990613618,-7.59216685771157,0.392859443748662));
#2348=CARTESIAN_POINT('Ctrl Pts',(-11.899621104349,-14.5942216592351,-1.44838405509628));
#2349=CARTESIAN_POINT('Ctrl Pts',(-15.4399056919782,-22.1313336571084,-2.88022266935779));
#2350=CARTESIAN_POINT('Ctrl Pts',(-17.2381603298771,-28.079909793217,-3.64878113311271));
#2351=CARTESIAN_POINT('Ctrl Pts',(-18.0823584273878,-34.3545903577785,-4.08154198985893));
#2352=CARTESIAN_POINT('Ctrl Pts',(-18.1938786897426,-43.1668937619215,-4.30249435104934));
#2353=CARTESIAN_POINT('Ctrl Pts',(-18.0190009561386,-55.112744297106,-4.45913349772402));
#2354=CARTESIAN_POINT('Ctrl Pts',(-16.3955561332197,-76.1739463330964,-4.22575155450143));
#2355=CARTESIAN_POINT('Ctrl Pts',(-12.5500650968967,-100.040178420619,-3.20040405962301));
#2356=CARTESIAN_POINT('Ctrl Pts',(-8.16017108558935,-126.214873583593,-1.95800640593682));
#2357=CARTESIAN_POINT('Ctrl Pts',(-5.19216162110994,-146.871189091112,-1.12059917805219));
#2358=CARTESIAN_POINT('Ctrl Pts',(-2.88075861234119,-168.456796238019,-0.490498874027234));
#2359=CARTESIAN_POINT('Ctrl Pts',(-1.80094947524254,-183.427281094501,-0.216400498289036));
#2360=CARTESIAN_POINT('Ctrl Pts',(-1.29046749908574,-191.056785106497,-0.0866714965845282));
#2361=CARTESIAN_POINT('Ctrl Pts',(-0.483928644028162,3.35202595551759,3.15340648498005));
#2362=CARTESIAN_POINT('Ctrl Pts',(-1.27660017218706,1.89096840134618,2.80299121484348));
#2363=CARTESIAN_POINT('Ctrl Pts',(-3.04088692778772,-1.1344512681637,2.04443864695858));
#2364=CARTESIAN_POINT('Ctrl Pts',(-7.2158857544226,-7.58655031308741,0.321360015069201));
#2365=CARTESIAN_POINT('Ctrl Pts',(-11.8301328294213,-14.5889087709771,-1.52271342756634));
#2366=CARTESIAN_POINT('Ctrl Pts',(-15.3430177957978,-22.1273987009401,-2.95588429324172));
#2367=CARTESIAN_POINT('Ctrl Pts',(-17.1260502537972,-28.0772896641248,-3.72428955688526));
#2368=CARTESIAN_POINT('Ctrl Pts',(-17.9609180001278,-34.3533499436811,-4.15561252742235));
#2369=CARTESIAN_POINT('Ctrl Pts',(-18.0663480064613,-43.1673229818102,-4.37326260073044));
#2370=CARTESIAN_POINT('Ctrl Pts',(-17.8864542796525,-55.1149860639232,-4.52520083286405));
#2371=CARTESIAN_POINT('Ctrl Pts',(-16.2643534926214,-76.1781111517773,-4.28219515721637));
#2372=CARTESIAN_POINT('Ctrl Pts',(-12.4352365600852,-100.044368260873,-3.24379435096465));
#2373=CARTESIAN_POINT('Ctrl Pts',(-8.0666263183042,-126.217880387312,-1.98719365502476));
#2374=CARTESIAN_POINT('Ctrl Pts',(-5.11349859329971,-146.873107252545,-1.13936108408153));
#2375=CARTESIAN_POINT('Ctrl Pts',(-2.81390768851022,-168.457676722028,-0.499506849916125));
#2376=CARTESIAN_POINT('Ctrl Pts',(-1.73977382585922,-183.427581484062,-0.219393331727386));
#2377=CARTESIAN_POINT('Ctrl Pts',(-1.23208047344542,-191.056785106526,-0.0866709723903379));
#2378=CARTESIAN_POINT('Ctrl Pts',(-0.495815650944224,3.35403609558141,3.10940914712694));
#2379=CARTESIAN_POINT('Ctrl Pts',(-1.28375606654375,1.89337627483928,2.75923134152768));
#2380=CARTESIAN_POINT('Ctrl Pts',(-3.03789870606182,-1.13138665196783,2.00107626642579));
#2381=CARTESIAN_POINT('Ctrl Pts',(-7.19020852629689,-7.5827344438419,0.278498902762286));
#2382=CARTESIAN_POINT('Ctrl Pts',(-11.7803806227372,-14.5852943118064,-1.56527883308254));
#2383=CARTESIAN_POINT('Ctrl Pts',(-15.2742013199818,-22.1247186981097,-2.99769474788634));
#2384=CARTESIAN_POINT('Ctrl Pts',(-17.0466787576669,-28.0755035615533,-3.76516634535519));
#2385=CARTESIAN_POINT('Ctrl Pts',(-17.8751257499759,-34.3525037089272,-4.19513530921315));
#2386=CARTESIAN_POINT('Ctrl Pts',(-17.9764565922757,-43.1676154685157,-4.41053025845556));
#2387=CARTESIAN_POINT('Ctrl Pts',(-17.7932645039443,-55.1165141875726,-4.55945950124616));
#2388=CARTESIAN_POINT('Ctrl Pts',(-16.1724723079113,-76.1809505024544,-4.31093568401006));
#2389=CARTESIAN_POINT('Ctrl Pts',(-12.3552429862998,-100.047227295399,-3.26586685480038));
#2390=CARTESIAN_POINT('Ctrl Pts',(-8.00197215125019,-126.219935267386,-2.00219730152328));
#2391=CARTESIAN_POINT('Ctrl Pts',(-5.05958865361624,-146.874420348276,-1.14913177373808));
#2392=CARTESIAN_POINT('Ctrl Pts',(-2.76859177718778,-168.458280733689,-0.504269058179633));
#2393=CARTESIAN_POINT('Ctrl Pts',(-1.69864439722927,-183.427787505756,-0.2209796089351));
#2394=CARTESIAN_POINT('Ctrl Pts',(-1.19300565483676,-191.056785106539,-0.0866707399609618));
#2395=CARTESIAN_POINT('Ctrl Pts',(-0.509508569066206,3.35657596188275,3.05734193255625));
#2396=CARTESIAN_POINT('Ctrl Pts',(-1.2912490161224,1.89641927495747,2.70828552686365));
#2397=CARTESIAN_POINT('Ctrl Pts',(-3.03209539967145,-1.12751209926629,1.95241152345984));
#2398=CARTESIAN_POINT('Ctrl Pts',(-7.15461911803486,-7.5779056488278,0.234540417700801));
#2399=CARTESIAN_POINT('Ctrl Pts',(-11.7131690850487,-14.5807156490871,-1.60451116022589));
#2400=CARTESIAN_POINT('Ctrl Pts',(-15.1819896953967,-22.1213210994304,-3.03269302628304));
#2401=CARTESIAN_POINT('Ctrl Pts',(-16.9406693379967,-28.0732379804642,-3.79732525906249));
#2402=CARTESIAN_POINT('Ctrl Pts',(-17.7607969390737,-34.3514299161445,-4.22481331510304));
#2403=CARTESIAN_POINT('Ctrl Pts',(-17.856943948256,-43.1679870895161,-4.43728369003765));
#2404=CARTESIAN_POINT('Ctrl Pts',(-17.6696924065676,-55.1184532016676,-4.58270388106254));
#2405=CARTESIAN_POINT('Ctrl Pts',(-16.0511390163191,-76.1845534581949,-4.32908764391185));
#2406=CARTESIAN_POINT('Ctrl Pts',(-12.250172060227,-100.050857557295,-3.2797408456111));
#2407=CARTESIAN_POINT('Ctrl Pts',(-7.9177554507625,-126.222547112491,-2.01204023908251));
#2408=CARTESIAN_POINT('Ctrl Pts',(-4.99001141489337,-146.876091214578,-1.15587954985997));
#2409=CARTESIAN_POINT('Ctrl Pts',(-2.71080082127218,-168.459050427242,-0.507739322315228));
#2410=CARTESIAN_POINT('Ctrl Pts',(-1.64666435755175,-183.428050188796,-0.222137449926101));
#2411=CARTESIAN_POINT('Ctrl Pts',(-1.14388437652496,-191.056785106577,-0.0866700639018418));
#2412=CARTESIAN_POINT('Ctrl Pts',(-0.525221047195402,3.35953928829506,2.99979315087403));
#2413=CARTESIAN_POINT('Ctrl Pts',(-1.29938341061329,1.89996880061881,2.65346470304247));
#2414=CARTESIAN_POINT('Ctrl Pts',(-3.02396682354061,-1.12299517380094,1.90333301789241));
#2415=CARTESIAN_POINT('Ctrl Pts',(-7.11004512737734,-7.5722841039535,0.197963389750951));
#2416=CARTESIAN_POINT('Ctrl Pts',(-11.6298740980356,-14.5753937823077,-1.62807694585294));
#2417=CARTESIAN_POINT('Ctrl Pts',(-15.0680924943071,-22.1173767725074,-3.0456356977598));
#2418=CARTESIAN_POINT('Ctrl Pts',(-16.8098983772319,-28.0706100713364,-3.80404566069874));
#2419=CARTESIAN_POINT('Ctrl Pts',(-17.6198744532327,-34.3501850817476,-4.22722185780025));
#2420=CARTESIAN_POINT('Ctrl Pts',(-17.7097435485184,-43.1684173421608,-4.4359966770222));
#2421=CARTESIAN_POINT('Ctrl Pts',(-17.5176209817944,-55.1207026498825,-4.577622206861));
#2422=CARTESIAN_POINT('Ctrl Pts',(-15.9020131315916,-76.1887340313217,-4.32092158548163));
#2423=CARTESIAN_POINT('Ctrl Pts',(-12.1212499799993,-100.055065985657,-3.27327996012255));
#2424=CARTESIAN_POINT('Ctrl Pts',(-7.81469428562595,-126.225569810049,-2.00883425669081));
#2425=CARTESIAN_POINT('Ctrl Pts',(-4.90511945220923,-146.878021226506,-1.1547592309216));
#2426=CARTESIAN_POINT('Ctrl Pts',(-2.64057962143134,-168.459937262887,-0.50771716322));
#2427=CARTESIAN_POINT('Ctrl Pts',(-1.58371152324069,-183.428352657127,-0.222141324015055));
#2428=CARTESIAN_POINT('Ctrl Pts',(-1.08450557150534,-191.056785106595,-0.086669751719324));
#2429=CARTESIAN_POINT('Ctrl Pts',(-0.535991273143408,3.3613765205082,2.96471265177189));
#2430=CARTESIAN_POINT('Ctrl Pts',(-1.30521934658085,1.90216815947241,2.62112498573556));
#2431=CARTESIAN_POINT('Ctrl Pts',(-3.01921845595871,-1.12020106954748,1.87682413600394));
#2432=CARTESIAN_POINT('Ctrl Pts',(-7.08157966184905,-7.56882128577025,0.184363127218277));
#2433=CARTESIAN_POINT('Ctrl Pts',(-11.5762093498858,-14.5721316014676,-1.62810440934288));
#2434=CARTESIAN_POINT('Ctrl Pts',(-14.9944769247262,-22.1149683142458,-3.03487824242343));
#2435=CARTESIAN_POINT('Ctrl Pts',(-16.7252537876743,-28.0690100833844,-3.78725692789668));
#2436=CARTESIAN_POINT('Ctrl Pts',(-17.5285565681976,-34.3494288291207,-4.20666479441373));
#2437=CARTESIAN_POINT('Ctrl Pts',(-17.6142315853125,-43.1686785499089,-4.41284808850959));
#2438=CARTESIAN_POINT('Ctrl Pts',(-17.4187980942953,-55.1220726864852,-4.55221805604558));
#2439=CARTESIAN_POINT('Ctrl Pts',(-15.8048622815193,-76.1912806426134,-4.29547877249858));
#2440=CARTESIAN_POINT('Ctrl Pts',(-12.0369713003946,-100.057621765322,-3.25353692431698));
#2441=CARTESIAN_POINT('Ctrl Pts',(-7.74696991380561,-126.22739558023,-1.99666537876994));
#2442=CARTESIAN_POINT('Ctrl Pts',(-4.84902019841985,-146.879179897971,-1.14785576091253));
#2443=CARTESIAN_POINT('Ctrl Pts',(-2.59383714353748,-168.46046545639,-0.504905503949057));
#2444=CARTESIAN_POINT('Ctrl Pts',(-1.54157767700674,-183.428532647885,-0.221216505507299));
#2445=CARTESIAN_POINT('Ctrl Pts',(-1.04463876347219,-191.056785106643,-0.0866688909752517));
#2446=CARTESIAN_POINT('Ctrl Pts',(-0.551119907609382,3.3636942716052,2.91980141563392));
#2447=CARTESIAN_POINT('Ctrl Pts',(-1.31395856931209,1.90494109535483,2.58046697298686));
#2448=CARTESIAN_POINT('Ctrl Pts',(-3.01425523295008,-1.11668379753863,1.8452418794431));
#2449=CARTESIAN_POINT('Ctrl Pts',(-7.04593516247094,-7.56447913035045,0.17296211746338));
#2450=CARTESIAN_POINT('Ctrl Pts',(-11.5079671044848,-14.568059585632,-1.61822602431331));
#2451=CARTESIAN_POINT('Ctrl Pts',(-14.9003779776693,-22.1119727019367,-3.00820988276937));
#2452=CARTESIAN_POINT('Ctrl Pts',(-16.6168181887621,-28.0670253217279,-3.75131721694022));
#2453=CARTESIAN_POINT('Ctrl Pts',(-17.4113813000409,-34.3484925377752,-4.16510990277151));
#2454=CARTESIAN_POINT('Ctrl Pts',(-17.4914519375309,-43.1690013608547,-4.36773836734177));
#2455=CARTESIAN_POINT('Ctrl Pts',(-17.2914986278325,-55.1237723180109,-4.50425793687429));
#2456=CARTESIAN_POINT('Ctrl Pts',(-15.6792977131754,-76.1944403931055,-4.24874023343829));
#2457=CARTESIAN_POINT('Ctrl Pts',(-11.9275571471145,-100.060783831977,-3.21732056501587));
#2458=CARTESIAN_POINT('Ctrl Pts',(-7.6584479568327,-126.229643010943,-1.97401479751241));
#2459=CARTESIAN_POINT('Ctrl Pts',(-4.77515228654684,-146.880597937515,-1.13471058141493));
#2460=CARTESIAN_POINT('Ctrl Pts',(-2.53170972946827,-168.461106952934,-0.499368786533193));
#2461=CARTESIAN_POINT('Ctrl Pts',(-1.48518336852059,-183.428750970659,-0.21939165327972));
#2462=CARTESIAN_POINT('Ctrl Pts',(-0.991061702928624,-191.056785106682,
-0.0866682007636707));
#2463=CARTESIAN_POINT('Ctrl Pts',(-0.565078337316401,3.36588145564397,2.87755429650272));
#2464=CARTESIAN_POINT('Ctrl Pts',(-1.32187948044215,1.90755804412464,2.54223549192144));
#2465=CARTESIAN_POINT('Ctrl Pts',(-3.00922927489118,-1.11336374060307,1.81557974024474));
#2466=CARTESIAN_POINT('Ctrl Pts',(-7.01191473614928,-7.56037854901301,0.1623560659936));
#2467=CARTESIAN_POINT('Ctrl Pts',(-11.4431417008329,-14.5642120313711,-1.60873826005245));
#2468=CARTESIAN_POINT('Ctrl Pts',(-14.811121235186,-22.1091410015562,-2.9828699116486));
#2469=CARTESIAN_POINT('Ctrl Pts',(-16.5140185123015,-28.0651485766703,-3.71722585444031));
#2470=CARTESIAN_POINT('Ctrl Pts',(-17.3003323734412,-34.3476070081079,-4.12572125616721));
#2471=CARTESIAN_POINT('Ctrl Pts',(-17.3751235304174,-43.1693068353888,-4.32500154181329));
#2472=CARTESIAN_POINT('Ctrl Pts',(-17.1709213798498,-55.1253796051352,-4.45884081593099));
#2473=CARTESIAN_POINT('Ctrl Pts',(-15.5604019141794,-76.1974284113282,-4.20449740083863));
#2474=CARTESIAN_POINT('Ctrl Pts',(-11.8239730898214,-100.063775088702,-3.18303873090703));
#2475=CARTESIAN_POINT('Ctrl Pts',(-7.57466097247978,-126.231770341846,-1.9525693050211));
#2476=CARTESIAN_POINT('Ctrl Pts',(-4.70525373917831,-146.881941127574,-1.12226032253186));
#2477=CARTESIAN_POINT('Ctrl Pts',(-2.47294308889795,-168.46171514069,-0.494121639219611));
#2478=CARTESIAN_POINT('Ctrl Pts',(-1.43185731200672,-183.428958005104,-0.217661306128032));
#2479=CARTESIAN_POINT('Ctrl Pts',(-0.940410246537235,-191.056785106794,
-0.086666202783168));
#2480=CARTESIAN_POINT('Ctrl Pts',(-0.583174197095825,3.36881353317124,2.82116064921875));
#2481=CARTESIAN_POINT('Ctrl Pts',(-1.33186727159932,1.91106655625404,2.49122999317287));
#2482=CARTESIAN_POINT('Ctrl Pts',(-3.00182741577935,-1.10891146108339,1.77607311827725));
#2483=CARTESIAN_POINT('Ctrl Pts',(-6.96556634572276,-7.55487606165653,0.148422593736698));
#2484=CARTESIAN_POINT('Ctrl Pts',(-11.3554106483462,-14.5590451232686,-1.59570499101893));
#2485=CARTESIAN_POINT('Ctrl Pts',(-14.6905781142809,-22.1053358909649,-2.94856646358717));
#2486=CARTESIAN_POINT('Ctrl Pts',(-16.3752946995291,-28.0626254464547,-3.67118382492037));
#2487=CARTESIAN_POINT('Ctrl Pts',(-17.1505450629572,-34.3464160030757,-4.07257966181339));
#2488=CARTESIAN_POINT('Ctrl Pts',(-17.2182754622828,-43.1697176580006,-4.26738281778966));
#2489=CARTESIAN_POINT('Ctrl Pts',(-17.0084077933583,-55.1275405441369,-4.39764681111254));
#2490=CARTESIAN_POINT('Ctrl Pts',(-15.4002250124974,-76.2014457452688,-4.14491901760946));
#2491=CARTESIAN_POINT('Ctrl Pts',(-11.6844622008107,-100.067798879044,-3.13687659048769));
#2492=CARTESIAN_POINT('Ctrl Pts',(-7.46184635150095,-126.234634595873,-1.92368470663982));
#2493=CARTESIAN_POINT('Ctrl Pts',(-4.61117086798776,-146.883751462239,-1.10548492036145));
#2494=CARTESIAN_POINT('Ctrl Pts',(-2.39388648750055,-168.462535925686,-0.487048617086452));
#2495=CARTESIAN_POINT('Ctrl Pts',(-1.36015536323191,-183.429237418106,-0.215330403873918));
#2496=CARTESIAN_POINT('Ctrl Pts',(-0.872323420658553,-191.05678510681,-0.086665924354422));
#2497=CARTESIAN_POINT('Ctrl Pts',(-0.594271650512715,3.37065246973779,2.78588749187977));
#2498=CARTESIAN_POINT('Ctrl Pts',(-1.33787324066607,1.91326717337239,2.45933833764344));
#2499=CARTESIAN_POINT('Ctrl Pts',(-2.99691340220701,-1.10611840310406,1.75139824793965));
#2500=CARTESIAN_POINT('Ctrl Pts',(-6.93619289173249,-7.5514226959212,0.139798548429681));
#2501=CARTESIAN_POINT('Ctrl Pts',(-11.3000472738386,-14.5558007231839,-1.58740306188384));
#2502=CARTESIAN_POINT('Ctrl Pts',(-14.6146104773593,-22.1029456135157,-2.92691577138405));
#2503=CARTESIAN_POINT('Ctrl Pts',(-16.2879134735039,-28.0610399914149,-3.64216779963666));
#2504=CARTESIAN_POINT('Ctrl Pts',(-17.0562231456265,-34.3456674386384,-4.03911137158064));
#2505=CARTESIAN_POINT('Ctrl Pts',(-17.1195321653574,-43.169975930722,-4.23111095787777));
#2506=CARTESIAN_POINT('Ctrl Pts',(-16.9061238384223,-55.1288984894097,-4.35913954680911));
#2507=CARTESIAN_POINT('Ctrl Pts',(-15.2994411388997,-76.2039702447293,-4.10744171903836));
#2508=CARTESIAN_POINT('Ctrl Pts',(-11.5966966938302,-100.07032828228,-3.10783929847756));
#2509=CARTESIAN_POINT('Ctrl Pts',(-7.39088920234815,-126.236436150005,-1.90551206776226));
#2510=CARTESIAN_POINT('Ctrl Pts',(-4.55200918445596,-146.884890870587,-1.09492765149348));
#2511=CARTESIAN_POINT('Ctrl Pts',(-2.3441912454668,-168.463052958897,-0.482595321588509));
#2512=CARTESIAN_POINT('Ctrl Pts',(-1.3150974784895,-183.429413449261,-0.213862484280989));
#2513=CARTESIAN_POINT('Ctrl Pts',(-0.829545383754524,-191.056785106844,
-0.0866653139670195));
#2514=CARTESIAN_POINT('Ctrl Pts',(-0.603023322761424,3.37212731220847,2.75765225014072));
#2515=CARTESIAN_POINT('Ctrl Pts',(-1.34253793096645,1.91503216312364,2.43381649012101));
#2516=CARTESIAN_POINT('Ctrl Pts',(-2.99281195870884,-1.10387797583729,1.73166747264811));
#2517=CARTESIAN_POINT('Ctrl Pts',(-6.91245563103864,-7.5486517540575,0.132948241429956));
#2518=CARTESIAN_POINT('Ctrl Pts',(-11.2554446324946,-14.5531964925497,-1.58067036082212));
#2519=CARTESIAN_POINT('Ctrl Pts',(-14.5534681827803,-22.1010263936964,-2.90947173422923));
#2520=CARTESIAN_POINT('Ctrl Pts',(-16.2176110279183,-28.0597666866734,-3.61881457079023));
#2521=CARTESIAN_POINT('Ctrl Pts',(-16.9803529571295,-34.345066139739,-4.01218747253541));
#2522=CARTESIAN_POINT('Ctrl Pts',(-17.040119987212,-43.1701833930882,-4.201941019836));
#2523=CARTESIAN_POINT('Ctrl Pts',(-16.8238793205972,-55.129989099636,-4.32818079893694));
#2524=CARTESIAN_POINT('Ctrl Pts',(-15.2184197251906,-76.2059977622434,-4.07731879894732));
#2525=CARTESIAN_POINT('Ctrl Pts',(-11.5261499966581,-100.072360245001,-3.08450070388376));
#2526=CARTESIAN_POINT('Ctrl Pts',(-7.3338611424168,-126.237884031789,-1.89090414617303));
#2527=CARTESIAN_POINT('Ctrl Pts',(-4.50446879687529,-146.885807041719,-1.08643973350789));
#2528=CARTESIAN_POINT('Ctrl Pts',(-2.30426807351488,-168.463468952107,-0.479014118553202));
#2529=CARTESIAN_POINT('Ctrl Pts',(-1.27890831051209,-183.429555083461,-0.212682278512263));
#2530=CARTESIAN_POINT('Ctrl Pts',(-0.795191893645137,-191.05678510685,-0.086665216561802));
#2531=CARTESIAN_POINT('Ctrl Pts',(-0.611691280161357,3.37360457566451,2.72940579060592));
#2532=CARTESIAN_POINT('Ctrl Pts',(-1.34710972890349,1.91680010867885,2.40828883897772));
#2533=CARTESIAN_POINT('Ctrl Pts',(-2.98859784995759,-1.10163360662585,1.71194256034621));
#2534=CARTESIAN_POINT('Ctrl Pts',(-6.8885604684169,-7.54587536008622,0.1261301054548));
#2535=CARTESIAN_POINT('Ctrl Pts',(-11.2106357565561,-14.5505864959675,-1.57387757136626));
#2536=CARTESIAN_POINT('Ctrl Pts',(-14.4920825242821,-22.0991025428754,-2.89194623848815));
#2537=CARTESIAN_POINT('Ctrl Pts',(-16.1470458099201,-28.0584901184475,-3.59536869380821));
#2538=CARTESIAN_POINT('Ctrl Pts',(-16.9042100531891,-34.344463230428,-3.98516505666062));
#2539=CARTESIAN_POINT('Ctrl Pts',(-16.9604319549181,-43.1703914325283,-4.1726704448146));
#2540=CARTESIAN_POINT('Ctrl Pts',(-16.7413591812951,-55.1310825337911,-4.29712104532125));
#2541=CARTESIAN_POINT('Ctrl Pts',(-15.1371381428497,-76.2080305259359,-4.04710265675946));
#2542=CARTESIAN_POINT('Ctrl Pts',(-11.4553826829825,-100.074397796393,-3.06109014682607));
#2543=CARTESIAN_POINT('Ctrl Pts',(-7.27666010457172,-126.239336305742,-1.87624992241623));
#2544=CARTESIAN_POINT('Ctrl Pts',(-4.45678950075983,-146.886726283492,-1.07792377674956));
#2545=CARTESIAN_POINT('Ctrl Pts',(-2.26423505384074,-168.463886510233,-0.475420369335135));
#2546=CARTESIAN_POINT('Ctrl Pts',(-1.24262509690509,-183.429697258075,-0.211497871413532));
#2547=CARTESIAN_POINT('Ctrl Pts',(-0.760752251476909,-191.056785106859,
-0.0866650463915031));
#2548=CARTESIAN_POINT('Ctrl Pts',(-0.626641528873784,3.37619602289459,2.67994470193568));
#2549=CARTESIAN_POINT('Ctrl Pts',(-1.35486809542224,1.91990161722969,2.36359974351692));
#2550=CARTESIAN_POINT('Ctrl Pts',(-2.98092959323615,-1.09769582505334,1.67743859508866));
#2551=CARTESIAN_POINT('Ctrl Pts',(-6.84633371534541,-7.54100264627373,0.11428140647769));
#2552=CARTESIAN_POINT('Ctrl Pts',(-11.1316848487098,-14.5460041550493,-1.56183455768938));
#2553=CARTESIAN_POINT('Ctrl Pts',(-14.3840263118233,-22.0957238622828,-2.86106541039171));
#2554=CARTESIAN_POINT('Ctrl Pts',(-16.0228753749897,-28.0562476923042,-3.55409808880891));
#2555=CARTESIAN_POINT('Ctrl Pts',(-16.7702529233684,-34.3434039665761,-3.93762023008834));
#2556=CARTESIAN_POINT('Ctrl Pts',(-16.8202627497659,-43.1707569642756,-4.12118579459755));
#2557=CARTESIAN_POINT('Ctrl Pts',(-16.5962344213765,-55.1330033192073,-4.24250434196493));
#2558=CARTESIAN_POINT('Ctrl Pts',(-14.994220789397,-76.2116013939107,-3.99398244293283));
#2559=CARTESIAN_POINT('Ctrl Pts',(-11.3309680913685,-100.077977942879,-3.01993492326094));
#2560=CARTESIAN_POINT('Ctrl Pts',(-7.17610989066607,-126.241889145531,-1.85048492832793));
#2561=CARTESIAN_POINT('Ctrl Pts',(-4.37299043390736,-146.888342910705,-1.06294817727701));
#2562=CARTESIAN_POINT('Ctrl Pts',(-2.193892460192,-168.464621294809,-0.469098865815593));
#2563=CARTESIAN_POINT('Ctrl Pts',(-1.17888590094153,-183.429947457052,-0.209414385286198));
#2564=CARTESIAN_POINT('Ctrl Pts',(-0.700259653271707,-191.056785106879,
-0.0866646893279838));
#2565=CARTESIAN_POINT('Ctrl Pts',(-0.655676772982956,3.38140295143112,2.58090119325671));
#2566=CARTESIAN_POINT('Ctrl Pts',(-1.36942765508725,1.92613396187225,2.27415549489158));
#2567=CARTESIAN_POINT('Ctrl Pts',(-2.96443645390278,-1.08978111297969,1.60848372458112));
#2568=CARTESIAN_POINT('Ctrl Pts',(-6.76026929374907,-7.5312028917973,0.0909056135910044));
#2569=CARTESIAN_POINT('Ctrl Pts',(-10.9716850036086,-14.5367818101428,-1.53714192404072));
#2570=CARTESIAN_POINT('Ctrl Pts',(-14.165442512122,-22.0889200476438,-2.7984788829608));
#2571=CARTESIAN_POINT('Ctrl Pts',(-15.7718686568054,-28.0517300112581,-3.47061762976596));
#2572=CARTESIAN_POINT('Ctrl Pts',(-16.4995730772626,-34.3412691868898,-3.84153116753781));
#2573=CARTESIAN_POINT('Ctrl Pts',(-16.5371280089758,-43.1714937483504,-4.01719503928299));
#2574=CARTESIAN_POINT('Ctrl Pts',(-16.3031920641416,-55.1368732332901,-4.13224511909466));
#2575=CARTESIAN_POINT('Ctrl Pts',(-14.7057507136164,-76.2187958342997,-3.88679466370582));
#2576=CARTESIAN_POINT('Ctrl Pts',(-11.0799057398162,-100.085194497329,-2.93689284822066));
#2577=CARTESIAN_POINT('Ctrl Pts',(-6.97325911258926,-126.247039173682,-1.79848396456864));
#2578=CARTESIAN_POINT('Ctrl Pts',(-4.20398684713853,-146.891607255274,-1.03271152064091));
#2579=CARTESIAN_POINT('Ctrl Pts',(-2.05209726232058,-168.46610674684,-0.456327626298746));
#2580=CARTESIAN_POINT('Ctrl Pts',(-1.05045889141582,-183.430453316064,-0.205203757792591));
#2581=CARTESIAN_POINT('Ctrl Pts',(-0.578405681902512,-191.056785107019,
-0.0866622057054121));
#2582=CARTESIAN_POINT('Ctrl Pts',(-0.694732509208968,3.38890466486847,2.43904857486683));
#2583=CARTESIAN_POINT('Ctrl Pts',(-1.38755641684502,1.93511459136575,2.14616805992164));
#2584=CARTESIAN_POINT('Ctrl Pts',(-2.93766738962701,-1.07837089348319,1.51009416336222));
#2585=CARTESIAN_POINT('Ctrl Pts',(-6.63288881595316,-7.51705871114236,0.0583670109767466));
#2586=CARTESIAN_POINT('Ctrl Pts',(-10.7373700620787,-14.5234527148663,-1.50022831144506));
#2587=CARTESIAN_POINT('Ctrl Pts',(-13.8464312008883,-22.0790755208826,-2.70683102764888));
#2588=CARTESIAN_POINT('Ctrl Pts',(-15.4060163424128,-28.0451877789731,-3.34880643295117));
#2589=CARTESIAN_POINT('Ctrl Pts',(-16.1053500822778,-34.3381756693237,-3.70154162541394));
#2590=CARTESIAN_POINT('Ctrl Pts',(-16.1250337849407,-43.1725617667414,-3.86585541194518));
#2591=CARTESIAN_POINT('Ctrl Pts',(-15.8769593737467,-55.1424780593127,-3.97193716003497));
#2592=CARTESIAN_POINT('Ctrl Pts',(-14.2864849870378,-76.22921561914,-3.73108693349506));
#2593=CARTESIAN_POINT('Ctrl Pts',(-10.7151765239715,-100.09565580723,-2.81626872565183));
#2594=CARTESIAN_POINT('Ctrl Pts',(-6.6787186559268,-126.254516535065,-1.72291687187377));
#2595=CARTESIAN_POINT('Ctrl Pts',(-3.95873931765282,-146.896355113716,-0.988743153041732));
#2596=CARTESIAN_POINT('Ctrl Pts',(-1.84652475536266,-168.468272131539,-0.437739422355117));
#2597=CARTESIAN_POINT('Ctrl Pts',(-0.864424789435505,-183.431190869207,
-0.199075984338105));
#2598=CARTESIAN_POINT('Ctrl Pts',(-0.401979913541596,-191.056785107133,
-0.0866601769560061));
#2599=CARTESIAN_POINT('Ctrl Pts',(-0.737888222869429,3.39799094890975,2.26820252641018));
#2600=CARTESIAN_POINT('Ctrl Pts',(-1.40525227011665,1.94599457011631,1.99218426091159));
#2601=CARTESIAN_POINT('Ctrl Pts',(-2.90073075965326,-1.06453936096167,1.39211033283021));
#2602=CARTESIAN_POINT('Ctrl Pts',(-6.47349524133627,-7.49988812463995,0.0204916641373421));
#2603=CARTESIAN_POINT('Ctrl Pts',(-10.4478051373843,-14.5072438133587,-1.45360727926828));
#2604=CARTESIAN_POINT('Ctrl Pts',(-13.4538176322943,-22.0670874281237,-2.59364337519719));
#2605=CARTESIAN_POINT('Ctrl Pts',(-14.9564625619022,-28.0372126120692,-3.19895692592678));
#2606=CARTESIAN_POINT('Ctrl Pts',(-15.6213846077568,-34.3344014502664,-3.52963042038532));
#2607=CARTESIAN_POINT('Ctrl Pts',(-15.6195266660628,-43.1738652648968,-3.6802278239253));
#2608=CARTESIAN_POINT('Ctrl Pts',(-15.3545269403201,-55.1493114536134,-3.77552085371704));
#2609=CARTESIAN_POINT('Ctrl Pts',(-13.7730622260629,-76.2419194628935,-3.54049164408211));
#2610=CARTESIAN_POINT('Ctrl Pts',(-10.2687882406416,-100.10842466503,-2.66862731199169));
#2611=CARTESIAN_POINT('Ctrl Pts',(-6.31845773944391,-126.263661014616,-1.63037803601684));
#2612=CARTESIAN_POINT('Ctrl Pts',(-3.65898934712262,-146.902174122671,-0.934858154539105));
#2613=CARTESIAN_POINT('Ctrl Pts',(-1.59555404557135,-168.470933359136,-0.414932346952668));
#2614=CARTESIAN_POINT('Ctrl Pts',(-0.637542834297584,-183.432097529676,
-0.191554548983713));
#2615=CARTESIAN_POINT('Ctrl Pts',(-0.186945987818289,-191.056785107457,
-0.0866544131879688));
#2616=CARTESIAN_POINT('Ctrl Pts',(-0.77749344397288,3.40714428273808,2.09668716380871));
#2617=CARTESIAN_POINT('Ctrl Pts',(-1.41909854103069,1.95695713232234,1.83773606831645));
#2618=CARTESIAN_POINT('Ctrl Pts',(-2.85929437372057,-1.05059509323784,1.27410327154007));
#2619=CARTESIAN_POINT('Ctrl Pts',(-6.30811437968418,-7.48255388413561,-0.0164131473453882));
#2620=CARTESIAN_POINT('Ctrl Pts',(-10.1506549461843,-14.4908540472422,-1.40496146380667));
#2621=CARTESIAN_POINT('Ctrl Pts',(-13.0524019497812,-22.0549498503978,-2.47762029594927));
#2622=CARTESIAN_POINT('Ctrl Pts',(-14.4974809780108,-28.0291300646057,-3.04584420111691));
#2623=CARTESIAN_POINT('Ctrl Pts',(-15.1276840778006,-34.3305734738862,-3.35422660464924));
#2624=CARTESIAN_POINT('Ctrl Pts',(-15.1042180272759,-43.1751878331414,-3.49101440178152));
#2625=CARTESIAN_POINT('Ctrl Pts',(-14.8223506945444,-55.1562378143056,-3.57548775089559));
#2626=CARTESIAN_POINT('Ctrl Pts',(-13.2504981509784,-76.2547961727759,-3.34654187014576));
#2627=CARTESIAN_POINT('Ctrl Pts',(-9.81468359784971,-100.121380845802,-2.51839720557892));
#2628=CARTESIAN_POINT('Ctrl Pts',(-5.9521768897737,-126.272956386847,-1.53618013844645));
#2629=CARTESIAN_POINT('Ctrl Pts',(-3.35443401155096,-146.908100987405,-0.879974509747921));
#2630=CARTESIAN_POINT('Ctrl Pts',(-1.3408259695472,-168.473650779062,-0.391684052398086));
#2631=CARTESIAN_POINT('Ctrl Pts',(-0.407482426623042,-183.433023544683,
-0.183889667226794));
#2632=CARTESIAN_POINT('Ctrl Pts',(0.0309796157635004,-191.056785107583,
-0.0866521816135465));
#2633=CARTESIAN_POINT('Ctrl Pts',(-0.813714381549778,3.41634770760235,1.92445871450893));
#2634=CARTESIAN_POINT('Ctrl Pts',(-1.42930983420672,1.96798185760256,1.68276060009135));
#2635=CARTESIAN_POINT('Ctrl Pts',(-2.81367668313657,-1.03656439795509,1.15596880712311));
#2636=CARTESIAN_POINT('Ctrl Pts',(-6.1372996589861,-7.46508966870857,-0.0525451325252795));
#2637=CARTESIAN_POINT('Ctrl Pts',(-9.84672285057924,-14.4743163389033,-1.35458787435151));
#2638=CARTESIAN_POINT('Ctrl Pts',(-12.6431825484566,-22.0426877978675,-2.35913355591473));
#2639=CARTESIAN_POINT('Ctrl Pts',(-14.0301750610542,-28.0209570960446,-2.88987801581095));
#2640=CARTESIAN_POINT('Ctrl Pts',(-14.6254110127819,-34.3266998762942,-3.17575801961597));
#2641=CARTESIAN_POINT('Ctrl Pts',(-14.5802998298404,-43.1765265953589,-3.29864588721341));
#2642=CARTESIAN_POINT('Ctrl Pts',(-14.2816389396421,-55.163242536845,-3.37226348333793));
#2643=CARTESIAN_POINT('Ctrl Pts',(-12.7199540730236,-76.2678186228567,-3.14962420223653));
#2644=CARTESIAN_POINT('Ctrl Pts',(-9.35385932791588,-100.134496511637,-2.36587528384572));
#2645=CARTESIAN_POINT('Ctrl Pts',(-5.58066938866998,-126.28238200272,-1.44051426200196));
#2646=CARTESIAN_POINT('Ctrl Pts',(-3.04572224273368,-146.914122064189,-0.824207779648701));
#2647=CARTESIAN_POINT('Ctrl Pts',(-1.08286913103384,-168.476417855865,-0.368044694290034));
#2648=CARTESIAN_POINT('Ctrl Pts',(-0.174709158335035,-183.433966673611,
-0.176095198139754));
#2649=CARTESIAN_POINT('Ctrl Pts',(0.251362544627183,-191.056785107732,-0.0866495420909905));
#2650=CARTESIAN_POINT('Ctrl Pts',(-0.846714071260404,3.42558414460952,1.75147205397207));
#2651=CARTESIAN_POINT('Ctrl Pts',(-1.43609754335166,1.97904821050579,1.52719360745168));
#2652=CARTESIAN_POINT('Ctrl Pts',(-2.76419352914055,-1.02247369349579,1.03760141106723));
#2653=CARTESIAN_POINT('Ctrl Pts',(-5.96160218000502,-7.44752926902133,-0.0881033933688325));
#2654=CARTESIAN_POINT('Ctrl Pts',(-9.53681102661863,-14.4576637040938,-1.30278492213545));
#2655=CARTESIAN_POINT('Ctrl Pts',(-12.2271572013496,-22.0303263635722,-2.23855636366438));
#2656=CARTESIAN_POINT('Ctrl Pts',(-13.5556477270465,-28.0127107474848,-2.73146961547946));
#2657=CARTESIAN_POINT('Ctrl Pts',(-14.1157277057084,-34.3227888555738,-2.99465406348614));
#2658=CARTESIAN_POINT('Ctrl Pts',(-14.0489639413893,-43.1778787241289,-3.1035546441736));
#2659=CARTESIAN_POINT('Ctrl Pts',(-13.7336002762558,-55.1703110117363,-3.16627563213647));
#2660=CARTESIAN_POINT('Ctrl Pts',(-12.1825917525767,-76.2809596447047,-2.9501274236617));
#2661=CARTESIAN_POINT('Ctrl Pts',(-8.88731219301915,-100.147743771384,-2.21136144500659));
#2662=CARTESIAN_POINT('Ctrl Pts',(-5.20472815887113,-126.291917164415,-1.34357505408538));
#2663=CARTESIAN_POINT('Ctrl Pts',(-2.73350240242407,-146.920223668702,-0.767677331385001));
#2664=CARTESIAN_POINT('Ctrl Pts',(-0.822211161193817,-168.479228033712,
-0.344068718050414));
#2665=CARTESIAN_POINT('Ctrl Pts',(0.0603126904394532,-183.434924675124,
-0.168189708391512));
#2666=CARTESIAN_POINT('Ctrl Pts',(0.47376976530602,-191.05678510786,-0.086647262011896));
#2667=CARTESIAN_POINT('Ctrl Pts',(-0.876658340889794,3.43483661238484,1.57768319327049));
#2668=CARTESIAN_POINT('Ctrl Pts',(-1.4396759023077,1.99013574706016,1.37097198734612));
#2669=CARTESIAN_POINT('Ctrl Pts',(-2.71116313212477,-1.00834931428628,0.918896600210811));
#2670=CARTESIAN_POINT('Ctrl Pts',(-5.78157526976075,-7.42990639394532,-0.123286020593072));
#2671=CARTESIAN_POINT('Ctrl Pts',(-9.22172300983512,-14.4409290922937,-1.24985019001947));
#2672=CARTESIAN_POINT('Ctrl Pts',(-11.8053246335293,-22.0178905798359,-2.11626118037147));
#2673=CARTESIAN_POINT('Ctrl Pts',(-13.0750028201283,-28.0044079967892,-2.57102949733071));
#2674=CARTESIAN_POINT('Ctrl Pts',(-13.5997971093225,-34.3188485597721,-2.81134342517984));
#2675=CARTESIAN_POINT('Ctrl Pts',(-13.5114027798826,-43.1792413493079,-2.90617233562954));
#2676=CARTESIAN_POINT('Ctrl Pts',(-13.1794434342486,-55.1774286253834,-2.95795107281913));
#2677=CARTESIAN_POINT('Ctrl Pts',(-11.6395728815818,-76.2941920909192,-2.74843958792661));
#2678=CARTESIAN_POINT('Ctrl Pts',(-8.41603892633994,-100.161094762801,-2.05515461193276));
#2679=CARTESIAN_POINT('Ctrl Pts',(-4.82514619495582,-126.301541202312,-1.24555600941865));
#2680=CARTESIAN_POINT('Ctrl Pts',(-2.41842299322151,-146.92639214186,-0.710501296084494));
#2681=CARTESIAN_POINT('Ctrl Pts',(-0.559379986548459,-168.482074769372,
-0.31980916362557));
#2682=CARTESIAN_POINT('Ctrl Pts',(0.297118408598994,-183.435895308212,-0.160190212854147));
#2683=CARTESIAN_POINT('Ctrl Pts',(0.697767809509663,-191.056785108012,-0.0866445570042629));
#2684=CARTESIAN_POINT('Ctrl Pts',(-0.903710718983704,3.44408805030726,1.40304729418723));
#2685=CARTESIAN_POINT('Ctrl Pts',(-1.44025671450951,2.00122396051201,1.21403175058624));
#2686=CARTESIAN_POINT('Ctrl Pts',(-2.65490172910883,-0.994217634850909,
0.799749105508318));
#2687=CARTESIAN_POINT('Ctrl Pts',(-5.59777014687281,-7.41225478121824,-0.158291945730521));
#2688=CARTESIAN_POINT('Ctrl Pts',(-8.9022610093689,-14.4241454750092,-1.19608193916499));
#2689=CARTESIAN_POINT('Ctrl Pts',(-11.3786824965009,-22.0054055158481,-1.99262111159712));
#2690=CARTESIAN_POINT('Ctrl Pts',(-12.5893429833121,-27.9960658787252,-2.408968852993));
#2691=CARTESIAN_POINT('Ctrl Pts',(-13.0787812180352,-34.3148871909636,-2.62625545142536));
#2692=CARTESIAN_POINT('Ctrl Pts',(-12.96880785864,-43.1806116595529,-2.70693128878594));
#2693=CARTESIAN_POINT('Ctrl Pts',(-12.6203767244237,-55.1845807911597,-2.74771730207229));
#2694=CARTESIAN_POINT('Ctrl Pts',(-11.0920589426538,-76.3074888270694,-2.54494937330115));
#2695=CARTESIAN_POINT('Ctrl Pts',(-7.94103614712121,-100.174521622247,-1.89755447547759));
#2696=CARTESIAN_POINT('Ctrl Pts',(-4.4427164039077,-126.311233430746,-1.14665148866192));
#2697=CARTESIAN_POINT('Ctrl Pts',(-2.10113243100745,-146.932613801093,-0.652798715086047));
#2698=CARTESIAN_POINT('Ctrl Pts',(-0.29490333748574,-168.484951505293,-0.295320103942054));
#2699=CARTESIAN_POINT('Ctrl Pts',(0.535243604581549,-183.436876331668,-0.152114874380717));
#2700=CARTESIAN_POINT('Ctrl Pts',(0.922923530621256,-191.056785108168,-0.086641790658639));
#2701=CARTESIAN_POINT('Ctrl Pts',(-0.928035649258737,3.45332142448704,1.2275198346064));
#2702=CARTESIAN_POINT('Ctrl Pts',(-1.43805292866975,2.01229234230086,1.05630927992868));
#2703=CARTESIAN_POINT('Ctrl Pts',(-2.59572643260398,-0.980105072854936,
0.680053897540482));
#2704=CARTESIAN_POINT('Ctrl Pts',(-5.4107394690326,-7.39460823474606,-0.193319760697591));
#2705=CARTESIAN_POINT('Ctrl Pts',(-8.57922830199764,-14.4073458813982,-1.14177830867487));
#2706=CARTESIAN_POINT('Ctrl Pts',(-10.9482296064945,-21.9928962550607,-1.8680091850839));
#2707=CARTESIAN_POINT('Ctrl Pts',(-12.0997723676322,-27.9877013995926,-2.24569872694048));
#2708=CARTESIAN_POINT('Ctrl Pts',(-12.5538434072926,-34.3109129075361,-2.43981942671195));
#2709=CARTESIAN_POINT('Ctrl Pts',(-12.4223721255275,-43.1819867763994,-2.50626378669922));
#2710=CARTESIAN_POINT('Ctrl Pts',(-12.0576093988114,-55.1917528642421,-2.53600202648625));
#2711=CARTESIAN_POINT('Ctrl Pts',(-10.5412121618727,-76.3208226502824,-2.34004580075864));
#2712=CARTESIAN_POINT('Ctrl Pts',(-7.46330076923085,-100.187996437181,-1.7388613573757));
#2713=CARTESIAN_POINT('Ctrl Pts',(-4.05823165332754,-126.320973150507,-1.04705667347013));
#2714=CARTESIAN_POINT('Ctrl Pts',(-1.78227893119637,-146.938874973439,-0.594689536121481));
#2715=CARTESIAN_POINT('Ctrl Pts',(-0.0293086523453484,-168.487851694505,
-0.270656626488205));
#2716=CARTESIAN_POINT('Ctrl Pts',(0.774224193728129,-183.437865504295,-0.143982946985438));
#2717=CARTESIAN_POINT('Ctrl Pts',(1.14880408778374,-191.056785108245,-0.0866404177366041));
#2718=CARTESIAN_POINT('Ctrl Pts',(-0.949799080470865,3.46251976173747,1.05105702945146));
#2719=CARTESIAN_POINT('Ctrl Pts',(-1.43327853666589,2.02332050201947,0.897741575097743));
#2720=CARTESIAN_POINT('Ctrl Pts',(-2.53395545820592,-0.966037843722767,
0.559706692742514));
#2721=CARTESIAN_POINT('Ctrl Pts',(-5.22103554556618,-7.37700030729779,-0.228567629656091));
#2722=CARTESIAN_POINT('Ctrl Pts',(-8.25342762093064,-14.3905631292629,-1.08723684404728));
#2723=CARTESIAN_POINT('Ctrl Pts',(-10.5149635288894,-21.9803877754459,-1.74279790213533));
#2724=CARTESIAN_POINT('Ctrl Pts',(-11.6073930669534,-27.9793315540228,-2.08162982124923));
#2725=CARTESIAN_POINT('Ctrl Pts',(-12.0261449503947,-34.3069339064261,-2.25246419877697));
#2726=CARTESIAN_POINT('Ctrl Pts',(-11.8732861636705,-43.1833639213013,-2.30460167995833));
#2727=CARTESIAN_POINT('Ctrl Pts',(-11.4923489012242,-55.1989303248619,-2.32323206882843));
#2728=CARTESIAN_POINT('Ctrl Pts',(-9.98819312307864,-76.3341665350312,-2.13411676526196));
#2729=CARTESIAN_POINT('Ctrl Pts',(-6.98382898968752,-100.201491436566,-1.57937370959687));
#2730=CARTESIAN_POINT('Ctrl Pts',(-3.67248487402633,-126.330739722739,-0.946964355030624));
#2731=CARTESIAN_POINT('Ctrl Pts',(-1.46251117271968,-146.945161991005,-0.536291074350486));
#2732=CARTESIAN_POINT('Ctrl Pts',(0.236875855068146,-168.490768779103,-0.245870844897646));
#2733=CARTESIAN_POINT('Ctrl Pts',(1.01359518605526,-183.438860585042,-0.135810455897591));
#2734=CARTESIAN_POINT('Ctrl Pts',(1.37497573539267,-191.056785108344,-0.0866386642098159));
#2735=CARTESIAN_POINT('Ctrl Pts',(-0.969165470121181,3.4716660294941,0.873614457409681));
#2736=CARTESIAN_POINT('Ctrl Pts',(-1.42614683959282,2.03428789055737,0.738265200160962));
#2737=CARTESIAN_POINT('Ctrl Pts',(-2.46990600278999,-0.952042465482293,
0.438602562006982));
#2738=CARTESIAN_POINT('Ctrl Pts',(-5.02921203261417,-7.35946493693627,-0.264233828964176));
#2739=CARTESIAN_POINT('Ctrl Pts',(-7.92566295304474,-14.3738303607004,-1.03275545996941));
#2740=CARTESIAN_POINT('Ctrl Pts',(-10.0798840779964,-21.9679052033959,-1.61736000231678));
#2741=CARTESIAN_POINT('Ctrl Pts',(-11.1133107728649,-27.9709733263503,-1.91717275708794));
#2742=CARTESIAN_POINT('Ctrl Pts',(-11.4968506775071,-34.3029582963172,-2.06461865473756));
#2743=CARTESIAN_POINT('Ctrl Pts',(-11.3227445119635,-43.184740128104,-2.10237682154382));
#2744=CARTESIAN_POINT('Ctrl Pts',(-10.9258055681951,-55.2060984436559,-2.10983483916956));
#2745=CARTESIAN_POINT('Ctrl Pts',(-9.43416497859455,-76.3474931719786,-1.92755103312007));
#2746=CARTESIAN_POINT('Ctrl Pts',(-6.50361823217643,-100.214978630766,-1.41939169980649));
#2747=CARTESIAN_POINT('Ctrl Pts',(-3.28626908567865,-126.340512426066,-0.84656964780471));
#2748=CARTESIAN_POINT('Ctrl Pts',(-1.1424773361895,-146.951461193789,-0.477723255775338));
#2749=CARTESIAN_POINT('Ctrl Pts',(0.503122808030395,-168.493696228109,-0.221017826862501));
#2750=CARTESIAN_POINT('Ctrl Pts',(1.25289248458643,-183.439859332695,-0.127616612188091));
#2751=CARTESIAN_POINT('Ctrl Pts',(1.60100562055704,-191.056785108384,-0.0866379418941062));
#2752=CARTESIAN_POINT('Ctrl Pts',(-0.986304093574798,3.48074336650973,0.695149576257619));
#2753=CARTESIAN_POINT('Ctrl Pts',(-1.41687442583951,2.04517432023577,0.577818207433945));
#2754=CARTESIAN_POINT('Ctrl Pts',(-2.40389897979154,-0.938144820378246,
0.316638298525859));
#2755=CARTESIAN_POINT('Ctrl Pts',(-4.83582165044173,-7.34203526775167,-0.300516064566624));
#2756=CARTESIAN_POINT('Ctrl Pts',(-7.59673713411818,-14.3571800538695,-0.978631352277948));
#2757=CARTESIAN_POINT('Ctrl Pts',(-9.64398779370533,-21.9554733476262,-1.49206796184673));
#2758=CARTESIAN_POINT('Ctrl Pts',(-10.6186252673125,-27.962643690363,-1.75273856802213));
#2759=CARTESIAN_POINT('Ctrl Pts',(-10.9671194358374,-34.298994332791,-1.87671200877664));
#2760=CARTESIAN_POINT('Ctrl Pts',(-10.7719348763733,-43.1861127730742,-1.9000215532169));
#2761=CARTESIAN_POINT('Ctrl Pts',(-10.3591846198341,-55.2132428915024,-1.89623744695487));
#2762=CARTESIAN_POINT('Ctrl Pts',(-8.88028618985093,-76.3607758049823,-1.72073673998354));
#2763=CARTESIAN_POINT('Ctrl Pts',(-6.02366346977742,-100.228430457703,-1.25921367280065));
#2764=CARTESIAN_POINT('Ctrl Pts',(-2.90037685535819,-126.350270701599,-0.746064925890511));
#2765=CARTESIAN_POINT('Ctrl Pts',(-0.822826204180926,-146.957758909263,
-0.419102815239061));
#2766=CARTESIAN_POINT('Ctrl Pts',(0.768903719612237,-168.496627458769,-0.196148997564653));
#2767=CARTESIAN_POINT('Ctrl Pts',(1.49165089785219,-183.440859506252,-0.119416721550266));
#2768=CARTESIAN_POINT('Ctrl Pts',(1.82645979604973,-191.056785108507,-0.0866357572263612));
#2769=CARTESIAN_POINT('Ctrl Pts',(-1.00137416507,3.48973456310098,0.515616167084378));
#2770=CARTESIAN_POINT('Ctrl Pts',(-1.40567077897024,2.05595888794672,0.416335720280631));
#2771=CARTESIAN_POINT('Ctrl Pts',(-2.3362474132743,-0.924372034690861,0.193707398262291));
#2772=CARTESIAN_POINT('Ctrl Pts',(-4.6414182445312,-7.32474599265106,-0.337613084479258));
#2773=CARTESIAN_POINT('Ctrl Pts',(-7.26745463376017,-14.3406459798584,-0.925162878564424));
#2774=CARTESIAN_POINT('Ctrl Pts',(-9.20827700634631,-21.9431176382785,-1.36729445072348));
#2775=CARTESIAN_POINT('Ctrl Pts',(-10.124447229862,-27.9543596476148,-1.58873715984938));
#2776=CARTESIAN_POINT('Ctrl Pts',(-10.438121160946,-34.2950499934204,-1.68917243103286));
#2777=CARTESIAN_POINT('Ctrl Pts',(-10.2220577249001,-43.1874785761308,-1.69796681273362));
#2778=CARTESIAN_POINT('Ctrl Pts',(-9.79370086667279,-55.2203485690576,-1.6828668935674));
#2779=CARTESIAN_POINT('Ctrl Pts',(-8.32772408246361,-76.3739866112358,-1.51406240360623));
#2780=CARTESIAN_POINT('Ctrl Pts',(-5.54496446164696,-100.241818532531,-1.0991402977577));
#2781=CARTESIAN_POINT('Ctrl Pts',(-2.51560183295218,-126.359993680615,-0.645646434545797));
#2782=CARTESIAN_POINT('Ctrl Pts',(-0.504205672058342,-146.964041492478,
-0.360551132425328));
#2783=CARTESIAN_POINT('Ctrl Pts',(1.03369183992673,-168.499555990702,-0.171321115605326));
#2784=CARTESIAN_POINT('Ctrl Pts',(1.72940682756483,-183.441858864397,-0.111231774988972));
#2785=CARTESIAN_POINT('Ctrl Pts',(2.05090590773937,-191.056785108533,-0.0866353019557393));
#2786=CARTESIAN_POINT('Ctrl Pts',(-1.01455065969894,3.49862294512845,0.334973520344551));
#2787=CARTESIAN_POINT('Ctrl Pts',(-1.39275522506663,2.06662196101401,0.253756867737255));
#2788=CARTESIAN_POINT('Ctrl Pts',(-2.26727649036884,-0.910748909163349,
0.0697081493315531));
#2789=CARTESIAN_POINT('Ctrl Pts',(-4.44655027796996,-7.30762887391444,-0.375723343008802));
#2790=CARTESIAN_POINT('Ctrl Pts',(-6.93861497508822,-14.3242594618425,-0.872647791287186));
#2791=CARTESIAN_POINT('Ctrl Pts',(-8.77374156273676,-21.9308623763757,-1.24341345836153));
#2792=CARTESIAN_POINT('Ctrl Pts',(-9.63186480461222,-27.9461382475644,-1.42558242613341));
#2793=CARTESIAN_POINT('Ctrl Pts',(-9.91100329943867,-34.2911338861871,-1.5024319608464));
#2794=CARTESIAN_POINT('Ctrl Pts',(-9.67428789793527,-43.1888356229858,-1.49664818055445));
#2795=CARTESIAN_POINT('Ctrl Pts',(-9.23055032166635,-55.227401901471,-1.47015256209654));
#2796=CARTESIAN_POINT('Ctrl Pts',(-7.77762886452172,-76.3870998342953,-1.30791819235464));
#2797=CARTESIAN_POINT('Ctrl Pts',(-5.06851150159154,-100.25511603987,-0.939470933965636));
#2798=CARTESIAN_POINT('Ctrl Pts',(-2.13273513700126,-126.369661051369,-0.545506633638671));
#2799=CARTESIAN_POINT('Ctrl Pts',(-0.18726479355682,-146.970295195401,-0.302184532260584));
#2800=CARTESIAN_POINT('Ctrl Pts',(1.29695802795425,-168.502475116395,-0.146585052927186));
#2801=CARTESIAN_POINT('Ctrl Pts',(1.96569495965932,-183.442855166153,-0.103076640553016));
#2802=CARTESIAN_POINT('Ctrl Pts',(2.27390988576546,-191.056785108626,-0.0866336448749355));
#2803=CARTESIAN_POINT('Ctrl Pts',(-1.02217585319116,3.50446842970901,0.213774404158655));
#2804=CARTESIAN_POINT('Ctrl Pts',(-1.38314497363206,2.07363508277114,0.144597594673973));
#2805=CARTESIAN_POINT('Ctrl Pts',(-2.2206234621308,-0.901786165616128,-0.0137413758568529));
#2806=CARTESIAN_POINT('Ctrl Pts',(-4.31670905781987,-7.29635730825867,-0.401935000304744));
#2807=CARTESIAN_POINT('Ctrl Pts',(-6.72022815952358,-14.3134576352374,-0.838469870251943));
#2808=CARTESIAN_POINT('Ctrl Pts',(-8.4855155003324,-21.9227767765689,-1.16166602686274));
#2809=CARTESIAN_POINT('Ctrl Pts',(-9.30530068186782,-27.940710169573,-1.31764473547721));
#2810=CARTESIAN_POINT('Ctrl Pts',(-9.56164401582178,-34.2885466495989,-1.37875111439928));
#2811=CARTESIAN_POINT('Ctrl Pts',(-9.31133427405859,-43.1897311257686,-1.36320783735749));
#2812=CARTESIAN_POINT('Ctrl Pts',(-8.85749653782362,-55.2320579957135,-1.32906085340881));
#2813=CARTESIAN_POINT('Ctrl Pts',(-7.41333418097892,-76.395756887436,-1.17109728527705));
#2814=CARTESIAN_POINT('Ctrl Pts',(-4.75304715389302,-100.26390065272,-0.833491962118111));
#2815=CARTESIAN_POINT('Ctrl Pts',(-1.87929420480299,-126.376054652435,-0.479062107664166));
#2816=CARTESIAN_POINT('Ctrl Pts',(0.0224777749782444,-146.974436141014,
-0.263477152880861));
#2817=CARTESIAN_POINT('Ctrl Pts',(1.47110376637078,-168.504410821863,-0.130192800508334));
#2818=CARTESIAN_POINT('Ctrl Pts',(2.12193252076227,-183.443515835572,-0.0976728144058821));
#2819=CARTESIAN_POINT('Ctrl Pts',(2.42132928290928,-191.056785108666,-0.0866329281703144));
#2820=CARTESIAN_POINT('Ctrl Pts',(-1.03055895255414,3.51130175763835,0.0705214225241475));
#2821=CARTESIAN_POINT('Ctrl Pts',(-1.37132346296413,2.08183504342652,0.0155166962553931));
#2822=CARTESIAN_POINT('Ctrl Pts',(-2.1654023922947,-0.891303474924944,-0.11255341203797));
#2823=CARTESIAN_POINT('Ctrl Pts',(-4.16397873684072,-7.28316831676539,-0.433372846077291));
#2824=CARTESIAN_POINT('Ctrl Pts',(-6.46373810657821,-14.3008124328092,-0.79881579897983));
#2825=CARTESIAN_POINT('Ctrl Pts',(-8.14717872638029,-21.9133087540995,-1.0660073290428));
#2826=CARTESIAN_POINT('Ctrl Pts',(-8.92203063152991,-27.9343535360114,-1.19114680999114));
#2827=CARTESIAN_POINT('Ctrl Pts',(-9.15167805813926,-34.2855171827609,-1.23370141687531));
#2828=CARTESIAN_POINT('Ctrl Pts',(-8.88546079635549,-43.1907825637521,-1.20663914138028));
#2829=CARTESIAN_POINT('Ctrl Pts',(-8.41983668903481,-55.237513562454,-1.16343998931203));
#2830=CARTESIAN_POINT('Ctrl Pts',(-6.98601210358813,-76.4058990981515,-1.0104271758705));
#2831=CARTESIAN_POINT('Ctrl Pts',(-4.38304664722393,-100.274194586609,-0.709034900241727));
#2832=CARTESIAN_POINT('Ctrl Pts',(-1.58208075341147,-126.383549630397,-0.401046517830913));
#2833=CARTESIAN_POINT('Ctrl Pts',(0.268408098580804,-146.979292306629,-0.218041708807606));
#2834=CARTESIAN_POINT('Ctrl Pts',(1.67525285021632,-168.506682081418,-0.110959129281924));
#2835=CARTESIAN_POINT('Ctrl Pts',(2.30505646214492,-183.444291216381,-0.0913326368150249));
#2836=CARTESIAN_POINT('Ctrl Pts',(2.59409907427676,-191.056785108716,-0.0866320492736847));
#2837=CARTESIAN_POINT('Ctrl Pts',(-1.00929299119638,3.51621100455641,-0.0654727099728561));
#2838=CARTESIAN_POINT('Ctrl Pts',(-1.3340403672356,2.08774529217347,-0.107719982540098));
#2839=CARTESIAN_POINT('Ctrl Pts',(-2.09365042848936,-0.883682104384886,
-0.208553312820983));
#2840=CARTESIAN_POINT('Ctrl Pts',(-4.01463704784835,-7.2733775824332,-0.468759408225003));
#2841=CARTESIAN_POINT('Ctrl Pts',(-6.23169430339075,-14.291203160445,-0.770242948069052));
#2842=CARTESIAN_POINT('Ctrl Pts',(-7.85010552540933,-21.905982271498,-0.986934892565772));
#2843=CARTESIAN_POINT('Ctrl Pts',(-8.5894693296927,-27.9293682732546,-1.08416860630448));
#2844=CARTESIAN_POINT('Ctrl Pts',(-8.79834632748327,-34.2831162775501,-1.10979848853926));
#2845=CARTESIAN_POINT('Ctrl Pts',(-8.52033847636832,-43.1916178616271,-1.07198106087649));
#2846=CARTESIAN_POINT('Ctrl Pts',(-8.0465001942897,-55.2418004607693,-1.02012178757328));
#2847=CARTESIAN_POINT('Ctrl Pts',(-6.62313298821421,-76.4138707741439,-0.870623953149153));
#2848=CARTESIAN_POINT('Ctrl Pts',(-4.06861022932573,-100.282396673376,-0.600698732458484));
#2849=CARTESIAN_POINT('Ctrl Pts',(-1.32860403092147,-126.389656668507,-0.333326030452657));
#2850=CARTESIAN_POINT('Ctrl Pts',(0.478836163075001,-146.983342907459,-0.178772101591571));
#2851=CARTESIAN_POINT('Ctrl Pts',(1.85031355585515,-168.508629427398,-0.0944388240325624));
#2852=CARTESIAN_POINT('Ctrl Pts',(2.46206133584186,-183.444957203656,-0.0858891696421365));
#2853=CARTESIAN_POINT('Ctrl Pts',(2.74220484320667,-191.056785108762,-0.0866312205531144));
#2854=CARTESIAN_POINT('Ctrl Pts',(-0.919733206654281,3.52080546367013,-0.24779528150853));
#2855=CARTESIAN_POINT('Ctrl Pts',(-1.22621903586305,2.09332278942081,-0.273111882390734));
#2856=CARTESIAN_POINT('Ctrl Pts',(-1.94642483856483,-0.876335003320029,
-0.337782815194698));
#2857=CARTESIAN_POINT('Ctrl Pts',(-3.77833788131421,-7.2634731505289,-0.517478572814119));
#2858=CARTESIAN_POINT('Ctrl Pts',(-5.90020505067274,-14.2809800248297,-0.733958493927075));
#2859=CARTESIAN_POINT('Ctrl Pts',(-7.44424302297011,-21.8978981636718,-0.883494955697938));
#2860=CARTESIAN_POINT('Ctrl Pts',(-8.14350582497875,-27.9237249884531,-0.943592567150013));
#2861=CARTESIAN_POINT('Ctrl Pts',(-8.32966837966458,-34.28034623071,-0.946662241083134));
#2862=CARTESIAN_POINT('Ctrl Pts',(-8.04016032086809,-43.1925896369013,-0.894448585420906));
#2863=CARTESIAN_POINT('Ctrl Pts',(-7.55964543927012,-55.2466744685074,-0.830942682567932));
#2864=CARTESIAN_POINT('Ctrl Pts',(-6.15349437390829,-76.4229365328618,-0.685883298965112));
#2865=CARTESIAN_POINT('Ctrl Pts',(-3.66114584866225,-100.291961299783,-0.457526151570091));
#2866=CARTESIAN_POINT('Ctrl Pts',(-0.998148388433269,-126.397062619037,
-0.243877605382561));
#2867=CARTESIAN_POINT('Ctrl Pts',(0.754693868880994,-146.988447810138,-0.126946661441262));
#2868=CARTESIAN_POINT('Ctrl Pts',(2.08066657230967,-168.511190055729,-0.0726635574743806));
#2869=CARTESIAN_POINT('Ctrl Pts',(2.6686180967673,-183.44583545822,-0.0787154196128637));
#2870=CARTESIAN_POINT('Ctrl Pts',(2.93701617179479,-191.056785108782,-0.0866308600729986));
#2871=CARTESIAN_POINT('Ctrl Pts',(-0.822783543827727,3.52334056881943,-0.378997400101487));
#2872=CARTESIAN_POINT('Ctrl Pts',(-1.11709621783966,2.09643085706103,-0.391939134117998));
#2873=CARTESIAN_POINT('Ctrl Pts',(-1.81097830251479,-0.87213940374133,-0.430168391347582));
#2874=CARTESIAN_POINT('Ctrl Pts',(-3.58317625589807,-7.25751832121644,-0.550954323443282));
#2875=CARTESIAN_POINT('Ctrl Pts',(-5.641096445607,-14.2745265539667,-0.705209930655735));
#2876=CARTESIAN_POINT('Ctrl Pts',(-7.1354429480815,-21.8926266391667,-0.805608790048067));
#2877=CARTESIAN_POINT('Ctrl Pts',(-7.80818988355185,-27.9199652383304,-0.838558930581382));
#2878=CARTESIAN_POINT('Ctrl Pts',(-7.97976985075261,-34.2784722153342,-0.825177844390822));
#2879=CARTESIAN_POINT('Ctrl Pts',(-7.68370884524854,-43.1932514885041,-0.762538119661394));
#2880=CARTESIAN_POINT('Ctrl Pts',(-7.20028329238717,-55.2499333522314,-0.690657805742328));
#2881=CARTESIAN_POINT('Ctrl Pts',(-5.80862924072103,-76.4289992620692,-0.549129903798978));
#2882=CARTESIAN_POINT('Ctrl Pts',(-3.36167358490002,-100.298486501417,-0.351556099166782));
#2883=CARTESIAN_POINT('Ctrl Pts',(-0.754272759146236,-126.40226610201,-0.177613239777329));
#2884=CARTESIAN_POINT('Ctrl Pts',(0.959041443795167,-146.992132969494,-0.0885012308209823));
#2885=CARTESIAN_POINT('Ctrl Pts',(2.25173625145784,-168.513090824542,-0.0564779542833432));
#2886=CARTESIAN_POINT('Ctrl Pts',(2.82199914021908,-183.446488586111,-0.0733822074111602));
#2887=CARTESIAN_POINT('Ctrl Pts',(3.08165790382166,-191.056785108808,-0.0866304090522302));
#2888=CARTESIAN_POINT('Ctrl Pts',(-0.697659479241448,3.5250515880976,-0.498849196695257));
#2889=CARTESIAN_POINT('Ctrl Pts',(-0.981264895338845,2.09856563576522,-0.500015071093018));
#2890=CARTESIAN_POINT('Ctrl Pts',(-1.65192599027499,-0.869135261011058,
-0.51306110781244));
#2891=CARTESIAN_POINT('Ctrl Pts',(-3.37124076616766,-7.25290161914023,-0.577688810434671));
#2892=CARTESIAN_POINT('Ctrl Pts',(-5.37238686024978,-14.2691786238831,-0.672585517739343));
#2893=CARTESIAN_POINT('Ctrl Pts',(-6.82291108002451,-21.8880779641874,-0.726177209761227));
#2894=CARTESIAN_POINT('Ctrl Pts',(-7.47257414097743,-27.9166380973284,-0.73333391157397));
#2895=CARTESIAN_POINT('Ctrl Pts',(-7.63192817159277,-34.2767847166526,-0.7044199824396));
#2896=CARTESIAN_POINT('Ctrl Pts',(-7.33129846131381,-43.1938512488823,-0.632110965621593));
#2897=CARTESIAN_POINT('Ctrl Pts',(-6.84696031315314,-55.252828367811,-0.552607476700013));
#2898=CARTESIAN_POINT('Ctrl Pts',(-5.47129184752827,-76.4343864229382,-0.415126600172453));
#2899=CARTESIAN_POINT('Ctrl Pts',(-3.06847939452852,-100.304414894639,-0.247747300527133));
#2900=CARTESIAN_POINT('Ctrl Pts',(-0.514530695845419,-126.4071433655,-0.112559550947331));
#2901=CARTESIAN_POINT('Ctrl Pts',(1.16066996744365,-146.99568187851,-0.0506319787103819));
#2902=CARTESIAN_POINT('Ctrl Pts',(2.42094773135473,-168.51497030114,-0.0404581224585915));
#2903=CARTESIAN_POINT('Ctrl Pts',(2.9736989038096,-183.447135452129,-0.068101946706554));
#2904=CARTESIAN_POINT('Ctrl Pts',(3.22469786130215,-191.056785108826,-0.0866300784269783));
#2905=CARTESIAN_POINT('Ctrl Pts',(-0.497237594164043,3.52639930642901,-0.636499213324578));
#2906=CARTESIAN_POINT('Ctrl Pts',(-0.768351331735315,2.10030934657414,-0.623089139239786));
#2907=CARTESIAN_POINT('Ctrl Pts',(-1.4118472358231,-0.866480512195384,-0.604939825561588));
#2908=CARTESIAN_POINT('Ctrl Pts',(-3.068998307646,-7.24826747007401,-0.599888041988672));
#2909=CARTESIAN_POINT('Ctrl Pts',(-5.00324105180923,-14.2633105791844,-0.621085393987731));
#2910=CARTESIAN_POINT('Ctrl Pts',(-6.4025219071525,-21.8828426481438,-0.616703649200788));
#2911=CARTESIAN_POINT('Ctrl Pts',(-7.02559761147444,-27.9127010732365,-0.592050615808475));
#2912=CARTESIAN_POINT('Ctrl Pts',(-7.17152683397742,-34.2747512775495,-0.544195001270514));
#2913=CARTESIAN_POINT('Ctrl Pts',(-6.86720968829909,-43.1945798935271,-0.460466599651825));
#2914=CARTESIAN_POINT('Ctrl Pts',(-6.38407740694517,-55.2562692632847,-0.372283035004349));
#2915=CARTESIAN_POINT('Ctrl Pts',(-5.03148210877756,-76.4407903979567,-0.24126588388204));
#2916=CARTESIAN_POINT('Ctrl Pts',(-2.6859089662638,-100.311627019717,-0.113128388546721));
#2917=CARTESIAN_POINT('Ctrl Pts',(-0.200503370169055,-126.413262043851,
-0.0279103014713568));
#2918=CARTESIAN_POINT('Ctrl Pts',(1.42568625101687,-147.000247782112,-0.00109763406038087));
#2919=CARTESIAN_POINT('Ctrl Pts',(2.64386695377586,-168.517445626842,-0.0193467148118429));
#2920=CARTESIAN_POINT('Ctrl Pts',(3.17353045749887,-183.447988659214,-0.0611396893597927));
#2921=CARTESIAN_POINT('Ctrl Pts',(3.41310200391251,-191.056785108837,-0.0866298862230642));
#2922=CARTESIAN_POINT('Ctrl Pts',(-0.192815529716164,3.5266852711153,-0.754749078839408));
#2923=CARTESIAN_POINT('Ctrl Pts',(-0.451286517027634,2.10083529336826,-0.72581582786724));
#2924=CARTESIAN_POINT('Ctrl Pts',(-1.06713016491389,-0.865192343777908,
-0.674360037603149));
#2925=CARTESIAN_POINT('Ctrl Pts',(-2.66050196008242,-7.24477299964914,-0.59467675113481));
#2926=CARTESIAN_POINT('Ctrl Pts',(-4.52578357573709,-14.2578958588122,-0.536796759718369));
#2927=CARTESIAN_POINT('Ctrl Pts',(-5.87300173735962,-21.8775686538993,-0.470609030779249));
#2928=CARTESIAN_POINT('Ctrl Pts',(-6.46983401098238,-27.9085482723687,-0.412419770174543));
#2929=CARTESIAN_POINT('Ctrl Pts',(-6.60374875111399,-34.2725442809838,-0.34515448808311));
#2930=CARTESIAN_POINT('Ctrl Pts',(-6.29877826668841,-43.1953787697995,-0.25073258238435));
#2931=CARTESIAN_POINT('Ctrl Pts',(-5.82110426174598,-55.2599223112546,-0.155303049193789));
#2932=CARTESIAN_POINT('Ctrl Pts',(-4.50012621491142,-76.4475914749941,-0.0350243161815327));
#2933=CARTESIAN_POINT('Ctrl Pts',(-2.22318016428831,-100.319562638551,0.046399994113302));
#2934=CARTESIAN_POINT('Ctrl Pts',(0.181338884701806,-126.420298319446,0.0731372201861804));
#2935=CARTESIAN_POINT('Ctrl Pts',(1.74945685327762,-147.00567926391,0.0586887525944373));
#2936=CARTESIAN_POINT('Ctrl Pts',(2.91705587360226,-168.520478946371,0.00653089578379455));
#2937=CARTESIAN_POINT('Ctrl Pts',(3.41839217841105,-183.449036019319,-0.0525957955913072));
#2938=CARTESIAN_POINT('Ctrl Pts',(3.64392693669407,-191.056785108901,-0.0866287455259825));
#2939=CARTESIAN_POINT('Ctrl Pts',(0.21850686999992,3.52616119582872,-0.782958284821972));
#2940=CARTESIAN_POINT('Ctrl Pts',(-0.0278053094459316,2.10043636217764,
-0.741014855147046));
#2941=CARTESIAN_POINT('Ctrl Pts',(-0.61689667557144,-0.864927385848188,
-0.661476585512645));
#2942=CARTESIAN_POINT('Ctrl Pts',(-2.14801975261967,-7.24207997644555,-0.518300364255671));
#2943=CARTESIAN_POINT('Ctrl Pts',(-3.94570770080848,-14.2527122742042,-0.39288156336708));
#2944=CARTESIAN_POINT('Ctrl Pts',(-5.24280025716877,-21.8721496154669,-0.274899971407828));
#2945=CARTESIAN_POINT('Ctrl Pts',(-5.81527795761203,-27.9041384669714,-0.189543014001533));
#2946=CARTESIAN_POINT('Ctrl Pts',(-5.93955582461631,-34.270155430694,-0.107979417143606));
#2947=CARTESIAN_POINT('Ctrl Pts',(-5.63761565335224,-43.1962498782264,-0.00829525083751495));
#2948=CARTESIAN_POINT('Ctrl Pts',(-5.17021668239604,-55.2638183542783,0.0881746429441517));
#2949=CARTESIAN_POINT('Ctrl Pts',(-3.88934253488197,-76.4548451601696,0.189845687381275));
#2950=CARTESIAN_POINT('Ctrl Pts',(-1.69079401170896,-100.328227990069,0.219964247068736));
#2951=CARTESIAN_POINT('Ctrl Pts',(0.622641613898248,-126.428196577141,0.184722045537829));
#2952=CARTESIAN_POINT('Ctrl Pts',(2.12513024634274,-147.011898674472,0.126170111322128));
#2953=CARTESIAN_POINT('Ctrl Pts',(3.23485076899894,-168.524010528393,0.0366123971125661));
#2954=CARTESIAN_POINT('Ctrl Pts',(3.70318373857879,-183.450256622721,-0.042643752997741));
#2955=CARTESIAN_POINT('Ctrl Pts',(3.91234825214376,-191.05678510895,-0.0866278802815202));
#2956=CARTESIAN_POINT('Ctrl Pts',(0.627714458996161,3.52623909795273,-0.687899426942849));
#2957=CARTESIAN_POINT('Ctrl Pts',(0.392642099535149,2.10073919186722,-0.639045241444425));
#2958=CARTESIAN_POINT('Ctrl Pts',(-0.171705777995409,-0.863834306818837,
-0.544323543095842));
#2959=CARTESIAN_POINT('Ctrl Pts',(-1.64520912785028,-7.23855270707108,-0.366014968357846));
#2960=CARTESIAN_POINT('Ctrl Pts',(-3.38036866551085,-14.2469552935343,-0.202837969048335));
#2961=CARTESIAN_POINT('Ctrl Pts',(-4.63138323865058,-21.866434235068,-0.0574398018096766));
#2962=CARTESIAN_POINT('Ctrl Pts',(-5.18173794630608,-27.8995963443616,0.0408316475909442));
#2963=CARTESIAN_POINT('Ctrl Pts',(-5.29770381011403,-34.2677283795828,0.126905235481251));
#2964=CARTESIAN_POINT('Ctrl Pts',(-4.99956827794609,-43.1971311503196,0.22361929326455));
#2965=CARTESIAN_POINT('Ctrl Pts',(-4.54301940159078,-55.2678171475061,0.31282291832141));
#2966=CARTESIAN_POINT('Ctrl Pts',(-3.30168110125174,-76.4622868009692,0.389706398233797));
#2967=CARTESIAN_POINT('Ctrl Pts',(-1.17851534214323,-100.336972706206,0.373781385755924));
#2968=CARTESIAN_POINT('Ctrl Pts',(1.04768407942954,-126.436018410491,0.285588093158668));
#2969=CARTESIAN_POINT('Ctrl Pts',(2.48726069141373,-147.017975712368,0.188896088525129));
#2970=CARTESIAN_POINT('Ctrl Pts',(3.5413237680774,-168.527423191414,0.0655839423852274));
#2971=CARTESIAN_POINT('Ctrl Pts',(3.97777409686468,-183.451435406788,-0.033036737265804));
#2972=CARTESIAN_POINT('Ctrl Pts',(4.17112020664036,-191.056785108971,-0.086627514596972));
#2973=CARTESIAN_POINT('Ctrl Pts',(0.92669786610188,3.52791554617944,-0.513323731274428));
#2974=CARTESIAN_POINT('Ctrl Pts',(0.701968705690968,2.10288407506046,-0.463472238612072));
#2975=CARTESIAN_POINT('Ctrl Pts',(0.160253864199999,-0.860641482463505,
-0.36620743150815));
#2976=CARTESIAN_POINT('Ctrl Pts',(-1.26102816431397,-7.23315656556588,-0.180847699089822));
#2977=CARTESIAN_POINT('Ctrl Pts',(-2.93985312129072,-14.2402564824257,-0.0096132798834937));
#2978=CARTESIAN_POINT('Ctrl Pts',(-4.14888670859988,-21.8605150026626,0.139494763275172));
#2979=CARTESIAN_POINT('Ctrl Pts',(-4.67855320753881,-27.8951684111711,0.237363817744041));
#2980=CARTESIAN_POINT('Ctrl Pts',(-4.78579667828018,-34.2654489559531,0.319539297016021));
#2981=CARTESIAN_POINT('Ctrl Pts',(-4.48892541582262,-43.1979463967458,0.407382488558419));
#2982=CARTESIAN_POINT('Ctrl Pts',(-4.03924893995343,-55.2716792146249,0.484082231041307));
#2983=CARTESIAN_POINT('Ctrl Pts',(-2.82808570296712,-76.4694698615084,0.535627797131555));
#2984=CARTESIAN_POINT('Ctrl Pts',(-0.766015905736305,-100.345031053852,
0.485689492688627));
#2985=CARTESIAN_POINT('Ctrl Pts',(1.38889616560721,-126.442824760737,0.360706516649952));
#2986=CARTESIAN_POINT('Ctrl Pts',(2.77718152356071,-147.023037364765,0.2370967105092));
#2987=CARTESIAN_POINT('Ctrl Pts',(3.78620815376112,-168.530159000376,0.0886930156123005));
#2988=CARTESIAN_POINT('Ctrl Pts',(4.19713253377861,-183.452378218608,-0.0253544139304535));
#2989=CARTESIAN_POINT('Ctrl Pts',(4.37782145774549,-191.056785109021,-0.0866266260787382));
#2990=CARTESIAN_POINT('Ctrl Pts',(1.12026075850075,3.53070540052895,-0.330066303515433));
#2991=CARTESIAN_POINT('Ctrl Pts',(0.905264073080169,2.10630392101923,-0.281671543543748));
#2992=CARTESIAN_POINT('Ctrl Pts',(0.384698286373346,-0.856025424664512,
-0.187149160321784));
#2993=CARTESIAN_POINT('Ctrl Pts',(-0.988246623762021,-7.2265997650179,-0.00670987146815924));
#2994=CARTESIAN_POINT('Ctrl Pts',(-2.61524275263586,-14.2331392729493,0.159848347556216));
#2995=CARTESIAN_POINT('Ctrl Pts',(-3.78504941184575,-21.8546931089603,0.302837650834491));
#2996=CARTESIAN_POINT('Ctrl Pts',(-4.29474061944796,-27.8910120769586,0.395095383883899));
#2997=CARTESIAN_POINT('Ctrl Pts',(-4.39246842935021,-34.263375923412,0.470562658923286));
#2998=CARTESIAN_POINT('Ctrl Pts',(-4.09417191951528,-43.1986797498077,0.548351809219404));
#2999=CARTESIAN_POINT('Ctrl Pts',(-3.64735330526277,-55.2752791062713,0.612107375668941));
#3000=CARTESIAN_POINT('Ctrl Pts',(-2.45748849423014,-76.4761618962229,0.641375745455907));
#3001=CARTESIAN_POINT('Ctrl Pts',(-0.443635842445375,-100.35224332268,0.566577136449055));
#3002=CARTESIAN_POINT('Ctrl Pts',(1.65421082899513,-126.448591394618,0.415946872663424));
#3003=CARTESIAN_POINT('Ctrl Pts',(3.00159383641621,-147.027131554678,0.273332643808679));
#3004=CARTESIAN_POINT('Ctrl Pts',(3.97516233904411,-168.532276361271,0.106501238014619));
#3005=CARTESIAN_POINT('Ctrl Pts',(4.36636007920671,-183.453105967765,-0.019425800346173));
#3006=CARTESIAN_POINT('Ctrl Pts',(4.53727711488092,-191.056785109028,-0.0866264957321604));
#3007=CARTESIAN_POINT('Ctrl Pts',(1.19935030614036,3.53262825974542,-0.227159771868492));
#3008=CARTESIAN_POINT('Ctrl Pts',(0.98980435583608,2.10863439588306,-0.180094595735076));
#3009=CARTESIAN_POINT('Ctrl Pts',(0.481045274847025,-0.85296680796594,-0.0882293725868564));
#3010=CARTESIAN_POINT('Ctrl Pts',(-0.865079534705142,-7.22250534054352,
0.0869148241613962));
#3011=CARTESIAN_POINT('Ctrl Pts',(-2.46340631986006,-14.2289391787625,0.248131772687283));
#3012=CARTESIAN_POINT('Ctrl Pts',(-3.61130838633749,-21.8513846933122,0.385618738488893));
#3013=CARTESIAN_POINT('Ctrl Pts',(-4.10962974094694,-27.888708322068,0.473658050888089));
#3014=CARTESIAN_POINT('Ctrl Pts',(-4.20157832251297,-34.262247069236,0.544815994087601));
#3015=CARTESIAN_POINT('Ctrl Pts',(-3.90160240600781,-43.1990752686383,0.616806204226324));
#3016=CARTESIAN_POINT('Ctrl Pts',(-3.45516476844376,-55.2772654426826,0.673323732568348));
#3017=CARTESIAN_POINT('Ctrl Pts',(-2.27485332430002,-76.4798540065365,0.690971349461385));
#3018=CARTESIAN_POINT('Ctrl Pts',(-0.284921257020134,-100.356130679087,
0.604447875881487));
#3019=CARTESIAN_POINT('Ctrl Pts',(1.78428814938696,-126.451594265142,0.442091559839175));
#3020=CARTESIAN_POINT('Ctrl Pts',(3.11120608704118,-147.029197096193,0.290714764406232));
#3021=CARTESIAN_POINT('Ctrl Pts',(4.06721392904595,-168.533310290693,0.115169101215862));
#3022=CARTESIAN_POINT('Ctrl Pts',(4.44879081918151,-183.45346054304,-0.0165373467678725));
#3023=CARTESIAN_POINT('Ctrl Pts',(4.61494635915168,-191.056785109036,-0.0866263621536193));
#3024=CARTESIAN_POINT('Ctrl Pts',(1.29731620565784,3.53574538340828,-0.075970352055556));
#3025=CARTESIAN_POINT('Ctrl Pts',(1.09596176354124,2.11239853249735,-0.0311063586794349));
#3026=CARTESIAN_POINT('Ctrl Pts',(0.604906485979797,-0.848073600091783,
0.0563243008909739));
#3027=CARTESIAN_POINT('Ctrl Pts',(-0.701096022826788,-7.21609622426207,
0.222465412736264));
#3028=CARTESIAN_POINT('Ctrl Pts',(-2.25661051894175,-14.2225113960829,0.374534094480112));
#3029=CARTESIAN_POINT('Ctrl Pts',(-3.37164474039971,-21.8464029491368,0.502939914064059));
#3030=CARTESIAN_POINT('Ctrl Pts',(-3.85274562843172,-27.8852784906338,0.584261399650021));
#3031=CARTESIAN_POINT('Ctrl Pts',(-3.93569099425205,-34.2605806582269,0.648827453923227));
#3032=CARTESIAN_POINT('Ctrl Pts',(-3.63256105062031,-43.1996581263027,0.712221533661875));
#3033=CARTESIAN_POINT('Ctrl Pts',(-3.18583186927393,-55.2802182622716,0.758124040963898));
#3034=CARTESIAN_POINT('Ctrl Pts',(-2.01818135506645,-76.4853415596385,0.759125487417155));
#3035=CARTESIAN_POINT('Ctrl Pts',(-0.0619971098230167,-100.361845598499,
0.656454185175166));
#3036=CARTESIAN_POINT('Ctrl Pts',(1.96654731914521,-126.455935111891,0.478160016127332));
#3037=CARTESIAN_POINT('Ctrl Pts',(3.26445429863822,-147.032134739371,0.314828808476297));
#3038=CARTESIAN_POINT('Ctrl Pts',(4.19571448254443,-168.534755145959,0.127265184766589));
#3039=CARTESIAN_POINT('Ctrl Pts',(4.56385449706702,-183.4539555172,-0.0125052621164218));
#3040=CARTESIAN_POINT('Ctrl Pts',(4.72336302761442,-191.056785109044,-0.086626213286858));
#3041=CARTESIAN_POINT('Ctrl Pts',(1.42394868213749,3.53961012694999,0.118566801251158));
#3042=CARTESIAN_POINT('Ctrl Pts',(1.23277298992954,2.11706698153185,0.160473423664972));
#3043=CARTESIAN_POINT('Ctrl Pts',(0.763727782972774,-0.841999132130764,
0.24192381666144));
#3044=CARTESIAN_POINT('Ctrl Pts',(-0.492381755072266,-7.20812180252542,
0.395870100840405));
#3045=CARTESIAN_POINT('Ctrl Pts',(-1.99464217928627,-14.2144943075513,0.535515028549803));
#3046=CARTESIAN_POINT('Ctrl Pts',(-3.06883496685695,-21.8401782063146,0.651743499078021));
#3047=CARTESIAN_POINT('Ctrl Pts',(-3.52857849069101,-27.880987238391,0.72416890713104));
#3048=CARTESIAN_POINT('Ctrl Pts',(-3.60041660754575,-34.2584935426294,0.780124732052562));
#3049=CARTESIAN_POINT('Ctrl Pts',(-3.29352114855004,-43.20038775532,0.832424007542574));
#3050=CARTESIAN_POINT('Ctrl Pts',(-2.84663700467795,-55.2839127395288,0.86467660811299));
#3051=CARTESIAN_POINT('Ctrl Pts',(-1.69512215034242,-76.4922077365631,0.844475294297143));
#3052=CARTESIAN_POINT('Ctrl Pts',(0.218616104164489,-100.369005233373,0.721561775592248));
#3053=CARTESIAN_POINT('Ctrl Pts',(2.19608341964222,-126.461384004472,0.523400207248595));
#3054=CARTESIAN_POINT('Ctrl Pts',(3.45753857135215,-147.035829383712,0.345144096819719));
#3055=CARTESIAN_POINT('Ctrl Pts',(4.35766572022711,-168.536576155893,0.142508815039736));
#3056=CARTESIAN_POINT('Ctrl Pts',(4.70887002064484,-183.454579405269,-0.00742299636433925));
#3057=CARTESIAN_POINT('Ctrl Pts',(4.86000003255651,-191.056785109064,-0.0866258548475618));
#3058=CARTESIAN_POINT('Ctrl Pts',(1.6132633696502,3.54487379132033,0.407117550365961));
#3059=CARTESIAN_POINT('Ctrl Pts',(1.4360217663693,2.1234311499758,0.444218871007426));
#3060=CARTESIAN_POINT('Ctrl Pts',(0.99712196308518,-0.833698818090532,0.515900799864368));
#3061=CARTESIAN_POINT('Ctrl Pts',(-0.190584051470567,-7.19716735612517,
0.649729159448872));
#3062=CARTESIAN_POINT('Ctrl Pts',(-1.61980903755781,-14.2034196602626,0.768801355975612));
#3063=CARTESIAN_POINT('Ctrl Pts',(-2.63811779721412,-21.831544744545,0.865338256998537));
#3064=CARTESIAN_POINT('Ctrl Pts',(-3.06876149215556,-27.8750187586036,0.923726197839124));
#3065=CARTESIAN_POINT('Ctrl Pts',(-3.1256652345488,-34.2555847220122,0.966489193650672));
#3066=CARTESIAN_POINT('Ctrl Pts',(-2.81411419109727,-43.2014060376333,1.00221666907102));
#3067=CARTESIAN_POINT('Ctrl Pts',(-2.36770257504471,-55.2890538905651,1.01426094259586));
#3068=CARTESIAN_POINT('Ctrl Pts',(-1.23957732001513,-76.5017623050457,0.963325138073955));
#3069=CARTESIAN_POINT('Ctrl Pts',(0.614419026951493,-100.378995858038,0.812159709391326));
#3070=CARTESIAN_POINT('Ctrl Pts',(2.52022067474546,-126.469020518719,0.586646005632277));
#3071=CARTESIAN_POINT('Ctrl Pts',(3.73049139370205,-147.041029299296,0.38776208655127));
#3072=CARTESIAN_POINT('Ctrl Pts',(4.58678338405684,-168.539150964373,0.164063826324532));
#3073=CARTESIAN_POINT('Ctrl Pts',(4.91404190450955,-183.455461845486,-0.00023411607798467));
#3074=CARTESIAN_POINT('Ctrl Pts',(5.05332236289936,-191.056785109089,-0.0866254056299856));
#3075=CARTESIAN_POINT('Ctrl Pts',(1.8015870147431,3.54957193107687,0.692230767337186));
#3076=CARTESIAN_POINT('Ctrl Pts',(1.6368529377282,2.12911795037385,0.724127081377545));
#3077=CARTESIAN_POINT('Ctrl Pts',(1.22503485879941,-0.826260259011943,0.785171564752818));
#3078=CARTESIAN_POINT('Ctrl Pts',(0.0988503508391465,-7.18728469707552,
0.896902453781719));
#3079=CARTESIAN_POINT('Ctrl Pts',(-1.26465351042621,-14.1933591491247,0.993295026516025));
#3080=CARTESIAN_POINT('Ctrl Pts',(-2.23282400850247,-21.8236627317382,1.06859098217336));
#3081=CARTESIAN_POINT('Ctrl Pts',(-2.63750357015974,-27.8695508357788,1.11218856344762));
#3082=CARTESIAN_POINT('Ctrl Pts',(-2.68130910252841,-34.2529129766429,1.14145345106228));
#3083=CARTESIAN_POINT('Ctrl Pts',(-2.36614957055722,-43.2023421971777,1.16068093016514));
#3084=CARTESIAN_POINT('Ctrl Pts',(-1.92094142279188,-55.2937662033807,1.15279665855483));
#3085=CARTESIAN_POINT('Ctrl Pts',(-0.815298771715127,-76.5105199425119,
1.07227494556832));
#3086=CARTESIAN_POINT('Ctrl Pts',(0.983199564846322,-100.388184174279,0.895134499428825));
#3087=CARTESIAN_POINT('Ctrl Pts',(2.8226750942753,-126.476080665798,0.644911945341725));
#3088=CARTESIAN_POINT('Ctrl Pts',(3.98553073762878,-147.045861144441,0.427299444522071));
#3089=CARTESIAN_POINT('Ctrl Pts',(4.80108222013905,-168.541556632455,0.184205091993062));
#3090=CARTESIAN_POINT('Ctrl Pts',(5.10597347459742,-183.456286604669,0.00648602661008137));
#3091=CARTESIAN_POINT('Ctrl Pts',(5.23418239966189,-191.056785109101,-0.0866251995296719));
#3092=CARTESIAN_POINT('Ctrl Pts',(1.98855345584468,3.55367280659382,0.97373126254963));
#3093=CARTESIAN_POINT('Ctrl Pts',(1.8348108206544,2.13408927970171,0.999989806418678));
#3094=CARTESIAN_POINT('Ctrl Pts',(1.44681574409807,-0.819732452280008,1.04945809307319));
#3095=CARTESIAN_POINT('Ctrl Pts',(0.374833572073655,-7.1785367083619,1.13695037834094));
#3096=CARTESIAN_POINT('Ctrl Pts',(-0.930732180529848,-14.1843744937574,
1.20838693512338));
#3097=CARTESIAN_POINT('Ctrl Pts',(-1.85487395178248,-21.8165793015917,1.26076537396315));
#3098=CARTESIAN_POINT('Ctrl Pts',(-2.23691947626647,-27.8646156482127,1.28875563288791));
#3099=CARTESIAN_POINT('Ctrl Pts',(-2.26957258484896,-34.2504938881555,1.30418934325819));
#3100=CARTESIAN_POINT('Ctrl Pts',(-1.95190444931335,-43.2031910580189,1.30698858928146));
#3101=CARTESIAN_POINT('Ctrl Pts',(-1.50865991383991,-55.2980222833755,1.27947178533971));
#3102=CARTESIAN_POINT('Ctrl Pts',(-0.424500486108284,-76.5184296071431,
1.1705923445307));
#3103=CARTESIAN_POINT('Ctrl Pts',(1.32305704945065,-100.396517603273,0.969922441971879));
#3104=CARTESIAN_POINT('Ctrl Pts',(3.10193229502776,-126.482525217776,0.6978316256187));
#3105=CARTESIAN_POINT('Ctrl Pts',(4.22141651313766,-147.050298833539,0.463531058141457));
#3106=CARTESIAN_POINT('Ctrl Pts',(4.99955195449848,-168.543780590485,0.202830281984076));
#3107=CARTESIAN_POINT('Ctrl Pts',(5.28377566840643,-183.4570493937,0.0127037485621594));
#3108=CARTESIAN_POINT('Ctrl Pts',(5.40175087610684,-191.05678510912,-0.0866248551036943));
#3109=CARTESIAN_POINT('Ctrl Pts',(2.17380185301734,3.55714448074031,1.25143924266513));
#3110=CARTESIAN_POINT('Ctrl Pts',(2.02944372882275,2.1383066491329,1.27159535968096));
#3111=CARTESIAN_POINT('Ctrl Pts',(1.66181817650104,-0.814165050981048,1.3084785775465));
#3112=CARTESIAN_POINT('Ctrl Pts',(0.636277958213651,-7.17098708369986,1.36943311062866));
#3113=CARTESIAN_POINT('Ctrl Pts',(-0.619601735446344,-14.1765280875303,
1.4134679477207));
#3114=CARTESIAN_POINT('Ctrl Pts',(-1.50618998531204,-21.8103419138036,1.44112678580062));
#3115=CARTESIAN_POINT('Ctrl Pts',(-1.86912825184435,-27.860245395014,1.45263075975842));
#3116=CARTESIAN_POINT('Ctrl Pts',(-1.89268447854206,-34.2483429006302,1.45387253396464));
#3117=CARTESIAN_POINT('Ctrl Pts',(-1.57366118668997,-43.2039471121404,1.44031596752945));
#3118=CARTESIAN_POINT('Ctrl Pts',(-1.1331683539961,-55.3017943443194,1.3934776833133));
#3119=CARTESIAN_POINT('Ctrl Pts',(-0.0694001583790321,-76.5254397134508,
1.25754807364569));
#3120=CARTESIAN_POINT('Ctrl Pts',(1.63208864112167,-100.40394314954,1.03596149702105));
#3121=CARTESIAN_POINT('Ctrl Pts',(3.35647719264073,-126.488314794037,0.745038930490098));
#3122=CARTESIAN_POINT('Ctrl Pts',(4.43690872679207,-147.054316300231,0.496231351440144));
#3123=CARTESIAN_POINT('Ctrl Pts',(5.18118264533574,-168.545810324649,0.219836372734614));
#3124=CARTESIAN_POINT('Ctrl Pts',(5.44655957262935,-183.457745923434,0.0183848342061916));
#3125=CARTESIAN_POINT('Ctrl Pts',(5.55519867469175,-191.056785109139,-0.0866245233434859));
#3126=CARTESIAN_POINT('Ctrl Pts',(2.35697009054088,3.55995506134862,1.52517576383556));
#3127=CARTESIAN_POINT('Ctrl Pts',(2.22029941820654,2.14173171630482,1.53873229238151));
#3128=CARTESIAN_POINT('Ctrl Pts',(1.86939477420603,-0.809607416574641,1.56195183178432));
#3129=CARTESIAN_POINT('Ctrl Pts',(0.882096965968877,-7.16469914274903,1.59390970567704));
#3130=CARTESIAN_POINT('Ctrl Pts',(-0.332818013867858,-14.1698820111763,
1.60792809820434));
#3131=CARTESIAN_POINT('Ctrl Pts',(-1.18869282748556,-21.8049978929014,1.60893906770894));
#3132=CARTESIAN_POINT('Ctrl Pts',(-1.53624611607357,-27.8564723005351,1.60301475600487));
#3133=CARTESIAN_POINT('Ctrl Pts',(-1.55287082827821,-34.2464755584675,1.58967621782134));
#3134=CARTESIAN_POINT('Ctrl Pts',(-1.23369904513386,-43.2046050493741,1.55983661607384));
#3135=CARTESIAN_POINT('Ctrl Pts',(-0.79677484577264,-55.3050548074019,1.49400375055426));
#3136=CARTESIAN_POINT('Ctrl Pts',(0.247786481356513,-76.5314989488787,1.33241112394428));
#3137=CARTESIAN_POINT('Ctrl Pts',(1.90839261726085,-100.410408020446,1.09268862840165));
#3138=CARTESIAN_POINT('Ctrl Pts',(3.58479505725774,-126.493410079796,0.786167428275278));
#3139=CARTESIAN_POINT('Ctrl Pts',(4.63076733450744,-147.057887455705,0.525174795271595));
#3140=CARTESIAN_POINT('Ctrl Pts',(5.34496421871497,-168.547633286042,0.235120456012355));
#3141=CARTESIAN_POINT('Ctrl Pts',(5.59343627688984,-183.458371904722,0.0234950575105253));
#3142=CARTESIAN_POINT('Ctrl Pts',(5.69369668080507,-191.056785109148,-0.0866243657000738));
#3143=CARTESIAN_POINT('Ctrl Pts',(2.53769139937063,3.56207282509118,1.79476539827435));
#3144=CARTESIAN_POINT('Ctrl Pts',(2.40692066431942,2.1443262609399,1.80119296843735));
#3145=CARTESIAN_POINT('Ctrl Pts',(2.06889406811677,-0.806108854528896,1.809599789764));
#3146=CARTESIAN_POINT('Ctrl Pts',(1.11119950851824,-7.15973618379538,1.80994284764925));
#3147=CARTESIAN_POINT('Ctrl Pts',(-0.0719398718185355,-14.1644983343029,
1.79115991472319));
#3148=CARTESIAN_POINT('Ctrl Pts',(-0.904305804803405,-21.8005945013733,
1.76346834540651));
#3149=CARTESIAN_POINT('Ctrl Pts',(-1.24039225533989,-27.8533284657447,1.73911108580194));
#3150=CARTESIAN_POINT('Ctrl Pts',(-1.25236015455909,-34.2449072795924,1.71077588304181));
#3151=CARTESIAN_POINT('Ctrl Pts',(-0.934299676392896,-43.205159410504,1.66472635452373));
#3152=CARTESIAN_POINT('Ctrl Pts',(-0.501788773491255,-55.3077760089091,
1.58024077892343));
#3153=CARTESIAN_POINT('Ctrl Pts',(0.524842918079387,-76.536555935754,1.3944515096765));
#3154=CARTESIAN_POINT('Ctrl Pts',(2.15006695106395,-100.41585939511,1.13954143579773));
#3155=CARTESIAN_POINT('Ctrl Pts',(3.78537112967776,-126.497771778879,0.820851075421923));
#3156=CARTESIAN_POINT('Ctrl Pts',(4.8017523766297,-147.060986257226,0.550136137344136));
#3157=CARTESIAN_POINT('Ctrl Pts',(5.48988660836861,-168.549236956455,0.248579975224761));
#3158=CARTESIAN_POINT('Ctrl Pts',(5.72351673188018,-183.458923048444,0.0280006882507088));
#3159=CARTESIAN_POINT('Ctrl Pts',(5.81641564090384,-191.056785109166,-0.086624047817285));
#3160=CARTESIAN_POINT('Ctrl Pts',(2.65629837834325,3.5630015697573,1.97160862425573));
#3161=CARTESIAN_POINT('Ctrl Pts',(2.52820912233382,2.14547674799695,1.9729090320642));
#3162=CARTESIAN_POINT('Ctrl Pts',(2.19607609351724,-0.80451541257567,1.97062805092144));
#3163=CARTESIAN_POINT('Ctrl Pts',(1.25206478936254,-7.15735306122193,1.94804272385997));
#3164=CARTESIAN_POINT('Ctrl Pts',(0.0836705620737856,-14.1617921900483,
1.90542274430945));
#3165=CARTESIAN_POINT('Ctrl Pts',(-0.73806894245148,-21.7983175237864,1.8571422020894));
#3166=CARTESIAN_POINT('Ctrl Pts',(-1.06925330049011,-27.851673536982,1.81978458574721));
#3167=CARTESIAN_POINT('Ctrl Pts',(-1.07970622506397,-34.2440714723182,1.78115555393973));
#3168=CARTESIAN_POINT('Ctrl Pts',(-0.763261923899095,-43.2054563651844,
1.72434837848264));
#3169=CARTESIAN_POINT('Ctrl Pts',(-0.334275317290219,-55.3092122364675,
1.62766596153606));
#3170=CARTESIAN_POINT('Ctrl Pts',(0.681316468132274,-76.5392248798646,1.42677616449689));
#3171=CARTESIAN_POINT('Ctrl Pts',(2.28682890346523,-100.418782785519,1.16381849273161));
#3172=CARTESIAN_POINT('Ctrl Pts',(3.89958417865006,-126.500164316958,0.839432687687121));
#3173=CARTESIAN_POINT('Ctrl Pts',(4.8996666943578,-147.062719839626,0.563971955200803));
#3174=CARTESIAN_POINT('Ctrl Pts',(5.57325537609641,-168.550151516074,0.256268026207114));
#3175=CARTESIAN_POINT('Ctrl Pts',(5.798446916513,-183.459237726453,0.0305786067771244));
#3176=CARTESIAN_POINT('Ctrl Pts',(5.88715616162255,-191.05678510918,-0.0866237929396971));
#3177=CARTESIAN_POINT('Ctrl Pts',(2.71507369615498,3.56333982740318,2.05927899041154));
#3178=CARTESIAN_POINT('Ctrl Pts',(2.58799716333134,2.14590076782456,2.05791681074603));
#3179=CARTESIAN_POINT('Ctrl Pts',(2.2581053863489,-0.803911691500102,2.05007718631482));
#3180=CARTESIAN_POINT('Ctrl Pts',(1.31934928194602,-7.15640347756371,2.01553824721299));
#3181=CARTESIAN_POINT('Ctrl Pts',(0.156639626314226,-14.1606702451323,1.96047931988271));
#3182=CARTESIAN_POINT('Ctrl Pts',(-0.661109149737987,-21.7973515993536,
1.90151989610987));
#3183=CARTESIAN_POINT('Ctrl Pts',(-0.990560750321043,-27.8509616952355,
1.85747375264592));
#3184=CARTESIAN_POINT('Ctrl Pts',(-1.00067193096074,-34.2437085908215,1.81361923010815));
#3185=CARTESIAN_POINT('Ctrl Pts',(-0.685263461689544,-43.2055857975539,
1.7514455774347));
#3186=CARTESIAN_POINT('Ctrl Pts',(-0.25818935888673,-55.3098312632861,1.64872696500716));
#3187=CARTESIAN_POINT('Ctrl Pts',(0.752126137034279,-76.54037518104,1.44055783183465));
#3188=CARTESIAN_POINT('Ctrl Pts',(2.34880427166858,-100.420057947063,1.17412366418684));
#3189=CARTESIAN_POINT('Ctrl Pts',(3.95156213550036,-126.501225208292,0.847527173154658));
#3190=CARTESIAN_POINT('Ctrl Pts',(4.94439825573842,-147.063499208348,0.570150926617143));
#3191=CARTESIAN_POINT('Ctrl Pts',(5.61145990048086,-168.550568066201,0.259773555462588));
#3192=CARTESIAN_POINT('Ctrl Pts',(5.83281635860553,-183.459381162808,0.0317552916074093));
#3193=CARTESIAN_POINT('Ctrl Pts',(5.91962023755555,-191.05678510918,-0.0866237929396967));
#3194=CARTESIAN_POINT('',(-4.18413087585336,-5.12899669771501,0.));
#3195=CARTESIAN_POINT('',(13.3938701524763,0.480051602224796,10.8630771147196));
#3196=CARTESIAN_POINT('Ctrl Pts',(-4.18413087585336,-5.12899669771501,-6.93889390390723E-17));
#3197=CARTESIAN_POINT('Ctrl Pts',(-4.42531280345791,-5.03998524017155,0.143355960980209));
#3198=CARTESIAN_POINT('Ctrl Pts',(-4.66654479740374,-4.94329466671271,0.306333184579263));
#3199=CARTESIAN_POINT('Ctrl Pts',(-4.87549752953853,-4.85417145462324,0.49415025756942));
#3200=CARTESIAN_POINT('Ctrl Pts',(-4.99682430685949,-4.80242275530336,0.603204778938648));
#3201=CARTESIAN_POINT('Ctrl Pts',(-5.12150410027772,-4.74689408392099,0.740378795360978));
#3202=CARTESIAN_POINT('Ctrl Pts',(-5.19866580730324,-4.71181355036872,0.845221164941776));
#3203=CARTESIAN_POINT('Ctrl Pts',(-5.23119910060355,-4.69702272560366,0.889425313493639));
#3204=CARTESIAN_POINT('Ctrl Pts',(-5.25225180356235,-4.68732712515098,0.921922956864864));
#3205=CARTESIAN_POINT('Ctrl Pts',(-5.26023240833006,-4.68365529640856,0.934245949044168));
#3206=CARTESIAN_POINT('Ctrl Pts',(-5.27713971502109,-4.67587634525483,0.960352818660098));
#3207=CARTESIAN_POINT('Ctrl Pts',(-5.27797084817347,-4.67548314653801,0.964958576775767));
#3208=CARTESIAN_POINT('Ctrl Pts',(-5.28644245257766,-4.671565641846,0.985029707234676));
#3209=CARTESIAN_POINT('Ctrl Pts',(-5.33175627773898,-4.65061127308509,1.09238831996153));
#3210=CARTESIAN_POINT('Ctrl Pts',(-5.35788164067622,-4.63838271740718,1.30537198606777));
#3211=CARTESIAN_POINT('Ctrl Pts',(-5.31545468688218,-4.65811202174416,1.50255420694889));
#3212=CARTESIAN_POINT('Ctrl Pts',(-5.29469777700472,-4.66776436195351,1.59902339038676));
#3213=CARTESIAN_POINT('Ctrl Pts',(-5.25932373121865,-4.68417207059153,1.69332782014245));
#3214=CARTESIAN_POINT('Ctrl Pts',(-5.21212174507904,-4.70568798519731,1.77450203413127));
#3215=CARTESIAN_POINT('Ctrl Pts',(-5.17961417987198,-4.72050579381595,1.83040595407585));
#3216=CARTESIAN_POINT('Ctrl Pts',(-5.14196715306178,-4.73752514090301,1.87976070136428));
#3217=CARTESIAN_POINT('Ctrl Pts',(-5.10029678490965,-4.75610953964223,1.92128867994194));
#3218=CARTESIAN_POINT('Ctrl Pts',(-5.08964058737073,-4.76086205402809,1.93190846476121));
#3219=CARTESIAN_POINT('Ctrl Pts',(-5.08047676242392,-4.76494017438223,1.94055978082206));
#3220=CARTESIAN_POINT('Ctrl Pts',(-5.06663372658563,-4.77107325853414,1.95237751895422));
#3221=CARTESIAN_POINT('Ctrl Pts',(-5.05184609208637,-4.77762484214997,1.96500165676241));
#3222=CARTESIAN_POINT('Ctrl Pts',(-5.0263833727209,-4.78892674176294,1.98674629212914));
#3223=CARTESIAN_POINT('Ctrl Pts',(-4.98046329848807,-4.80892765433868,2.02617662731341));
#3224=CARTESIAN_POINT('Ctrl Pts',(-3.42511475283713,-5.48637408285802,3.36171267571856));
#3225=CARTESIAN_POINT('Ctrl Pts',(-1.5901633366526,-5.97040312278115,4.50276077468643));
#3226=CARTESIAN_POINT('Ctrl Pts',(0.451405901977304,-6.04640258435489,5.65420084468411));
#3227=CARTESIAN_POINT('Ctrl Pts',(2.05122276205672,-6.10595737078193,6.5564936508735));
#3228=CARTESIAN_POINT('Ctrl Pts',(3.78964190392363,-5.89604655491854,7.46293842623674));
#3229=CARTESIAN_POINT('Ctrl Pts',(5.42641247220115,-5.39171043892419,8.3137989189464));
#3230=CARTESIAN_POINT('Ctrl Pts',(6.90777022146646,-4.93526148502541,9.08386945225614));
#3231=CARTESIAN_POINT('Ctrl Pts',(8.33705603925123,-4.24129100606446,9.82432426268617));
#3232=CARTESIAN_POINT('Ctrl Pts',(9.63707796471708,-3.32721035932707,10.5182518515469));
#3233=CARTESIAN_POINT('Ctrl Pts',(10.4719947608817,-2.74015773347496,10.9639149499244));
#3234=CARTESIAN_POINT('Ctrl Pts',(11.2521778023281,-2.06425454439578,11.3890486297048));
#3235=CARTESIAN_POINT('Ctrl Pts',(11.9618262837269,-1.30591020700637,11.7892902786612));
#3236=CARTESIAN_POINT('Ctrl Pts',(12.357148488545,-0.883461116609997,12.0122519495064));
#3237=CARTESIAN_POINT('Ctrl Pts',(12.7470211448402,-0.410357279349769,12.2375396229114));
#3238=CARTESIAN_POINT('Ctrl Pts',(13.0515348642703,-0.000342301637693589,
12.4179221524432));
#3239=CARTESIAN_POINT('Ctrl Pts',(13.6162108257839,0.759970245881767,12.7524150563892));
#3240=CARTESIAN_POINT('Ctrl Pts',(13.9677567112856,1.36530317890948,12.8065912347794));
#3241=CARTESIAN_POINT('Ctrl Pts',(14.2436447176554,1.88240639581359,12.8223538264956));
#3242=CARTESIAN_POINT('Ctrl Pts',(14.5357799954204,2.42996224607027,12.8390446901902));
#3243=CARTESIAN_POINT('Ctrl Pts',(14.741310536217,2.8986652610865,12.7743261392388));
#3244=CARTESIAN_POINT('Ctrl Pts',(14.8635504840206,3.19319089788808,12.6516648661227));
#3245=CARTESIAN_POINT('Ctrl Pts',(14.9204749092985,3.33034493718346,12.5945442390163));
#3246=CARTESIAN_POINT('Ctrl Pts',(14.9788528347035,3.47922668686341,12.5127758680116));
#3247=CARTESIAN_POINT('Ctrl Pts',(14.9870942273494,3.50039136141037,12.3655722071974));
#3248=CARTESIAN_POINT('Ctrl Pts',(14.9952974744746,3.52145807465833,12.2190498827202));
#3249=CARTESIAN_POINT('Ctrl Pts',(14.9481645552834,3.39979474735639,12.0988917045262));
#3250=CARTESIAN_POINT('Ctrl Pts',(14.896897612823,3.27420507987587,12.0078716903433));
#3251=CARTESIAN_POINT('Ctrl Pts',(14.8401762617999,3.13525363724729,11.9071678463686));
#3252=CARTESIAN_POINT('Ctrl Pts',(14.7655351754199,2.95851829225927,11.8252558312378));
#3253=CARTESIAN_POINT('Ctrl Pts',(14.6756079846813,2.75976784855983,11.7669147574394));
#3254=CARTESIAN_POINT('Ctrl Pts',(14.5597195259192,2.50363972524754,11.6917310775147));
#3255=CARTESIAN_POINT('Ctrl Pts',(14.3487717771482,2.06980486845376,11.5547409468548));
#3256=CARTESIAN_POINT('Ctrl Pts',(14.1424521050462,1.69592640852088,11.4132182468101));
#3257=CARTESIAN_POINT('Ctrl Pts',(13.9097592451658,1.27425625364375,11.2536051499304));
#3258=CARTESIAN_POINT('Ctrl Pts',(13.659490674524,0.868743963186938,11.0724256008316));
#3259=CARTESIAN_POINT('Ctrl Pts',(13.3938701524763,0.480051602224792,10.8630771147196));
#3260=CARTESIAN_POINT('',(-2.55856969481376,-1.7259943065336,-1.51827307670604E-8));
#3261=CARTESIAN_POINT('Ctrl Pts',(-2.55856971381892,-1.72599429949297,0.));
#3262=CARTESIAN_POINT('Ctrl Pts',(-2.96283385540524,-2.81724860916043,0.));
#3263=CARTESIAN_POINT('Ctrl Pts',(-3.47208562764602,-3.94916840594804,-6.67281932661123E-15));
#3264=CARTESIAN_POINT('Ctrl Pts',(-3.97660564192218,-4.79435612957403,-6.66133814775094E-15));
#3265=CARTESIAN_POINT('Ctrl Pts',(-4.0457681119955,-4.91021926480659,-6.6597642425205E-15));
#3266=CARTESIAN_POINT('Ctrl Pts',(-4.11492966440608,-5.02165633806252,-8.88335810223169E-15));
#3267=CARTESIAN_POINT('Ctrl Pts',(-4.18413087585337,-5.12899669771504,-8.88178419700125E-15));
#3268=CARTESIAN_POINT('',(0.215508393289669,-2.27873775249357,-6.43644859632531E-11));
#3269=CARTESIAN_POINT('Ctrl Pts',(-2.55856969481377,-1.72599430653361,-3.03654634770112E-8));
#3270=CARTESIAN_POINT('Ctrl Pts',(-2.52808047953844,-1.73619045902369,-0.0481422196518037));
#3271=CARTESIAN_POINT('Ctrl Pts',(-2.49460186332368,-1.74719711280944,-0.10145507673831));
#3272=CARTESIAN_POINT('Ctrl Pts',(-2.43719197230693,-1.76588764142696,-0.182361519423899));
#3273=CARTESIAN_POINT('Ctrl Pts',(-2.39431608984059,-1.77963136341076,-0.229641247897789));
#3274=CARTESIAN_POINT('Ctrl Pts',(-2.23253476514385,-1.83023048035296,-0.380173658034908));
#3275=CARTESIAN_POINT('Ctrl Pts',(-2.07508202608339,-1.87753540947929,-0.478683778058113));
#3276=CARTESIAN_POINT('Ctrl Pts',(-1.66726856770607,-1.98596265761724,-0.624200938944016));
#3277=CARTESIAN_POINT('Ctrl Pts',(-1.42453546921262,-2.04343155942255,-0.659390369621597));
#3278=CARTESIAN_POINT('Ctrl Pts',(-0.904515325405576,-2.14605545897942,
-0.629602075486001));
#3279=CARTESIAN_POINT('Ctrl Pts',(-0.640942554560435,-2.1877566639306,-0.562008884160349));
#3280=CARTESIAN_POINT('Ctrl Pts',(-0.0569294650583686,-2.26142621902168,
-0.286861889464693));
#3281=CARTESIAN_POINT('Ctrl Pts',(0.143330141329757,-2.27363147628945,-0.0792890293606788));
#3282=CARTESIAN_POINT('Ctrl Pts',(0.215508393289665,-2.27873775249359,-1.28723698367139E-10));
#3283=CARTESIAN_POINT('',(-0.672939626351825,-5.96214326054695,0.));
#3284=CARTESIAN_POINT('Ctrl Pts',(-0.672916024002585,-5.96216939323232,
-1.38607128768453E-5));
#3285=CARTESIAN_POINT('Ctrl Pts',(-0.649303320580826,-5.86907547688423,
2.84345059112767E-6));
#3286=CARTESIAN_POINT('Ctrl Pts',(-0.625925685528795,-5.77663063155635,
1.61661403156936E-5));
#3287=CARTESIAN_POINT('Ctrl Pts',(-0.60278060623881,-5.68481638927227,2.65819329469744E-5));
#3288=CARTESIAN_POINT('Ctrl Pts',(-0.510395903709433,-5.31833540404424,
6.81570726037685E-5));
#3289=CARTESIAN_POINT('Ctrl Pts',(-0.421716334017562,-4.96189737474788,
6.31943077642979E-5));
#3290=CARTESIAN_POINT('Ctrl Pts',(-0.336474247448149,-4.61438232394457,
3.98825329467473E-5));
#3291=CARTESIAN_POINT('Ctrl Pts',(-0.251062284098986,-4.2661747192618,1.6524300687859E-5));
#3292=CARTESIAN_POINT('Ctrl Pts',(-0.169100760080971,-3.9269258298711,-2.52937508962546E-5));
#3293=CARTESIAN_POINT('Ctrl Pts',(-0.0903259624204863,-3.59556087287359,
-5.40422391231282E-5));
#3294=CARTESIAN_POINT('Ctrl Pts',(-0.0119843850687287,-3.26601825034389,
-8.26326256561232E-5));
#3295=CARTESIAN_POINT('Ctrl Pts',(0.0632060167240819,-2.94427326279146,
-9.8313894323179E-5));
#3296=CARTESIAN_POINT('Ctrl Pts',(0.135489090351849,-2.62931758347229,-6.65454916372599E-5));
#3297=CARTESIAN_POINT('Ctrl Pts',(0.162527086053384,-2.51150618066091,-5.46622955837851E-5));
#3298=CARTESIAN_POINT('Ctrl Pts',(0.189158091128701,-2.39464520720374,-3.6103274430426E-5));
#3299=CARTESIAN_POINT('Ctrl Pts',(0.215394061013991,-2.27868358524355,-8.92698652071866E-6));
#3300=CARTESIAN_POINT('',(1.46926726714085,-6.04973447807907,2.01974367240469));
#3301=CARTESIAN_POINT('Ctrl Pts',(1.46926726714085,-6.04973447807904,2.0197436724047));
#3302=CARTESIAN_POINT('Ctrl Pts',(1.16082215524491,-6.05919498485488,1.69681101045391));
#3303=CARTESIAN_POINT('Ctrl Pts',(0.82609774224175,-6.05945601044523,1.37591506588204));
#3304=CARTESIAN_POINT('Ctrl Pts',(0.132183843650598,-6.03536925133631,0.726848333266822));
#3305=CARTESIAN_POINT('Ctrl Pts',(-0.378367065841613,-5.99539129571494,
0.236946401843411));
#3306=CARTESIAN_POINT('Ctrl Pts',(-0.672939626351829,-5.96214326054696,
0.));
#3307=CARTESIAN_POINT('',(-0.760600907221342,-41.0567851091805,1.76509970413386));
#3308=CARTESIAN_POINT('Ctrl Pts',(1.46927236505592,-6.04973494316963,2.01974246481244));
#3309=CARTESIAN_POINT('Ctrl Pts',(0.978633655918588,-9.21059257646077,1.99939140671542));
#3310=CARTESIAN_POINT('Ctrl Pts',(0.138967829531767,-14.3257012240054,1.95920518901778));
#3311=CARTESIAN_POINT('Ctrl Pts',(-0.661109149737987,-21.7973515993536,
1.90151989610987));
#3312=CARTESIAN_POINT('Ctrl Pts',(-0.990560750321043,-27.8509616952355,
1.85747375264592));
#3313=CARTESIAN_POINT('Ctrl Pts',(-1.00067192006385,-34.2437017013131,1.81361927737048));
#3314=CARTESIAN_POINT('Ctrl Pts',(-0.842291015992976,-38.7438740908383,
1.78239901582527));
#3315=CARTESIAN_POINT('Ctrl Pts',(-0.760816738638107,-41.0567926209145,
1.76508753391161));
#3316=CARTESIAN_POINT('',(5.91962023755555,-191.05678510918,-0.0866237929396955));
#3317=CARTESIAN_POINT('Ctrl Pts',(-0.760816738638107,-41.0567926209145,
1.76508753391161));
#3318=CARTESIAN_POINT('Ctrl Pts',(-0.76081647522105,-41.0568000988844,1.76508747794131));
#3319=CARTESIAN_POINT('Ctrl Pts',(-0.599260560308306,-45.643102430503,1.73076041147253));
#3320=CARTESIAN_POINT('Ctrl Pts',(-0.25818935888673,-55.3098312632861,1.64872696500716));
#3321=CARTESIAN_POINT('Ctrl Pts',(0.752126137034279,-76.54037518104,1.44055783183465));
#3322=CARTESIAN_POINT('Ctrl Pts',(2.34880427166858,-100.420057947063,1.17412366418684));
#3323=CARTESIAN_POINT('Ctrl Pts',(3.95156213550036,-126.501225208292,0.847527173154658));
#3324=CARTESIAN_POINT('Ctrl Pts',(4.94439825573842,-147.063499208348,0.570150926617143));
#3325=CARTESIAN_POINT('Ctrl Pts',(5.61145990048086,-168.550568066201,0.259773555462588));
#3326=CARTESIAN_POINT('Ctrl Pts',(5.83281635860553,-183.459381162808,0.0317552916074093));
#3327=CARTESIAN_POINT('Ctrl Pts',(5.91962023755555,-191.05678510918,-0.0866237929396967));
#3328=CARTESIAN_POINT('',(12.4691579170369,-191.05678510918,0.163376207060376));
#3329=CARTESIAN_POINT('Ctrl Pts',(12.4691579170369,-191.05678510918,0.163376207060374));
#3330=CARTESIAN_POINT('Ctrl Pts',(12.4366938411039,-191.05678510918,0.163376207060374));
#3331=CARTESIAN_POINT('Ctrl Pts',(12.3686802877742,-191.056785109179,0.163376211107029));
#3332=CARTESIAN_POINT('Ctrl Pts',(12.2576373966068,-191.056785109179,0.163376216148482));
#3333=CARTESIAN_POINT('Ctrl Pts',(12.137805583207,-191.056785109179,0.163376218658209));
#3334=CARTESIAN_POINT('Ctrl Pts',(12.0094184840319,-191.056785109178,0.163376223906091));
#3335=CARTESIAN_POINT('Ctrl Pts',(11.8727097383806,-191.056785109178,0.163376229411016));
#3336=CARTESIAN_POINT('Ctrl Pts',(11.7279129855805,-191.056785109178,0.163376232614937));
#3337=CARTESIAN_POINT('Ctrl Pts',(11.5752618616655,-191.056785109177,0.163376239941617));
#3338=CARTESIAN_POINT('Ctrl Pts',(11.4684139580934,-191.056785109177,0.163376245243128));
#3339=CARTESIAN_POINT('Ctrl Pts',(11.3540561091559,-191.056785109176,0.163376249779638));
#3340=CARTESIAN_POINT('Ctrl Pts',(11.2317124971369,-191.056785109176,0.163376256288606));
#3341=CARTESIAN_POINT('Ctrl Pts',(11.0396870674918,-191.056785109175,0.163376269051459));
#3342=CARTESIAN_POINT('Ctrl Pts',(10.8394561624282,-191.056785109174,0.163376274574337));
#3343=CARTESIAN_POINT('Ctrl Pts',(10.6313243082757,-191.056785109173,0.163376289531805));
#3344=CARTESIAN_POINT('Ctrl Pts',(10.4155960406918,-191.056785109172,0.16337630515881));
#3345=CARTESIAN_POINT('Ctrl Pts',(10.1925758941789,-191.056785109171,0.163376315840925));
#3346=CARTESIAN_POINT('Ctrl Pts',(9.96256839479457,-191.056785109169,0.163376338994498));
#3347=CARTESIAN_POINT('Ctrl Pts',(9.80477484976551,-191.056785109167,0.163376358620061));
#3348=CARTESIAN_POINT('Ctrl Pts',(9.67599133300634,-191.056785109166,0.163376367714042));
#3349=CARTESIAN_POINT('Ctrl Pts',(9.57755125110281,-191.056785109166,0.163376375774099));
#3350=CARTESIAN_POINT('Ctrl Pts',(9.42758240365193,-191.056785109165,0.163376386864504));
#3351=CARTESIAN_POINT('Ctrl Pts',(9.2753741585269,-191.056785109164,0.163376400561727));
#3352=CARTESIAN_POINT('Ctrl Pts',(9.12099584452691,-191.056785109162,0.163376415351217));
#3353=CARTESIAN_POINT('Ctrl Pts',(8.96451678958376,-191.056785109161,0.163376432084035));
#3354=CARTESIAN_POINT('Ctrl Pts',(8.80600632201007,-191.05678510916,0.163376450572558));
#3355=CARTESIAN_POINT('Ctrl Pts',(8.64553376994047,-191.056785109158,0.163376471114734));
#3356=CARTESIAN_POINT('Ctrl Pts',(8.48316846158047,-191.056785109156,0.163376493815045));
#3357=CARTESIAN_POINT('Ctrl Pts',(8.31897972509462,-191.056785109154,0.163376518889824));
#3358=CARTESIAN_POINT('Ctrl Pts',(8.15303688865572,-191.056785109152,0.163376546532792));
#3359=CARTESIAN_POINT('Ctrl Pts',(7.98540928042176,-191.056785109149,0.163376576978146));
#3360=CARTESIAN_POINT('Ctrl Pts',(7.81616622854575,-191.056785109147,0.16337661047359));
#3361=CARTESIAN_POINT('Ctrl Pts',(7.6453770611691,-191.056785109144,0.163376647298509));
#3362=CARTESIAN_POINT('Ctrl Pts',(7.47311110642605,-191.056785109141,0.163376687751846));
#3363=CARTESIAN_POINT('Ctrl Pts',(7.29943769243445,-191.056785109137,0.163376732177195));
#3364=CARTESIAN_POINT('Ctrl Pts',(7.12442614731175,-191.056785109133,0.163376780919286));
#3365=CARTESIAN_POINT('Ctrl Pts',(6.94814579913659,-191.056785109129,0.163376834428698));
#3366=CARTESIAN_POINT('Ctrl Pts',(6.77066597603079,-191.056785109125,0.163376893038203));
#3367=CARTESIAN_POINT('Ctrl Pts',(6.59205600597085,-191.056785109119,0.163376957476925));
#3368=CARTESIAN_POINT('Ctrl Pts',(6.41238521722976,-191.056785109114,0.163377027665383));
#3369=CARTESIAN_POINT('Ctrl Pts',(6.23172293677277,-191.056785109107,0.163377107090561));
#3370=CARTESIAN_POINT('Ctrl Pts',(6.05013850925372,-191.056785109104,0.163377150999373));
#3371=CARTESIAN_POINT('Ctrl Pts',(5.86770122349099,-191.056785109095,0.163377266912414));
#3372=CARTESIAN_POINT('Ctrl Pts',(5.68448044135748,-191.056785109087,0.163377363117026));
#3373=CARTESIAN_POINT('Ctrl Pts',(5.50054547571838,-191.056785109077,0.163377481553619));
#3374=CARTESIAN_POINT('Ctrl Pts',(5.31596566119297,-191.056785109067,0.163377604835258));
#3375=CARTESIAN_POINT('Ctrl Pts',(5.13081032264594,-191.056785109056,0.163377742177508));
#3376=CARTESIAN_POINT('Ctrl Pts',(4.94514878924709,-191.056785109044,0.163377891055171));
#3377=CARTESIAN_POINT('Ctrl Pts',(4.75905038819331,-191.056785109031,0.163378054323475));
#3378=CARTESIAN_POINT('Ctrl Pts',(4.57258444749579,-191.056785109016,0.163378232616954));
#3379=CARTESIAN_POINT('Ctrl Pts',(4.38582029475418,-191.056785109001,0.163378427692406));
#3380=CARTESIAN_POINT('Ctrl Pts',(4.19882725764284,-191.056785108983,0.163378641103007));
#3381=CARTESIAN_POINT('Ctrl Pts',(4.0116746638098,-191.056785108964,0.163378874473616));
#3382=CARTESIAN_POINT('Ctrl Pts',(3.82443184063896,-191.056785108944,0.163379130149511));
#3383=CARTESIAN_POINT('Ctrl Pts',(3.63716811596493,-191.056785108921,0.163379409246754));
#3384=CARTESIAN_POINT('Ctrl Pts',(3.44995281636341,-191.056785108896,0.163379716314711));
#3385=CARTESIAN_POINT('Ctrl Pts',(3.26285527099842,-191.056785108869,0.163380048843856));
#3386=CARTESIAN_POINT('Ctrl Pts',(3.07594480296561,-191.056785108839,0.163380420874362));
#3387=CARTESIAN_POINT('Ctrl Pts',(2.88929074866093,-191.056785108808,0.163380810173884));
#3388=CARTESIAN_POINT('Ctrl Pts',(2.70296241437403,-191.05678510877,0.163381276615648));
#3389=CARTESIAN_POINT('Ctrl Pts',(2.51702917346964,-191.056785108736,0.163381697146589));
#3390=CARTESIAN_POINT('Ctrl Pts',(2.33156024862465,-191.056785108683,0.163382359667486));
#3391=CARTESIAN_POINT('Ctrl Pts',(2.14662520191364,-191.056785108661,0.163382626478371));
#3392=CARTESIAN_POINT('Ctrl Pts',(1.96229306309037,-191.056785108606,0.163383311617322));
#3393=CARTESIAN_POINT('Ctrl Pts',(1.7786332988347,-191.056785108547,0.163384037543547));
#3394=CARTESIAN_POINT('Ctrl Pts',(1.59571536946,-191.056785108514,0.163384444078899));
#3395=CARTESIAN_POINT('Ctrl Pts',(1.41360824667865,-191.056785108429,0.163385503551015));
#3396=CARTESIAN_POINT('Ctrl Pts',(1.23238156506049,-191.056785108358,0.163386380551975));
#3397=CARTESIAN_POINT('Ctrl Pts',(1.05210451273762,-191.056785108271,0.163387457192549));
#3398=CARTESIAN_POINT('Ctrl Pts',(0.872846476137357,-191.056785108181,0.163388574795614));
#3399=CARTESIAN_POINT('Ctrl Pts',(0.694676752469316,-191.05678510808,0.1633898179973));
#3400=CARTESIAN_POINT('Ctrl Pts',(0.517664679476849,-191.056785107971,0.163391160890688));
#3401=CARTESIAN_POINT('Ctrl Pts',(0.341879562773914,-191.05678510785,0.163392665191739));
#3402=CARTESIAN_POINT('Ctrl Pts',(0.167391030607979,-191.056785107781,0.163393512734685));
#3403=CARTESIAN_POINT('Ctrl Pts',(-0.00573230434184634,-191.056785107608,
0.163395654997901));
#3404=CARTESIAN_POINT('Ctrl Pts',(-0.177420560534415,-191.056785107452,
0.163397583036305));
#3405=CARTESIAN_POINT('Ctrl Pts',(-0.347604503019821,-191.056785107293,
0.16339955128074));
#3406=CARTESIAN_POINT('Ctrl Pts',(-0.516215131106852,-191.056785107059,
0.163402453026182));
#3407=CARTESIAN_POINT('Ctrl Pts',(-0.683182164307218,-191.056785106959,
0.16340369132936));
#3408=CARTESIAN_POINT('Ctrl Pts',(-0.848437505567336,-191.056785106722,
0.163406623865025));
#3409=CARTESIAN_POINT('Ctrl Pts',(-1.01191135862634,-191.056785106451,0.163409974286824));
#3410=CARTESIAN_POINT('Ctrl Pts',(-1.17353408427902,-191.056785106215,0.163412894493155));
#3411=CARTESIAN_POINT('Ctrl Pts',(-1.29331147867864,-191.056785105911,0.163416649010257));
#3412=CARTESIAN_POINT('Ctrl Pts',(-1.37254061565008,-191.056785105863,0.16341723984945));
#3413=CARTESIAN_POINT('Ctrl Pts',(-1.42519271021852,-191.05678510585,0.163417406023832));
#3414=CARTESIAN_POINT('Ctrl Pts',(-1.46449236262864,-191.056785105761,0.163418508353028));
#3415=CARTESIAN_POINT('Ctrl Pts',(-1.49080846711912,-191.056785105748,0.163418656795365));
#3416=CARTESIAN_POINT('Ctrl Pts',(-1.49121314969529,-191.056785105748,0.163417673445905));
#3417=CARTESIAN_POINT('Ctrl Pts',(-1.49202249642943,-191.056785105748,0.163411778785151));
#3418=CARTESIAN_POINT('Ctrl Pts',(-1.49343875242793,-191.056785105749,0.163391142000296));
#3419=CARTESIAN_POINT('Ctrl Pts',(-1.49546140467157,-191.056785105749,0.163332203582104));
#3420=CARTESIAN_POINT('Ctrl Pts',(-1.49788675149659,-191.056785105749,0.163214308391014));
#3421=CARTESIAN_POINT('Ctrl Pts',(-1.50596210895082,-191.056785105751,0.162664615592596));
#3422=CARTESIAN_POINT('Ctrl Pts',(-1.5195966153426,-191.056785105763,0.160528684449889));
#3423=CARTESIAN_POINT('Ctrl Pts',(-1.5381467270445,-191.056785105772,0.154570328050104));
#3424=CARTESIAN_POINT('Ctrl Pts',(-1.55047478828104,-191.056785105782,0.148367074846555));
#3425=CARTESIAN_POINT('Ctrl Pts',(-1.55701551985836,-191.056785105784,0.144324211071687));
#3426=CARTESIAN_POINT('Ctrl Pts',(-1.55837994558136,-191.056785105784,0.143453181128324));
#3427=CARTESIAN_POINT('Ctrl Pts',(-1.55939686550269,-191.056785105784,0.142789990139064));
#3428=CARTESIAN_POINT('Ctrl Pts',(-1.56040729931068,-191.056785105784,0.142116958853728));
#3429=CARTESIAN_POINT('Ctrl Pts',(-1.56116018544295,-191.056785105784,0.141604847158375));
#3430=CARTESIAN_POINT('Ctrl Pts',(-1.56166002249173,-191.056785105784,0.141260403198526));
#3431=CARTESIAN_POINT('Ctrl Pts',(-1.56190952213747,-191.056785105784,0.14108757434965));
#3432=CARTESIAN_POINT('Ctrl Pts',(-1.56215860123906,-191.056785105784,0.140914141520932));
#3433=CARTESIAN_POINT('Ctrl Pts',(-1.56249014479397,-191.056785105784,0.140682088109619));
#3434=CARTESIAN_POINT('Ctrl Pts',(-1.56290351391866,-191.056785105784,0.140390527806338));
#3435=CARTESIAN_POINT('Ctrl Pts',(-1.56323307689044,-191.056785105784,0.140155646345424));
#3436=CARTESIAN_POINT('Ctrl Pts',(-1.58473694588617,-191.056785105824,0.124755931833102));
#3437=CARTESIAN_POINT('Ctrl Pts',(-1.61737011060578,-191.056785105955,0.0802905693772277));
#3438=CARTESIAN_POINT('Ctrl Pts',(-1.61776592027959,-191.056785106059,-0.00247734356774776));
#3439=CARTESIAN_POINT('Ctrl Pts',(-1.56924585493479,-191.056785106165,-0.0695331759852353));
#3440=CARTESIAN_POINT('Ctrl Pts',(-1.51682310314834,-191.056785106272,-0.086678132115082));
#3441=CARTESIAN_POINT('Ctrl Pts',(-1.48822813496619,-191.056785106311,-0.0866747075146383));
#3442=CARTESIAN_POINT('Ctrl Pts',(-1.48352889666502,-191.056785106311,-0.0866748709111513));
#3443=CARTESIAN_POINT('Ctrl Pts',(-1.47823667856699,-191.056785106313,-0.0866747546655892));
#3444=CARTESIAN_POINT('Ctrl Pts',(-1.4747060218494,-191.056785106313,-0.0866747630555022));
#3445=CARTESIAN_POINT('Ctrl Pts',(-1.47235161158458,-191.056785106313,-0.0866747587139689));
#3446=CARTESIAN_POINT('Ctrl Pts',(-1.46822968560646,-191.056785106314,-0.0866747528545152));
#3447=CARTESIAN_POINT('Ctrl Pts',(-1.45526438190868,-191.056785106316,-0.0866747162377063));
#3448=CARTESIAN_POINT('Ctrl Pts',(-1.42453527344983,-191.056785106348,-0.0866741495920136));
#3449=CARTESIAN_POINT('Ctrl Pts',(-1.35792027636766,-191.056785106387,-0.0866734458951187));
#3450=CARTESIAN_POINT('Ctrl Pts',(-1.29046749908574,-191.056785106497,-0.0866714965845282));
#3451=CARTESIAN_POINT('Ctrl Pts',(-1.23208047344542,-191.056785106526,-0.0866709723903379));
#3452=CARTESIAN_POINT('Ctrl Pts',(-1.19300565483676,-191.056785106539,-0.0866707399609618));
#3453=CARTESIAN_POINT('Ctrl Pts',(-1.14388437652496,-191.056785106577,-0.0866700639018418));
#3454=CARTESIAN_POINT('Ctrl Pts',(-1.08450557150534,-191.056785106595,-0.086669751719324));
#3455=CARTESIAN_POINT('Ctrl Pts',(-1.04463876347219,-191.056785106643,-0.0866688909752517));
#3456=CARTESIAN_POINT('Ctrl Pts',(-0.991061702928624,-191.056785106682,
-0.0866682007636707));
#3457=CARTESIAN_POINT('Ctrl Pts',(-0.940410246537235,-191.056785106794,
-0.086666202783168));
#3458=CARTESIAN_POINT('Ctrl Pts',(-0.872323420658553,-191.05678510681,-0.086665924354422));
#3459=CARTESIAN_POINT('Ctrl Pts',(-0.829545383754524,-191.056785106844,
-0.0866653139670195));
#3460=CARTESIAN_POINT('Ctrl Pts',(-0.795191893645137,-191.05678510685,-0.086665216561802));
#3461=CARTESIAN_POINT('Ctrl Pts',(-0.760752251476909,-191.056785106859,
-0.0866650463915031));
#3462=CARTESIAN_POINT('Ctrl Pts',(-0.700259653271707,-191.056785106879,
-0.0866646893279838));
#3463=CARTESIAN_POINT('Ctrl Pts',(-0.578405681902512,-191.056785107019,
-0.0866622057054121));
#3464=CARTESIAN_POINT('Ctrl Pts',(-0.401979913541596,-191.056785107133,
-0.0866601769560061));
#3465=CARTESIAN_POINT('Ctrl Pts',(-0.186945987818289,-191.056785107457,
-0.0866544131879688));
#3466=CARTESIAN_POINT('Ctrl Pts',(0.0309796157635004,-191.056785107583,
-0.0866521816135465));
#3467=CARTESIAN_POINT('Ctrl Pts',(0.251362544627183,-191.056785107732,-0.0866495420909905));
#3468=CARTESIAN_POINT('Ctrl Pts',(0.47376976530602,-191.05678510786,-0.086647262011896));
#3469=CARTESIAN_POINT('Ctrl Pts',(0.697767809509663,-191.056785108012,-0.0866445570042629));
#3470=CARTESIAN_POINT('Ctrl Pts',(0.922923530621256,-191.056785108168,-0.086641790658639));
#3471=CARTESIAN_POINT('Ctrl Pts',(1.14880408778374,-191.056785108245,-0.0866404177366041));
#3472=CARTESIAN_POINT('Ctrl Pts',(1.37497573539267,-191.056785108344,-0.0866386642098159));
#3473=CARTESIAN_POINT('Ctrl Pts',(1.60100562055704,-191.056785108384,-0.0866379418941062));
#3474=CARTESIAN_POINT('Ctrl Pts',(1.82645979604973,-191.056785108507,-0.0866357572263612));
#3475=CARTESIAN_POINT('Ctrl Pts',(2.05090590773937,-191.056785108533,-0.0866353019557393));
#3476=CARTESIAN_POINT('Ctrl Pts',(2.27390988576546,-191.056785108626,-0.0866336448749355));
#3477=CARTESIAN_POINT('Ctrl Pts',(2.42132928290928,-191.056785108666,-0.0866329281703144));
#3478=CARTESIAN_POINT('Ctrl Pts',(2.59409907427676,-191.056785108716,-0.0866320492736847));
#3479=CARTESIAN_POINT('Ctrl Pts',(2.74220484320667,-191.056785108762,-0.0866312205531144));
#3480=CARTESIAN_POINT('Ctrl Pts',(2.93701617179479,-191.056785108782,-0.0866308600729986));
#3481=CARTESIAN_POINT('Ctrl Pts',(3.08165790382166,-191.056785108808,-0.0866304090522302));
#3482=CARTESIAN_POINT('Ctrl Pts',(3.22469786130215,-191.056785108826,-0.0866300784269783));
#3483=CARTESIAN_POINT('Ctrl Pts',(3.41310200391251,-191.056785108837,-0.0866298862230642));
#3484=CARTESIAN_POINT('Ctrl Pts',(3.64392693669407,-191.056785108901,-0.0866287455259825));
#3485=CARTESIAN_POINT('Ctrl Pts',(3.91234825214376,-191.05678510895,-0.0866278802815202));
#3486=CARTESIAN_POINT('Ctrl Pts',(4.17112020664036,-191.056785108971,-0.086627514596972));
#3487=CARTESIAN_POINT('Ctrl Pts',(4.37782145774549,-191.056785109021,-0.0866266260787382));
#3488=CARTESIAN_POINT('Ctrl Pts',(4.53727711488092,-191.056785109028,-0.0866264957321604));
#3489=CARTESIAN_POINT('Ctrl Pts',(4.61494635915168,-191.056785109036,-0.0866263621536193));
#3490=CARTESIAN_POINT('Ctrl Pts',(4.72336302761442,-191.056785109044,-0.086626213286858));
#3491=CARTESIAN_POINT('Ctrl Pts',(4.86000003255651,-191.056785109064,-0.0866258548475618));
#3492=CARTESIAN_POINT('Ctrl Pts',(5.05332236289936,-191.056785109089,-0.0866254056299856));
#3493=CARTESIAN_POINT('Ctrl Pts',(5.23418239966189,-191.056785109101,-0.0866251995296719));
#3494=CARTESIAN_POINT('Ctrl Pts',(5.40175087610684,-191.05678510912,-0.0866248551036943));
#3495=CARTESIAN_POINT('Ctrl Pts',(5.55519867469175,-191.056785109139,-0.0866245233434859));
#3496=CARTESIAN_POINT('Ctrl Pts',(5.69369668080507,-191.056785109148,-0.0866243657000738));
#3497=CARTESIAN_POINT('Ctrl Pts',(5.81641564090384,-191.056785109166,-0.086624047817285));
#3498=CARTESIAN_POINT('Ctrl Pts',(5.88715616162255,-191.05678510918,-0.0866237929396971));
#3499=CARTESIAN_POINT('Ctrl Pts',(5.91962023755555,-191.05678510918,-0.0866237929396967));
#3500=CARTESIAN_POINT('',(15.8641774698392,-41.0567851091797,9.14624640025131));
#3501=CARTESIAN_POINT('Ctrl Pts',(15.8641907652176,-41.056786819762,9.14628055117032));
#3502=CARTESIAN_POINT('Ctrl Pts',(15.9601313955624,-45.6891238454008,8.87501400521703));
#3503=CARTESIAN_POINT('Ctrl Pts',(16.0817808435725,-55.4341627353048,8.30459881594139));
#3504=CARTESIAN_POINT('Ctrl Pts',(16.0528281879874,-76.7715367896171,7.01575728986834));
#3505=CARTESIAN_POINT('Ctrl Pts',(15.64389459463,-100.678929313555,5.50050099257792));
#3506=CARTESIAN_POINT('Ctrl Pts',(14.9226110246161,-126.719395242222,3.87231829704053));
#3507=CARTESIAN_POINT('Ctrl Pts',(14.2401892430789,-147.225462701239,2.63267869641406));
#3508=CARTESIAN_POINT('Ctrl Pts',(13.4271954964627,-168.637976601044,1.3963875954514));
#3509=CARTESIAN_POINT('Ctrl Pts',(12.8022291143331,-183.489504828184,0.576847112866036));
#3510=CARTESIAN_POINT('Ctrl Pts',(12.4691579170369,-191.05678510918,0.163376207060374));
#3511=CARTESIAN_POINT('Ctrl Pts',(13.393873600249,0.480050725158488,10.8631147457717));
#3512=CARTESIAN_POINT('Ctrl Pts',(13.4418050278276,0.072735116392425,10.8492299627797));
#3513=CARTESIAN_POINT('Ctrl Pts',(13.6615452197934,-1.83751171250596,10.7856914468738));
#3514=CARTESIAN_POINT('Ctrl Pts',(14.1932600080758,-6.98011225672539,10.6327148661006));
#3515=CARTESIAN_POINT('Ctrl Pts',(14.7453806065949,-13.9435603183741,10.4443626013113));
#3516=CARTESIAN_POINT('Ctrl Pts',(15.1927971225881,-21.6062922687804,10.1646430954588));
#3517=CARTESIAN_POINT('Ctrl Pts',(15.4744331430808,-27.7083738933887,9.89159892953732));
#3518=CARTESIAN_POINT('Ctrl Pts',(15.701173678647,-34.1704226840785,9.54960443480556));
#3519=CARTESIAN_POINT('Ctrl Pts',(15.8158054997927,-38.720587644078,9.28308680660538));
#3520=CARTESIAN_POINT('Ctrl Pts',(15.864190319619,-41.0567653047627,9.14628181107423));
#3521=CARTESIAN_POINT('Ctrl Pts',(15.8641907652176,-41.056786819762,9.14628055117032));
#3522=CARTESIAN_POINT('Origin',(6.67343165229139,-191.05678510918,0.0391834140419793));
#3523=CARTESIAN_POINT('Ctrl Pts',(5.91962023755555,-191.05678510918,-0.0866237929396967));
#3524=CARTESIAN_POINT('Ctrl Pts',(6.55210267105323,-191.05678510918,-0.0866237929396902));
#3525=CARTESIAN_POINT('Ctrl Pts',(7.81707061026577,-191.056785109192,-0.0866291933463746));
#3526=CARTESIAN_POINT('Ctrl Pts',(9.39827816155611,-191.056785109198,-0.0866317376064464));
#3527=CARTESIAN_POINT('Ctrl Pts',(10.6632465702227,-191.056785109213,-0.0866379976377366));
#3528=CARTESIAN_POINT('Ctrl Pts',(11.9282111652116,-191.056785109212,-0.0866374072418477));
#3529=CARTESIAN_POINT('Ctrl Pts',(12.8769507146488,-191.056785109274,-0.0866657524603845));
#3530=CARTESIAN_POINT('Ctrl Pts',(13.512671427243,-191.056785109283,-0.0866663868423507));
#3531=CARTESIAN_POINT('Ctrl Pts',(13.5191464768504,-191.056785109283,-0.0864150183913553));
#3532=CARTESIAN_POINT('Ctrl Pts',(13.532017772399,-191.056785109283,-0.0849070234698767));
#3533=CARTESIAN_POINT('Ctrl Pts',(13.5541357189602,-191.056785109283,-0.0796622420113573));
#3534=CARTESIAN_POINT('Ctrl Pts',(13.5716996698279,-191.056785109283,-0.0708275662694879));
#3535=CARTESIAN_POINT('Ctrl Pts',(13.6035612649488,-191.056785109282,-0.0480032586763793));
#3536=CARTESIAN_POINT('Ctrl Pts',(13.636230089667,-191.05678510928,-0.00350139594899087));
#3537=CARTESIAN_POINT('Ctrl Pts',(13.6364898778847,-191.056785109279,0.065402447322342));
#3538=CARTESIAN_POINT('Ctrl Pts',(13.6123906354795,-191.056785109278,0.112820915216866));
#3539=CARTESIAN_POINT('Ctrl Pts',(13.5842939282578,-191.056785109278,0.141071349340625));
#3540=CARTESIAN_POINT('Ctrl Pts',(13.5487713601804,-191.056785109277,0.159212453077033));
#3541=CARTESIAN_POINT('Ctrl Pts',(13.522532849248,-191.056785109276,0.163382409261481));
#3542=CARTESIAN_POINT('Ctrl Pts',(13.4342621981733,-191.056785109272,0.163381581010213));
#3543=CARTESIAN_POINT('Ctrl Pts',(13.3215487289299,-191.056785109258,0.163380992061017));
#3544=CARTESIAN_POINT('Ctrl Pts',(13.1712619483906,-191.056785109257,0.163380820695518));
#3545=CARTESIAN_POINT('Ctrl Pts',(13.0961189965646,-191.056785109252,0.163380542571705));
#3546=CARTESIAN_POINT('Ctrl Pts',(12.8620838949587,-191.056785109236,0.163379584526909));
#3547=CARTESIAN_POINT('Ctrl Pts',(12.6656219096004,-191.05678510918,0.163376207060376));
#3548=CARTESIAN_POINT('Ctrl Pts',(12.4691579170369,-191.05678510918,0.163376207060374));
#3549=CARTESIAN_POINT('Ctrl Pts',(2.38013949796017,0.388307572017254,2.05235558188295));
#3550=CARTESIAN_POINT('Ctrl Pts',(2.05154694579816,-2.34043358975077,2.04330128056364));
#3551=CARTESIAN_POINT('Ctrl Pts',(1.1310328394378,-8.17477645569521,2.00851997068261));
#3552=CARTESIAN_POINT('Ctrl Pts',(-0.388107366178147,-17.9881162940764,
1.92991226835552));
#3553=CARTESIAN_POINT('Ctrl Pts',(-1.15748185320042,-28.8538217646957,1.84908833291799));
#3554=CARTESIAN_POINT('Ctrl Pts',(-0.629486859913219,-45.566946056364,1.73954814179689));
#3555=CARTESIAN_POINT('Ctrl Pts',(0.346322637910937,-70.56597176257,1.50706952859978));
#3556=CARTESIAN_POINT('Ctrl Pts',(2.75620227391849,-106.394170891443,1.10763976000885));
#3557=CARTESIAN_POINT('Ctrl Pts',(5.13403429233258,-146.605554624633,0.587179745299213));
#3558=CARTESIAN_POINT('Ctrl Pts',(5.74601247965552,-175.861977216437,0.150134376154516));
#3559=CARTESIAN_POINT('Ctrl Pts',(5.91962023755555,-191.05678510918,-0.0866237929396967));
#3560=CARTESIAN_POINT('Ctrl Pts',(3.23861401881507,0.402324846084095,2.679940821755));
#3561=CARTESIAN_POINT('Ctrl Pts',(2.98423518373792,-2.32268476161872,2.66845368250506));
#3562=CARTESIAN_POINT('Ctrl Pts',(2.23443714270057,-8.15037431298878,2.63246026643662));
#3563=CARTESIAN_POINT('Ctrl Pts',(0.96856255184898,-17.9630803354739,2.55064501020891));
#3564=CARTESIAN_POINT('Ctrl Pts',(0.35509546720171,-28.8393087304487,2.44915905442013));
#3565=CARTESIAN_POINT('Ctrl Pts',(0.905672417145433,-45.5733803050251,2.2773719537138));
#3566=CARTESIAN_POINT('Ctrl Pts',(1.82578549826012,-70.5900893611485,1.95162211911941));
#3567=CARTESIAN_POINT('Ctrl Pts',(3.95970860890284,-106.42155118994,1.40438283966228));
#3568=CARTESIAN_POINT('Ctrl Pts',(5.99993358787136,-146.621635262609,0.726572889305938));
#3569=CARTESIAN_POINT('Ctrl Pts',(6.45273763181782,-175.867566223527,0.195983978096945));
#3570=CARTESIAN_POINT('Ctrl Pts',(6.55210267105323,-191.05678510918,-0.0866237929396902));
#3571=CARTESIAN_POINT('Ctrl Pts',(4.95559172067601,0.430361664101408,3.93512659706854));
#3572=CARTESIAN_POINT('Ctrl Pts',(4.84964031936376,-2.28718483549585,3.91877378152202));
#3573=CARTESIAN_POINT('Ctrl Pts',(4.44129880525695,-8.10156778814602,3.88036885479006));
#3574=CARTESIAN_POINT('Ctrl Pts',(3.68196335329684,-17.9130064902205,3.79214248703322));
#3575=CARTESIAN_POINT('Ctrl Pts',(3.38032640216583,-28.8102811293287,3.64934036365979));
#3576=CARTESIAN_POINT('Ctrl Pts',(3.97606945216866,-45.5862479417408,3.35306006146716));
#3577=CARTESIAN_POINT('Ctrl Pts',(4.78480202003313,-70.638326281764,2.84077263696608));
#3578=CARTESIAN_POINT('Ctrl Pts',(6.36677986429679,-106.476313003353,1.99789589490309));
#3579=CARTESIAN_POINT('Ctrl Pts',(7.73177499635639,-146.653798027631,1.00537658611759));
#3580=CARTESIAN_POINT('Ctrl Pts',(7.86619100749119,-175.878744237675,0.287677783252914));
#3581=CARTESIAN_POINT('Ctrl Pts',(7.81707061026577,-191.056785109192,-0.0866291933463746));
#3582=CARTESIAN_POINT('Ctrl Pts',(7.10179225752714,0.465405976754487,5.50409729190442));
#3583=CARTESIAN_POINT('Ctrl Pts',(7.18137514908147,-2.24281163767025,5.48166238169736));
#3584=CARTESIAN_POINT('Ctrl Pts',(7.19983591496352,-8.04056131885688,5.44023349682409));
#3585=CARTESIAN_POINT('Ctrl Pts',(7.07366842851877,-17.8504156358353,5.34399023099367));
#3586=CARTESIAN_POINT('Ctrl Pts',(7.16180759611783,-28.7739977822868,5.14953696825773));
#3587=CARTESIAN_POINT('Ctrl Pts',(7.81400661998255,-45.6023331359741,4.69763970835732));
#3588=CARTESIAN_POINT('Ctrl Pts',(8.48350425360671,-70.6986211347281,3.95217666425768));
#3589=CARTESIAN_POINT('Ctrl Pts',(9.37557476993399,-106.544764354235,2.73976702069876));
#3590=CARTESIAN_POINT('Ctrl Pts',(9.89654446020486,-146.694000362643,1.35386818692629));
#3591=CARTESIAN_POINT('Ctrl Pts',(9.6330053557743,-175.892716755424,0.402299243208966));
#3592=CARTESIAN_POINT('Ctrl Pts',(9.39827816155611,-191.056785109198,-0.0866317376064464));
#3593=CARTESIAN_POINT('Ctrl Pts',(8.81877381017644,0.493443099660158,6.75928512402215));
#3594=CARTESIAN_POINT('Ctrl Pts',(9.04678413529971,-2.20731140667107,6.73198453730779));
#3595=CARTESIAN_POINT('Ctrl Pts',(9.40670470631679,-7.99175449334307,6.68814584925678));
#3596=CARTESIAN_POINT('Ctrl Pts',(9.78707742185331,-17.8003415317422,6.58549200724474));
#3597=CARTESIAN_POINT('Ctrl Pts',(10.187048783221,-28.7449699754272,6.3497236337939));
#3598=CARTESIAN_POINT('Ctrl Pts',(10.8844142046575,-45.615200657077,5.77333324661188));
#3599=CARTESIAN_POINT('Ctrl Pts',(11.4425329913561,-70.7468582864267,4.84133324063779));
#3600=CARTESIAN_POINT('Ctrl Pts',(11.7826539261456,-106.599526330678,3.33328362326678));
#3601=CARTESIAN_POINT('Ctrl Pts',(11.6283916613183,-146.726163327267,1.63267413175158));
#3602=CARTESIAN_POINT('Ctrl Pts',(11.0464592004814,-175.903894769553,0.493992189552464));
#3603=CARTESIAN_POINT('Ctrl Pts',(10.6632465702227,-191.056785109213,-0.0866379976377366));
#3604=CARTESIAN_POINT('Ctrl Pts',(10.5357220391389,0.521477583731047,8.01445516451276));
#3605=CARTESIAN_POINT('Ctrl Pts',(10.9121597993223,-2.17181381441503,7.98228890289456));
#3606=CARTESIAN_POINT('Ctrl Pts',(11.6135118082057,-7.94295027065341,7.9360256386872));
#3607=CARTESIAN_POINT('Ctrl Pts',(12.5004155289858,-17.7502696684167,7.82695658114006));
#3608=CARTESIAN_POINT('Ctrl Pts',(13.2122012584233,-28.7159439497518,7.54986394718613));
#3609=CARTESIAN_POINT('Ctrl Pts',(13.9547305189549,-45.6280691788219,6.8489797528252));
#3610=CARTESIAN_POINT('Ctrl Pts',(14.401456086528,-70.7950934363351,5.73043724253595));
#3611=CARTESIAN_POINT('Ctrl Pts',(14.1896648403166,-106.654286894622,3.92676923617088));
#3612=CARTESIAN_POINT('Ctrl Pts',(13.3601889079719,-146.758324562542,1.91146022428039));
#3613=CARTESIAN_POINT('Ctrl Pts',(12.4599092347094,-175.915072783831,0.585691980143689));
#3614=CARTESIAN_POINT('Ctrl Pts',(11.9282111652116,-191.056785109212,-0.0866374072418477));
#3615=CARTESIAN_POINT('Ctrl Pts',(11.8235760369325,0.542514757291558,8.95590894298623));
#3616=CARTESIAN_POINT('Ctrl Pts',(12.3113343684653,-2.1451793100196,8.92009341987166));
#3617=CARTESIAN_POINT('Ctrl Pts',(13.2688815373055,-7.90633594680067,8.8720750356611));
#3618=CARTESIAN_POINT('Ctrl Pts',(14.5357229303463,-17.7127061658285,8.75821445844207));
#3619=CARTESIAN_POINT('Ctrl Pts',(15.4814458347294,-28.6941667954267,8.45016785007475));
#3620=CARTESIAN_POINT('Ctrl Pts',(16.2578589241809,-45.6377162814352,7.65591625365045));
#3621=CARTESIAN_POINT('Ctrl Pts',(16.6211011290141,-70.8312783806525,6.39749071832589));
#3622=CARTESIAN_POINT('Ctrl Pts',(15.9952153898334,-106.695363373558,4.37201655148177));
#3623=CARTESIAN_POINT('Ctrl Pts',(14.6592507776941,-146.782452903073,2.12063527272468));
#3624=CARTESIAN_POINT('Ctrl Pts',(13.520012852967,-175.923456294056,0.654438055562579));
#3625=CARTESIAN_POINT('Ctrl Pts',(12.8769507146488,-191.056785109274,-0.0866657524603845));
#3626=CARTESIAN_POINT('Ctrl Pts',(12.6864647246911,0.556605361491131,9.58671717421529));
#3627=CARTESIAN_POINT('Ctrl Pts',(13.2488166624005,-2.12733805031894,9.54845637569952));
#3628=CARTESIAN_POINT('Ctrl Pts',(14.3779706917143,-7.88180733380239,9.49922847274267));
#3629=CARTESIAN_POINT('Ctrl Pts',(15.8993796048892,-17.6875407083986,9.38214674973952));
#3630=CARTESIAN_POINT('Ctrl Pts',(17.0018185970061,-28.6795784028144,9.05333786453623));
#3631=CARTESIAN_POINT('Ctrl Pts',(17.8009306631905,-45.6441828681254,8.19652139459206));
#3632=CARTESIAN_POINT('Ctrl Pts',(18.1081996574258,-70.8555206400546,6.84435108741506));
#3633=CARTESIAN_POINT('Ctrl Pts',(17.2049221463563,-106.722884680847,4.6702987954139));
#3634=CARTESIAN_POINT('Ctrl Pts',(15.529611143676,-146.798616899132,2.26075617923333));
#3635=CARTESIAN_POINT('Ctrl Pts',(14.2303563381636,-175.929073910963,0.700521652325234));
#3636=CARTESIAN_POINT('Ctrl Pts',(13.512671427243,-191.056785109283,-0.0866663868423507));
#3637=CARTESIAN_POINT('Ctrl Pts',(12.6952531659162,0.556748953471519,9.59313950914724));
#3638=CARTESIAN_POINT('Ctrl Pts',(13.2583647900745,-2.12715619691076,9.55485191977797));
#3639=CARTESIAN_POINT('Ctrl Pts',(14.3892664739987,-7.88155719105095,9.50560578168585));
#3640=CARTESIAN_POINT('Ctrl Pts',(15.9132679411385,-17.6872839424715,9.38848260150952));
#3641=CARTESIAN_POINT('Ctrl Pts',(17.0173029117574,-28.6794295143443,9.05946386242903));
#3642=CARTESIAN_POINT('Ctrl Pts',(17.8166460800695,-45.6442488734947,8.20203288488251));
#3643=CARTESIAN_POINT('Ctrl Pts',(18.1233448990009,-70.8557680116433,6.8489462757225));
#3644=CARTESIAN_POINT('Ctrl Pts',(17.2172424427476,-106.723165567711,4.67344915697291));
#3645=CARTESIAN_POINT('Ctrl Pts',(15.5384756754568,-146.798781937351,2.26237036399869));
#3646=CARTESIAN_POINT('Ctrl Pts',(14.2375912311692,-175.929131276984,0.701221739300607));
#3647=CARTESIAN_POINT('Ctrl Pts',(13.5191464768504,-191.056785109283,-0.0864150183913553));
#3648=CARTESIAN_POINT('Ctrl Pts',(12.7128310205505,0.557036653655794,9.60597455821684));
#3649=CARTESIAN_POINT('Ctrl Pts',(13.2774629530351,-2.12679161734645,9.56762655538754));
#3650=CARTESIAN_POINT('Ctrl Pts',(14.4118621073723,-7.88105504216537,9.5183197916051));
#3651=CARTESIAN_POINT('Ctrl Pts',(15.941052509207,-17.6867677959464,9.40108000959383));
#3652=CARTESIAN_POINT('Ctrl Pts',(17.048279033624,-28.6791300101193,9.07164880701492));
#3653=CARTESIAN_POINT('Ctrl Pts',(17.8480767582766,-45.6443817106323,8.21308089845996));
#3654=CARTESIAN_POINT('Ctrl Pts',(18.1536225657652,-70.8562653378304,6.85831260891234));
#3655=CARTESIAN_POINT('Ctrl Pts',(17.2418482353516,-106.723730609626,4.68019970385911));
#3656=CARTESIAN_POINT('Ctrl Pts',(15.5561451753289,-146.799114235443,2.26634911242478));
#3657=CARTESIAN_POINT('Ctrl Pts',(14.2519892721348,-175.929246866456,0.703542143510049));
#3658=CARTESIAN_POINT('Ctrl Pts',(13.532017772399,-191.056785109283,-0.0849070234698767));
#3659=CARTESIAN_POINT('Ctrl Pts',(12.7435962553022,0.557541728436472,9.62841074168687));
#3660=CARTESIAN_POINT('Ctrl Pts',(13.3108909922339,-2.12615097329825,9.58993749813875));
#3661=CARTESIAN_POINT('Ctrl Pts',(14.4514204910226,-7.88017066138408,9.54046447247604));
#3662=CARTESIAN_POINT('Ctrl Pts',(15.9897034242406,-17.6858566432043,9.42293128990689));
#3663=CARTESIAN_POINT('Ctrl Pts',(17.1025116810329,-28.678600561532,9.09279563493462));
#3664=CARTESIAN_POINT('Ctrl Pts',(17.9030670508261,-45.6446165042162,8.23247364620424));
#3665=CARTESIAN_POINT('Ctrl Pts',(18.2065334124202,-70.8571436428455,6.87516180305838));
#3666=CARTESIAN_POINT('Ctrl Pts',(17.2847227852465,-106.724729382141,4.6931795329411));
#3667=CARTESIAN_POINT('Ctrl Pts',(15.5867635913134,-146.799702759609,2.27525260075827));
#3668=CARTESIAN_POINT('Ctrl Pts',(14.2768110177931,-175.929451701334,0.709994158447668));
#3669=CARTESIAN_POINT('Ctrl Pts',(13.5541357189602,-191.056785109283,-0.0796622420113573));
#3670=CARTESIAN_POINT('Ctrl Pts',(12.7699802217221,0.55797839159781,9.64760009289106));
#3671=CARTESIAN_POINT('Ctrl Pts',(13.339568608516,-2.1255955481334,9.60898987636685));
#3672=CARTESIAN_POINT('Ctrl Pts',(14.4853862239505,-7.8793991041253,9.55927065014228));
#3673=CARTESIAN_POINT('Ctrl Pts',(16.0315139995382,-17.6850566397549,9.44134070434761));
#3674=CARTESIAN_POINT('Ctrl Pts',(17.1490973279238,-28.6781341051943,9.11063195576837));
#3675=CARTESIAN_POINT('Ctrl Pts',(17.9501734974652,-45.6448236726215,8.24920267545914));
#3676=CARTESIAN_POINT('Ctrl Pts',(18.2516429120668,-70.8579154501647,6.89036314248453));
#3677=CARTESIAN_POINT('Ctrl Pts',(17.3208487296252,-106.725609397645,4.70624609582335));
#3678=CARTESIAN_POINT('Ctrl Pts',(15.6119648272551,-146.800223649048,2.28612119015359));
#3679=CARTESIAN_POINT('Ctrl Pts',(14.2968101568956,-175.929633516669,0.719497958744781));
#3680=CARTESIAN_POINT('Ctrl Pts',(13.5716996698279,-191.056785109283,-0.0708275662694879));
#3681=CARTESIAN_POINT('Ctrl Pts',(12.8232581944436,0.558866774051189,9.68627692476067));
#3682=CARTESIAN_POINT('Ctrl Pts',(13.3974977410903,-2.12446285393198,9.64735059893985));
#3683=CARTESIAN_POINT('Ctrl Pts',(14.5540709510534,-7.87781677089827,9.59702251655954));
#3684=CARTESIAN_POINT('Ctrl Pts',(16.1161423544771,-17.683406606438,9.47811725623019));
#3685=CARTESIAN_POINT('Ctrl Pts',(17.2433353083107,-28.6771688029893,9.14628301375549));
#3686=CARTESIAN_POINT('Ctrl Pts',(18.045136028869,-45.6452522891164,8.28306608207128));
#3687=CARTESIAN_POINT('Ctrl Pts',(18.3420339070399,-70.8595090731899,6.92191794267257));
#3688=CARTESIAN_POINT('Ctrl Pts',(17.3921372030998,-106.7274303348,4.73484873469731));
#3689=CARTESIAN_POINT('Ctrl Pts',(15.6601537084357,-146.80130649584,2.31177021876099));
#3690=CARTESIAN_POINT('Ctrl Pts',(14.3338772637149,-175.930012001224,0.743266276252409));
#3691=CARTESIAN_POINT('Ctrl Pts',(13.6035612649488,-191.056785109282,-0.0480032586763793));
#3692=CARTESIAN_POINT('Ctrl Pts',(12.8928389090861,0.559787266355502,9.74301975714999));
#3693=CARTESIAN_POINT('Ctrl Pts',(13.4727469685401,-2.12326469189388,9.70531097665625));
#3694=CARTESIAN_POINT('Ctrl Pts',(14.6424987412327,-7.87606567106057,9.65782300161055));
#3695=CARTESIAN_POINT('Ctrl Pts',(16.2241284505912,-17.6814943075504,9.54305554753613));
#3696=CARTESIAN_POINT('Ctrl Pts',(17.3628192851672,-28.6760173815949,9.21345008205275));
#3697=CARTESIAN_POINT('Ctrl Pts',(18.1645140738159,-45.6457663413419,8.34965001301703));
#3698=CARTESIAN_POINT('Ctrl Pts',(18.4542543066928,-70.8613882302974,6.98624052727677));
#3699=CARTESIAN_POINT('Ctrl Pts',(17.478376911356,-106.729617955651,4.79262483719609));
#3700=CARTESIAN_POINT('Ctrl Pts',(15.7152829547594,-146.802652272051,2.36191922576401));
#3701=CARTESIAN_POINT('Ctrl Pts',(14.3737402994525,-175.930486719612,0.789580649287056));
#3702=CARTESIAN_POINT('Ctrl Pts',(13.636230089667,-191.05678510928,-0.00350139594899087));
#3703=CARTESIAN_POINT('Ctrl Pts',(12.9717498709951,0.559983159157199,9.82435265316409));
#3704=CARTESIAN_POINT('Ctrl Pts',(13.5561358034195,-2.12290185875541,9.79167123850779));
#3705=CARTESIAN_POINT('Ctrl Pts',(14.7366808872427,-7.87519939556073,9.75571734995955));
#3706=CARTESIAN_POINT('Ctrl Pts',(16.3343186869729,-17.6801879495867,9.65796122431008));
#3707=CARTESIAN_POINT('Ctrl Pts',(17.481110903488,-28.6750983629488,9.33881165202104));
#3708=CARTESIAN_POINT('Ctrl Pts',(18.278165891892,-45.6461836772188,8.47662497223659));
#3709=CARTESIAN_POINT('Ctrl Pts',(18.5549974788551,-70.8628025329204,7.10979996043992));
#3710=CARTESIAN_POINT('Ctrl Pts',(17.5462009080526,-106.731421452298,4.89832548702689));
#3711=CARTESIAN_POINT('Ctrl Pts',(15.745059750344,-146.803938450492,2.44575373219217));
#3712=CARTESIAN_POINT('Ctrl Pts',(14.3835390746037,-175.930954618972,0.863221778787536));
#3713=CARTESIAN_POINT('Ctrl Pts',(13.6364898778847,-191.056785109279,0.065402447322342));
#3714=CARTESIAN_POINT('Ctrl Pts',(13.0283152351793,0.559448179590967,9.89386576882041));
#3715=CARTESIAN_POINT('Ctrl Pts',(13.6141386998337,-2.12343965076913,9.86676821442382));
#3716=CARTESIAN_POINT('Ctrl Pts',(14.7985464732512,-7.87549255197568,9.84367870521245));
#3717=CARTESIAN_POINT('Ctrl Pts',(16.4019341172453,-17.6799789311434,9.76494734676168));
#3718=CARTESIAN_POINT('Ctrl Pts',(17.550202724118,-28.6747776757376,9.45728891717691));
#3719=CARTESIAN_POINT('Ctrl Pts',(18.3406562642014,-45.6463389363674,8.59618433873993));
#3720=CARTESIAN_POINT('Ctrl Pts',(18.6052022125362,-70.8632027547783,7.22436640164165));
#3721=CARTESIAN_POINT('Ctrl Pts',(17.5719944333453,-106.732119182022,4.99096109597481));
#3722=CARTESIAN_POINT('Ctrl Pts',(15.743567496589,-146.804626752196,2.51177463711003));
#3723=CARTESIAN_POINT('Ctrl Pts',(14.3668265670392,-175.931218401713,0.916572481407889));
#3724=CARTESIAN_POINT('Ctrl Pts',(13.6123906354795,-191.056785109278,0.112820915216866));
#3725=CARTESIAN_POINT('Ctrl Pts',(13.0671535837963,0.55868444642955,9.94766272077784));
#3726=CARTESIAN_POINT('Ctrl Pts',(13.6528547909287,-2.12428015225481,9.92534385940997));
#3727=CARTESIAN_POINT('Ctrl Pts',(14.8374991438905,-7.87624215205447,9.91333953455158));
#3728=CARTESIAN_POINT('Ctrl Pts',(16.4412204838753,-17.6802820117517,9.85098352031868));
#3729=CARTESIAN_POINT('Ctrl Pts',(17.587893003547,-28.6747689449007,9.55305554578789));
#3730=CARTESIAN_POINT('Ctrl Pts',(18.3721130435923,-45.6463527926127,8.69228338094828));
#3731=CARTESIAN_POINT('Ctrl Pts',(18.6268831008523,-70.8630975202839,7.31523860664212));
#3732=CARTESIAN_POINT('Ctrl Pts',(17.5772780931597,-106.73222201837,5.06136896991249));
#3733=CARTESIAN_POINT('Ctrl Pts',(15.7310968961712,-146.804944359777,2.55757204872299));
#3734=CARTESIAN_POINT('Ctrl Pts',(14.343848887496,-175.931349739551,0.950420873146664));
#3735=CARTESIAN_POINT('Ctrl Pts',(13.5842939282578,-191.056785109278,0.141071349340625));
#3736=CARTESIAN_POINT('Ctrl Pts',(13.1021660030793,0.557547627513443,10.0025433679577));
#3737=CARTESIAN_POINT('Ctrl Pts',(13.686497687189,-2.12557064267215,9.98543769049255));
#3738=CARTESIAN_POINT('Ctrl Pts',(14.8684809258503,-7.87754211178265,9.9855424967572));
#3739=CARTESIAN_POINT('Ctrl Pts',(16.4683371582271,-17.6810716978103,9.94114160774808));
#3740=CARTESIAN_POINT('Ctrl Pts',(17.6105940420376,-28.6750119014418,9.65362363034351));
#3741=CARTESIAN_POINT('Ctrl Pts',(18.387509847382,-45.6462619747183,8.79239243292244));
#3742=CARTESIAN_POINT('Ctrl Pts',(18.632307245776,-70.8625597076776,7.4083105385668));
#3743=CARTESIAN_POINT('Ctrl Pts',(17.5691794635265,-106.731873759681,5.12994657283141));
#3744=CARTESIAN_POINT('Ctrl Pts',(15.708922265987,-146.805037921187,2.59689694440239));
#3745=CARTESIAN_POINT('Ctrl Pts',(14.3127893201582,-175.931407709539,0.975369059682143));
#3746=CARTESIAN_POINT('Ctrl Pts',(13.5487713601804,-191.056785109277,0.159212453077033));
#3747=CARTESIAN_POINT('Ctrl Pts',(13.1228587934465,0.556540263135763,10.0394282423405));
#3748=CARTESIAN_POINT('Ctrl Pts',(13.7053149941828,-2.12673811353478,10.0258948430649));
#3749=CARTESIAN_POINT('Ctrl Pts',(14.8834906251104,-7.878795897758,10.0344496296346));
#3750=CARTESIAN_POINT('Ctrl Pts',(16.4775676400573,-17.6819492393696,10.0024715579884));
#3751=CARTESIAN_POINT('Ctrl Pts',(17.6149120938491,-28.6753540266574,9.72200157567291));
#3752=CARTESIAN_POINT('Ctrl Pts',(18.3864429830129,-45.6461124859071,8.85978116217337));
#3753=CARTESIAN_POINT('Ctrl Pts',(18.6250078314989,-70.8618867315436,7.46983006914805));
#3754=CARTESIAN_POINT('Ctrl Pts',(17.5555610776002,-106.731303577175,5.17269182068187));
#3755=CARTESIAN_POINT('Ctrl Pts',(15.6894640747731,-146.804935038091,2.61750818360116));
#3756=CARTESIAN_POINT('Ctrl Pts',(14.2887707078073,-175.931386827614,0.984783938426959));
#3757=CARTESIAN_POINT('Ctrl Pts',(13.522532849248,-191.056785109276,0.163382409261481));
#3758=CARTESIAN_POINT('Ctrl Pts',(13.1880035110403,0.55274807781113,10.1632785613137));
#3759=CARTESIAN_POINT('Ctrl Pts',(13.7630515476379,-2.13113893307643,10.161996670952));
#3760=CARTESIAN_POINT('Ctrl Pts',(14.9248542847201,-7.88358920700191,10.1990269109495));
#3761=CARTESIAN_POINT('Ctrl Pts',(16.4954129560523,-17.6854293917824,10.2096000498945));
#3762=CARTESIAN_POINT('Ctrl Pts',(17.613283588683,-28.6768078621087,9.95267673912297));
#3763=CARTESIAN_POINT('Ctrl Pts',(18.3662876680671,-45.6455409700764,9.08587331922183));
#3764=CARTESIAN_POINT('Ctrl Pts',(18.5842106722936,-70.8591456407767,7.6736948393904));
#3765=CARTESIAN_POINT('Ctrl Pts',(17.4989611525493,-106.728898547629,5.3098829465668));
#3766=CARTESIAN_POINT('Ctrl Pts',(15.6188581761795,-146.804297707162,2.67583309326084));
#3767=CARTESIAN_POINT('Ctrl Pts',(14.2068864943244,-175.931238276461,1.00373434462883));
#3768=CARTESIAN_POINT('Ctrl Pts',(13.4342621981733,-191.056785109272,0.163381581010213));
#3769=CARTESIAN_POINT('Ctrl Pts',(13.2356411567213,0.544737083910715,10.3175118567513));
#3770=CARTESIAN_POINT('Ctrl Pts',(13.7885867892622,-2.1406455433392,10.3302916893553));
#3771=CARTESIAN_POINT('Ctrl Pts',(14.9015729523119,-7.89460216998946,10.4007958338032));
#3772=CARTESIAN_POINT('Ctrl Pts',(16.3993738724052,-17.6943231645562,10.4607812486336));
#3773=CARTESIAN_POINT('Ctrl Pts',(17.466578539759,-28.6809740052292,10.2313286667242));
#3774=CARTESIAN_POINT('Ctrl Pts',(18.192103800982,-45.6437274019376,9.35850218962355));
#3775=CARTESIAN_POINT('Ctrl Pts',(18.3935391584732,-70.8516508978431,7.91957307324637));
#3776=CARTESIAN_POINT('Ctrl Pts',(17.3331123167022,-106.721546126117,5.47531703897305));
#3777=CARTESIAN_POINT('Ctrl Pts',(15.49133177027,-146.801346782708,2.74684202449371));
#3778=CARTESIAN_POINT('Ctrl Pts',(14.0898248998543,-175.930297073222,1.02646707436199));
#3779=CARTESIAN_POINT('Ctrl Pts',(13.3215487289299,-191.056785109258,0.163380992061017));
#3780=CARTESIAN_POINT('Ctrl Pts',(13.2615504741917,0.531944046173081,10.4656179029397));
#3781=CARTESIAN_POINT('Ctrl Pts',(13.7723608142169,-2.15588639240071,10.4777036573626));
#3782=CARTESIAN_POINT('Ctrl Pts',(14.790491728183,-7.91248822685861,10.5478534350897));
#3783=CARTESIAN_POINT('Ctrl Pts',(16.1476745791893,-17.7090951025773,10.6077610281099));
#3784=CARTESIAN_POINT('Ctrl Pts',(17.120052345378,-28.6880724535356,10.3743490083368));
#3785=CARTESIAN_POINT('Ctrl Pts',(17.8046208491108,-45.6406694535527,9.48778557581548));
#3786=CARTESIAN_POINT('Ctrl Pts',(17.992840877915,-70.8390290955494,8.02740029556869));
#3787=CARTESIAN_POINT('Ctrl Pts',(17.0131666068261,-106.708954359768,5.5476889976898));
#3788=CARTESIAN_POINT('Ctrl Pts',(15.2804784300356,-146.795971425351,2.78072598314874));
#3789=CARTESIAN_POINT('Ctrl Pts',(13.9210702705309,-175.928563481449,1.03765618276852));
#3790=CARTESIAN_POINT('Ctrl Pts',(13.1712619483906,-191.056785109257,0.163380820695518));
#3791=CARTESIAN_POINT('Ctrl Pts',(13.2723727630872,0.52586492303588,10.5175898945214));
#3792=CARTESIAN_POINT('Ctrl Pts',(13.7613332888642,-2.16312260677052,10.52176283427));
#3793=CARTESIAN_POINT('Ctrl Pts',(14.7303206773577,-7.92095517397201,10.5744392828373));
#3794=CARTESIAN_POINT('Ctrl Pts',(16.0144619221613,-17.7160517845715,10.6086370236018));
#3795=CARTESIAN_POINT('Ctrl Pts',(16.9377143737807,-28.6913956840095,10.3575026891602));
#3796=CARTESIAN_POINT('Ctrl Pts',(17.6014261555536,-45.6392336825916,9.46178277393613));
#3797=CARTESIAN_POINT('Ctrl Pts',(17.7835502735974,-70.8330982532937,7.99625470108656));
#3798=CARTESIAN_POINT('Ctrl Pts',(16.847077183232,-106.703058594113,5.52651173113326));
#3799=CARTESIAN_POINT('Ctrl Pts',(15.1726069210362,-146.793490256695,2.77429073013302));
#3800=CARTESIAN_POINT('Ctrl Pts',(13.8358586771696,-175.927764850139,1.03577716693718));
#3801=CARTESIAN_POINT('Ctrl Pts',(13.0961189965646,-191.056785109252,0.163380542571705));
#3802=CARTESIAN_POINT('Ctrl Pts',(13.3176920441366,0.508760920641834,10.6465339831298));
#3803=CARTESIAN_POINT('Ctrl Pts',(13.7426227364037,-2.18342714058086,10.6148395434169));
#3804=CARTESIAN_POINT('Ctrl Pts',(14.5676158670638,-7.94453134378261,10.5872362578379));
#3805=CARTESIAN_POINT('Ctrl Pts',(15.6377740477913,-17.735183474795,10.5031276586429));
#3806=CARTESIAN_POINT('Ctrl Pts',(16.4161559495123,-28.7004215358471,10.173218835767));
#3807=CARTESIAN_POINT('Ctrl Pts',(17.0159153543185,-45.6353525274788,9.24546673717891));
#3808=CARTESIAN_POINT('Ctrl Pts',(17.1758394778579,-70.8168939087264,7.7720604490734));
#3809=CARTESIAN_POINT('Ctrl Pts',(16.3594369456756,-106.687110648255,5.37476715057454));
#3810=CARTESIAN_POINT('Ctrl Pts',(14.8485986449713,-146.78698456969,2.71914929606221));
#3811=CARTESIAN_POINT('Ctrl Pts',(13.5743463555089,-175.925696617105,1.0187989617733));
#3812=CARTESIAN_POINT('Ctrl Pts',(12.8620838949587,-191.056785109236,0.163379584526909));
#3813=CARTESIAN_POINT('Ctrl Pts',(13.3558124022094,0.494408718316148,10.7548233081425));
#3814=CARTESIAN_POINT('Ctrl Pts',(13.727001859343,-2.20046581902273,10.6930398074673));
#3815=CARTESIAN_POINT('Ctrl Pts',(14.431180622246,-7.96431614468284,10.5980792743956));
#3816=CARTESIAN_POINT('Ctrl Pts',(15.3217538118108,-17.7512381192347,10.4147216916319));
#3817=CARTESIAN_POINT('Ctrl Pts',(15.9785685711701,-28.7079942984942,10.0187192361355));
#3818=CARTESIAN_POINT('Ctrl Pts',(16.5246491209552,-45.6320929725133,9.06408212539813));
#3819=CARTESIAN_POINT('Ctrl Pts',(16.6659506562993,-70.8032960882486,7.58404092273682));
#3820=CARTESIAN_POINT('Ctrl Pts',(15.9502521175541,-106.673727078016,5.24750762473306));
#3821=CARTESIAN_POINT('Ctrl Pts',(14.5767062437927,-146.781527257249,2.67290110675479));
#3822=CARTESIAN_POINT('Ctrl Pts',(13.3548276559258,-175.923960677206,1.00456373731195));
#3823=CARTESIAN_POINT('Ctrl Pts',(12.6656219096004,-191.05678510918,0.163376207060376));
#3824=CARTESIAN_POINT('Ctrl Pts',(13.3938701524763,0.480051602224807,10.8630771147195));
#3825=CARTESIAN_POINT('Ctrl Pts',(13.7113117307367,-2.21750959074219,10.7711904483382));
#3826=CARTESIAN_POINT('Ctrl Pts',(14.2946241339049,-7.98410624139091,10.6088455546644));
#3827=CARTESIAN_POINT('Ctrl Pts',(15.0055776778379,-17.7672973868559,10.3261929567959));
#3828=CARTESIAN_POINT('Ctrl Pts',(15.5407881109772,-28.7155704324963,9.8640709076551));
#3829=CARTESIAN_POINT('Ctrl Pts',(16.0331844042056,-45.6288347123676,8.88254532536581));
#3830=CARTESIAN_POINT('Ctrl Pts',(16.1558502311957,-70.7896941129974,7.39588306541069));
#3831=CARTESIAN_POINT('Ctrl Pts',(15.5409293312227,-106.660340201919,5.12015519542789));
#3832=CARTESIAN_POINT('Ctrl Pts',(14.3047303547534,-146.776066681209,2.62662041160324));
#3833=CARTESIAN_POINT('Ctrl Pts',(13.1353003116294,-175.922224547188,0.990318018671698));
#3834=CARTESIAN_POINT('Ctrl Pts',(12.4691579170369,-191.05678510918,0.163376207060374));
#3835=CARTESIAN_POINT('Ctrl Pts',(13.3938701524763,0.480051602224806,10.8630771147195));
#3836=CARTESIAN_POINT('Ctrl Pts',(13.3638751257172,0.436158767144748,10.7564512159762));
#3837=CARTESIAN_POINT('Ctrl Pts',(13.3356563234712,0.395362738401595,10.6482222531898));
#3838=CARTESIAN_POINT('Ctrl Pts',(13.2970173013141,0.34000938317055,10.4879416547088));
#3839=CARTESIAN_POINT('Ctrl Pts',(13.2946847087747,0.336695786640232,10.4318399390988));
#3840=CARTESIAN_POINT('Ctrl Pts',(13.2765562204281,0.310864800174425,10.2986804202126));
#3841=CARTESIAN_POINT('Ctrl Pts',(13.2546848923667,0.279319784372638,10.1725025619793));
#3842=CARTESIAN_POINT('Ctrl Pts',(13.1452917902526,0.126856519492824,9.90674269950498));
#3843=CARTESIAN_POINT('Ctrl Pts',(13.0771811202533,0.0333771968985086,9.79967951889612));
#3844=CARTESIAN_POINT('Ctrl Pts',(12.9276148094208,-0.165630719359356,9.632823024442));
#3845=CARTESIAN_POINT('Ctrl Pts',(12.8261794110768,-0.298219146036435,9.54753602935429));
#3846=CARTESIAN_POINT('Ctrl Pts',(11.3092838753663,-2.18533172026676,8.18981282447718));
#3847=CARTESIAN_POINT('Ctrl Pts',(9.55343169579924,-3.58262460947744,6.96361218860805));
#3848=CARTESIAN_POINT('Ctrl Pts',(5.6480006749984,-5.47952206536435,4.4916009739533));
#3849=CARTESIAN_POINT('Ctrl Pts',(3.57022034952515,-5.98529487406181,3.28061300389996));
#3850=CARTESIAN_POINT('Ctrl Pts',(1.46926726714086,-6.04973447807904,2.0197436724047));
#3851=CARTESIAN_POINT('Origin',(1.00940943952774,8.94321489082043,0.));
#3852=CARTESIAN_POINT('',(-13.9905905604723,8.94321489082043,15.));
#3853=CARTESIAN_POINT('Origin',(1.00940943952774,8.94321489082043,15.));
#3854=CARTESIAN_POINT('',(-13.9905905604723,8.94321489082043,-9.66240976119082E-15));
#3855=CARTESIAN_POINT('',(-13.9905905604723,8.94321489082043,0.));
#3856=CARTESIAN_POINT('Origin',(1.00940943952774,8.94321489082043,0.));
#3857=CARTESIAN_POINT('',(6.20294975490882,23.0154264793559,0.));
#3858=CARTESIAN_POINT('Origin',(1.00940943952774,8.94321489082043,0.));
#3859=CARTESIAN_POINT('',(-11.3750512734208,17.4063781794161,10.8630771147196));
#3860=CARTESIAN_POINT('Ctrl Pts',(-11.3750512734208,17.4063781794161,10.8630771147196));
#3861=CARTESIAN_POINT('Ctrl Pts',(-11.6193304441962,17.0489154092559,11.0556054412069));
#3862=CARTESIAN_POINT('Ctrl Pts',(-11.8507352485481,16.6770414999572,11.2244669710458));
#3863=CARTESIAN_POINT('Ctrl Pts',(-12.067287544629,16.291683845953,11.3743904814217));
#3864=CARTESIAN_POINT('Ctrl Pts',(-12.2012992708505,16.0532082196936,11.4671694950377));
#3865=CARTESIAN_POINT('Ctrl Pts',(-12.3297696619795,15.809335386786,11.5529796064276));
#3866=CARTESIAN_POINT('Ctrl Pts',(-12.4524175037796,15.5598012726675,11.6335949001127));
#3867=CARTESIAN_POINT('Ctrl Pts',(-12.5377143793043,15.3862598555603,11.6896597486247));
#3868=CARTESIAN_POINT('Ctrl Pts',(-12.6047455214929,15.2416848238572,11.7331510141523));
#3869=CARTESIAN_POINT('Ctrl Pts',(-12.6567891056259,15.126661933081,11.7669147574395));
#3870=CARTESIAN_POINT('Ctrl Pts',(-12.7688032995116,14.8790964242223,11.8395849731805));
#3871=CARTESIAN_POINT('Ctrl Pts',(-12.8572985735863,14.6650218226159,11.9459424623532));
#3872=CARTESIAN_POINT('Ctrl Pts',(-12.9156805444422,14.5192232245965,12.0845266018723));
#3873=CARTESIAN_POINT('Ctrl Pts',(-12.9558954948669,14.4187935319124,12.179986796496));
#3874=CARTESIAN_POINT('Ctrl Pts',(-12.9841086697971,14.3457905055194,12.3377841822945));
#3875=CARTESIAN_POINT('Ctrl Pts',(-12.9549617533957,14.4201060880464,12.4552320171577));
#3876=CARTESIAN_POINT('Ctrl Pts',(-12.9206964671216,14.5074719237609,12.59330438229));
#3877=CARTESIAN_POINT('Ctrl Pts',(-12.8591376240567,14.6616966880326,12.6500102724648));
#3878=CARTESIAN_POINT('Ctrl Pts',(-12.7828760098267,14.8400667698765,12.7035070159268));
#3879=CARTESIAN_POINT('Ctrl Pts',(-12.6264327726525,15.205975534075,12.8132503489256));
#3880=CARTESIAN_POINT('Ctrl Pts',(-12.3856755470392,15.7329146084723,12.8600159387385));
#3881=CARTESIAN_POINT('Ctrl Pts',(-12.0260565747549,16.3645776895577,12.7995693645375));
#3882=CARTESIAN_POINT('Ctrl Pts',(-11.78399797758,16.7897484705193,12.7588829322779));
#3883=CARTESIAN_POINT('Ctrl Pts',(-11.4742750323607,17.2922313078649,12.6794852045475));
#3884=CARTESIAN_POINT('Ctrl Pts',(-11.0327159852148,17.8867720832786,12.4179221524432));
#3885=CARTESIAN_POINT('Ctrl Pts',(-10.6989366582012,18.3361919766821,12.220203772382));
#3886=CARTESIAN_POINT('Ctrl Pts',(-10.2650629505256,18.8573240016358,11.9700714215454));
#3887=CARTESIAN_POINT('Ctrl Pts',(-9.8259122366989,19.3160546260469,11.7233819138927));
#3888=CARTESIAN_POINT('Ctrl Pts',(-7.65584795304683,21.5828730838322,10.5043651325144));
#3889=CARTESIAN_POINT('Ctrl Pts',(-4.83686844699854,23.0780387345618,9.06786325756119));
#3890=CARTESIAN_POINT('Ctrl Pts',(-1.89832143668428,23.6586863800906,7.52636468360071));
#3891=CARTESIAN_POINT('Ctrl Pts',(-0.462617571950148,23.9423769475066,6.77322530813755));
#3892=CARTESIAN_POINT('Ctrl Pts',(1.00182196304406,24.0035175139067,5.98982037228916));
#3893=CARTESIAN_POINT('Ctrl Pts',(2.3428836690774,23.8838255369462,5.21045416775423));
#3894=CARTESIAN_POINT('Ctrl Pts',(3.31294125574527,23.7972462917173,4.64669927407534));
#3895=CARTESIAN_POINT('Ctrl Pts',(4.23384363507875,23.619527980092,4.07682396163537));
#3896=CARTESIAN_POINT('Ctrl Pts',(5.08976405631595,23.3775734218136,3.48580337704786));
#3897=CARTESIAN_POINT('Ctrl Pts',(5.7748812839284,23.1839021037064,3.01272390105032));
#3898=CARTESIAN_POINT('Ctrl Pts',(6.46740710401513,22.9201360809127,2.473141538703));
#3899=CARTESIAN_POINT('Ctrl Pts',(6.81735872891703,22.7731724125152,2.18035902006164));
#3900=CARTESIAN_POINT('Ctrl Pts',(6.89170218592962,22.741951562585,2.11816052449885));
#3901=CARTESIAN_POINT('Ctrl Pts',(6.95269771746981,22.7156477279464,2.06617745278622));
#3902=CARTESIAN_POINT('Ctrl Pts',(6.99928217754353,22.6953574359795,2.02617662731343));
#3903=CARTESIAN_POINT('Ctrl Pts',(7.03492281244903,22.6798338281719,1.99557297076491));
#3904=CARTESIAN_POINT('Ctrl Pts',(7.05696507733246,22.6701242896204,1.9766971951811));
#3905=CARTESIAN_POINT('Ctrl Pts',(7.08545260564112,22.657503040175,1.95237751895422));
#3906=CARTESIAN_POINT('Ctrl Pts',(7.1658441741706,22.621885978957,1.88374759441937));
#3907=CARTESIAN_POINT('Ctrl Pts',(7.29085028918737,22.5647344159981,1.70436690811822));
#3908=CARTESIAN_POINT('Ctrl Pts',(7.33427356593767,22.544541803385,1.50255420694889));
#3909=CARTESIAN_POINT('Ctrl Pts',(7.36259913211907,22.5313699004852,1.37090916652296));
#3910=CARTESIAN_POINT('Ctrl Pts',(7.36366486759362,22.5308516715601,1.23583404675145));
#3911=CARTESIAN_POINT('Ctrl Pts',(7.34475259382776,22.5396639536186,1.12577400739224));
#3912=CARTESIAN_POINT('Ctrl Pts',(7.33208456107912,22.5455666958847,1.05205234916224));
#3913=CARTESIAN_POINT('Ctrl Pts',(7.31086960376308,22.5554189537233,0.992112065134755));
#3914=CARTESIAN_POINT('Ctrl Pts',(7.2905708514395,22.5647790931252,0.953952474422946));
#3915=CARTESIAN_POINT('Ctrl Pts',(7.28727098725298,22.5663007230412,0.947749065230359));
#3916=CARTESIAN_POINT('Ctrl Pts',(7.28441810154451,22.5676158388053,0.942532941174935));
#3917=CARTESIAN_POINT('Ctrl Pts',(7.27905128738554,22.5700850780494,0.934245949044172));
#3918=CARTESIAN_POINT('Ctrl Pts',(7.23943742329169,22.5883111810845,0.873077484794943));
#3919=CARTESIAN_POINT('Ctrl Pts',(7.08635235489519,22.6589203623353,0.664614529517203));
#3920=CARTESIAN_POINT('Ctrl Pts',(6.88097601359121,22.7462836063757,0.482231736419275));
#3921=CARTESIAN_POINT('Ctrl Pts',(6.67443482190858,22.8341423559221,0.298814507396306));
#3922=CARTESIAN_POINT('Ctrl Pts',(6.43780672408333,22.9287493334018,0.139596473265244));
#3923=CARTESIAN_POINT('Ctrl Pts',(6.20294975490882,23.0154264793559,-9.66240976119082E-15));
#3924=CARTESIAN_POINT('',(0.549551611914618,23.9361642597199,2.01974367240469));
#3925=CARTESIAN_POINT('Ctrl Pts',(0.549551611914617,23.9361642597199,2.01974367240469));
#3926=CARTESIAN_POINT('Ctrl Pts',(-1.5514014704697,23.8717246557027,3.28061300389997));
#3927=CARTESIAN_POINT('Ctrl Pts',(-3.62918179594295,23.3659518470052,4.49160097395332));
#3928=CARTESIAN_POINT('Ctrl Pts',(-7.5346128167438,21.4690543911183,6.96361218860808));
#3929=CARTESIAN_POINT('Ctrl Pts',(-9.29046499631083,20.0717615019076,8.1898128244772));
#3930=CARTESIAN_POINT('Ctrl Pts',(-10.8073605320214,18.1846489276772,9.54753602935436));
#3931=CARTESIAN_POINT('Ctrl Pts',(-10.9087959303654,18.0520605010002,9.63282302444204));
#3932=CARTESIAN_POINT('Ctrl Pts',(-11.0583622411979,17.8530525847423,9.79967951889614));
#3933=CARTESIAN_POINT('Ctrl Pts',(-11.1264729111971,17.759573262148,9.906742699505));
#3934=CARTESIAN_POINT('Ctrl Pts',(-11.2358660133112,17.6071099972682,10.1725025619793));
#3935=CARTESIAN_POINT('Ctrl Pts',(-11.2577373413726,17.5755649814664,10.2986804202127));
#3936=CARTESIAN_POINT('Ctrl Pts',(-11.2758658297192,17.5497339950006,10.4318399390988));
#3937=CARTESIAN_POINT('Ctrl Pts',(-11.2781984222586,17.5464203984703,10.4879416547088));
#3938=CARTESIAN_POINT('Ctrl Pts',(-11.3168374444157,17.4910670432393,10.6482222531899));
#3939=CARTESIAN_POINT('Ctrl Pts',(-11.3450562466618,17.4502710144961,10.7564512159762));
#3940=CARTESIAN_POINT('Ctrl Pts',(-11.3750512734209,17.4063781794161,10.8630771147195));
#3941=CARTESIAN_POINT('',(2.69175850540729,23.8485730421878,0.));
#3942=CARTESIAN_POINT('Ctrl Pts',(2.69175850540731,23.8485730421878,2.22044604925031E-15));
#3943=CARTESIAN_POINT('Ctrl Pts',(2.45378038744941,23.8754333336602,0.191423324256419));
#3944=CARTESIAN_POINT('Ctrl Pts',(1.95171326073658,23.9198989434716,0.665690899999859));
#3945=CARTESIAN_POINT('Ctrl Pts',(1.18469111120468,23.9458805919341,1.38365171526346));
#3946=CARTESIAN_POINT('Ctrl Pts',(0.854272113352551,23.9455105267133,1.70071056445412));
#3947=CARTESIAN_POINT('Ctrl Pts',(0.549551611914624,23.9361642597199,2.0197436724047));
#3948=CARTESIAN_POINT('Origin',(1.00940943952774,8.94321489082043,0.));
#3949=CARTESIAN_POINT('Origin',(1.00940943952774,8.94321489082043,0.));
#3950=CARTESIAN_POINT('',(4.57738859310016,19.6124240817433,0.));
#3951=CARTESIAN_POINT('Origin',(1.00940943952774,8.94321489082043,0.));
#3952=CARTESIAN_POINT('Ctrl Pts',(6.20294975490882,23.0154264793559,0.));
#3953=CARTESIAN_POINT('Ctrl Pts',(5.85853936166987,22.4811997699506,0.));
#3954=CARTESIAN_POINT('Ctrl Pts',(5.50216606909515,21.814220878015,-6.54701572753475E-17));
#3955=CARTESIAN_POINT('Ctrl Pts',(5.17772999218355,21.0901213400798,-6.54701572753475E-17));
#3956=CARTESIAN_POINT('Ctrl Pts',(4.96145198134459,20.607416675405,-6.54701572753475E-17));
#3957=CARTESIAN_POINT('Ctrl Pts',(4.7612552983232,20.1087464458239,0.));
#3958=CARTESIAN_POINT('Ctrl Pts',(4.57738859310018,19.6124240817433,0.));
#3959=CARTESIAN_POINT('Origin',(1.00940943952774,8.94321489082043,0.));
#3960=CARTESIAN_POINT('',(1.80331048564862,20.1651675341427,0.));
#3961=CARTESIAN_POINT('Ctrl Pts',(1.80331048564863,20.1651675341427,4.59830276234808E-16));
#3962=CARTESIAN_POINT('Ctrl Pts',(2.05833856004554,21.2938643379244,4.59830276234808E-16));
#3963=CARTESIAN_POINT('Ctrl Pts',(2.3522878594561,22.5086842577852,4.59830276234808E-16));
#3964=CARTESIAN_POINT('Ctrl Pts',(2.69175850540731,23.8485730421878,4.59830276234808E-16));
#3965=CARTESIAN_POINT('',(-10.2405905604723,8.94321489082043,0.));
#3966=CARTESIAN_POINT('Origin',(1.00940943952774,8.94321489082043,0.));
#3967=CARTESIAN_POINT('Origin',(1.00940943952774,8.94321489082043,0.));
#3968=CARTESIAN_POINT('Origin',(1.00940943952774,8.94321489082043,15.));
#3969=CARTESIAN_POINT('',(-10.2405905604723,8.94321489082043,15.));
#3970=CARTESIAN_POINT('Origin',(1.00940943952774,8.94321489082043,15.));
#3971=CARTESIAN_POINT('Origin',(1.00940943952774,8.94321489082043,0.));
#3972=CARTESIAN_POINT('',(-10.2405905604723,8.94321489082043,0.));
#3973=CARTESIAN_POINT('Ctrl Pts',(4.57738859310017,19.6124240817433,-1.33226762955019E-14));
#3974=CARTESIAN_POINT('Ctrl Pts',(4.54689937291523,19.6226202359363,-0.0481421974096335));
#3975=CARTESIAN_POINT('Ctrl Pts',(4.51342074686759,19.633626892989,-0.101455070412872));
#3976=CARTESIAN_POINT('Ctrl Pts',(4.4560108513624,19.6523174230678,-0.182361519423918));
#3977=CARTESIAN_POINT('Ctrl Pts',(4.41313496889602,19.6660611450516,-0.229641247897831));
#3978=CARTESIAN_POINT('Ctrl Pts',(4.25135364419923,19.7166602619938,-0.38017365803499));
#3979=CARTESIAN_POINT('Ctrl Pts',(4.09390090513874,19.7639651911202,-0.478683778058159));
#3980=CARTESIAN_POINT('Ctrl Pts',(3.68608744676144,19.8723924392581,-0.624200938944051));
#3981=CARTESIAN_POINT('Ctrl Pts',(3.44335434826798,19.9298613410634,-0.659390369621587));
#3982=CARTESIAN_POINT('Ctrl Pts',(2.92333420446107,20.0324852406203,-0.629602075485999));
#3983=CARTESIAN_POINT('Ctrl Pts',(2.65976143361596,20.0741864455715,-0.562008884160381));
#3984=CARTESIAN_POINT('Ctrl Pts',(2.07574834392787,20.147856000686,-0.286861889377084));
#3985=CARTESIAN_POINT('Ctrl Pts',(1.87548873750665,20.1600612579465,-0.0792890291359965));
#3986=CARTESIAN_POINT('Ctrl Pts',(1.80331048564862,20.1651675341427,4.44089209850063E-15));
#3987=CARTESIAN_POINT('Origin',(-4.65461277323589,208.943214890821,0.0391834140419793));
#3988=CARTESIAN_POINT('',(-3.90080135850005,208.943214890821,-0.0866237929396955));
#3989=CARTESIAN_POINT('',(-10.4503390379814,208.94321489082,0.163376207060376));
#3990=CARTESIAN_POINT('Ctrl Pts',(-3.90080135850006,208.943214890821,-0.0866237929396974));
#3991=CARTESIAN_POINT('Ctrl Pts',(-4.53328379199774,208.943214890821,-0.0866237929396908));
#3992=CARTESIAN_POINT('Ctrl Pts',(-5.7982519467863,208.943214890843,-0.0866295704428676));
#3993=CARTESIAN_POINT('Ctrl Pts',(-7.37945955255627,208.943214890854,-0.0866322098316771));
#3994=CARTESIAN_POINT('Ctrl Pts',(-8.64442802880528,208.943214890878,-0.0866385872191841));
#3995=CARTESIAN_POINT('Ctrl Pts',(-9.90939264250894,208.943214890878,-0.0866380298418373));
#3996=CARTESIAN_POINT('Ctrl Pts',(-10.8581320267991,208.94321489098,-0.0866660799011202));
#3997=CARTESIAN_POINT('Ctrl Pts',(-11.4938526979084,208.943214890994,-0.0866666406132538));
#3998=CARTESIAN_POINT('Ctrl Pts',(-11.5003277476059,208.943214890994,-0.0864152723226776));
#3999=CARTESIAN_POINT('Ctrl Pts',(-11.5131990430907,208.943214890994,-0.0849072772889482));
#4000=CARTESIAN_POINT('Ctrl Pts',(-11.5353169893936,208.943214890994,-0.0796624953765372));
#4001=CARTESIAN_POINT('Ctrl Pts',(-11.55288094009,208.943214890994,-0.0708278193469566));
#4002=CARTESIAN_POINT('Ctrl Pts',(-11.5847425334892,208.943214890992,-0.0480035087111013));
#4003=CARTESIAN_POINT('Ctrl Pts',(-11.6174113546257,208.943214890989,-0.00350164006291124));
#4004=CARTESIAN_POINT('Ctrl Pts',(-11.6176711409788,208.943214890987,0.0654022067162925));
#4005=CARTESIAN_POINT('Ctrl Pts',(-11.5935718971417,208.943214890986,0.112820677599041));
#4006=CARTESIAN_POINT('Ctrl Pts',(-11.5654751893525,208.943214890985,0.1410711125897));
#4007=CARTESIAN_POINT('Ctrl Pts',(-11.5299526197854,208.943214890984,0.159212218910714));
#4008=CARTESIAN_POINT('Ctrl Pts',(-11.5037141083585,208.943214890983,0.163382175896646));
#4009=CARTESIAN_POINT('Ctrl Pts',(-11.4154434497118,208.943214890975,0.163381360453104));
#4010=CARTESIAN_POINT('Ctrl Pts',(-11.3027299600161,208.943214890953,0.163380806023321));
#4011=CARTESIAN_POINT('Ctrl Pts',(-11.1524431770345,208.94321489095,0.163380638797492));
#4012=CARTESIAN_POINT('Ctrl Pts',(-11.0773002178355,208.943214890942,0.163380373123997));
#4013=CARTESIAN_POINT('Ctrl Pts',(-10.8432650938013,208.943214890915,0.163379452965838));
#4014=CARTESIAN_POINT('Ctrl Pts',(-10.646803030545,208.943214890821,0.163376207060375));
#4015=CARTESIAN_POINT('Ctrl Pts',(-10.4503390379814,208.943214890821,0.163376207060373));
#4016=CARTESIAN_POINT('Ctrl Pts',(-10.4503390379814,208.943214890821,0.163376207060373));
#4017=CARTESIAN_POINT('Ctrl Pts',(-10.4178749620484,208.943214890821,0.163376207060373));
#4018=CARTESIAN_POINT('Ctrl Pts',(-10.3498614081521,208.943214890826,0.16337621266109));
#4019=CARTESIAN_POINT('Ctrl Pts',(-10.2388185162863,208.943214890832,0.163376219618177));
#4020=CARTESIAN_POINT('Ctrl Pts',(-10.1189867025377,208.943214890836,0.163376223084828));
#4021=CARTESIAN_POINT('Ctrl Pts',(-9.99059960265425,208.943214890842,0.163376230275787));
#4022=CARTESIAN_POINT('Ctrl Pts',(-9.85389085626421,208.943214890849,0.16337623780735));
#4023=CARTESIAN_POINT('Ctrl Pts',(-9.70909410305218,208.943214890854,0.163376242141589));
#4024=CARTESIAN_POINT('Ctrl Pts',(-9.55644297819442,208.943214890863,0.163376252055157));
#4025=CARTESIAN_POINT('Ctrl Pts',(-9.44959507396434,208.94321489087,0.163376259162465));
#4026=CARTESIAN_POINT('Ctrl Pts',(-9.33523722446716,208.943214890875,0.163376265234755));
#4027=CARTESIAN_POINT('Ctrl Pts',(-9.212893611641,208.943214890884,0.163376273959073));
#4028=CARTESIAN_POINT('Ctrl Pts',(-9.02086818049364,208.943214890899,0.163376290845696));
#4029=CARTESIAN_POINT('Ctrl Pts',(-8.82063727477526,208.943214890906,0.163376298165956));
#4030=CARTESIAN_POINT('Ctrl Pts',(-8.61250541896112,208.943214890925,0.163376317685838));
#4031=CARTESIAN_POINT('Ctrl Pts',(-8.39677714965677,208.943214890944,0.163376338037123));
#4032=CARTESIAN_POINT('Ctrl Pts',(-8.1737570020378,208.943214890957,0.16337635175757));
#4033=CARTESIAN_POINT('Ctrl Pts',(-7.94374950024775,208.943214890985,0.163376381519225));
#4034=CARTESIAN_POINT('Ctrl Pts',(-7.78595595327244,208.943214891008,0.163376406492225));
#4035=CARTESIAN_POINT('Ctrl Pts',(-7.65717243561382,208.943214891019,0.163376418057512));
#4036=CARTESIAN_POINT('Ctrl Pts',(-7.55873235292428,208.943214891029,0.163376428277423));
#4037=CARTESIAN_POINT('Ctrl Pts',(-7.4087635044215,208.943214891042,0.163376442258765));
#4038=CARTESIAN_POINT('Ctrl Pts',(-7.25655525802089,208.943214891058,0.163376459462017));
#4039=CARTESIAN_POINT('Ctrl Pts',(-7.102176942675,208.943214891075,0.163376477951391));
#4040=CARTESIAN_POINT('Ctrl Pts',(-6.94569788623702,208.943214891095,0.163376498793933));
#4041=CARTESIAN_POINT('Ctrl Pts',(-6.787187417044,208.943214891116,0.163376521735108));
#4042=CARTESIAN_POINT('Ctrl Pts',(-6.62671486320806,208.94321489114,0.16337654713469));
#4043=CARTESIAN_POINT('Ctrl Pts',(-6.46434955293232,208.943214891166,0.163376575104));
#4044=CARTESIAN_POINT('Ctrl Pts',(-6.30016081436896,208.943214891195,0.163376605893402));
#4045=CARTESIAN_POINT('Ctrl Pts',(-6.1342179756819,208.943214891227,0.163376639721201));
#4046=CARTESIAN_POINT('Ctrl Pts',(-5.96659036501764,208.943214891262,0.163376676853373));
#4047=CARTESIAN_POINT('Ctrl Pts',(-5.79734731051787,208.9432148913,0.163376717568925));
#4048=CARTESIAN_POINT('Ctrl Pts',(-5.62655814031126,208.943214891342,0.163376762182457));
#4049=CARTESIAN_POINT('Ctrl Pts',(-5.45429218251927,208.943214891388,0.163376811028351));
#4050=CARTESIAN_POINT('Ctrl Pts',(-5.2806187652447,208.943214891438,0.163376864491803));
#4051=CARTESIAN_POINT('Ctrl Pts',(-5.10560721659206,208.943214891493,0.16337692295348));
#4052=CARTESIAN_POINT('Ctrl Pts',(-4.92932686461955,208.943214891553,0.163376986920495));
#4053=CARTESIAN_POINT('Ctrl Pts',(-4.75184703744229,208.943214891618,0.163377056744448));
#4054=CARTESIAN_POINT('Ctrl Pts',(-4.57323706299608,208.94321489169,0.163377133266782));
#4055=CARTESIAN_POINT('Ctrl Pts',(-4.39356626959023,208.943214891768,0.163377216308722));
#4056=CARTESIAN_POINT('Ctrl Pts',(-4.21290398394831,208.943214891856,0.16337731002291));
#4057=CARTESIAN_POINT('Ctrl Pts',(-4.03131955368572,208.943214891904,0.163377361495566));
#4058=CARTESIAN_POINT('Ctrl Pts',(-3.84888226073551,208.943214892032,0.163377497225651));
#4059=CARTESIAN_POINT('Ctrl Pts',(-3.66566147281936,208.943214892137,0.163377609378598));
#4060=CARTESIAN_POINT('Ctrl Pts',(-3.48172650017198,208.943214892266,0.163377747146758));
#4061=CARTESIAN_POINT('Ctrl Pts',(-3.29714667854986,208.9432148924,0.1633778900092));
#4062=CARTESIAN_POINT('Ctrl Pts',(-3.11199133227189,208.943214892549,0.163378048687027));
#4063=CARTESIAN_POINT('Ctrl Pts',(-2.92632979071181,208.94321489271,0.163378220093949));
#4064=CARTESIAN_POINT('Ctrl Pts',(-2.74023138093481,208.943214892886,0.163378407449505));
#4065=CARTESIAN_POINT('Ctrl Pts',(-2.55376543096772,208.943214893077,0.163378611346441));
#4066=CARTESIAN_POINT('Ctrl Pts',(-2.36700126836147,208.943214893286,0.163378833677526));
#4067=CARTESIAN_POINT('Ctrl Pts',(-2.18000822076348,208.943214893514,0.163379076071909));
#4068=CARTESIAN_POINT('Ctrl Pts',(-1.99285561579728,208.943214893762,0.163379340223999));
#4069=CARTESIAN_POINT('Ctrl Pts',(-1.80561278079122,208.943214894032,0.163379628634501));
#4070=CARTESIAN_POINT('Ctrl Pts',(-1.61834904360332,208.943214894327,0.163379942357371));
#4071=CARTESIAN_POINT('Ctrl Pts',(-1.43113373065056,208.94321489465,0.163380286382683));
#4072=CARTESIAN_POINT('Ctrl Pts',(-1.24403617134843,208.943214894998,0.163380657510088));
#4073=CARTESIAN_POINT('Ctrl Pts',(-1.05712568812594,208.943214895387,0.163381071622966));
#4074=CARTESIAN_POINT('Ctrl Pts',(-0.870471618764123,208.943214895791,0.163381502670306));
#4075=CARTESIAN_POINT('Ctrl Pts',(-0.684143266527691,208.943214896276,0.163382018883136));
#4076=CARTESIAN_POINT('Ctrl Pts',(-0.498210007048824,208.943214896719,0.16338249081922));
#4077=CARTESIAN_POINT('Ctrl Pts',(-0.312741169381295,208.943214897118,0.16338291626623));
#4078=CARTESIAN_POINT('Ctrl Pts',(-0.12780606771216,208.94321489751,0.16338333362061));
#4079=CARTESIAN_POINT('Ctrl Pts',(0.0565260762346535,208.943214898167,0.163384033843838));
#4080=CARTESIAN_POINT('Ctrl Pts',(0.240185880718671,208.943214898952,0.163384870808725));
#4081=CARTESIAN_POINT('Ctrl Pts',(0.423103819619868,208.943214899359,0.163385304012201));
#4082=CARTESIAN_POINT('Ctrl Pts',(0.605210980992154,208.943214900454,0.163386470580643));
#4083=CARTESIAN_POINT('Ctrl Pts',(0.786437689097214,208.943214901346,0.163387421325371));
#4084=CARTESIAN_POINT('Ctrl Pts',(0.966714774116588,208.943214902442,0.163388588988779));
#4085=CARTESIAN_POINT('Ctrl Pts',(1.14597284144603,208.943214903571,0.163389792305986));
#4086=CARTESIAN_POINT('Ctrl Pts',(1.32414259753664,208.943214904823,0.163391126047056));
#4087=CARTESIAN_POINT('Ctrl Pts',(1.50115470288523,208.943214906168,0.163392559456798));
#4088=CARTESIAN_POINT('Ctrl Pts',(1.67693985339365,208.943214907669,0.163394158489764));
#4089=CARTESIAN_POINT('Ctrl Pts',(1.85142840263534,208.943214908509,0.163395054022892));
#4090=CARTESIAN_POINT('Ctrl Pts',(2.02455177647259,208.943214910623,0.163397305913698));
#4091=CARTESIAN_POINT('Ctrl Pts',(2.19624006946787,208.943214912529,0.163399337544659));
#4092=CARTESIAN_POINT('Ctrl Pts',(2.36642403340253,208.943214914434,0.16340136750724));
#4093=CARTESIAN_POINT('Ctrl Pts',(2.5350347259711,208.943214917327,0.163404449998561));
#4094=CARTESIAN_POINT('Ctrl Pts',(2.7020017218229,208.943214918395,0.163405588251943));
#4095=CARTESIAN_POINT('Ctrl Pts',(2.86725721880176,208.943214921551,0.163408950798811));
#4096=CARTESIAN_POINT('Ctrl Pts',(3.03073082584039,208.94321492407,0.163411634537087));
#4097=CARTESIAN_POINT('Ctrl Pts',(3.15194838196416,208.94321492744,0.163415226395588));
#4098=CARTESIAN_POINT('Ctrl Pts',(3.23215930105755,208.943214927914,0.163415731089379));
#4099=CARTESIAN_POINT('Ctrl Pts',(3.28547175096772,208.943214928161,0.163415993761118));
#4100=CARTESIAN_POINT('Ctrl Pts',(3.35180717481407,208.9432149293,0.163417208182102));
#4101=CARTESIAN_POINT('Ctrl Pts',(3.4309120609091,208.943214930115,0.163418074669654));
#4102=CARTESIAN_POINT('Ctrl Pts',(3.4833115012159,208.943214931248,0.163419285519537));
#4103=CARTESIAN_POINT('Ctrl Pts',(3.51023463918035,208.943214931414,0.163419457032551));
#4104=CARTESIAN_POINT('Ctrl Pts',(3.51185337071775,208.943214931413,0.163403736738748));
#4105=CARTESIAN_POINT('Ctrl Pts',(3.51508960958347,208.943214931415,0.163309406181743));
#4106=CARTESIAN_POINT('Ctrl Pts',(3.52074663784752,208.943214931424,0.162979451224779));
#4107=CARTESIAN_POINT('Ctrl Pts',(3.5287914061821,208.943214931437,0.162037413599507));
#4108=CARTESIAN_POINT('Ctrl Pts',(3.54150744795661,208.943214931457,0.159536293607354));
#4109=CARTESIAN_POINT('Ctrl Pts',(3.55387409341014,208.94321493151,0.155564115347964));
#4110=CARTESIAN_POINT('Ctrl Pts',(3.56566811768064,208.943214931534,0.150192507153979));
#4111=CARTESIAN_POINT('Ctrl Pts',(3.57275671579722,208.94321493155,0.146273653987361));
#4112=CARTESIAN_POINT('Ctrl Pts',(3.5772055401944,208.943214931564,0.143463793418151));
#4113=CARTESIAN_POINT('Ctrl Pts',(3.57922640805091,208.943214931565,0.142117732870667));
#4114=CARTESIAN_POINT('Ctrl Pts',(3.58006294805264,208.943214931565,0.141548719470659));
#4115=CARTESIAN_POINT('Ctrl Pts',(3.58064560440904,208.943214931565,0.141146159532177));
#4116=CARTESIAN_POINT('Ctrl Pts',(3.58097770998907,208.943214931565,0.14091491466257));
#4117=CARTESIAN_POINT('Ctrl Pts',(3.58122636743678,208.943214931565,0.140740876224711));
#4118=CARTESIAN_POINT('Ctrl Pts',(3.5814746013467,208.943214931565,0.14056623595174));
#4119=CARTESIAN_POINT('Ctrl Pts',(3.58172241097327,208.943214931566,0.140390990164302));
#4120=CARTESIAN_POINT('Ctrl Pts',(3.58196979324187,208.943214931565,0.140215150753419));
#4121=CARTESIAN_POINT('Ctrl Pts',(3.58213443161359,208.943214931566,0.140097510903108));
#4122=CARTESIAN_POINT('Ctrl Pts',(3.60355604399669,208.943214931158,0.124756653467308));
#4123=CARTESIAN_POINT('Ctrl Pts',(3.63618916785822,208.94321492983,0.0802911895101454));
#4124=CARTESIAN_POINT('Ctrl Pts',(3.63658494833694,208.943214928786,-0.00247681551554046));
#4125=CARTESIAN_POINT('Ctrl Pts',(3.58806485185683,208.943214927718,-0.0695327394009222));
#4126=CARTESIAN_POINT('Ctrl Pts',(3.53564207376527,208.943214926659,-0.0866777961630892));
#4127=CARTESIAN_POINT('Ctrl Pts',(3.50704709176965,208.943214926267,-0.0866744129111843));
#4128=CARTESIAN_POINT('Ctrl Pts',(3.50234785938001,208.943214926272,-0.0866745689730633));
#4129=CARTESIAN_POINT('Ctrl Pts',(3.49646760433418,208.943214926248,-0.0866744565789262));
#4130=CARTESIAN_POINT('Ctrl Pts',(3.49175940765974,208.943214926245,-0.0866744705461538));
#4131=CARTESIAN_POINT('Ctrl Pts',(3.48704864338645,208.943214926239,-0.0866744568780255));
#4132=CARTESIAN_POINT('Ctrl Pts',(3.47408333453069,208.94321492621,-0.0866744202015149));
#4133=CARTESIAN_POINT('Ctrl Pts',(3.4433542075233,208.943214925874,-0.0866739354367157));
#4134=CARTESIAN_POINT('Ctrl Pts',(3.39577214639836,208.943214925317,-0.0866731408528237));
#4135=CARTESIAN_POINT('Ctrl Pts',(3.33819465144387,208.943214924886,-0.0866725238405085));
#4136=CARTESIAN_POINT('Ctrl Pts',(3.2801497204926,208.94321492434,-0.086671742479495));
#4137=CARTESIAN_POINT('Ctrl Pts',(3.22164876006254,208.943214923792,-0.0866709587173705));
#4138=CARTESIAN_POINT('Ctrl Pts',(3.17252745743507,208.943214923379,-0.0866703693975293));
#4139=CARTESIAN_POINT('Ctrl Pts',(3.13301376904347,208.943214923251,-0.0866701861048771));
#4140=CARTESIAN_POINT('Ctrl Pts',(3.09335761281404,208.943214923121,-0.0866699994288371));
#4141=CARTESIAN_POINT('Ctrl Pts',(3.06345750374927,208.943214922677,-0.0866693650305882));
#4142=CARTESIAN_POINT('Ctrl Pts',(3.00988043860536,208.943214922206,-0.0866686915473773));
#4143=CARTESIAN_POINT('Ctrl Pts',(2.95922892915072,208.943214920942,-0.0866668837768456));
#4144=CARTESIAN_POINT('Ctrl Pts',(2.89114214794175,208.943214920636,-0.0866664461378123));
#4145=CARTESIAN_POINT('Ctrl Pts',(2.82269714848173,208.943214920304,-0.0866659708359297));
#4146=CARTESIAN_POINT('Ctrl Pts',(2.76234981094958,208.943214919101,-0.086664250581576));
#4147=CARTESIAN_POINT('Ctrl Pts',(2.71031270582547,208.943214918973,-0.0866640671965543));
#4148=CARTESIAN_POINT('Ctrl Pts',(2.67553962749573,208.943214918926,-0.0866640001234806));
#4149=CARTESIAN_POINT('Ctrl Pts',(2.57958175171666,208.943214918097,-0.0866628140605465));
#4150=CARTESIAN_POINT('Ctrl Pts',(2.42079861314786,208.943214916689,-0.0866608001380882));
#4151=CARTESIAN_POINT('Ctrl Pts',(2.2057646235073,208.943214912821,-0.0866552670477199));
#4152=CARTESIAN_POINT('Ctrl Pts',(1.98783902296122,208.943214911255,-0.0866530256827607));
#4153=CARTESIAN_POINT('Ctrl Pts',(1.76745608321688,208.943214909438,-0.0866504261999487));
#4154=CARTESIAN_POINT('Ctrl Pts',(1.54504886055062,208.943214907849,-0.0866481542706741));
#4155=CARTESIAN_POINT('Ctrl Pts',(1.32105081714696,208.943214905958,-0.0866454476677094));
#4156=CARTESIAN_POINT('Ctrl Pts',(1.09589509820356,208.943214904019,-0.0866426748747682));
#4157=CARTESIAN_POINT('Ctrl Pts',(0.87001454527952,208.94321490305,-0.0866412874725584));
#4158=CARTESIAN_POINT('Ctrl Pts',(0.643842902393225,208.943214901813,-0.086639517915528));
#4159=CARTESIAN_POINT('Ctrl Pts',(0.417813022232917,208.943214901296,-0.086638778086022));
#4160=CARTESIAN_POINT('Ctrl Pts',(0.19235885897976,208.943214899739,-0.0866365507753332));
#4161=CARTESIAN_POINT('Ctrl Pts',(-0.0320872479401014,208.943214899409,
-0.0866360787023737));
#4162=CARTESIAN_POINT('Ctrl Pts',(-0.255091212417445,208.943214898217,-0.0866343740631629));
#4163=CARTESIAN_POINT('Ctrl Pts',(-0.402510601678181,208.943214897697,-0.0866336295725168));
#4164=CARTESIAN_POINT('Ctrl Pts',(-0.575280383842231,208.943214897059,-0.0866327182555144));
#4165=CARTESIAN_POINT('Ctrl Pts',(-0.723386143747728,208.943214896458,-0.086631857729795));
#4166=CARTESIAN_POINT('Ctrl Pts',(-0.918197467466708,208.943214896194,-0.0866314800488348));
#4167=CARTESIAN_POINT('Ctrl Pts',(-1.0628391935662,208.943214895864,-0.0866310080945286));
#4168=CARTESIAN_POINT('Ctrl Pts',(-1.20587914610575,208.943214895621,-0.0866306599984726));
#4169=CARTESIAN_POINT('Ctrl Pts',(-1.3942832854806,208.943214895478,-0.0866304563426971));
#4170=CARTESIAN_POINT('Ctrl Pts',(-1.62510819755177,208.943214894629,-0.0866292423010339));
#4171=CARTESIAN_POINT('Ctrl Pts',(-1.89352949516504,208.94321489398,-0.0866283138354565));
#4172=CARTESIAN_POINT('Ctrl Pts',(-2.15230144162467,208.943214893705,-0.0866279196526978));
#4173=CARTESIAN_POINT('Ctrl Pts',(-2.35900267147864,208.943214893031,-0.0866269557436147));
#4174=CARTESIAN_POINT('Ctrl Pts',(-2.51845832518111,208.943214892931,-0.0866268132120768));
#4175=CARTESIAN_POINT('Ctrl Pts',(-2.59612756590801,208.943214892829,-0.0866266670545163));
#4176=CARTESIAN_POINT('Ctrl Pts',(-2.70454423017818,208.943214892714,-0.0866265033018571));
#4177=CARTESIAN_POINT('Ctrl Pts',(-2.84118122502458,208.943214892439,-0.0866261090173383));
#4178=CARTESIAN_POINT('Ctrl Pts',(-3.03450354133251,208.94321489209,-0.0866256099453192));
#4179=CARTESIAN_POINT('Ctrl Pts',(-3.21536357171149,208.94321489193,-0.0866253811703985));
#4180=CARTESIAN_POINT('Ctrl Pts',(-3.38293203622316,208.94321489166,-0.0866249943378784));
#4181=CARTESIAN_POINT('Ctrl Pts',(-3.5363798231797,208.9432148914,-0.0866246212528861));
#4182=CARTESIAN_POINT('Ctrl Pts',(-3.67487782335803,208.943214891275,-0.0866244425123263));
#4183=CARTESIAN_POINT('Ctrl Pts',(-3.79759677159788,208.943214891023,-0.0866240824759097));
#4184=CARTESIAN_POINT('Ctrl Pts',(-3.86833728256705,208.943214890821,-0.0866237929396977));
#4185=CARTESIAN_POINT('Ctrl Pts',(-3.90080135850006,208.943214890821,-0.0866237929396974));
#4186=CARTESIAN_POINT('Ctrl Pts',(-0.361320618904697,17.4981222096236,2.05235558188295));
#4187=CARTESIAN_POINT('Ctrl Pts',(-0.0327280667426785,20.2268633713916,
2.04330128056364));
#4188=CARTESIAN_POINT('Ctrl Pts',(0.887817031585307,26.0612095815444,2.00851894022691));
#4189=CARTESIAN_POINT('Ctrl Pts',(2.40695251301706,35.8745522723282,1.92991125309452));
#4190=CARTESIAN_POINT('Ctrl Pts',(3.17632483472455,46.740256885979,1.84908732152037));
#4191=CARTESIAN_POINT('Ctrl Pts',(2.64827003057678,63.4533887552578,1.73954857256749));
#4192=CARTESIAN_POINT('Ctrl Pts',(1.67241175878686,88.4524118495971,1.50707131729735));
#4193=CARTESIAN_POINT('Ctrl Pts',(-0.7373944814862,124.280608012338,1.10763985996317));
#4194=CARTESIAN_POINT('Ctrl Pts',(-3.11512207980306,164.491975590219,0.587177811212835));
#4195=CARTESIAN_POINT('Ctrl Pts',(-3.72719360060002,193.748406998078,0.150134376154516));
#4196=CARTESIAN_POINT('Ctrl Pts',(-3.90080135850006,208.943214890821,-0.0866237929396974));
#4197=CARTESIAN_POINT('Ctrl Pts',(-1.21979513975959,17.4841049355568,2.679940821755));
#4198=CARTESIAN_POINT('Ctrl Pts',(-0.965416304682443,20.2091145432596,2.66845368250506));
#4199=CARTESIAN_POINT('Ctrl Pts',(-0.215590547975159,26.0368071637541,2.63245981402052));
#4200=CARTESIAN_POINT('Ctrl Pts',(1.05027985475569,35.84951599433,2.5506444866964));
#4201=CARTESIAN_POINT('Ctrl Pts',(1.66374497282125,46.7257434281783,2.44915851249685));
#4202=CARTESIAN_POINT('Ctrl Pts',(1.11311469096252,63.4598226743423,2.27737174467863));
#4203=CARTESIAN_POINT('Ctrl Pts',(0.192957976651465,88.4765291941934,1.95162239208336));
#4204=CARTESIAN_POINT('Ctrl Pts',(-1.94089950204174,124.307988463154,1.40438271719265));
#4205=CARTESIAN_POINT('Ctrl Pts',(-3.98103128570816,164.508056909238,0.726572599160561));
#4206=CARTESIAN_POINT('Ctrl Pts',(-4.43391875276232,193.753996005168,0.195983978096944));
#4207=CARTESIAN_POINT('Ctrl Pts',(-4.53328379199774,208.943214890821,-0.0866237929396908));
#4208=CARTESIAN_POINT('Ctrl Pts',(-2.93677518074077,17.4560679323252,3.93512784857902));
#4209=CARTESIAN_POINT('Ctrl Pts',(-2.83082377942852,20.1736144319225,3.9187750330325));
#4210=CARTESIAN_POINT('Ctrl Pts',(-2.42246224104989,25.9879999248228,3.88037139171872));
#4211=CARTESIAN_POINT('Ctrl Pts',(-1.6631302549662,35.7994413614933,3.79214495224389));
#4212=CARTESIAN_POINT('Ctrl Pts',(-1.36149559571187,46.6967148549039,3.64934313031484));
#4213=CARTESIAN_POINT('Ctrl Pts',(-1.95727915289171,63.472689557447,3.35306097796858));
#4214=CARTESIAN_POINT('Ctrl Pts',(-2.76604610072934,88.5247656635635,2.84077270452036));
#4215=CARTESIAN_POINT('Ctrl Pts',(-4.34797194941599,124.362750622724,1.99789706101638));
#4216=CARTESIAN_POINT('Ctrl Pts',(-5.71289560093946,164.540221109341,1.00538085258868));
#4217=CARTESIAN_POINT('Ctrl Pts',(-5.84737234401171,193.765174019326,0.287677406156421));
#4218=CARTESIAN_POINT('Ctrl Pts',(-5.7982519467863,208.943214890843,-0.0866295704428676));
#4219=CARTESIAN_POINT('Ctrl Pts',(-5.08297637959333,17.4210235672635,5.50409889824314));
#4220=CARTESIAN_POINT('Ctrl Pts',(-5.16255927114767,20.1292411816883,5.48166398803608));
#4221=CARTESIAN_POINT('Ctrl Pts',(-5.18100835738693,25.9269927251643,5.44023790872309));
#4222=CARTESIAN_POINT('Ctrl Pts',(-5.0548430372548,35.7368496682096,5.34399437371098));
#4223=CARTESIAN_POINT('Ctrl Pts',(-5.14298410006577,46.6604304136036,5.14954140504564));
#4224=CARTESIAN_POINT('Ctrl Pts',(-5.79520746251098,63.4887738962225,4.69763952881916));
#4225=CARTESIAN_POINT('Ctrl Pts',(-6.46472691974036,88.5850598810274,3.95217356996561));
#4226=CARTESIAN_POINT('Ctrl Pts',(-7.35676446069809,124.43120235473,2.73976802995055));
#4227=CARTESIAN_POINT('Ctrl Pts',(-7.87769063366515,164.580425158018,1.35387689169122));
#4228=CARTESIAN_POINT('Ctrl Pts',(-7.61418674677445,193.77914653708,0.402298770983736));
#4229=CARTESIAN_POINT('Ctrl Pts',(-7.37945955255627,208.943214890854,-0.0866322098316771));
#4230=CARTESIAN_POINT('Ctrl Pts',(-6.79995890858715,17.3929863670805,6.759287254855));
#4231=CARTESIAN_POINT('Ctrl Pts',(-7.02796923371041,20.0937408734118,6.73198666814064));
#4232=CARTESIAN_POINT('Ctrl Pts',(-7.38788458811153,25.8781852935593,6.68815188282113));
#4233=CARTESIAN_POINT('Ctrl Pts',(-7.76825834786545,35.6867748689008,6.58549756849338));
#4234=CARTESIAN_POINT('Ctrl Pts',(-8.1682311584986,46.6314017074668,6.34972941211219));
#4235=CARTESIAN_POINT('Ctrl Pts',(-8.86560798622096,63.5016407026874,5.77333219482445));
#4236=CARTESIAN_POINT('Ctrl Pts',(-9.423738759577,88.6332964927961,4.84132771396441));
#4237=CARTESIAN_POINT('Ctrl Pts',(-9.76384194658705,124.485964614852,3.33328460380775));
#4238=CARTESIAN_POINT('Ctrl Pts',(-9.60955867348563,164.612589483027,1.63268655152826));
#4239=CARTESIAN_POINT('Ctrl Pts',(-9.02764065906393,193.790324551218,0.493991599971018));
#4240=CARTESIAN_POINT('Ctrl Pts',(-8.64442802880528,208.943214890878,-0.0866385872191841));
#4241=CARTESIAN_POINT('Ctrl Pts',(-8.51690730397493,17.364951869828,8.01445738410244));
#4242=CARTESIAN_POINT('Ctrl Pts',(-8.89334506415828,20.0582432679741,7.98229112248423));
#4243=CARTESIAN_POINT('Ctrl Pts',(-9.59469856828407,25.8293805073234,7.93603300110016));
#4244=CARTESIAN_POINT('Ctrl Pts',(-10.4816023132146,35.636702355427,7.82696332530804));
#4245=CARTESIAN_POINT('Ctrl Pts',(-11.1933891943902,46.6023748258036,7.54987091583794));
#4246=CARTESIAN_POINT('Ctrl Pts',(-11.935916916989,63.5145085607919,6.84897767666907));
#4247=CARTESIAN_POINT('Ctrl Pts',(-12.3826442605717,88.68153114646,5.73042896765786));
#4248=CARTESIAN_POINT('Ctrl Pts',(-12.170850591975,124.54072549167,3.92676993846004));
#4249=CARTESIAN_POINT('Ctrl Pts',(-11.3413759980585,164.644752090009,1.91147603630161));
#4250=CARTESIAN_POINT('Ctrl Pts',(-10.4410907120067,193.801502565496,0.585691357543698));
#4251=CARTESIAN_POINT('Ctrl Pts',(-9.90939264250894,208.943214890878,-0.0866380298418373));
#4252=CARTESIAN_POINT('Ctrl Pts',(-9.8047612098965,17.3439147037558,8.95591112817012));
#4253=CARTESIAN_POINT('Ctrl Pts',(-10.2925195414293,20.031608771067,8.92009560505555));
#4254=CARTESIAN_POINT('Ctrl Pts',(-11.2500691347715,25.7927658644314,8.87208110194486));
#4255=CARTESIAN_POINT('Ctrl Pts',(-12.5169083668454,35.5991384191938,8.75821905614746));
#4256=CARTESIAN_POINT('Ctrl Pts',(-13.4626296539278,46.580597041202,8.45017133649659));
#4257=CARTESIAN_POINT('Ctrl Pts',(-14.2390312725934,63.5241550607221,7.6559089599757));
#4258=CARTESIAN_POINT('Ctrl Pts',(-14.6022676093366,88.7177153194957,6.39747600695871));
#4259=CARTESIAN_POINT('Ctrl Pts',(-13.976394581291,124.581801930403,4.37201470687248));
#4260=CARTESIAN_POINT('Ctrl Pts',(-12.6404507275644,164.668881224881,2.12065278647298));
#4261=CARTESIAN_POINT('Ctrl Pts',(-11.5011941651173,193.809886075762,0.654437728121844));
#4262=CARTESIAN_POINT('Ctrl Pts',(-10.8581320267991,208.94321489098,-0.0866660799011202));
#4263=CARTESIAN_POINT('Ctrl Pts',(-10.667649712621,17.3298241142401,9.58671926267172));
#4264=CARTESIAN_POINT('Ctrl Pts',(-11.2300016503305,20.0137675260502,9.54845846415595));
#4265=CARTESIAN_POINT('Ctrl Pts',(-12.3591606964458,25.7682370015147,9.49923465724902));
#4266=CARTESIAN_POINT('Ctrl Pts',(-13.8805666703841,35.573972658751,9.38215125663389));
#4267=CARTESIAN_POINT('Ctrl Pts',(-14.9830034098496,46.5660082329146,9.0533410130239));
#4268=CARTESIAN_POINT('Ctrl Pts',(-15.7820974503832,63.5306213063189,8.1965126343159));
#4269=CARTESIAN_POINT('Ctrl Pts',(-16.0893553433016,88.7419572588347,6.8443340157382));
#4270=CARTESIAN_POINT('Ctrl Pts',(-15.1860990261892,124.609323345982,4.6702962654862));
#4271=CARTESIAN_POINT('Ctrl Pts',(-13.5108205184952,164.68504586473,2.26077513717813));
#4272=CARTESIAN_POINT('Ctrl Pts',(-12.2115376088289,193.815503692674,0.700521398554331));
#4273=CARTESIAN_POINT('Ctrl Pts',(-11.4938526979084,208.943214890994,-0.0866666406132538));
#4274=CARTESIAN_POINT('Ctrl Pts',(-10.6764381541695,17.329680522234,9.59314159777119));
#4275=CARTESIAN_POINT('Ctrl Pts',(-11.2395497783279,20.0135856726163,9.55485400840192));
#4276=CARTESIAN_POINT('Ctrl Pts',(-12.3704565071884,25.7679868561308,9.50561197147151));
#4277=CARTESIAN_POINT('Ctrl Pts',(-13.8944550278208,35.5737158897052,9.38848711225478));
#4278=CARTESIAN_POINT('Ctrl Pts',(-14.9984877405048,46.5658593402496,9.05946701384064));
#4279=CARTESIAN_POINT('Ctrl Pts',(-15.7978128167638,63.5306873082674,8.20202411603081));
#4280=CARTESIAN_POINT('Ctrl Pts',(-16.1045004808498,88.7422046272556,6.84892919302889));
#4281=CARTESIAN_POINT('Ctrl Pts',(-15.1984193032718,124.609604233973,4.67344662581738));
#4282=CARTESIAN_POINT('Ctrl Pts',(-13.5196851497879,164.68521090947,2.2623893372098));
#4283=CARTESIAN_POINT('Ctrl Pts',(-12.2187725019247,193.815561058694,0.701221485369286));
#4284=CARTESIAN_POINT('Ctrl Pts',(-11.5003277476059,208.943214890994,-0.0864152723226776));
#4285=CARTESIAN_POINT('Ctrl Pts',(-10.6940160085415,17.3293928220706,9.60597664670411));
#4286=CARTESIAN_POINT('Ctrl Pts',(-11.2586479410262,20.0132210930728,9.56762864387482));
#4287=CARTESIAN_POINT('Ctrl Pts',(-12.3930522230165,25.7674847009951,9.5183259940775));
#4288=CARTESIAN_POINT('Ctrl Pts',(-13.9222396725079,35.5731997361324,9.40108453366641));
#4289=CARTESIAN_POINT('Ctrl Pts',(-15.0294639443017,46.5655598268595,9.07165197431163));
#4290=CARTESIAN_POINT('Ctrl Pts',(-15.829243444363,63.5308201388001,8.21307212886873));
#4291=CARTESIAN_POINT('Ctrl Pts',(-16.1347779937817,88.7427019498442,6.85829549681385));
#4292=CARTESIAN_POINT('Ctrl Pts',(-15.2230250863502,124.610169280235,4.68019716913059));
#4293=CARTESIAN_POINT('Ctrl Pts',(-13.5373548593279,164.685543222832,2.26636811520164));
#4294=CARTESIAN_POINT('Ctrl Pts',(-12.2331705428264,193.815676648166,0.703541889690976));
#4295=CARTESIAN_POINT('Ctrl Pts',(-11.5131990430907,208.943214890994,-0.0849072772889482));
#4296=CARTESIAN_POINT('Ctrl Pts',(-10.7247812411058,17.3288877474631,9.62841282901026));
#4297=CARTESIAN_POINT('Ctrl Pts',(-11.2920759780375,20.0125804491979,9.58993958546214));
#4298=CARTESIAN_POINT('Ctrl Pts',(-12.4326106790731,25.7666003116456,9.54047067448903));
#4299=CARTESIAN_POINT('Ctrl Pts',(-13.9708906260747,35.5722885728968,9.42293580477363));
#4300=CARTESIAN_POINT('Ctrl Pts',(-15.0836965965976,46.5650303637486,9.0927987823161));
#4301=CARTESIAN_POINT('Ctrl Pts',(-15.8842335068641,63.5310549201228,8.2324648261038));
#4302=CARTESIAN_POINT('Ctrl Pts',(-16.1876884186597,88.7435802414952,6.87514465367792));
#4303=CARTESIAN_POINT('Ctrl Pts',(-15.265899536765,124.61116805511,4.69317698551844));
#4304=CARTESIAN_POINT('Ctrl Pts',(-13.5679736110398,164.686131768441,2.27527163201184));
#4305=CARTESIAN_POINT('Ctrl Pts',(-12.2579922882265,193.815881483045,0.709993905082488));
#4306=CARTESIAN_POINT('Ctrl Pts',(-11.5353169893936,208.943214890994,-0.0796624953765372));
#4307=CARTESIAN_POINT('Ctrl Pts',(-10.7511652063404,17.3284510843957,9.64760217958635));
#4308=CARTESIAN_POINT('Ctrl Pts',(-11.3207535931343,20.012025024127,9.60899196306215));
#4309=CARTESIAN_POINT('Ctrl Pts',(-12.4665765796113,25.7658287431073,9.55927688008012));
#4310=CARTESIAN_POINT('Ctrl Pts',(-14.0127013739799,35.5714885572643,9.44134525832952));
#4311=CARTESIAN_POINT('Ctrl Pts',(-15.1302824495914,46.5645638919698,9.11063516036303));
#4312=CARTESIAN_POINT('Ctrl Pts',(-15.9313399571212,63.5312620789736,8.24919391075661));
#4313=CARTESIAN_POINT('Ctrl Pts',(-16.2327977683395,88.7443520475837,6.8903459854139));
#4314=CARTESIAN_POINT('Ctrl Pts',(-15.3020255131984,124.612048080413,4.70624355883881));
#4315=CARTESIAN_POINT('Ctrl Pts',(-13.593175186332,164.68665268455,2.28614024838718));
#4316=CARTESIAN_POINT('Ctrl Pts',(-12.2779914271577,193.81606329838,0.719497705667312));
#4317=CARTESIAN_POINT('Ctrl Pts',(-11.55288094009,208.943214890994,-0.0708278193469566));
#4318=CARTESIAN_POINT('Ctrl Pts',(-10.8044431652277,17.3275627030384,9.68627900410366));
#4319=CARTESIAN_POINT('Ctrl Pts',(-11.3786827118745,20.0108923310216,9.64735267828284));
#4320=CARTESIAN_POINT('Ctrl Pts',(-12.5352613303685,25.7642463973,9.59702866389914));
#4321=CARTESIAN_POINT('Ctrl Pts',(-14.0973296594249,35.5698385073868,9.47812169081365));
#4322=CARTESIAN_POINT('Ctrl Pts',(-15.2245202409843,46.5635985653039,9.14628604098628));
#4323=CARTESIAN_POINT('Ctrl Pts',(-16.0263018731523,63.5316906736694,8.28305711241986));
#4324=CARTESIAN_POINT('Ctrl Pts',(-16.3231877809634,88.7459456388035,6.92190070175131));
#4325=CARTESIAN_POINT('Ctrl Pts',(-15.3733136843,124.61386901552,4.73484613082027));
#4326=CARTESIAN_POINT('Ctrl Pts',(-13.6413646193995,164.687735563022,2.31178923520877));
#4327=CARTESIAN_POINT('Ctrl Pts',(-12.3150585322554,193.816441782934,0.743266026217686));
#4328=CARTESIAN_POINT('Ctrl Pts',(-11.5847425334892,208.943214890992,-0.0480035087111013));
#4329=CARTESIAN_POINT('Ctrl Pts',(-10.8740238527022,17.3266422128868,9.74302182206873));
#4330=CARTESIAN_POINT('Ctrl Pts',(-11.4539319121562,20.0096941711362,9.70531304157498));
#4331=CARTESIAN_POINT('Ctrl Pts',(-12.6236895837113,25.7624952689786,9.65782928257607));
#4332=CARTESIAN_POINT('Ctrl Pts',(-14.2053162513321,35.5679261797772,9.54306013945903));
#4333=CARTESIAN_POINT('Ctrl Pts',(-15.3440048331892,46.5624471086222,9.21345331992528));
#4334=CARTESIAN_POINT('Ctrl Pts',(-16.1456800077223,63.5322047119879,8.34964114256117));
#4335=CARTESIAN_POINT('Ctrl Pts',(-16.4354078117516,88.7478248069497,6.98622322406306));
#4336=CARTESIAN_POINT('Ctrl Pts',(-15.4595534927237,124.616056665181,4.79262227653106));
#4337=CARTESIAN_POINT('Ctrl Pts',(-13.6964947572795,164.689081399831,2.36193845539299));
#4338=CARTESIAN_POINT('Ctrl Pts',(-12.3549215644112,193.816916501321,0.789580405173137));
#4339=CARTESIAN_POINT('Ctrl Pts',(-11.6174113546257,208.943214890989,-0.00350164006291124));
#4340=CARTESIAN_POINT('Ctrl Pts',(-10.9529347863601,17.3264463223198,9.82435470284888));
#4341=CARTESIAN_POINT('Ctrl Pts',(-11.5373207187845,20.0093313402324,9.79167328819258));
#4342=CARTESIAN_POINT('Ctrl Pts',(-12.7178716040131,25.761628976211,9.75572360238013));
#4343=CARTESIAN_POINT('Ctrl Pts',(-14.3155061939223,35.566619799825,9.65796567138808));
#4344=CARTESIAN_POINT('Ctrl Pts',(-15.4622959165005,46.5615280583508,9.33881458822678));
#4345=CARTESIAN_POINT('Ctrl Pts',(-16.2593307443926,63.5326220362339,8.47661535443086));
#4346=CARTESIAN_POINT('Ctrl Pts',(-16.5361494513186,88.7492390905376,7.10978159626512));
#4347=CARTESIAN_POINT('Ctrl Pts',(-15.5273769426722,124.617860150214,4.89832257686565));
#4348=CARTESIAN_POINT('Ctrl Pts',(-13.7262721790172,164.690367571101,2.44577349937294));
#4349=CARTESIAN_POINT('Ctrl Pts',(-12.3647203376978,193.81738440068,0.863221538181485));
#4350=CARTESIAN_POINT('Ctrl Pts',(-11.6176711409788,208.943214890987,0.0654022067162925));
#4351=CARTESIAN_POINT('Ctrl Pts',(-11.0095001250952,17.3269813038986,9.8938678047552));
#4352=CARTESIAN_POINT('Ctrl Pts',(-11.5953235897496,20.0098691342587,9.86677025035861));
#4353=CARTESIAN_POINT('Ctrl Pts',(-12.7797376627422,25.7619221067638,9.84368548698088));
#4354=CARTESIAN_POINT('Ctrl Pts',(-14.3831221905117,35.5664107595633,9.76495238246416));
#4355=CARTESIAN_POINT('Ctrl Pts',(-15.5313885073609,46.5612073493204,9.45729260668402));
#4356=CARTESIAN_POINT('Ctrl Pts',(-16.3218216056699,63.532777314434,8.59617498906404));
#4357=CARTESIAN_POINT('Ctrl Pts',(-16.5863544871554,88.7496393765378,7.22434789431595));
#4358=CARTESIAN_POINT('Ctrl Pts',(-15.553170790142,124.618557909086,4.99095839130859));
#4359=CARTESIAN_POINT('Ctrl Pts',(-13.7247805056739,164.691055872263,2.51179527918568));
#4360=CARTESIAN_POINT('Ctrl Pts',(-12.3480078287014,193.817648183422,0.916572243790065));
#4361=CARTESIAN_POINT('Ctrl Pts',(-11.5935718971417,208.943214890986,0.112820677599041));
#4362=CARTESIAN_POINT('Ctrl Pts',(-11.0483384637653,17.3277450378465,9.94766475133169));
#4363=CARTESIAN_POINT('Ctrl Pts',(-11.6340396708977,20.0107096365309,9.92534588996382));
#4364=CARTESIAN_POINT('Ctrl Pts',(-12.8186896179946,25.7626717140386,9.91334602284647));
#4365=CARTESIAN_POINT('Ctrl Pts',(-14.4224075665879,35.566713840988,9.85098805196822));
#4366=CARTESIAN_POINT('Ctrl Pts',(-15.5690773164849,46.5611986134439,9.55305840469088));
#4367=CARTESIAN_POINT('Ctrl Pts',(-16.3532767482176,63.5327911701023,8.69227273760949));
#4368=CARTESIAN_POINT('Ctrl Pts',(-16.6080336036421,88.7495341049503,7.31521846842097));
#4369=CARTESIAN_POINT('Ctrl Pts',(-15.5584535486236,124.61866069763,5.06136561172026));
#4370=CARTESIAN_POINT('Ctrl Pts',(-13.7123097626901,164.691373400933,2.5575931330635));
#4371=CARTESIAN_POINT('Ctrl Pts',(-12.3250301485908,193.817779521259,0.950420636395738));
#4372=CARTESIAN_POINT('Ctrl Pts',(-11.5654751893525,208.943214890985,0.1410711125897));
#4373=CARTESIAN_POINT('Ctrl Pts',(-11.0833508487596,17.3288818594729,10.0025453799027));
#4374=CARTESIAN_POINT('Ctrl Pts',(-11.6676825328692,20.0120001296585,9.98543970243753));
#4375=CARTESIAN_POINT('Ctrl Pts',(-12.8496733852033,25.7639716230422,9.98555039885847));
#4376=CARTESIAN_POINT('Ctrl Pts',(-14.4495269137658,35.5675035023777,9.94114791592996));
#4377=CARTESIAN_POINT('Ctrl Pts',(-15.5917822620901,46.561441567028,9.65362897572923));
#4378=CARTESIAN_POINT('Ctrl Pts',(-16.3686775140834,63.5327004340584,8.79238382767908));
#4379=CARTESIAN_POINT('Ctrl Pts',(-16.6134616259978,88.7489965329439,7.40829198926832));
#4380=CARTESIAN_POINT('Ctrl Pts',(-15.5503570965687,124.618312574206,5.12994438494481));
#4381=CARTESIAN_POINT('Ctrl Pts',(-13.690136069005,164.691467023537,2.59691929449463));
#4382=CARTESIAN_POINT('Ctrl Pts',(-12.2939705797632,193.817837491246,0.975368825515825));
#4383=CARTESIAN_POINT('Ctrl Pts',(-11.5299526197854,208.943214890984,0.159212218910714));
#4384=CARTESIAN_POINT('Ctrl Pts',(-11.1040436276025,17.3298892247615,10.0394302480309));
#4385=CARTESIAN_POINT('Ctrl Pts',(-11.6864998283389,20.013167601432,10.0258968487553));
#4386=CARTESIAN_POINT('Ctrl Pts',(-12.8646790910667,25.7652254945745,10.0344554272964));
#4387=CARTESIAN_POINT('Ctrl Pts',(-14.4587520380239,35.568381085523,10.0024749526666));
#4388=CARTESIAN_POINT('Ctrl Pts',(-15.5960925089695,46.5617836991145,9.72200259642032));
#4389=CARTESIAN_POINT('Ctrl Pts',(-16.3676026996104,63.5325508600897,8.85976777190422));
#4390=CARTESIAN_POINT('Ctrl Pts',(-16.6061544013228,88.7483232097214,7.46980653956758));
#4391=CARTESIAN_POINT('Ctrl Pts',(-15.5367343282799,124.617742124572,5.1726870661293));
#4392=CARTESIAN_POINT('Ctrl Pts',(-13.6706760136292,164.691363866239,2.61753007309529));
#4393=CARTESIAN_POINT('Ctrl Pts',(-12.2699519669177,193.817816609322,0.984783705062125));
#4394=CARTESIAN_POINT('Ctrl Pts',(-11.5037141083585,208.943214890983,0.163382175896646));
#4395=CARTESIAN_POINT('Ctrl Pts',(-11.1691881374833,17.3336814265002,10.1632804540384));
#4396=CARTESIAN_POINT('Ctrl Pts',(-11.7442361740809,20.0175684373877,10.1619985636768));
#4397=CARTESIAN_POINT('Ctrl Pts',(-12.9060627004579,25.7700183617518,10.1990448478965));
#4398=CARTESIAN_POINT('Ctrl Pts',(-14.47662435482,35.5718610455403,10.2096194558661));
#4399=CARTESIAN_POINT('Ctrl Pts',(-15.5945035755925,46.5632375538842,9.9527008703535));
#4400=CARTESIAN_POINT('Ctrl Pts',(-16.3474882316686,63.5319800050665,9.08588229515695));
#4401=CARTESIAN_POINT('Ctrl Pts',(-16.5653976081224,88.745584241452,7.67369217187281));
#4402=CARTESIAN_POINT('Ctrl Pts',(-15.4801567167586,124.615338457857,5.30989051437679));
#4403=CARTESIAN_POINT('Ctrl Pts',(-13.6000786586514,164.690727508387,2.67586191225519));
#4404=CARTESIAN_POINT('Ctrl Pts',(-12.188067745863,193.817668058165,1.00373412407172));
#4405=CARTESIAN_POINT('Ctrl Pts',(-11.4154434497118,208.943214890975,0.163381360453104));
#4406=CARTESIAN_POINT('Ctrl Pts',(-11.216825226039,17.3416924644367,10.3175134469439));
#4407=CARTESIAN_POINT('Ctrl Pts',(-11.7697708585799,20.0270750916867,10.3302932795479));
#4408=CARTESIAN_POINT('Ctrl Pts',(-12.8827678133607,25.7810316501316,10.4008063781915));
#4409=CARTESIAN_POINT('Ctrl Pts',(-14.3805675983583,35.5807550221578,10.4607904654075));
#4410=CARTESIAN_POINT('Ctrl Pts',(-15.447773295111,46.5674038213795,10.2313377471832));
#4411=CARTESIAN_POINT('Ctrl Pts',(-16.1732799444125,63.5301663182487,9.35849428408629));
#4412=CARTESIAN_POINT('Ctrl Pts',(-16.3747029226908,88.7380886043997,7.9195525415309));
#4413=CARTESIAN_POINT('Ctrl Pts',(-15.3142940024272,124.60798520476,5.47531545644364));
#4414=CARTESIAN_POINT('Ctrl Pts',(-13.4725439670836,164.687775495954,2.74686936756612));
#4415=CARTESIAN_POINT('Ctrl Pts',(-12.0710061309405,193.816726854917,1.02646688832429));
#4416=CARTESIAN_POINT('Ctrl Pts',(-11.3027299600161,208.943214890953,0.163380806023321));
#4417=CARTESIAN_POINT('Ctrl Pts',(-11.2427344825367,17.35448550698,10.4656194594404));
#4418=CARTESIAN_POINT('Ctrl Pts',(-11.7535448225619,20.0423159455538,10.4777052138633));
#4419=CARTESIAN_POINT('Ctrl Pts',(-12.7716883939424,25.7989176981826,10.5478669197956));
#4420=CARTESIAN_POINT('Ctrl Pts',(-14.1288715380937,35.5955270218678,10.6077741346852));
#4421=CARTESIAN_POINT('Ctrl Pts',(-15.1012525290366,46.5745024298357,10.3743637128981));
#4422=CARTESIAN_POINT('Ctrl Pts',(-15.785805621525,63.5271087545136,9.48778314050902));
#4423=CARTESIAN_POINT('Ctrl Pts',(-15.9740155489241,88.725467522306,8.02738489166237));
#4424=CARTESIAN_POINT('Ctrl Pts',(-14.9943526241136,124.59539359468,5.54769043702148));
#4425=CARTESIAN_POINT('Ctrl Pts',(-13.2616875076358,164.682399671793,2.7807550019987));
#4426=CARTESIAN_POINT('Ctrl Pts',(-11.9022514991748,193.814993263143,1.03765600087049));
#4427=CARTESIAN_POINT('Ctrl Pts',(-11.1524431770345,208.94321489095,0.163380638797492));
#4428=CARTESIAN_POINT('Ctrl Pts',(-11.2535565727922,17.3605646458244,10.5175913434323));
#4429=CARTESIAN_POINT('Ctrl Pts',(-11.7425170985692,20.0495521756308,10.5217642831809));
#4430=CARTESIAN_POINT('Ctrl Pts',(-12.7115145686618,25.8073847215333,10.5744513616523));
#4431=CARTESIAN_POINT('Ctrl Pts',(-13.9956556268092,35.6024837749845,10.6086484145188));
#4432=CARTESIAN_POINT('Ctrl Pts',(-14.9189102505256,46.577825745173,10.3575150552108));
#4433=CARTESIAN_POINT('Ctrl Pts',(-15.5826081128972,63.5256730853812,9.46177846739815));
#4434=CARTESIAN_POINT('Ctrl Pts',(-15.7647233487149,88.7195367099448,7.99623783164622));
#4435=CARTESIAN_POINT('Ctrl Pts',(-14.8282613485457,124.589497686902,5.52651203986091));
#4436=CARTESIAN_POINT('Ctrl Pts',(-13.1538125768591,164.679918094641,2.77431841433458));
#4437=CARTESIAN_POINT('Ctrl Pts',(-11.8170398984404,193.814194631829,1.03577699748948));
#4438=CARTESIAN_POINT('Ctrl Pts',(-11.0773002178355,208.943214890942,0.163380373123997));
#4439=CARTESIAN_POINT('Ctrl Pts',(-11.2988752541398,17.377668695677,10.6465351088747));
#4440=CARTESIAN_POINT('Ctrl Pts',(-11.7238059464069,20.0698567568997,10.6148406691618));
#4441=CARTESIAN_POINT('Ctrl Pts',(-12.5488063670735,25.8309609933369,10.587245810889));
#4442=CARTESIAN_POINT('Ctrl Pts',(-13.6189645867219,35.6216156081314,10.5031364357635));
#4443=CARTESIAN_POINT('Ctrl Pts',(-14.3973485007321,46.5868518213652,10.1732281093456));
#4444=CARTESIAN_POINT('Ctrl Pts',(-14.9970985381926,63.5217923489777,9.24546187111948));
#4445=CARTESIAN_POINT('Ctrl Pts',(-15.1570171617892,88.7033329159183,7.77204496508995));
#4446=CARTESIAN_POINT('Ctrl Pts',(-14.3406208818245,124.573549661536,5.37476668651065));
#4447=CARTESIAN_POINT('Ctrl Pts',(-12.8297964521505,164.673411527546,2.71917236137669));
#4448=CARTESIAN_POINT('Ctrl Pts',(-11.5555275543515,193.812126398784,1.01879883021223));
#4449=CARTESIAN_POINT('Ctrl Pts',(-10.8432650938013,208.943214890915,0.163379452965838));
#4450=CARTESIAN_POINT('Ctrl Pts',(-11.3369935231539,17.3920210633247,10.7548233081425));
#4451=CARTESIAN_POINT('Ctrl Pts',(-11.7081829802875,20.0868956006636,10.6930398074672));
#4452=CARTESIAN_POINT('Ctrl Pts',(-12.412364028362,25.8507460403563,10.598085545789));
#4453=CARTESIAN_POINT('Ctrl Pts',(-13.3029365571761,35.6376704961209,10.4147270282923));
#4454=CARTESIAN_POINT('Ctrl Pts',(-13.9597515371057,46.5944248577715,10.0187244766229));
#4455=CARTESIAN_POINT('Ctrl Pts',(-14.505826363052,63.5185331467052,9.06407532634963));
#4456=CARTESIAN_POINT('Ctrl Pts',(-14.6471246232246,88.6897352997564,7.58402481805661));
#4457=CARTESIAN_POINT('Ctrl Pts',(-13.9314312329215,124.560165845222,5.24750535681611));
#4458=CARTESIAN_POINT('Ctrl Pts',(-12.5578945865473,164.667953299214,2.67291937193007));
#4459=CARTESIAN_POINT('Ctrl Pts',(-11.3360087768703,193.810390458847,1.00456373731195));
#4460=CARTESIAN_POINT('Ctrl Pts',(-10.646803030545,208.943214890821,0.163376207060375));
#4461=CARTESIAN_POINT('Ctrl Pts',(-11.3750512734209,17.4063781794161,10.8630771147195));
#4462=CARTESIAN_POINT('Ctrl Pts',(-11.6924928516812,20.1039393723831,10.7711904483382));
#4463=CARTESIAN_POINT('Ctrl Pts',(-12.2758054455526,25.8705361893567,10.6088504127693));
#4464=CARTESIAN_POINT('Ctrl Pts',(-12.9867585948925,35.6537298526296,10.3261969506283));
#4465=CARTESIAN_POINT('Ctrl Pts',(-13.5219692727094,46.6020011532913,9.86407467385497));
#4466=CARTESIAN_POINT('Ctrl Pts',(-14.0143636911327,63.5152752153535,8.88253920339845));
#4467=CARTESIAN_POINT('Ctrl Pts',(-14.1370292981749,88.6761337905174,7.39586936344253));
#4468=CARTESIAN_POINT('Ctrl Pts',(-13.5221090683657,124.546778905571,5.12015302212478));
#4469=CARTESIAN_POINT('Ctrl Pts',(-12.2859127578675,164.662491995237,2.62663524840534));
#4470=CARTESIAN_POINT('Ctrl Pts',(-11.1164814325739,193.808654328829,0.990318018671697));
#4471=CARTESIAN_POINT('Ctrl Pts',(-10.4503390379814,208.943214890821,0.163376207060373));
#4472=CARTESIAN_POINT('',(-13.8453585907837,58.9432148908205,9.14624640025131));
#4473=CARTESIAN_POINT('Ctrl Pts',(-11.3750547444847,17.406379056049,10.8631148134969));
#4474=CARTESIAN_POINT('Ctrl Pts',(-11.4229853655716,17.8136877734441,10.849230278236));
#4475=CARTESIAN_POINT('Ctrl Pts',(-11.6427249312054,19.7239282396358,10.7856920082285));
#4476=CARTESIAN_POINT('Ctrl Pts',(-12.1744395282016,24.8665228714334,10.6327155780455));
#4477=CARTESIAN_POINT('Ctrl Pts',(-12.7265607429822,31.8299740569361,10.4443630476124));
#4478=CARTESIAN_POINT('Ctrl Pts',(-13.1739777381399,39.4927099415567,10.1646434208996));
#4479=CARTESIAN_POINT('Ctrl Pts',(-13.4556140315153,45.5947950038588,9.8915991591776));
#4480=CARTESIAN_POINT('Ctrl Pts',(-13.6823547807906,52.0568476003997,9.54960435136435));
#4481=CARTESIAN_POINT('Ctrl Pts',(-13.7969866569826,56.6070156250725,9.28308606212631));
#4482=CARTESIAN_POINT('Ctrl Pts',(-13.8453714944741,58.9431949466406,9.14628079186418));
#4483=CARTESIAN_POINT('Ctrl Pts',(-13.8453719417048,58.9432165404501,9.14627952734356));
#4484=CARTESIAN_POINT('Ctrl Pts',(-13.8453719417048,58.9432165404501,9.14627952734356));
#4485=CARTESIAN_POINT('Ctrl Pts',(-13.9413125382954,63.5755535713076,8.87501262918676));
#4486=CARTESIAN_POINT('Ctrl Pts',(-14.0629619345764,73.3205925805459,8.3045972264929));
#4487=CARTESIAN_POINT('Ctrl Pts',(-14.0340092417404,94.6579653037026,7.01575139714723));
#4488=CARTESIAN_POINT('Ctrl Pts',(-13.6250757807254,118.565359454141,5.50050324656696));
#4489=CARTESIAN_POINT('Ctrl Pts',(-12.9037922740972,144.605825506453,3.87232244365188));
#4490=CARTESIAN_POINT('Ctrl Pts',(-12.2213704034925,165.111893049017,2.63268121373992));
#4491=CARTESIAN_POINT('Ctrl Pts',(-11.4083766920798,186.524406530945,1.39638965634546));
#4492=CARTESIAN_POINT('Ctrl Pts',(-10.7834102352776,201.375934609825,0.576847112866035));
#4493=CARTESIAN_POINT('Ctrl Pts',(-10.4503390379814,208.943214890821,0.163376207060373));
#4494=CARTESIAN_POINT('',(2.77941978627682,58.9432148908214,1.76509970413386));
#4495=CARTESIAN_POINT('Ctrl Pts',(2.77962896000473,58.9432221665633,1.76508732374587));
#4496=CARTESIAN_POINT('Ctrl Pts',(2.7796286403524,58.9432312408332,1.76508725582792));
#4497=CARTESIAN_POINT('Ctrl Pts',(2.61807044317384,63.5295349634091,1.73076025542823));
#4498=CARTESIAN_POINT('Ctrl Pts',(2.27699791896482,73.1962646748305,1.64872691139756));
#4499=CARTESIAN_POINT('Ctrl Pts',(1.26665460483931,94.4268078434001,1.44055852892624));
#4500=CARTESIAN_POINT('Ctrl Pts',(-0.329970955986047,118.306488404483,1.17412323657926));
#4501=CARTESIAN_POINT('Ctrl Pts',(-1.93271667158924,144.387654670563,0.847526515271321));
#4502=CARTESIAN_POINT('Ctrl Pts',(-2.92556315137155,164.949929118888,0.570150512684436));
#4503=CARTESIAN_POINT('Ctrl Pts',(-3.59262782878388,186.436997526772,0.25977324020196));
#4504=CARTESIAN_POINT('Ctrl Pts',(-3.81399747955004,201.345810944449,0.031755291607409));
#4505=CARTESIAN_POINT('Ctrl Pts',(-3.90080135850006,208.943214890821,-0.0866237929396974));
#4506=CARTESIAN_POINT('Ctrl Pts',(0.54954737832098,23.9361646672201,2.01974240725));
#4507=CARTESIAN_POINT('Ctrl Pts',(1.04018522840659,27.0970184548819,1.99939134099973));
#4508=CARTESIAN_POINT('Ctrl Pts',(1.87984902246011,32.2121257830365,1.95920497085476));
#4509=CARTESIAN_POINT('Ctrl Pts',(2.67992568311791,39.6837741383148,1.90151959327601));
#4510=CARTESIAN_POINT('Ctrl Pts',(3.00937785351059,45.737387672353,1.85747342886086));
#4511=CARTESIAN_POINT('Ctrl Pts',(3.0194883108084,52.1301301886612,1.81361894790539));
#4512=CARTESIAN_POINT('Ctrl Pts',(2.86110435593494,56.6303038532853,1.78239876461759));
#4513=CARTESIAN_POINT('Ctrl Pts',(2.77962896000473,58.9432221665633,1.76508732374587));
#4514=CARTESIAN_POINT('Ctrl Pts',(-10.9829222312998,14.2669732207036,10.9774395929586));
#4515=CARTESIAN_POINT('Ctrl Pts',(-11.1687318321577,15.6690050001686,10.922845457938));
#4516=CARTESIAN_POINT('Ctrl Pts',(-11.5249380486063,18.5847265070297,10.8195797685499));
#4517=CARTESIAN_POINT('Ctrl Pts',(-12.1744395282016,24.8665228714334,10.6327155780455));
#4518=CARTESIAN_POINT('Ctrl Pts',(-12.7265607429822,31.8299740569361,10.4443630476124));
#4519=CARTESIAN_POINT('Ctrl Pts',(-13.1739777381399,39.4927099415567,10.1646434208996));
#4520=CARTESIAN_POINT('Ctrl Pts',(-13.4556140315153,45.5947950038588,9.8915991591776));
#4521=CARTESIAN_POINT('Ctrl Pts',(-13.6823547807906,52.0568476003997,9.54960435136435));
#4522=CARTESIAN_POINT('Ctrl Pts',(-13.9106371387556,61.1182284336846,9.01884950786709));
#4523=CARTESIAN_POINT('Ctrl Pts',(-14.0629619683173,73.3205677143958,8.30459872848821));
#4524=CARTESIAN_POINT('Ctrl Pts',(-14.0340092417404,94.6579653037026,7.01575139714723));
#4525=CARTESIAN_POINT('Ctrl Pts',(-13.6250757807254,118.565359454141,5.50050324656696));
#4526=CARTESIAN_POINT('Ctrl Pts',(-12.9037922740972,144.605825506453,3.87232244365188));
#4527=CARTESIAN_POINT('Ctrl Pts',(-12.2213704034925,165.111893049017,2.63268121373992));
#4528=CARTESIAN_POINT('Ctrl Pts',(-11.4083766920798,186.524406530945,1.39638965634546));
#4529=CARTESIAN_POINT('Ctrl Pts',(-10.7834102352776,201.375934609825,0.576847112866035));
#4530=CARTESIAN_POINT('Ctrl Pts',(-10.4503390379814,208.943214890821,0.163376207060373));
#4531=CARTESIAN_POINT('Ctrl Pts',(-11.0546764078938,14.2702319549731,11.0198277105786));
#4532=CARTESIAN_POINT('Ctrl Pts',(-11.2334951384754,15.6728743548887,10.9618459883543));
#4533=CARTESIAN_POINT('Ctrl Pts',(-11.5747869730498,18.5895352955995,10.8513795965275));
#4534=CARTESIAN_POINT('Ctrl Pts',(-12.1911591229143,24.8721551900959,10.6485927536382));
#4535=CARTESIAN_POINT('Ctrl Pts',(-12.7082607922923,31.8349139509143,10.4435128839539));
#4536=CARTESIAN_POINT('Ctrl Pts',(-13.127540374494,39.4961370087017,10.150512712029));
#4537=CARTESIAN_POINT('Ctrl Pts',(-13.3932134602386,45.5969598296204,9.8700501337716));
#4538=CARTESIAN_POINT('Ctrl Pts',(-13.6096724551263,52.0578288670495,9.52343223016724));
#4539=CARTESIAN_POINT('Ctrl Pts',(-13.8303852173624,61.1178961614337,8.98952012312199));
#4540=CARTESIAN_POINT('Ctrl Pts',(-13.9757770555579,73.3187305753805,8.27254517327675));
#4541=CARTESIAN_POINT('Ctrl Pts',(-13.9448174324213,94.654551764952,6.98375953851137));
#4542=CARTESIAN_POINT('Ctrl Pts',(-13.5484446530911,118.562124755588,5.47567386608207));
#4543=CARTESIAN_POINT('Ctrl Pts',(-12.8445019044615,144.603750624476,3.85697941160113));
#4544=CARTESIAN_POINT('Ctrl Pts',(-12.1740582830058,165.11074303253,2.62394359118872));
#4545=CARTESIAN_POINT('Ctrl Pts',(-11.3700983796422,186.523978494763,1.39281099230663));
#4546=CARTESIAN_POINT('Ctrl Pts',(-10.7490407931851,201.375791173469,0.575670428035751));
#4547=CARTESIAN_POINT('Ctrl Pts',(-10.4178749620484,208.943214890821,0.163376207060373));
#4548=CARTESIAN_POINT('Ctrl Pts',(-11.1977391938991,14.2768832407857,11.1030157405138));
#4549=CARTESIAN_POINT('Ctrl Pts',(-11.3622473569203,15.6807732953478,11.0381995091811));
#4550=CARTESIAN_POINT('Ctrl Pts',(-11.6730039415175,18.5993566025985,10.9132010073757));
#4551=CARTESIAN_POINT('Ctrl Pts',(-12.2215316891884,24.8836729452676,10.6782637859576));
#4552=CARTESIAN_POINT('Ctrl Pts',(-12.6669089924999,31.8450329893389,10.4394025845031));
#4553=CARTESIAN_POINT('Ctrl Pts',(-13.0285904878193,39.5031683066223,10.119615933619));
#4554=CARTESIAN_POINT('Ctrl Pts',(-13.261615342448,45.6014074577074,9.82422170334936));
#4555=CARTESIAN_POINT('Ctrl Pts',(-13.4570881380596,52.0598472798851,9.46834381285698));
#4556=CARTESIAN_POINT('Ctrl Pts',(-13.6624210090891,61.1172123288649,8.92818490527928));
#4557=CARTESIAN_POINT('Ctrl Pts',(-13.7937788815829,73.3149552835661,8.20588046738388));
#4558=CARTESIAN_POINT('Ctrl Pts',(-13.759015297472,94.6475369477461,6.91753397202937));
#4559=CARTESIAN_POINT('Ctrl Pts',(-13.3887418360208,118.555466434058,5.42429195204278));
#4560=CARTESIAN_POINT('Ctrl Pts',(-12.7207107610316,144.599465241757,3.82515442825896));
#4561=CARTESIAN_POINT('Ctrl Pts',(-12.07509211348,165.108356466154,2.6057523832972));
#4562=CARTESIAN_POINT('Ctrl Pts',(-11.2899130214381,186.523082706349,1.38531858455991));
#4563=CARTESIAN_POINT('Ctrl Pts',(-10.6770371340627,201.375490764845,0.57320584894261));
#4564=CARTESIAN_POINT('Ctrl Pts',(-10.3498614081521,208.943214890826,0.16337621266109));
#4565=CARTESIAN_POINT('Ctrl Pts',(-11.4110254553869,14.2872522289432,11.2230460935893));
#4566=CARTESIAN_POINT('Ctrl Pts',(-11.5531060865101,15.6930911574393,11.1478095806813));
#4567=CARTESIAN_POINT('Ctrl Pts',(-11.815993998829,18.6146854371144,11.0006409700895));
#4568=CARTESIAN_POINT('Ctrl Pts',(-12.2581178763209,24.9016910208302,10.7166090072831));
#4569=CARTESIAN_POINT('Ctrl Pts',(-12.5909808524635,31.8609122207742,10.426144314864));
#4570=CARTESIAN_POINT('Ctrl Pts',(-12.8623959084497,39.5142339967843,10.065538542903));
#4571=CARTESIAN_POINT('Ctrl Pts',(-13.044337714069,45.6084242767072,9.74748070227845));
#4572=CARTESIAN_POINT('Ctrl Pts',(-13.2070954486126,52.0630384538044,9.37768057208941));
#4573=CARTESIAN_POINT('Ctrl Pts',(-13.38865489568,61.1161300831797,8.82835660730254));
#4574=CARTESIAN_POINT('Ctrl Pts',(-13.4984712011011,73.3089965907521,8.09841261867988));
#4575=CARTESIAN_POINT('Ctrl Pts',(-13.4586159648007,94.6364650688813,6.81165420253203));
#4576=CARTESIAN_POINT('Ctrl Pts',(-13.1303519470578,118.544925915533,5.34219151731158));
#4577=CARTESIAN_POINT('Ctrl Pts',(-12.5197862679508,144.592640274062,3.77409197869429));
#4578=CARTESIAN_POINT('Ctrl Pts',(-11.9139451384967,165.104523445764,2.57637368776699));
#4579=CARTESIAN_POINT('Ctrl Pts',(-11.1590232100567,186.521622865795,1.37309999146644));
#4580=CARTESIAN_POINT('Ctrl Pts',(-10.559484419378,201.375000561891,0.569183708881641));
#4581=CARTESIAN_POINT('Ctrl Pts',(-10.2388185162863,208.943214890832,0.163376219618177));
#4582=CARTESIAN_POINT('Ctrl Pts',(-11.6230365555943,14.2980040587892,11.3383305808111));
#4583=CARTESIAN_POINT('Ctrl Pts',(-11.7417526090484,15.7058674377399,11.2525152580401));
#4584=CARTESIAN_POINT('Ctrl Pts',(-11.9547592986555,18.630597087368,11.0828253234394));
#4585=CARTESIAN_POINT('Ctrl Pts',(-12.2859612041849,24.9204329156602,10.7488774954848));
#4586=CARTESIAN_POINT('Ctrl Pts',(-12.5015092141622,31.8774752822334,10.4059277444009));
#4587=CARTESIAN_POINT('Ctrl Pts',(-12.6788882922822,39.525805831271,10.003901687819));
#4588=CARTESIAN_POINT('Ctrl Pts',(-12.8076907057434,45.6157780045003,9.66293409330036));
#4589=CARTESIAN_POINT('Ctrl Pts',(-12.9365296256686,52.0663891319349,9.27918909227279));
#4590=CARTESIAN_POINT('Ctrl Pts',(-13.0936303293307,61.1149926905363,8.72090772161141));
#4591=CARTESIAN_POINT('Ctrl Pts',(-13.1814274828512,73.3027493517126,7.98367720131996));
#4592=CARTESIAN_POINT('Ctrl Pts',(-13.1370794536279,94.6248569627085,6.69941867950044));
#4593=CARTESIAN_POINT('Ctrl Pts',(-12.8536120271136,118.533845977507,5.2552065151231));
#4594=CARTESIAN_POINT('Ctrl Pts',(-12.3040172269533,144.585428314282,3.71979683649826));
#4595=CARTESIAN_POINT('Ctrl Pts',(-11.740428425995,165.100443662826,2.54495925112589));
#4596=CARTESIAN_POINT('Ctrl Pts',(-11.0177960378529,186.520049857805,1.35992665648894));
#4597=CARTESIAN_POINT('Ctrl Pts',(-10.4326315715726,201.374471786653,0.56484467047555));
#4598=CARTESIAN_POINT('Ctrl Pts',(-10.1189867025377,208.943214890836,0.163376223084828));
#4599=CARTESIAN_POINT('Ctrl Pts',(-11.8338074307005,14.3091296062795,11.4488714076191));
#4600=CARTESIAN_POINT('Ctrl Pts',(-11.9282467068496,15.7190911548464,11.3523281371464));
#4601=CARTESIAN_POINT('Ctrl Pts',(-12.0894124358776,18.6470774856739,11.1597873218707));
#4602=CARTESIAN_POINT('Ctrl Pts',(-12.30529381186,24.9398809636112,10.7751492252041));
#4603=CARTESIAN_POINT('Ctrl Pts',(-12.398852630686,31.8947052906052,10.3788841705667));
#4604=CARTESIAN_POINT('Ctrl Pts',(-12.4785258306291,39.5378712281065,9.93487486606927));
#4605=CARTESIAN_POINT('Ctrl Pts',(-12.5521871209616,45.6234602495535,9.57077049958634));
#4606=CARTESIAN_POINT('Ctrl Pts',(-12.6459352428969,52.0698953544476,9.173068071093));
#4607=CARTESIAN_POINT('Ctrl Pts',(-12.7779101310514,61.1138016196816,8.60603936672685));
#4608=CARTESIAN_POINT('Ctrl Pts',(-12.8432229720653,73.2962208605599,7.86187508123604));
#4609=CARTESIAN_POINT('Ctrl Pts',(-12.7949653068689,94.6127261396894,6.58101128568413));
#4610=CARTESIAN_POINT('Ctrl Pts',(-12.559007953615,118.522240287812,5.16347909111657));
#4611=CARTESIAN_POINT('Ctrl Pts',(-12.0737968939153,144.577839265801,3.66236111267341));
#4612=CARTESIAN_POINT('Ctrl Pts',(-11.5548698916193,165.096123497863,2.51156536286988));
#4613=CARTESIAN_POINT('Ctrl Pts',(-10.8665058552745,186.51836665073,1.34582398787781));
#4614=CARTESIAN_POINT('Ctrl Pts',(-10.2967256801364,201.373905456876,0.560197116061671));
#4615=CARTESIAN_POINT('Ctrl Pts',(-9.99059960265425,208.943214890842,0.163376230275787));
#4616=CARTESIAN_POINT('Ctrl Pts',(-12.0433696884715,14.3206196040648,11.5546763372165));
#4617=CARTESIAN_POINT('Ctrl Pts',(-12.1126445314407,15.7327512452783,11.4472662727616));
#4618=CARTESIAN_POINT('Ctrl Pts',(-12.2200630229518,18.6641125716758,11.2315652655246));
#4619=CARTESIAN_POINT('Ctrl Pts',(-12.3163443327326,24.9600175542703,10.7955112063925));
#4620=CARTESIAN_POINT('Ctrl Pts',(-12.2833672411587,31.9125854150253,10.3451497957101));
#4621=CARTESIAN_POINT('Ctrl Pts',(-12.2617645209015,39.5504175763185,9.85863252243387));
#4622=CARTESIAN_POINT('Ctrl Pts',(-12.2783372155854,45.6314625047423,9.47118478569147));
#4623=CARTESIAN_POINT('Ctrl Pts',(-12.3358546856466,52.0735530263821,9.05952176675569));
#4624=CARTESIAN_POINT('Ctrl Pts',(-12.4420549728433,61.1125581637011,8.48395834710787));
#4625=CARTESIAN_POINT('Ctrl Pts',(-12.4844316648036,73.2894182871149,7.73321067523968));
#4626=CARTESIAN_POINT('Ctrl Pts',(-12.4328322239764,94.6000859884162,6.45661858625761));
#4627=CARTESIAN_POINT('Ctrl Pts',(-12.247025261687,118.510122441694,5.06715266751675));
#4628=CARTESIAN_POINT('Ctrl Pts',(-11.8295184941935,144.569883030851,3.60187717376064));
#4629=CARTESIAN_POINT('Ctrl Pts',(-11.3575975515337,165.091569373064,2.47624809144332));
#4630=CARTESIAN_POINT('Ctrl Pts',(-10.7054271035366,186.516576245726,1.33081714212131));
#4631=CARTESIAN_POINT('Ctrl Pts',(-10.1520138384393,201.373302590295,0.55524941737889));
#4632=CARTESIAN_POINT('Ctrl Pts',(-9.85389085626421,208.943214890849,0.16337623780735));
#4633=CARTESIAN_POINT('Ctrl Pts',(-12.2517547884643,14.3324647710926,11.6557543242226));
#4634=CARTESIAN_POINT('Ctrl Pts',(-12.2950027104819,15.7468365068772,11.5373471008664));
#4635=CARTESIAN_POINT('Ctrl Pts',(-12.3468207410733,18.6816879645413,11.2981980441951));
#4636=CARTESIAN_POINT('Ctrl Pts',(-12.319343167555,24.9808246540964,10.8100459629946));
#4637=CARTESIAN_POINT('Ctrl Pts',(-12.1554105230263,31.9310984706674,10.3048574076756));
#4638=CARTESIAN_POINT('Ctrl Pts',(-12.0290622440346,39.5634321254178,9.77534384315769));
#4639=CARTESIAN_POINT('Ctrl Pts',(-11.9866540939784,45.6397763195681,9.36436354398458));
#4640=CARTESIAN_POINT('Ctrl Pts',(-12.0068330488617,52.0773581981149,8.93874646498687));
#4641=CARTESIAN_POINT('Ctrl Pts',(-12.0866284779648,61.1112638782488,8.35486266900107));
#4642=CARTESIAN_POINT('Ctrl Pts',(-12.10562960587,73.2823490654289,7.59788218693382));
#4643=CARTESIAN_POINT('Ctrl Pts',(-12.0512406545015,94.5869502343116,6.32642171077643));
#4644=CARTESIAN_POINT('Ctrl Pts',(-11.9181504391809,118.497506279368,4.966367635469));
#4645=CARTESIAN_POINT('Ctrl Pts',(-11.5715755430328,144.561569587031,3.53843644555647));
#4646=CARTESIAN_POINT('Ctrl Pts',(-11.1489393785642,165.086787678807,2.43906363698015));
#4647=CARTESIAN_POINT('Ctrl Pts',(-10.5348341101352,186.514681598515,1.31493163771655));
#4648=CARTESIAN_POINT('Ctrl Pts',(-9.9987431399077,201.372664204643,0.550009946011866));
#4649=CARTESIAN_POINT('Ctrl Pts',(-9.70909410305218,208.943214890854,0.163376242141589));
#4650=CARTESIAN_POINT('Ctrl Pts',(-12.4589966492627,14.344655947321,11.7521082656801));
#4651=CARTESIAN_POINT('Ctrl Pts',(-12.4753791425081,15.7613360975324,11.6225854866747));
#4652=CARTESIAN_POINT('Ctrl Pts',(-12.4697970277619,18.6997899909919,11.359720146082));
#4653=CARTESIAN_POINT('Ctrl Pts',(-12.3145190500602,25.0022851346143,10.8188417223815));
#4654=CARTESIAN_POINT('Ctrl Pts',(-12.0153385371535,31.950228026257,10.2581444109666));
#4655=CARTESIAN_POINT('Ctrl Pts',(-11.7808741182519,39.5769024532542,9.68518671866177));
#4656=CARTESIAN_POINT('Ctrl Pts',(-11.6776461902957,45.648393190715,9.25050800150451));
#4657=CARTESIAN_POINT('Ctrl Pts',(-11.6594108348842,52.0813066824224,8.81095283425302));
#4658=CARTESIAN_POINT('Ctrl Pts',(-11.7121891177697,61.1099198464807,8.21896648661718));
#4659=CARTESIAN_POINT('Ctrl Pts',(-11.7073891084315,73.2750201209168,7.45609950839154));
#4660=CARTESIAN_POINT('Ctrl Pts',(-11.6507477174875,94.5733319313166,6.19061227440196));
#4661=CARTESIAN_POINT('Ctrl Pts',(-11.5728680856714,118.484405142571,4.86127036937668));
#4662=CARTESIAN_POINT('Ctrl Pts',(-11.300360933016,144.552908745209,3.47213229984873));
#4663=CARTESIAN_POINT('Ctrl Pts',(-10.9292233754976,165.081784849847,2.40006804535396));
#4664=CARTESIAN_POINT('Ctrl Pts',(-10.3550013941362,186.512685745065,1.29819234460483));
#4665=CARTESIAN_POINT('Ctrl Pts',(-9.83716067345973,201.371991317665,0.544487085859842));
#4666=CARTESIAN_POINT('Ctrl Pts',(-9.55644297819442,208.943214890863,0.163376252055157));
#4667=CARTESIAN_POINT('Ctrl Pts',(-12.596416616329,14.3530078628119,11.8132031712558));
#4668=CARTESIAN_POINT('Ctrl Pts',(-12.5943475678762,15.7712710276429,11.6761939350718));
#4669=CARTESIAN_POINT('Ctrl Pts',(-12.5493336167345,18.7121990130923,11.397355029211));
#4670=CARTESIAN_POINT('Ctrl Pts',(-12.3062441304135,25.017015029551,10.8209279983297));
#4671=CARTESIAN_POINT('Ctrl Pts',(-11.9141208419074,31.9633800572429,10.2228054873048));
#4672=CARTESIAN_POINT('Ctrl Pts',(-11.6053997052182,39.5861778075742,9.6206078190524));
#4673=CARTESIAN_POINT('Ctrl Pts',(-11.4604376143442,45.6543342636577,9.17002649606671));
#4674=CARTESIAN_POINT('Ctrl Pts',(-11.4158966206729,52.0840321399599,8.72119680306184));
#4675=CARTESIAN_POINT('Ctrl Pts',(-11.4502680019236,61.108992106297,8.1239538133988));
#4676=CARTESIAN_POINT('Ctrl Pts',(-11.4293237102853,73.2699663758763,7.35739745717926));
#4677=CARTESIAN_POINT('Ctrl Pts',(-11.3715278678226,94.5639410368054,6.09644325698162));
#4678=CARTESIAN_POINT('Ctrl Pts',(-11.3320672971121,118.475357342266,4.7884195735902));
#4679=CARTESIAN_POINT('Ctrl Pts',(-11.110966209828,144.546910020666,3.42608006466449));
#4680=CARTESIAN_POINT('Ctrl Pts',(-10.7755927311429,165.078306418119,2.37290121854382));
#4681=CARTESIAN_POINT('Ctrl Pts',(-10.2291358086159,186.511289605111,1.28648119218396));
#4682=CARTESIAN_POINT('Ctrl Pts',(-9.72406257981689,201.371520403952,0.540621833428928));
#4683=CARTESIAN_POINT('Ctrl Pts',(-9.44959507396434,208.94321489087,0.163376259162465));
#4684=CARTESIAN_POINT('Ctrl Pts',(-12.7398028735049,14.3618595634556,11.8754768157389));
#4685=CARTESIAN_POINT('Ctrl Pts',(-12.7181534750617,15.7818017087099,11.7306055435469));
#4686=CARTESIAN_POINT('Ctrl Pts',(-12.6312979205731,18.7253555345426,11.4349729126802));
#4687=CARTESIAN_POINT('Ctrl Pts',(-12.2950119329472,25.0326415591438,10.8211822791572));
#4688=CARTESIAN_POINT('Ctrl Pts',(-11.8042479801586,31.9773434035759,10.1836998989696));
#4689=CARTESIAN_POINT('Ctrl Pts',(-11.4167345678803,39.5960318714902,9.55078652723627));
#4690=CARTESIAN_POINT('Ctrl Pts',(-11.2275055301739,45.6606492277033,9.08353163867612));
#4691=CARTESIAN_POINT('Ctrl Pts',(-11.1550920342075,52.0869301806265,8.62501037148497));
#4692=CARTESIAN_POINT('Ctrl Pts',(-11.1700053410595,61.108004425454,8.02234756369027));
#4693=CARTESIAN_POINT('Ctrl Pts',(-11.1320347266889,73.2645930738593,7.25204420386007));
#4694=CARTESIAN_POINT('Ctrl Pts',(-11.0732086901874,94.5539567986267,5.9961114035061));
#4695=CARTESIAN_POINT('Ctrl Pts',(-11.0747618822375,118.465731559708,4.71080801345937));
#4696=CARTESIAN_POINT('Ctrl Pts',(-10.9084713688424,144.540519902995,3.37696928530371));
#4697=CARTESIAN_POINT('Ctrl Pts',(-10.6112407399476,165.074594822217,2.34388706865487));
#4698=CARTESIAN_POINT('Ctrl Pts',(-10.0944277557282,186.509795911178,1.27394819438157));
#4699=CARTESIAN_POINT('Ctrl Pts',(-9.6030158056893,201.371016423349,0.536485109627802));
#4700=CARTESIAN_POINT('Ctrl Pts',(-9.33523722446716,208.943214890875,0.163376265234755));
#4701=CARTESIAN_POINT('Ctrl Pts',(-12.8722834162133,14.3704178680943,11.9783928886884));
#4702=CARTESIAN_POINT('Ctrl Pts',(-12.8306756149869,15.7919926523248,11.8234401814507));
#4703=CARTESIAN_POINT('Ctrl Pts',(-12.701136044904,18.7381196786788,11.5063197591947));
#4704=CARTESIAN_POINT('Ctrl Pts',(-12.2696748726882,25.0479021008453,10.8447957720422));
#4705=CARTESIAN_POINT('Ctrl Pts',(-11.6780806528437,31.9910959428897,10.1570600359546));
#4706=CARTESIAN_POINT('Ctrl Pts',(-11.2101088603534,39.6058108035566,9.48456937136934));
#4707=CARTESIAN_POINT('Ctrl Pts',(-10.9757726043128,45.6669553912805,8.99551060567796));
#4708=CARTESIAN_POINT('Ctrl Pts',(-10.8751030351083,52.089839671063,8.52385654551826));
#4709=CARTESIAN_POINT('Ctrl Pts',(-10.8705472027667,61.1070113096921,7.91299732210355));
#4710=CARTESIAN_POINT('Ctrl Pts',(-10.8157334175684,73.2592215476894,7.13622792577962));
#4711=CARTESIAN_POINT('Ctrl Pts',(-10.7569217066137,94.5439742550312,5.88363483754273));
#4712=CARTESIAN_POINT('Ctrl Pts',(-10.8017606111068,118.456037869021,4.62368025747942));
#4713=CARTESIAN_POINT('Ctrl Pts',(-10.6929684398397,144.533996010867,3.3223865361371));
#4714=CARTESIAN_POINT('Ctrl Pts',(-10.4358120466982,165.070738125602,2.31212777026193));
#4715=CARTESIAN_POINT('Ctrl Pts',(-9.95032576228762,186.508201418131,1.26052117719035));
#4716=CARTESIAN_POINT('Ctrl Pts',(-9.47351680441274,201.370477284672,0.532059743088169));
#4717=CARTESIAN_POINT('Ctrl Pts',(-9.212893611641,208.943214890884,0.163376273959073));
#4718=CARTESIAN_POINT('Ctrl Pts',(-12.9793653186727,14.380198678734,12.2192396312513));
#4719=CARTESIAN_POINT('Ctrl Pts',(-12.9111451135817,15.803681384942,12.0448512913106));
#4720=CARTESIAN_POINT('Ctrl Pts',(-12.7245559276135,18.7529021573816,11.686330796951));
#4721=CARTESIAN_POINT('Ctrl Pts',(-12.1654335928122,25.0660157885084,10.9330015903514));
#4722=CARTESIAN_POINT('Ctrl Pts',(-11.4382379193503,32.0079280772589,10.1485683056931));
#4723=CARTESIAN_POINT('Ctrl Pts',(-10.8625286381922,39.6180984194862,9.39926984974691));
#4724=CARTESIAN_POINT('Ctrl Pts',(-10.5682902116784,45.6750476463562,8.86732750966152));
#4725=CARTESIAN_POINT('Ctrl Pts',(-10.4308566592385,52.0936384239307,8.36899917212184));
#4726=CARTESIAN_POINT('Ctrl Pts',(-10.4022918858598,61.1057047861794,7.74002459342963));
#4727=CARTESIAN_POINT('Ctrl Pts',(-10.3277380183255,73.2523016280139,6.94769210190174));
#4728=CARTESIAN_POINT('Ctrl Pts',(-10.2744190212088,94.5311098487282,5.69587222179229));
#4729=CARTESIAN_POINT('Ctrl Pts',(-10.3843402774805,118.443248256946,4.47796634057468));
#4730=CARTESIAN_POINT('Ctrl Pts',(-10.360243761777,144.525010950001,3.2322420275617));
#4731=CARTESIAN_POINT('Ctrl Pts',(-10.1624158006506,165.065143414521,2.26070064712655));
#4732=CARTESIAN_POINT('Ctrl Pts',(-9.72420897849549,186.505713186762,1.23940231089871));
#4733=CARTESIAN_POINT('Ctrl Pts',(-9.27026215207299,201.369631163797,0.525114444221225));
#4734=CARTESIAN_POINT('Ctrl Pts',(-9.02086818049364,208.943214890899,0.163376290845696));
#4735=CARTESIAN_POINT('Ctrl Pts',(-12.9679187261281,14.386415012601,12.5059671131082));
#4736=CARTESIAN_POINT('Ctrl Pts',(-12.8776637577027,15.8111735690159,12.3097206486869));
#4737=CARTESIAN_POINT('Ctrl Pts',(-12.6436787601854,18.7625895530788,11.904637119516));
#4738=CARTESIAN_POINT('Ctrl Pts',(-11.9778733582487,25.0785349383947,11.0480404583834));
#4739=CARTESIAN_POINT('Ctrl Pts',(-11.1369445826626,32.020293346284,10.1547684670454));
#4740=CARTESIAN_POINT('Ctrl Pts',(-10.4715635491902,39.6275703085339,9.31875130288215));
#4741=CARTESIAN_POINT('Ctrl Pts',(-10.1281865541933,45.6815140288099,8.7381741614021));
#4742=CARTESIAN_POINT('Ctrl Pts',(-9.96171054902596,52.0967603246664,8.20928877021415));
#4743=CARTESIAN_POINT('Ctrl Pts',(-9.91613611664904,61.1046165130568,7.55904421973647));
#4744=CARTESIAN_POINT('Ctrl Pts',(-9.82922873218836,73.2467350314169,6.74802979430519));
#4745=CARTESIAN_POINT('Ctrl Pts',(-9.78837107059054,94.5207571197807,5.49498427951298));
#4746=CARTESIAN_POINT('Ctrl Pts',(-9.96266987041637,118.432560857241,4.32195144003679));
#4747=CARTESIAN_POINT('Ctrl Pts',(-10.020078398538,144.517012455381,3.13621238643107));
#4748=CARTESIAN_POINT('Ctrl Pts',(-9.8797310435782,165.059810880828,2.20635938659093));
#4749=CARTESIAN_POINT('Ctrl Pts',(-9.48850270074717,186.503134540055,1.21736191917442));
#4750=CARTESIAN_POINT('Ctrl Pts',(-9.05832342272277,201.368748956603,0.517872799357824));
#4751=CARTESIAN_POINT('Ctrl Pts',(-8.82063727477526,208.943214890906,0.163376298165956));
#4752=CARTESIAN_POINT('Ctrl Pts',(-12.8290857790463,14.3891574015869,12.7908217656809));
#4753=CARTESIAN_POINT('Ctrl Pts',(-12.7218026956391,15.8145743771644,12.572514246006));
#4754=CARTESIAN_POINT('Ctrl Pts',(-12.4509699897461,18.7673071591299,12.1203935716216));
#4755=CARTESIAN_POINT('Ctrl Pts',(-11.7015030953175,25.0855938372244,11.1593461699944));
#4756=CARTESIAN_POINT('Ctrl Pts',(-10.7708723948065,32.0282963498958,10.1558774824108));
#4757=CARTESIAN_POINT('Ctrl Pts',(-10.0356958404744,39.6342916856403,9.23209755446407));
#4758=CARTESIAN_POINT('Ctrl Pts',(-9.65502242018677,45.6863925465873,8.6023557602855));
#4759=CARTESIAN_POINT('Ctrl Pts',(-9.46796377955161,52.0992218655586,8.0426716249362));
#4760=CARTESIAN_POINT('Ctrl Pts',(-9.41301519797397,61.1037436891603,7.37114780142872));
#4761=CARTESIAN_POINT('Ctrl Pts',(-9.3217768148595,73.2424933050324,6.54156112442987));
#4762=CARTESIAN_POINT('Ctrl Pts',(-9.30085443063193,94.5128627193509,5.28793238514438));
#4763=CARTESIAN_POINT('Ctrl Pts',(-9.53845729704566,118.423932219884,4.16118236441591));
#4764=CARTESIAN_POINT('Ctrl Pts',(-9.67351997313066,144.509981458588,3.03709329901787));
#4765=CARTESIAN_POINT('Ctrl Pts',(-9.58837236246634,165.05473672738,2.15012158453027));
#4766=CARTESIAN_POINT('Ctrl Pts',(-9.24356819723783,186.500468623186,1.19445987277511));
#4767=CARTESIAN_POINT('Ctrl Pts',(-8.83802267691467,201.367831989667,0.510345746691488));
#4768=CARTESIAN_POINT('Ctrl Pts',(-8.61250541896112,208.943214890925,0.163376317685838));
#4769=CARTESIAN_POINT('Ctrl Pts',(-12.5726425572631,14.3890763147095,13.0261790761171));
#4770=CARTESIAN_POINT('Ctrl Pts',(-12.4528907729522,15.8146509145376,12.7878127638643));
#4771=CARTESIAN_POINT('Ctrl Pts',(-12.1548381374892,18.7679895922094,12.292846343703));
#4772=CARTESIAN_POINT('Ctrl Pts',(-11.3427410126404,25.0882278845291,11.2364035874633));
#4773=CARTESIAN_POINT('Ctrl Pts',(-10.3444265621097,32.0327757592499,10.1321388048431));
#4774=CARTESIAN_POINT('Ctrl Pts',(-9.55769408064296,39.6387995212732,9.12840315217412));
#4775=CARTESIAN_POINT('Ctrl Pts',(-9.15060234864016,45.6899978100289,8.45417981290446));
#4776=CARTESIAN_POINT('Ctrl Pts',(-8.95075311371226,52.1011556687095,7.86709247002498));
#4777=CARTESIAN_POINT('Ctrl Pts',(-8.89347842992931,61.1030414809709,7.17742223421563));
#4778=CARTESIAN_POINT('Ctrl Pts',(-8.80533910359326,73.2393124682584,6.33260078492963));
#4779=CARTESIAN_POINT('Ctrl Pts',(-8.81131382662524,94.5069379977872,5.08167230969925));
#4780=CARTESIAN_POINT('Ctrl Pts',(-9.11132535538982,118.416942849578,4.00120266304001));
#4781=CARTESIAN_POINT('Ctrl Pts',(-9.32058085806044,144.50370501688,2.93767917533465));
#4782=CARTESIAN_POINT('Ctrl Pts',(-9.28859275316533,165.049847065528,2.09300459581156));
#4783=CARTESIAN_POINT('Ctrl Pts',(-8.98975911049286,186.497716976833,1.17075615026694));
#4784=CARTESIAN_POINT('Ctrl Pts',(-8.60968198733156,201.366881589531,0.502544191281535));
#4785=CARTESIAN_POINT('Ctrl Pts',(-8.39677714965677,208.943214890944,0.163376338037123));
#4786=CARTESIAN_POINT('Ctrl Pts',(-12.2260506928674,14.3872967366205,13.1718753656372));
#4787=CARTESIAN_POINT('Ctrl Pts',(-12.0971352945621,15.812729117979,12.9173092794265));
#4788=CARTESIAN_POINT('Ctrl Pts',(-11.7788385604049,18.7662521985916,12.3876139967222));
#4789=CARTESIAN_POINT('Ctrl Pts',(-10.9193878542358,25.0882295110792,11.2534725128385));
#4790=CARTESIAN_POINT('Ctrl Pts',(-9.8694150455507,32.0351869870374,10.0668976397498));
#4791=CARTESIAN_POINT('Ctrl Pts',(-9.04447203769348,39.6420287902422,8.99849708165731));
#4792=CARTESIAN_POINT('Ctrl Pts',(-8.61896705171445,45.6928802878885,8.28888707134884));
#4793=CARTESIAN_POINT('Ctrl Pts',(-8.41210832539477,52.1027955522898,7.68086681835281));
#4794=CARTESIAN_POINT('Ctrl Pts',(-8.35781125185763,61.1024340234988,6.97884039633667));
#4795=CARTESIAN_POINT('Ctrl Pts',(-8.27840556620351,73.2367331555041,6.1248465749454));
#4796=CARTESIAN_POINT('Ctrl Pts',(-8.3167450454305,94.5021304084917,4.88213121345451));
#4797=CARTESIAN_POINT('Ctrl Pts',(-8.67894018718824,118.410858001626,3.8467338506602));
#4798=CARTESIAN_POINT('Ctrl Pts',(-8.96029500754019,144.497806728567,2.84035338950087));
#4799=CARTESIAN_POINT('Ctrl Pts',(-8.98029799114663,165.045007847565,2.03588002393329));
#4800=CARTESIAN_POINT('Ctrl Pts',(-8.72741755655921,186.494878963194,1.14630603540191));
#4801=CARTESIAN_POINT('Ctrl Pts',(-8.37362342522633,201.365899082743,0.494479042093268));
#4802=CARTESIAN_POINT('Ctrl Pts',(-8.1737570020378,208.943214890957,0.16337635175757));
#4803=CARTESIAN_POINT('Ctrl Pts',(-11.8298736263781,14.3852352024795,13.2010065342926));
#4804=CARTESIAN_POINT('Ctrl Pts',(-11.6932348175438,15.8104798937835,12.9353320780681));
#4805=CARTESIAN_POINT('Ctrl Pts',(-11.3577539928457,18.7641326283211,12.3816551583226));
#4806=CARTESIAN_POINT('Ctrl Pts',(-10.4576448895634,25.0878619997052,11.193290158412));
#4807=CARTESIAN_POINT('Ctrl Pts',(-9.36310989860967,32.0373694338847,9.94900884935501));
#4808=CARTESIAN_POINT('Ctrl Pts',(-8.50597391989334,39.6451612640483,8.83626837518719));
#4809=CARTESIAN_POINT('Ctrl Pts',(-8.06574176948457,45.6957349969313,8.10332779448076));
#4810=CARTESIAN_POINT('Ctrl Pts',(-7.85464826560954,52.1044358458295,7.48291728406576));
#4811=CARTESIAN_POINT('Ctrl Pts',(-7.80601980755757,61.1018230211884,6.77611006451659));
#4812=CARTESIAN_POINT('Ctrl Pts',(-7.73831500340381,73.2341722223815,5.92084943187829));
#4813=CARTESIAN_POINT('Ctrl Pts',(-7.81226663321385,94.4973586974936,4.69335714203895));
#4814=CARTESIAN_POINT('Ctrl Pts',(-8.23747911463831,118.404745298316,3.70100424683574));
#4815=CARTESIAN_POINT('Ctrl Pts',(-8.59095697487512,144.491808355182,2.74675654520258));
#4816=CARTESIAN_POINT('Ctrl Pts',(-8.66313569302678,165.040048300403,1.97935925625635));
#4817=CARTESIAN_POINT('Ctrl Pts',(-8.45688041416063,186.491953181,1.12115891091021));
#4818=CARTESIAN_POINT('Ctrl Pts',(-8.13016905081989,201.36488579588,0.486161238226268));
#4819=CARTESIAN_POINT('Ctrl Pts',(-7.94374950024775,208.943214890985,0.163376381519225));
#4820=CARTESIAN_POINT('Ctrl Pts',(-11.5647179762225,14.3846743964142,13.1367260744226));
#4821=CARTESIAN_POINT('Ctrl Pts',(-11.4224333072205,15.809942416751,12.8673120196612));
#4822=CARTESIAN_POINT('Ctrl Pts',(-11.0744406158582,18.7639029746185,12.3053960373347));
#4823=CARTESIAN_POINT('Ctrl Pts',(-10.1449413687673,25.0889682995726,11.0978361977237));
#4824=CARTESIAN_POINT('Ctrl Pts',(-9.01834903739553,32.0399705275832,9.83288244749009));
#4825=CARTESIAN_POINT('Ctrl Pts',(-8.13796193321836,39.6480205109001,8.70528691369685));
#4826=CARTESIAN_POINT('Ctrl Pts',(-7.68696034544755,45.6981124407116,7.96551060959326));
#4827=CARTESIAN_POINT('Ctrl Pts',(-7.47250406620659,52.1057395721019,7.3430092413066));
#4828=CARTESIAN_POINT('Ctrl Pts',(-7.42737926143032,61.1013462195685,6.63847140165481));
#4829=CARTESIAN_POINT('Ctrl Pts',(-7.36731636001553,73.2320665284334,5.78805387977287));
#4830=CARTESIAN_POINT('Ctrl Pts',(-7.46540535858763,94.4934383769508,4.57571490650133));
#4831=CARTESIAN_POINT('Ctrl Pts',(-7.93402017610102,118.399992883753,3.61049552046024));
#4832=CARTESIAN_POINT('Ctrl Pts',(-8.33728050340694,144.487404170413,2.68727160771868));
#4833=CARTESIAN_POINT('Ctrl Pts',(-8.44544611691742,165.036540088076,1.94225275820723));
#4834=CARTESIAN_POINT('Ctrl Pts',(-8.27127816048574,186.489942549519,1.10395507040268));
#4835=CARTESIAN_POINT('Ctrl Pts',(-7.96315030739843,201.364190635618,0.480454871251899));
#4836=CARTESIAN_POINT('Ctrl Pts',(-7.78595595327244,208.943214891008,0.163376406492225));
#4837=CARTESIAN_POINT('Ctrl Pts',(-11.3635368131085,14.3849109118622,13.0538639838268));
#4838=CARTESIAN_POINT('Ctrl Pts',(-11.2159205797214,15.8103227888998,12.7827985747018));
#4839=CARTESIAN_POINT('Ctrl Pts',(-10.8562016553807,18.7647146159147,12.2171090509828));
#4840=CARTESIAN_POINT('Ctrl Pts',(-9.89941143043145,25.0909815956599,11.0003871287777));
#4841=CARTESIAN_POINT('Ctrl Pts',(-8.74323930047943,32.0429969441613,9.72538370194323));
#4842=CARTESIAN_POINT('Ctrl Pts',(-7.84108596213419,39.6509353642864,8.59129014629092));
#4843=CARTESIAN_POINT('Ctrl Pts',(-7.37965641487157,45.700395016173,7.84925713529096));
#4844=CARTESIAN_POINT('Ctrl Pts',(-7.16132106752106,52.1069486124399,7.22736414665959));
#4845=CARTESIAN_POINT('Ctrl Pts',(-7.11807636382758,61.1009081824695,6.52668671322504));
#4846=CARTESIAN_POINT('Ctrl Pts',(-7.06325765176066,73.2300605141343,5.68227851647569));
#4847=CARTESIAN_POINT('Ctrl Pts',(-7.18023747891659,94.4897062662994,4.48400786176991));
#4848=CARTESIAN_POINT('Ctrl Pts',(-7.68470643053054,118.395653926165,3.54005965343178));
#4849=CARTESIAN_POINT('Ctrl Pts',(-8.12942365987645,144.483571861275,2.64043471580387));
#4850=CARTESIAN_POINT('Ctrl Pts',(-8.26749061811978,165.0335901967,1.91257111856391));
#4851=CARTESIAN_POINT('Ctrl Pts',(-8.11979054273124,186.488299050202,1.08993019338857));
#4852=CARTESIAN_POINT('Ctrl Pts',(-7.82683749614638,201.363623271803,0.475797552359029));
#4853=CARTESIAN_POINT('Ctrl Pts',(-7.65717243561382,208.943214891019,0.163376418057512));
#4854=CARTESIAN_POINT('Ctrl Pts',(-11.2109237469569,14.3851276732984,12.990418887857));
#4855=CARTESIAN_POINT('Ctrl Pts',(-11.0591800893852,15.8106556034631,12.7180915175194));
#4856=CARTESIAN_POINT('Ctrl Pts',(-10.6903818735321,18.7653858837888,12.1495303085443));
#4857=CARTESIAN_POINT('Ctrl Pts',(-9.71248582420858,25.092576908727,10.9258157459276));
#4858=CARTESIAN_POINT('Ctrl Pts',(-8.53343936590096,32.0453561877207,9.64315767522567));
#4859=CARTESIAN_POINT('Ctrl Pts',(-7.61443480337309,39.6531932638293,8.50411345264843));
#4860=CARTESIAN_POINT('Ctrl Pts',(-7.14491095775704,45.7021577950952,7.76036065931943));
#4861=CARTESIAN_POINT('Ctrl Pts',(-6.92352178127143,52.1078808053492,7.13894205882617));
#4862=CARTESIAN_POINT('Ctrl Pts',(-6.88163878552522,61.1005716359963,6.44122106767467));
#4863=CARTESIAN_POINT('Ctrl Pts',(-6.83074745334355,73.2285129856588,5.60142020725552));
#4864=CARTESIAN_POINT('Ctrl Pts',(-6.96210220910206,94.4868267565485,4.41391154564023));
#4865=CARTESIAN_POINT('Ctrl Pts',(-7.49400816215674,118.392314014563,3.48622518044885));
#4866=CARTESIAN_POINT('Ctrl Pts',(-7.97047718402818,144.480630300883,2.60463742489788));
#4867=CARTESIAN_POINT('Ctrl Pts',(-8.13144101268572,165.031330702375,1.88988541867944));
#4868=CARTESIAN_POINT('Ctrl Pts',(-8.00399458313638,186.487042501015,1.07921065244217));
#4869=CARTESIAN_POINT('Ctrl Pts',(-7.7226420808059,201.363189584523,0.472237551348529));
#4870=CARTESIAN_POINT('Ctrl Pts',(-7.55873235292428,208.943214891029,0.163376428277423));
#4871=CARTESIAN_POINT('Ctrl Pts',(-10.98183400283,14.3855633277366,12.8934154517076));
#4872=CARTESIAN_POINT('Ctrl Pts',(-10.8236424204892,15.811287259999,12.6191833057289));
#4873=CARTESIAN_POINT('Ctrl Pts',(-10.4406787838629,18.7665609058066,12.0462764282644));
#4874=CARTESIAN_POINT('Ctrl Pts',(-9.42989150377957,25.0951769599993,10.8119896539541));
#4875=CARTESIAN_POINT('Ctrl Pts',(-8.21523107747614,32.0490886201047,9.51774586458084));
#4876=CARTESIAN_POINT('Ctrl Pts',(-7.26992373274495,39.6567219255953,8.37122792319798));
#4877=CARTESIAN_POINT('Ctrl Pts',(-6.78769592241673,45.7048954201346,7.62489928764013));
#4878=CARTESIAN_POINT('Ctrl Pts',(-6.56139687942912,52.1093228451332,7.00423007195147));
#4879=CARTESIAN_POINT('Ctrl Pts',(-6.52136499484517,61.1000510086199,6.31103834886572));
#4880=CARTESIAN_POINT('Ctrl Pts',(-6.47623116344856,73.2261110343552,5.47827648986929));
#4881=CARTESIAN_POINT('Ctrl Pts',(-6.62929972464823,94.4823579669509,4.30718249310995));
#4882=CARTESIAN_POINT('Ctrl Pts',(-7.20310471200501,118.387154962384,3.404256059214));
#4883=CARTESIAN_POINT('Ctrl Pts',(-7.72813836966052,144.476112403905,2.55012323968661));
#4884=CARTESIAN_POINT('Ctrl Pts',(-7.92410809343092,165.027875209587,1.85533125753835));
#4885=CARTESIAN_POINT('Ctrl Pts',(-7.8275825767739,186.485127864796,1.06287921875654));
#4886=CARTESIAN_POINT('Ctrl Pts',(-7.56390501379106,201.362528868849,0.466813969011104));
#4887=CARTESIAN_POINT('Ctrl Pts',(-7.4087635044215,208.943214891042,0.163376442258765));
#4888=CARTESIAN_POINT('Ctrl Pts',(-10.7526107803195,14.3861074709524,12.7945907755273));
#4889=CARTESIAN_POINT('Ctrl Pts',(-10.5877229341358,15.8120485075888,12.518439823936));
#4890=CARTESIAN_POINT('Ctrl Pts',(-10.1900588900171,18.7678998961153,11.9411574729476));
#4891=CARTESIAN_POINT('Ctrl Pts',(-9.1451839385975,25.0979786622743,10.696214206361));
#4892=CARTESIAN_POINT('Ctrl Pts',(-7.89363694995815,32.0530094261465,9.39029636477021));
#4893=CARTESIAN_POINT('Ctrl Pts',(-6.92102756063909,39.6603888308789,8.23626174676839));
#4894=CARTESIAN_POINT('Ctrl Pts',(-6.42555019780923,45.7077245530197,7.48735814041582));
#4895=CARTESIAN_POINT('Ctrl Pts',(-6.19401905319725,52.1108080781166,6.86747901437935));
#4896=CARTESIAN_POINT('Ctrl Pts',(-6.15565140757637,61.0995157984456,6.17890912527986));
#4897=CARTESIAN_POINT('Ctrl Pts',(-6.1161400142434,73.2236311316724,5.35331984480893));
#4898=CARTESIAN_POINT('Ctrl Pts',(-6.29106654890925,94.477744177965,4.19890846610232));
#4899=CARTESIAN_POINT('Ctrl Pts',(-6.90749001018314,118.381851079593,3.32110299847391));
#4900=CARTESIAN_POINT('Ctrl Pts',(-7.4819967539483,144.471491879172,2.49481520852151));
#4901=CARTESIAN_POINT('Ctrl Pts',(-7.71361327154812,165.024355165065,1.82026830301465));
#4902=CARTESIAN_POINT('Ctrl Pts',(-7.6485334620953,186.483184148576,1.04630409441222));
#4903=CARTESIAN_POINT('Ctrl Pts',(-7.40279732151328,201.361858270421,0.461309295598537));
#4904=CARTESIAN_POINT('Ctrl Pts',(-7.25655525802089,208.943214891058,0.163376459462017));
#4905=CARTESIAN_POINT('Ctrl Pts',(-10.523292254801,14.3867581180385,12.6939602910916));
#4906=CARTESIAN_POINT('Ctrl Pts',(-10.3514647949846,15.8129371297389,12.4158807175438));
#4907=CARTESIAN_POINT('Ctrl Pts',(-9.93857909328658,18.7694001862156,11.8341964522616));
#4908=CARTESIAN_POINT('Ctrl Pts',(-8.85844655789367,25.100978552753,10.578528929282));
#4909=CARTESIAN_POINT('Ctrl Pts',(-7.56877250505939,32.0571150605039,9.26085900241647));
#4910=CARTESIAN_POINT('Ctrl Pts',(-6.56788528735773,39.6641910527724,8.09927533628564));
#4911=CARTESIAN_POINT('Ctrl Pts',(-6.05862423764096,45.710642964539,7.34780519801501));
#4912=CARTESIAN_POINT('Ctrl Pts',(-5.8215463350426,52.1123352524918,6.72875827022198));
#4913=CARTESIAN_POINT('Ctrl Pts',(-5.78465921545759,61.0989659859287,6.04490344006412));
#4914=CARTESIAN_POINT('Ctrl Pts',(-5.75063865248278,73.2210747407483,5.22661602571386));
#4915=CARTESIAN_POINT('Ctrl Pts',(-5.94756167284751,94.472988334409,4.08914834299649));
#4916=CARTESIAN_POINT('Ctrl Pts',(-6.60730341825593,118.376405572872,3.23681003999932));
#4917=CARTESIAN_POINT('Ctrl Pts',(-7.23216696648922,144.466771305763,2.4387408992279));
#4918=CARTESIAN_POINT('Ctrl Pts',(-7.50005339150527,165.020772422796,1.78471277739218));
#4919=CARTESIAN_POINT('Ctrl Pts',(-7.46692884312818,186.48121230092,1.02949236762892));
#4920=CARTESIAN_POINT('Ctrl Pts',(-7.23939232509559,201.361178091234,0.455726014351138));
#4921=CARTESIAN_POINT('Ctrl Pts',(-7.102176942675,208.943214891075,0.163376477951391));
#4922=CARTESIAN_POINT('Ctrl Pts',(-10.2939159360294,14.3875132660773,12.5915391687939));
#4923=CARTESIAN_POINT('Ctrl Pts',(-10.1149121031096,15.813950619729,12.3115224084808));
#4924=CARTESIAN_POINT('Ctrl Pts',(-9.68629618964892,18.7710584213361,11.7254154306052));
#4925=CARTESIAN_POINT('Ctrl Pts',(-8.56976709044626,25.1041722582899,10.4589642825077));
#4926=CARTESIAN_POINT('Ctrl Pts',(-7.24075653238137,32.0614012154471,9.12947686564647));
#4927=CARTESIAN_POINT('Ctrl Pts',(-6.21064065950644,39.6681253673149,7.96031965331979));
#4928=CARTESIAN_POINT('Ctrl Pts',(-5.68707577472262,45.7136485550829,7.20629411968837));
#4929=CARTESIAN_POINT('Ctrl Pts',(-5.44414371395284,52.1139034376487,6.58812358243744));
#4930=CARTESIAN_POINT('Ctrl Pts',(-5.4085572219856,61.0984021270478,5.90907644178459));
#4931=CARTESIAN_POINT('Ctrl Pts',(-5.37989704228502,73.2184439001381,5.09822043269967));
#4932=CARTESIAN_POINT('Ctrl Pts',(-5.59894866709057,94.4680941122836,3.97795209451558));
#4933=CARTESIAN_POINT('Ctrl Pts',(-6.30268681116462,118.370822179685,3.15141633582436));
#4934=CARTESIAN_POINT('Ctrl Pts',(-6.97876440833868,144.461953424465,2.38192641222389));
#4935=CARTESIAN_POINT('Ctrl Pts',(-7.28352518773874,165.017128765368,1.7486811747626));
#4936=CARTESIAN_POINT('Ctrl Pts',(-7.28285002491448,186.479213170438,1.0124517459816));
#4937=CARTESIAN_POINT('Ctrl Pts',(-7.07376334456175,201.360488633286,0.45006661151205));
#4938=CARTESIAN_POINT('Ctrl Pts',(-6.94569788623702,208.943214891095,0.163376498793933));
#4939=CARTESIAN_POINT('Ctrl Pts',(-10.0645195519655,14.3883709165209,12.4873428625791));
#4940=CARTESIAN_POINT('Ctrl Pts',(-9.87810836112606,15.8150866138485,12.2053831097865));
#4941=CARTESIAN_POINT('Ctrl Pts',(-9.43326692390051,18.7728715914316,11.6148370841325));
#4942=CARTESIAN_POINT('Ctrl Pts',(-8.27923098034405,25.1075558645269,10.3375554576956));
#4943=CARTESIAN_POINT('Ctrl Pts',(-6.9097060938583,32.0658639676515,8.9961965506329));
#4944=CARTESIAN_POINT('Ctrl Pts',(-5.84943495999114,39.6721886987173,7.81945052679617));
#4945=CARTESIAN_POINT('Ctrl Pts',(-5.3110587917781,45.7167391562219,7.06288590549753));
#4946=CARTESIAN_POINT('Ctrl Pts',(-5.06197260355439,52.1155115373437,6.44563767572812));
#4947=CARTESIAN_POINT('Ctrl Pts',(-5.02751032701563,61.0978244831609,5.77149089170926));
#4948=CARTESIAN_POINT('Ctrl Pts',(-5.00408242953111,73.2157403555031,4.96819374667913));
#4949=CARTESIAN_POINT('Ctrl Pts',(-5.24538876915062,94.4630648165819,3.86537422454931));
#4950=CARTESIAN_POINT('Ctrl Pts',(-5.9937807874993,118.365104368691,3.06496352120614));
#4951=CARTESIAN_POINT('Ctrl Pts',(-6.72190409131453,144.457040894858,2.32439858988674));
#4952=CARTESIAN_POINT('Ctrl Pts',(-7.06412545345745,165.013426012569,1.71218984742677));
#4953=CARTESIAN_POINT('Ctrl Pts',(-7.09637846592704,186.477187656986,0.995189620484978));
#4954=CARTESIAN_POINT('Ctrl Pts',(-6.90598370041929,201.359790198572,0.444333572002841));
#4955=CARTESIAN_POINT('Ctrl Pts',(-6.787187417044,208.943214891116,0.163376521735108));
#4956=CARTESIAN_POINT('Ctrl Pts',(-9.83514065613755,14.3893290652755,12.3813868643766));
#4957=CARTESIAN_POINT('Ctrl Pts',(-9.64109732955436,15.816342669334,12.0974802726558));
#4958=CARTESIAN_POINT('Ctrl Pts',(-9.17954801703815,18.7748365004617,11.5024839279768));
#4959=CARTESIAN_POINT('Ctrl Pts',(-7.98692483691197,25.1111252105959,10.2143352831291));
#4960=CARTESIAN_POINT('Ctrl Pts',(-6.57573913671052,32.0704991873747,8.8610628905502));
#4961=CARTESIAN_POINT('Ctrl Pts',(-5.48441075547093,39.6763778905363,7.67672127465727));
#4962=CARTESIAN_POINT('Ctrl Pts',(-4.93072923904966,45.7199126341258,6.91763772595176));
#4963=CARTESIAN_POINT('Ctrl Pts',(-4.67519629740584,52.1171585417774,6.30135961947202));
#4964=CARTESIAN_POINT('Ctrl Pts',(-4.64168548701047,61.0972334708221,5.63220555229498));
#4965=CARTESIAN_POINT('Ctrl Pts',(-4.62336349635684,73.212966007907,4.83659386098256));
#4966=CARTESIAN_POINT('Ctrl Pts',(-4.88704445313035,94.4579039499309,3.75146683133851));
#4967=CARTESIAN_POINT('Ctrl Pts',(-5.68072662430933,118.359255752087,2.97749190698758));
#4968=CARTESIAN_POINT('Ctrl Pts',(-6.46170123536396,144.452036420347,2.26618387461793));
#4969=CARTESIAN_POINT('Ctrl Pts',(-6.84195095203675,165.009665965026,1.67525521834033));
#4970=CARTESIAN_POINT('Ctrl Pts',(-6.90759554389207,186.475136633476,0.977713548127185));
#4971=CARTESIAN_POINT('Ctrl Pts',(-6.73612671295089,201.35908308909,0.43852938135938));
#4972=CARTESIAN_POINT('Ctrl Pts',(-6.62671486320806,208.94321489114,0.16337654713469));
#4973=CARTESIAN_POINT('Ctrl Pts',(-9.60581680146058,14.3903857070893,12.2736868130122));
#4974=CARTESIAN_POINT('Ctrl Pts',(-9.40392254366769,15.8177163804378,11.9878319100883));
#4975=CARTESIAN_POINT('Ctrl Pts',(-8.92519612331227,18.776950044948,11.3883787054144));
#4976=CARTESIAN_POINT('Ctrl Pts',(-7.69293459294587,25.114876259567,10.0893379431634));
#4977=CARTESIAN_POINT('Ctrl Pts',(-6.23897310081399,32.0753028488103,8.72412171995879));
#4978=CARTESIAN_POINT('Ctrl Pts',(-5.11570991118599,39.6806898255941,7.53218658054399));
#4979=CARTESIAN_POINT('Ctrl Pts',(-4.54624201310007,45.7231668346319,6.77060879570108));
#4980=CARTESIAN_POINT('Ctrl Pts',(-4.28397708872241,52.1188433945376,6.15535042241925));
#4981=CARTESIAN_POINT('Ctrl Pts',(-4.25124857046881,61.0966294247238,5.49128129582916));
#4982=CARTESIAN_POINT('Ctrl Pts',(-4.23790817167693,73.210122677849,4.70348012750759));
#4983=CARTESIAN_POINT('Ctrl Pts',(-4.52407755064472,94.4526149134843,3.63628326055273));
#4984=CARTESIAN_POINT('Ctrl Pts',(-5.36366524922362,118.353279868804,2.88904248496934));
#4985=CARTESIAN_POINT('Ctrl Pts',(-6.19827095514759,144.446942682539,2.20730891079971));
#4986=CARTESIAN_POINT('Ctrl Pts',(-6.61709846439993,165.00585043402,1.63789366987082));
#4987=CARTESIAN_POINT('Ctrl Pts',(-6.71658267934268,186.473060987099,0.960030998179479));
#4988=CARTESIAN_POINT('Ctrl Pts',(-6.56426570253016,201.358367606835,0.432656524869091));
#4989=CARTESIAN_POINT('Ctrl Pts',(-6.46434955293232,208.943214891166,0.163376575104));
#4990=CARTESIAN_POINT('Ctrl Pts',(-9.37658546125631,14.3915388335589,12.1642584447683));
#4991=CARTESIAN_POINT('Ctrl Pts',(-9.16662758203739,15.8192053173617,11.8764559050448));
#4992=CARTESIAN_POINT('Ctrl Pts',(-8.67026786419605,18.7792090669613,11.2725441891366));
#4993=CARTESIAN_POINT('Ctrl Pts',(-7.39734648909168,25.118804902835,9.96259701758964));
#4994=CARTESIAN_POINT('Ctrl Pts',(-5.8995256621277,32.0802708661944,8.58541841712373));
#4995=CARTESIAN_POINT('Ctrl Pts',(-4.74347464598671,39.6851213627608,7.38590044672206));
#4996=CARTESIAN_POINT('Ctrl Pts',(-4.15775255945159,45.7264996124923,6.62185727008586));
#4997=CARTESIAN_POINT('Ctrl Pts',(-3.88847779735183,52.1205650631177,6.00767007608154));
#4998=CARTESIAN_POINT('Ctrl Pts',(-3.85636602411099,61.0960127231876,5.34877787564482));
#4999=CARTESIAN_POINT('Ctrl Pts',(-3.84788479036154,73.2072122300638,4.56891111177207));
#5000=CARTESIAN_POINT('Ctrl Pts',(-4.15665024479588,94.4472011650358,3.5198761733458));
#5001=CARTESIAN_POINT('Ctrl Pts',(-5.04273778372603,118.34718029908,2.79965586705189));
#5002=CARTESIAN_POINT('Ctrl Pts',(-5.93172842542026,144.441762375879,2.14780022613867));
#5003=CARTESIAN_POINT('Ctrl Pts',(-6.38966476366441,165.001981225655,1.60012160238253));
#5004=CARTESIAN_POINT('Ctrl Pts',(-6.5234212701528,186.470961597493,0.942149486215963));
#5005=CARTESIAN_POINT('Ctrl Pts',(-6.39047398947983,201.357644053804,0.426717487958434));
#5006=CARTESIAN_POINT('Ctrl Pts',(-6.30016081436896,208.943214891195,0.163376605893402));
#5007=CARTESIAN_POINT('Ctrl Pts',(-9.14748406315193,14.3927864339841,12.0531176146626));
#5008=CARTESIAN_POINT('Ctrl Pts',(-8.92925591650726,15.8208070583807,11.7633703718712));
#5009=CARTESIAN_POINT('Ctrl Pts',(-8.41481980354722,18.7816104317379,11.1550032822249));
#5010=CARTESIAN_POINT('Ctrl Pts',(-7.10024654670514,25.1229070634589,9.83414651594732));
#5011=CARTESIAN_POINT('Ctrl Pts',(-5.55751433512591,32.0853991803954,8.44499867329277));
#5012=CARTESIAN_POINT('Ctrl Pts',(-4.36784697098206,39.6896693702863,7.23791727613225));
#5013=CARTESIAN_POINT('Ctrl Pts',(-3.76541602168576,45.7299088157755,6.4714418866874));
#5014=CARTESIAN_POINT('Ctrl Pts',(-3.48886095960053,52.1223225015047,5.85837911895574));
#5015=CARTESIAN_POINT('Ctrl Pts',(-3.45720398939743,61.0953837216769,5.20475563468346));
#5016=CARTESIAN_POINT('Ctrl Pts',(-3.45346147916677,73.2042365074705,4.43294578122317));
#5017=CARTESIAN_POINT('Ctrl Pts',(-3.78492454414943,94.4416661353859,3.40229856931695));
#5018=CARTESIAN_POINT('Ctrl Pts',(-4.71808525591883,118.340960603878,2.7093728471405));
#5019=CARTESIAN_POINT('Ctrl Pts',(-5.66218879375937,144.436498189362,2.08768440057475));
#5020=CARTESIAN_POINT('Ctrl Pts',(-6.15974662873767,164.998060149279,1.56195540335839));
#5021=CARTESIAN_POINT('Ctrl Pts',(-6.32819272625163,186.468839348318,0.924076503231171));
#5022=CARTESIAN_POINT('Ctrl Pts',(-6.21482489413433,201.356912731995,0.420714756021815));
#5023=CARTESIAN_POINT('Ctrl Pts',(-6.1342179756819,208.943214891227,0.163376639721201));
#5024=CARTESIAN_POINT('Ctrl Pts',(-8.91854997258383,14.3941264949514,11.9402802861248));
#5025=CARTESIAN_POINT('Ctrl Pts',(-8.69185099316515,15.8225191728604,11.6485934658818));
#5026=CARTESIAN_POINT('Ctrl Pts',(-8.15890846204156,18.7841509865966,11.0357789655082));
#5027=CARTESIAN_POINT('Ctrl Pts',(-6.80172084834624,25.1271786414505,9.70402033063099));
#5028=CARTESIAN_POINT('Ctrl Pts',(-5.21305668424603,32.0906837130694,8.3029080858833));
#5029=CARTESIAN_POINT('Ctrl Pts',(-3.98896898757691,39.6943307081654,7.0882912998405));
#5030=CARTESIAN_POINT('Ctrl Pts',(-3.36938769287795,45.7333922941513,6.3194210965107));
#5031=CARTESIAN_POINT('Ctrl Pts',(-3.08528925796005,52.1241146700152,5.7075378085665));
#5032=CARTESIAN_POINT('Ctrl Pts',(-3.05392877103744,61.0947427880328,5.05927460107108));
#5033=CARTESIAN_POINT('Ctrl Pts',(-3.05480648226957,73.2011973661635,4.29564287613826));
#5034=CARTESIAN_POINT('Ctrl Pts',(-3.40906256149738,94.4360132726389,3.28360324488309));
#5035=CARTESIAN_POINT('Ctrl Pts',(-4.38984875269307,118.334624356971,2.61823410359618));
#5036=CARTESIAN_POINT('Ctrl Pts',(-5.38976722676883,144.431152816215,2.02698797681118));
#5037=CARTESIAN_POINT('Ctrl Pts',(-5.92744083707975,164.994089013011,1.52341146371827));
#5038=CARTESIAN_POINT('Ctrl Pts',(-6.13097845121513,186.466695121118,0.905819553150785));
#5039=CARTESIAN_POINT('Ctrl Pts',(-6.03739173681068,201.356173943403,0.414650814501306));
#5040=CARTESIAN_POINT('Ctrl Pts',(-5.96659036501764,208.943214891262,0.163376676853373));
#5041=CARTESIAN_POINT('Ctrl Pts',(-8.68982049879507,14.3955570004855,11.8257625348273));
#5042=CARTESIAN_POINT('Ctrl Pts',(-8.45445618678947,15.8243392301747,11.5321434826011));
#5043=CARTESIAN_POINT('Ctrl Pts',(-7.90259030716866,18.7868275826091,10.9148943240319));
#5044=CARTESIAN_POINT('Ctrl Pts',(-6.50185538729534,25.1316155426569,9.57225252535215));
#5045=CARTESIAN_POINT('Ctrl Pts',(-4.86627021063141,32.0961203908637,8.15919237315681));
#5046=CARTESIAN_POINT('Ctrl Pts',(-3.60698272880942,39.6991022374242,6.93707687975045));
#5047=CARTESIAN_POINT('Ctrl Pts',(-2.96982277589825,45.7369478944659,6.16585352371022));
#5048=CARTESIAN_POINT('Ctrl Pts',(-2.67792529312553,52.1259405247687,5.55520655968597));
#5049=CARTESIAN_POINT('Ctrl Pts',(-2.64670658862396,61.094090283806,4.9123949669245));
#5050=CARTESIAN_POINT('Ctrl Pts',(-2.65208798889421,73.1980966568992,4.15706124279267));
#5051=CARTESIAN_POINT('Ctrl Pts',(-3.02922636643493,94.430246018782,3.1638430802328));
#5052=CARTESIAN_POINT('Ctrl Pts',(-4.05816933934846,118.328175127982,2.52628035693651));
#5053=CARTESIAN_POINT('Ctrl Pts',(-5.11457888573152,144.42572894879,1.96573750777369));
#5054=CARTESIAN_POINT('Ctrl Pts',(-5.69284416859318,164.990069626123,1.48450616921832));
#5055=CARTESIAN_POINT('Ctrl Pts',(-5.93185985202619,186.464529798576,0.887386132982067));
#5056=CARTESIAN_POINT('Ctrl Pts',(-5.85824783782109,201.355427990025,0.408528148852017));
#5057=CARTESIAN_POINT('Ctrl Pts',(-5.79734731051787,208.9432148913,0.163376717568925));
#5058=CARTESIAN_POINT('Ctrl Pts',(-8.46133289082233,14.3970759319478,11.7095805460885));
#5059=CARTESIAN_POINT('Ctrl Pts',(-8.21711482420478,15.8262647949553,11.4140388046745));
#5060=CARTESIAN_POINT('Ctrl Pts',(-7.64592175782057,18.7896370630861,10.7923725325575));
#5061=CARTESIAN_POINT('Ctrl Pts',(-6.20073614679807,25.1362136634204,9.4388771820353));
#5062=CARTESIAN_POINT('Ctrl Pts',(-4.51727241182717,32.1017051325634,8.01389726031281));
#5063=CARTESIAN_POINT('Ctrl Pts',(-3.22203024327457,39.7039808151816,6.7843283481852));
#5064=CARTESIAN_POINT('Ctrl Pts',(-2.56687651039004,45.7405734630767,6.01079772209391));
#5065=CARTESIAN_POINT('Ctrl Pts',(-2.26693170482568,52.127799023262,5.40144571226827));
#5066=CARTESIAN_POINT('Ctrl Pts',(-2.2357037083258,61.0934265741512,4.76417683483216));
#5067=CARTESIAN_POINT('Ctrl Pts',(-2.24547422477194,73.1949362349155,4.01725965709504));
#5068=CARTESIAN_POINT('Ctrl Pts',(-2.64557806363871,94.4243678221137,3.04307088746364));
#5069=CARTESIAN_POINT('Ctrl Pts',(-3.72318810230256,118.32161649139,2.43355228639789));
#5070=CARTESIAN_POINT('Ctrl Pts',(-4.83673893956364,144.420229281275,1.90395953151519));
#5071=CARTESIAN_POINT('Ctrl Pts',(-5.4560534035758,164.986003797779,1.44525590501948));
#5072=CARTESIAN_POINT('Ctrl Pts',(-5.730918333899,186.462344262787,0.868783743328411));
#5073=CARTESIAN_POINT('Ctrl Pts',(-5.67746651746478,201.354675173858,0.402349244564643));
#5074=CARTESIAN_POINT('Ctrl Pts',(-5.62655814031126,208.943214891342,0.163376762182457));
#5075=CARTESIAN_POINT('Ctrl Pts',(-8.23312433789084,14.3986812680451,11.591750615369));
#5076=CARTESIAN_POINT('Ctrl Pts',(-7.97987017024906,15.8282934295553,11.2942979291422));
#5077=CARTESIAN_POINT('Ctrl Pts',(-7.38895918037635,18.7925762696135,10.6682368624898));
#5078=CARTESIAN_POINT('Ctrl Pts',(-5.89844905694674,25.1409688986345,9.30392848132678));
#5079=CARTESIAN_POINT('Ctrl Pts',(-4.1661807494134,32.1074338558429,7.86706853943851));
#5080=CARTESIAN_POINT('Ctrl Pts',(-2.83425355023411,39.708963297228,6.63010009262763));
#5081=CARTESIAN_POINT('Ctrl Pts',(-2.16070410524508,45.7442668445924,5.85431230394993));
#5082=CARTESIAN_POINT('Ctrl Pts',(-1.85247110768841,52.1296891214056,5.24631565428978));
#5083=CARTESIAN_POINT('Ctrl Pts',(-1.82108637310882,61.0927520225878,4.61468035211189));
#5084=CARTESIAN_POINT('Ctrl Pts',(-1.83513340380572,73.1917179547475,3.87629691804878));
#5085=CARTESIAN_POINT('Ctrl Pts',(-2.25827975161465,94.4183821306922,2.92133949111762));
#5086=CARTESIAN_POINT('Ctrl Pts',(-3.38504612664448,118.314952021786,2.340090574213));
#5087=CARTESIAN_POINT('Ctrl Pts',(-4.55636255804483,144.414656508276,1.84168058455019));
#5088=CARTESIAN_POINT('Ctrl Pts',(-5.21716532384097,164.981893337711,1.40567705328252));
#5089=CARTESIAN_POINT('Ctrl Pts',(-5.5282353030248,186.460139396174,0.850019882818697));
#5090=CARTESIAN_POINT('Ctrl Pts',(-5.49512109603369,201.353915796898,0.396116587149668));
#5091=CARTESIAN_POINT('Ctrl Pts',(-5.45429218251927,208.943214891388,0.163376811028351));
#5092=CARTESIAN_POINT('Ctrl Pts',(-8.00523196799418,14.4003709847973,11.4722891468729));
#5093=CARTESIAN_POINT('Ctrl Pts',(-7.74276543406106,15.8304226927105,11.1729394518956));
#5094=CARTESIAN_POINT('Ctrl Pts',(-7.13175888974118,18.7956420388111,10.542510677233));
#5095=CARTESIAN_POINT('Ctrl Pts',(-5.59508001677047,25.1458771374279,9.16744065918302));
#5096=CARTESIAN_POINT('Ctrl Pts',(-3.81311266566508,32.1133024736494,7.71875203725282));
#5097=CARTESIAN_POINT('Ctrl Pts',(-2.44379466314257,39.7140465366343,6.47444651053054));
#5098=CARTESIAN_POINT('Ctrl Pts',(-1.75146077426648,45.7480258825274,5.69645587160628));
#5099=CARTESIAN_POINT('Ctrl Pts',(-1.43470612519764,52.1316097750897,5.08987675656934));
#5100=CARTESIAN_POINT('Ctrl Pts',(-1.40302083976615,61.0920669937797,4.46396563965263));
#5101=CARTESIAN_POINT('Ctrl Pts',(-1.42123375380843,73.1884436729881,3.73423179830228));
#5102=CARTESIAN_POINT('Ctrl Pts',(-1.8674935447464,94.4122923958322,2.7987016856492));
#5103=CARTESIAN_POINT('Ctrl Pts',(-3.04388450817227,118.308185296407,2.24593588227506));
#5104=CARTESIAN_POINT('Ctrl Pts',(-4.27356491547148,144.409013325579,1.7789271948644));
#5105=CARTESIAN_POINT('Ctrl Pts',(-4.97627671214154,164.977740055861,1.3657859944829));
#5106=CARTESIAN_POINT('Ctrl Pts',(-5.32389216510919,186.457916081004,0.831102051081643));
#5107=CARTESIAN_POINT('Ctrl Pts',(-5.31128489380118,201.353150161143,0.389832662168384));
#5108=CARTESIAN_POINT('Ctrl Pts',(-5.2806187652447,208.943214891438,0.163376864491803));
#5109=CARTESIAN_POINT('Ctrl Pts',(-7.77769284695683,14.4021430555047,11.3512126541268));
#5110=CARTESIAN_POINT('Ctrl Pts',(-7.50584376412703,15.8326501401919,11.0499820757864));
#5111=CARTESIAN_POINT('Ctrl Pts',(-6.87437714734596,18.7988312039835,10.4152174345202));
#5112=CARTESIAN_POINT('Ctrl Pts',(-5.29071488141577,25.1509342653779,9.02944802984885));
#5113=CARTESIAN_POINT('Ctrl Pts',(-3.45818557399676,32.11930689606,7.56899363218808));
#5114=CARTESIAN_POINT('Ctrl Pts',(-2.05079557675688,39.7192273844497,6.31742203330401));
#5115=CARTESIAN_POINT('Ctrl Pts',(-1.33930171701534,45.7518484189295,5.5372870537974));
#5116=CARTESIAN_POINT('Ctrl Pts',(-1.01379937157449,52.1335599393414,4.93218940741201));
#5117=CARTESIAN_POINT('Ctrl Pts',(-0.981673359277828,61.091371852062,4.31209282974646));
#5118=CARTESIAN_POINT('Ctrl Pts',(-1.00394350297535,73.1851152468419,3.59112307044468));
#5119=CARTESIAN_POINT('Ctrl Pts',(-1.4733815618219,94.4061020702845,2.67521025804848));
#5120=CARTESIAN_POINT('Ctrl Pts',(-2.69984434719287,118.301319893824,2.15112886454115));
#5121=CARTESIAN_POINT('Ctrl Pts',(-3.98846118881853,144.40330242976,1.71572588561279));
#5122=CARTESIAN_POINT('Ctrl Pts',(-4.73348435251875,164.973545762579,1.32559910668484));
#5123=CARTESIAN_POINT('Ctrl Pts',(-5.11797032616217,186.455675199645,0.8120377471297));
#5124=CARTESIAN_POINT('Ctrl Pts',(-5.12603123104227,201.352378568588,0.383499955177561));
#5125=CARTESIAN_POINT('Ctrl Pts',(-5.10560721659206,208.943214891493,0.16337692295348));
#5126=CARTESIAN_POINT('Ctrl Pts',(-7.5505439780313,14.4039954507583,11.2285377571214));
#5127=CARTESIAN_POINT('Ctrl Pts',(-7.26914825007059,15.8349733244462,10.9254446038182));
#5128=CARTESIAN_POINT('Ctrl Pts',(-6.61687016144242,18.8021405942225,10.2863806829774));
#5129=CARTESIAN_POINT('Ctrl Pts',(-4.98543946843145,25.1561361633091,8.88998497181422));
#5130=CARTESIAN_POINT('Ctrl Pts',(-3.10151686370283,32.1254430292736,7.4178392441069));
#5131=CARTESIAN_POINT('Ctrl Pts',(-1.65539827383205,39.7245026893198,6.15908111277482));
#5132=CARTESIAN_POINT('Ctrl Pts',(-0.92438212896146,45.7557322945761,5.37686448571523));
#5133=CARTESIAN_POINT('Ctrl Pts',(-0.589913461442658,52.135538568776,4.77331399378704));
#5134=CARTESIAN_POINT('Ctrl Pts',(-0.557210187351301,61.0906669622331,4.15912204571408));
#5135=CARTESIAN_POINT('Ctrl Pts',(-0.583430887208007,73.1817345349055,3.44702949304538));
#5136=CARTESIAN_POINT('Ctrl Pts',(-1.07610593230543,94.3998146092207,2.55091797601392));
#5137=CARTESIAN_POINT('Ctrl Pts',(-2.35306675193215,118.294359394652,2.05571016067514));
#5138=CARTESIAN_POINT('Ctrl Pts',(-3.70116655875353,144.397526518398,1.65210317333604));
#5139=CARTESIAN_POINT('Ctrl Pts',(-4.48888503010785,164.969312268519,1.28513276606141));
#5140=CARTESIAN_POINT('Ctrl Pts',(-4.91055119204354,186.453417634426,0.792834470323694));
#5141=CARTESIAN_POINT('Ctrl Pts',(-4.93943342798567,201.351601321232,0.377120951860408));
#5142=CARTESIAN_POINT('Ctrl Pts',(-4.92932686461955,208.943214891553,0.163376986920495));
#5143=CARTESIAN_POINT('Ctrl Pts',(-7.32382229959323,14.4059261383363,11.1042811866882));
#5144=CARTESIAN_POINT('Ctrl Pts',(-7.03272191925203,15.8373897946818,10.7993459456545));
#5145=CARTESIAN_POINT('Ctrl Pts',(-6.35929408477748,18.8055670347686,10.1560240664355));
#5146=CARTESIAN_POINT('Ctrl Pts',(-4.67933955267079,25.1614787078093,8.74908593759895));
#5147=CARTESIAN_POINT('Ctrl Pts',(-2.74322389628061,32.131706776048,7.26533484131434));
#5148=CARTESIAN_POINT('Ctrl Pts',(-1.25774472082657,39.7298692976187,5.99947822954592));
#5149=CARTESIAN_POINT('Ctrl Pts',(-0.506857195550082,45.7596753488163,5.21524682072765));
#5150=CARTESIAN_POINT('Ctrl Pts',(-0.16321100435504,52.137544617324,4.6133109121868));
#5151=CARTESIAN_POINT('Ctrl Pts',(-0.129797578629039,61.0899526891182,4.00511341346463));
#5152=CARTESIAN_POINT('Ctrl Pts',(-0.159864146277287,73.1783033967711,3.30200981834057));
#5153=CARTESIAN_POINT('Ctrl Pts',(-0.675828793225686,94.3934334697564,2.42587759425039));
#5154=CARTESIAN_POINT('Ctrl Pts',(-2.00369283695695,118.287307381216,1.9597203992528));
#5155=CARTESIAN_POINT('Ctrl Pts',(-3.4117962092601,144.391688289989,1.58808556867833));
#5156=CARTESIAN_POINT('Ctrl Pts',(-4.24257553134732,164.965041384707,1.24440334638348));
#5157=CARTESIAN_POINT('Ctrl Pts',(-4.70171616878164,186.451144267716,0.773499719635146));
#5158=CARTESIAN_POINT('Ctrl Pts',(-4.75156480491704,201.35081872107,0.370698137744624));
#5159=CARTESIAN_POINT('Ctrl Pts',(-4.75184703744229,208.943214891618,0.163377056744448));
#5160=CARTESIAN_POINT('Ctrl Pts',(-7.09756468743185,14.4079330833634,10.9784597728444));
#5161=CARTESIAN_POINT('Ctrl Pts',(-6.79660773970451,15.8398970969212,10.6717051048742));
#5162=CARTESIAN_POINT('Ctrl Pts',(-6.10170501676932,18.8091073469076,10.0241713135623));
#5163=CARTESIAN_POINT('Ctrl Pts',(-4.37250087002224,25.1669577710402,8.60678544141339));
#5164=CARTESIAN_POINT('Ctrl Pts',(-2.383424008084,32.1380940355342,7.1115264321001));
#5165=CARTESIAN_POINT('Ctrl Pts',(-0.85797687079311,39.7353240534396,5.83866788520131));
#5166=CARTESIAN_POINT('Ctrl Pts',(-0.0868820960323256,45.7636754197185,
5.05249272118413));
#5167=CARTESIAN_POINT('Ctrl Pts',(0.26614539172703,52.139577038428,4.45224056069961));
#5168=CARTESIAN_POINT('Ctrl Pts',(0.300398209685965,61.0892293978471,3.85012705365671));
#5169=CARTESIAN_POINT('Ctrl Pts',(0.266588473845947,73.1748236932475,3.15612278772533));
#5170=CARTESIAN_POINT('Ctrl Pts',(-0.272712290998639,94.3869621111931,2.30014185144363));
#5171=CARTESIAN_POINT('Ctrl Pts',(-1.65186372401019,118.28016743771,1.86320019674762));
#5172=CARTESIAN_POINT('Ctrl Pts',(-3.12046532772896,144.385790443974,1.52369957668696));
#5173=CARTESIAN_POINT('Ctrl Pts',(-3.99465264371474,164.960734922486,1.20342721989159));
#5174=CARTESIAN_POINT('Ctrl Pts',(-4.49154666222588,186.448855981874,0.754040994566256));
#5175=CARTESIAN_POINT('Ctrl Pts',(-4.5624986819427,201.3500310701,0.364233998847753));
#5176=CARTESIAN_POINT('Ctrl Pts',(-4.57323706299608,208.94321489169,0.163377133266782));
#5177=CARTESIAN_POINT('Ctrl Pts',(-6.87180794652772,14.4100142478738,10.8510904692544));
#5178=CARTESIAN_POINT('Ctrl Pts',(-6.56084861163412,15.8424927736145,10.5425412040513));
#5179=CARTESIAN_POINT('Ctrl Pts',(-5.84415899628751,18.8127583476583,9.89084625921917));
#5180=CARTESIAN_POINT('Ctrl Pts',(-4.0650091101558,25.1725692204611,8.46311808006207));
#5181=CARTESIAN_POINT('Ctrl Pts',(-2.0222345054043,32.144600703063,6.95646007876267));
#5182=CARTESIAN_POINT('Ctrl Pts',(-0.456236659386295,39.7408637983651,5.67670461338351));
#5183=CARTESIAN_POINT('Ctrl Pts',(0.335388000685827,45.7677303437899,4.88866086967712));
#5184=CARTESIAN_POINT('Ctrl Pts',(0.697993123806848,52.1416347847962,4.29016334797645));
#5185=CARTESIAN_POINT('Ctrl Pts',(0.733210920927008,61.0884974536104,3.69422308976223));
#5186=CARTESIAN_POINT('Ctrl Pts',(0.69575872250608,73.1712972862667,3.00942713534733));
#5187=CARTESIAN_POINT('Ctrl Pts',(0.133081419283538,94.3804039950047,2.17376347153352));
#5188=CARTESIAN_POINT('Ctrl Pts',(-1.29772054209188,118.272943150234,1.76619015680725));
#5189=CARTESIAN_POINT('Ctrl Pts',(-2.8272891054215,144.379835680805,1.45897169523937));
#5190=CARTESIAN_POINT('Ctrl Pts',(-3.74521315631544,164.956394693605,1.16222075549438));
#5191=CARTESIAN_POINT('Ctrl Pts',(-4.28012407865177,186.446553659297,0.734465793426157));
#5192=CARTESIAN_POINT('Ctrl Pts',(-4.37230837954248,201.349238670318,0.357731020167117));
#5193=CARTESIAN_POINT('Ctrl Pts',(-4.39356626959023,208.943214891768,0.163377216308722));
#5194=CARTESIAN_POINT('Ctrl Pts',(-6.64658882876635,14.4121675918437,10.7221902887607));
#5195=CARTESIAN_POINT('Ctrl Pts',(-6.32548738534618,15.8451743646383,10.4118734199974));
#5196=CARTESIAN_POINT('Ctrl Pts',(-5.58671201709529,18.8165168507194,9.75607278852539));
#5197=CARTESIAN_POINT('Ctrl Pts',(-3.75694993100199,25.1783089197596,8.31811848189948));
#5198=CARTESIAN_POINT('Ctrl Pts',(-1.65977267422604,32.1512226708814,6.80018186372743));
#5199=CARTESIAN_POINT('Ctrl Pts',(-0.052666012302918,39.7464853720963,5.51364295495315));
#5200=CARTESIAN_POINT('Ctrl Pts',(0.759797928858011,45.7718379565926,4.72380994593323));
#5201=CARTESIAN_POINT('Ctrl Pts',(1.1321695882578,52.1437168088793,4.12713967591216));
#5202=CARTESIAN_POINT('Ctrl Pts',(1.1684742941193,61.087757222053,3.5374616337269));
#5203=CARTESIAN_POINT('Ctrl Pts',(1.12747834242563,73.1677260389273,2.8619815836606));
#5204=CARTESIAN_POINT('Ctrl Pts',(0.541390173508141,94.3737625846467,2.0467951648406));
#5205=CARTESIAN_POINT('Ctrl Pts',(-0.941404426378474,118.26563810655,1.6687308751416));
#5206=CARTESIAN_POINT('Ctrl Pts',(-2.53238273582968,144.373826701742,1.39392842082373));
#5207=CARTESIAN_POINT('Ctrl Pts',(-3.49435385811251,164.95202251004,1.12080032445288));
#5208=CARTESIAN_POINT('Ctrl Pts',(-4.06752982286977,186.444238182343,0.714781618822423));
#5209=CARTESIAN_POINT('Ctrl Pts',(-4.18106721661048,201.348441823724,0.351191691031457));
#5210=CARTESIAN_POINT('Ctrl Pts',(-4.21290398394831,208.943214891856,0.16337731002291));
#5211=CARTESIAN_POINT('Ctrl Pts',(-6.42194393403866,14.4143910675966,10.5917766419723));
#5212=CARTESIAN_POINT('Ctrl Pts',(-6.09056676229543,15.8479394017129,10.2797213225461));
#5213=CARTESIAN_POINT('Ctrl Pts',(-5.32941994176546,18.82037966094,9.61987512975168));
#5214=CARTESIAN_POINT('Ctrl Pts',(-3.44840888099992,25.1841727232832,8.17182157008162));
#5215=CARTESIAN_POINT('Ctrl Pts',(-1.29615572770274,32.157955823739,6.64273806237753));
#5216=CARTESIAN_POINT('Ctrl Pts',(0.352593193409159,39.7521856089093,5.34953758126898));
#5217=CARTESIAN_POINT('Ctrl Pts',(1.18619256132747,45.7759960895266,4.55799873850592));
#5218=CARTESIAN_POINT('Ctrl Pts',(1.56851220747583,52.1458220605086,3.96323002022981));
#5219=CARTESIAN_POINT('Ctrl Pts',(1.60602208582486,61.0870090675016,3.37990284963608));
#5220=CARTESIAN_POINT('Ctrl Pts',(1.56157907584933,73.164111815562,2.7138448535166));
#5221=CARTESIAN_POINT('Ctrl Pts',(0.952051795483889,94.3670413469443,1.91928960702402));
#5222=CARTESIAN_POINT('Ctrl Pts',(-0.583056530976366,118.258255897587,1.57086289300058));
#5223=CARTESIAN_POINT('Ctrl Pts',(-2.23586143146203,144.367766209939,1.32859619401713));
#5224=CARTESIAN_POINT('Ctrl Pts',(-3.2421715557742,164.947620184777,1.07918224502567));
#5225=CARTESIAN_POINT('Ctrl Pts',(-3.85384531849963,186.441910433593,0.694995919340506));
#5226=CARTESIAN_POINT('Ctrl Pts',(-3.98884853293261,201.347640832265,0.344618443703093));
#5227=CARTESIAN_POINT('Ctrl Pts',(-4.03131955368572,208.943214891904,0.163377361495566));
#5228=CARTESIAN_POINT('Ctrl Pts',(-6.19791001576901,14.416682637231,10.4598662718097));
#5229=CARTESIAN_POINT('Ctrl Pts',(-5.85612960070627,15.850785425817,10.146103809035));
#5230=CARTESIAN_POINT('Ctrl Pts',(-5.07233876785437,18.8243435915831,9.4822769335331));
#5231=CARTESIAN_POINT('Ctrl Pts',(-3.13947163956787,25.1901564934275,8.02426173700114));
#5232=CARTESIAN_POINT('Ctrl Pts',(-0.931500969154093,32.1647960526477,6.48417460327504));
#5233=CARTESIAN_POINT('Ctrl Pts',(0.759399008990675,39.757961348662,5.1844429119316));
#5234=CARTESIAN_POINT('Ctrl Pts',(1.6144166993763,45.780202579792,4.39128580030194));
#5235=CARTESIAN_POINT('Ctrl Pts',(2.00685834705754,52.1479494941999,3.79849468506068));
#5236=CARTESIAN_POINT('Ctrl Pts',(2.04568800242995,61.0862533584335,3.22160676268459));
#5237=CARTESIAN_POINT('Ctrl Pts',(1.99789264695912,73.1604564815515,2.56507564558419));
#5238=CARTESIAN_POINT('Ctrl Pts',(1.36490410901603,94.3602437478416,1.79129952144926));
#5239=CARTESIAN_POINT('Ctrl Pts',(-0.222817982163666,118.250800112889,1.47262686873792));
#5240=CARTESIAN_POINT('Ctrl Pts',(-1.9378403614655,144.36165690722,1.26300160187629));
#5241=CARTESIAN_POINT('Ctrl Pts',(-2.98876300660009,164.943189529551,1.03738298990754));
#5242=CARTESIAN_POINT('Ctrl Pts',(-3.63915193060066,186.439571295155,0.675116311625548));
#5243=CARTESIAN_POINT('Ctrl Pts',(-3.79572560261244,201.346835998056,0.338013889857086));
#5244=CARTESIAN_POINT('Ctrl Pts',(-3.84888226073551,208.943214892032,0.163377497225651));
#5245=CARTESIAN_POINT('Ctrl Pts',(-5.97452349404172,14.4190402449005,10.3264769453656));
#5246=CARTESIAN_POINT('Ctrl Pts',(-5.62221842871299,15.8537099594691,10.0110407962424));
#5247=CARTESIAN_POINT('Ctrl Pts',(-4.81552420356873,18.8284054368337,9.34330273435165));
#5248=CARTESIAN_POINT('Ctrl Pts',(-2.83022363400531,25.1962560729425,7.8754741541149));
#5249=CARTESIAN_POINT('Ctrl Pts',(-0.565925531972774,32.1717392329849,6.32453792272136));
#5250=CARTESIAN_POINT('Ctrl Pts',(1.16760960608619,39.7638094193113,5.01841371822191));
#5251=CARTESIAN_POINT('Ctrl Pts',(2.04431524827171,45.7844552545912,4.22372999161229));
#5252=CARTESIAN_POINT('Ctrl Pts',(2.44704544764816,52.1500980575804,3.63299418755346));
#5253=CARTESIAN_POINT('Ctrl Pts',(2.48730580765777,61.0854904588222,3.06263355659624));
#5254=CARTESIAN_POINT('Ctrl Pts',(2.43625078838688,73.1567619036012,2.41573265981559));
#5255=CARTESIAN_POINT('Ctrl Pts',(1.77978491622545,94.3533732591022,1.66287753550037));
#5256=CARTESIAN_POINT('Ctrl Pts',(0.139170041085168,118.243274347748,1.37406328389904));
#5257=CARTESIAN_POINT('Ctrl Pts',(-1.63843475939523,144.355501499072,1.19717102954957));
#5258=CARTESIAN_POINT('Ctrl Pts',(-2.73422503481823,164.938732358305,0.995418827412927));
#5259=CARTESIAN_POINT('Ctrl Pts',(-3.42353110056321,186.437221649678,0.655150193567573));
#5260=CARTESIAN_POINT('Ctrl Pts',(-3.60177178554219,201.346027622993,0.331380406834965));
#5261=CARTESIAN_POINT('Ctrl Pts',(-3.66566147281936,208.943214892137,0.163377609378598));
#5262=CARTESIAN_POINT('Ctrl Pts',(-5.75182088670561,14.4214618414266,10.1916259465707));
#5263=CARTESIAN_POINT('Ctrl Pts',(-5.38887587551994,15.856710531333,9.87455171305602));
#5264=CARTESIAN_POINT('Ctrl Pts',(-4.55903204365075,18.8325619961854,9.2029766488613));
#5265=CARTESIAN_POINT('Ctrl Pts',(-2.5207503791612,25.2024673094852,7.72549360580462));
#5266=CARTESIAN_POINT('Ctrl Pts',(-0.199546610548323,32.1787812438928,6.16387420505631));
#5267=CARTESIAN_POINT('Ctrl Pts',(1.57708310587269,39.7697266524017,4.85150458777006));
#5268=CARTESIAN_POINT('Ctrl Pts',(2.47573306097965,45.7887519451348,4.05538999893433));
#5269=CARTESIAN_POINT('Ctrl Pts',(2.88891090748612,52.1522667016582,3.46678891849956));
#5270=CARTESIAN_POINT('Ctrl Pts',(2.93070922675937,61.0847207358327,2.90304331244097));
#5271=CARTESIAN_POINT('Ctrl Pts',(2.87648521814603,73.1530299495466,2.26587458426414));
#5272=CARTESIAN_POINT('Ctrl Pts',(2.19653201786252,94.3464333524481,1.53407631642771));
#5273=CARTESIAN_POINT('Ctrl Pts',(0.502766382176268,118.235682196975,1.275212717942));
#5274=CARTESIAN_POINT('Ctrl Pts',(-1.33775982221435,144.349302690311,1.13113098675579));
#5275=CARTESIAN_POINT('Ctrl Pts',(-2.47865442222247,164.934250484197,0.953306158649327));
#5276=CARTESIAN_POINT('Ctrl Pts',(-3.2070642187754,186.434862379503,0.635105109236042));
#5277=CARTESIAN_POINT('Ctrl Pts',(-3.40706038412708,201.345216009117,0.324720529005182));
#5278=CARTESIAN_POINT('Ctrl Pts',(-3.48172650017198,208.943214892266,0.163377747146758));
#5279=CARTESIAN_POINT('Ctrl Pts',(-5.52983856602259,14.4239453704462,10.0553309219156));
#5280=CARTESIAN_POINT('Ctrl Pts',(-5.15614442808366,15.8597846623633,9.73665634623686));
#5281=CARTESIAN_POINT('Ctrl Pts',(-4.30291795717801,18.8368100607019,9.06132310611054));
#5282=CARTESIAN_POINT('Ctrl Pts',(-2.21113728582944,25.208786041785,7.57435514360061));
#5283=CARTESIAN_POINT('Ctrl Pts',(0.167518670055252,32.185917957349,6.00222980853098));
#5284=CARTESIAN_POINT('Ctrl Pts',(1.98767767544069,39.7757098743485,4.68377022439894));
#5285=CARTESIAN_POINT('Ctrl Pts',(2.90851502619976,45.7930904787681,3.88632460443164));
#5286=CARTESIAN_POINT('Ctrl Pts',(3.33229214850318,52.1544543750537,3.29993933200829));
#5287=CARTESIAN_POINT('Ctrl Pts',(3.37573200033635,61.0839445555042,2.74289615430459));
#5288=CARTESIAN_POINT('Ctrl Pts',(3.3184276522748,73.1492624884661,2.11556009964302));
#5289=CARTESIAN_POINT('Ctrl Pts',(2.61498320133244,94.339427502856,1.40494849285433));
#5290=CARTESIAN_POINT('Ctrl Pts',(0.867829863498687,118.228027258393,1.17611569015445));
#5291=CARTESIAN_POINT('Ctrl Pts',(-1.03593076864958,144.343063187496,1.06490791957276));
#5292=CARTESIAN_POINT('Ctrl Pts',(-2.22214797138935,164.929745721263,0.911061322826144));
#5293=CARTESIAN_POINT('Ctrl Pts',(-2.98983269832347,186.432494367123,0.614988537718656));
#5294=CARTESIAN_POINT('Ctrl Pts',(-3.21166472629414,201.344401458406,0.318036721022904));
#5295=CARTESIAN_POINT('Ctrl Pts',(-3.29714667854986,208.9432148924,0.1633778900092));
#5296=CARTESIAN_POINT('Ctrl Pts',(-5.30861286551297,14.4264887745347,9.91760950377243));
#5297=CARTESIAN_POINT('Ctrl Pts',(-4.92406653800257,15.8629298719233,9.59737446376255));
#5298=CARTESIAN_POINT('Ctrl Pts',(-4.04723758075244,18.8411464190759,8.91836652231703));
#5299=CARTESIAN_POINT('Ctrl Pts',(-1.90146974506276,25.2152081057392,7.42209379491629));
#5300=CARTESIAN_POINT('Ctrl Pts',(0.535153196725138,32.1931452429816,5.83965107571606));
#5301=CARTESIAN_POINT('Ctrl Pts',(2.39925148526308,39.7817559102842,4.5152653147006));
#5302=CARTESIAN_POINT('Ctrl Pts',(3.34250602940275,45.797468682454,3.71659256610804));
#5303=CARTESIAN_POINT('Ctrl Pts',(3.77702658701168,52.1566600265559,3.13250586120612));
#5304=CARTESIAN_POINT('Ctrl Pts',(3.8222078603999,61.0831622846709,2.5822521846036));
#5305=CARTESIAN_POINT('Ctrl Pts',(3.76190979911401,73.1454613906441,1.96484787742488));
#5306=CARTESIAN_POINT('Ctrl Pts',(3.03497624584606,94.3323591871179,1.27554668984427));
#5307=CARTESIAN_POINT('Ctrl Pts',(1.23421930559572,118.220313131307,1.07681273010915));
#5308=CARTESIAN_POINT('Ctrl Pts',(-0.73306281328711,144.33678569787,0.998528294261317));
#5309=CARTESIAN_POINT('Ctrl Pts',(-1.9648024775611,164.925219883682,0.868700683939507));
#5310=CARTESIAN_POINT('Ctrl Pts',(-2.77191794217969,186.430118494983,0.594807987133137));
#5311=CARTESIAN_POINT('Ctrl Pts',(-3.01565812853276,201.343584272866,0.311331478785334));
#5312=CARTESIAN_POINT('Ctrl Pts',(-3.11199133227189,208.943214892549,0.163378048687027));
#5313=CARTESIAN_POINT('Ctrl Pts',(-5.08818003099918,14.4290899924423,9.77847947759327));
#5314=CARTESIAN_POINT('Ctrl Pts',(-4.69268457259912,15.8661436750185,9.45672598205916));
#5315=CARTESIAN_POINT('Ctrl Pts',(-3.79204647582103,18.8455678548796,8.77413144523539));
#5316=CARTESIAN_POINT('Ctrl Pts',(-1.59183308972567,25.2217293316429,7.2687446924561));
#5317=CARTESIAN_POINT('Ctrl Pts',(0.903239894437795,32.2004589658792,5.67618441773748));
#5318=CARTESIAN_POINT('Ctrl Pts',(2.81166272847391,39.7878615823153,4.34604458737242));
#5319=CARTESIAN_POINT('Ctrl Pts',(3.77755097037848,45.8018843812026,3.54625267117434));
#5320=CARTESIAN_POINT('Ctrl Pts',(4.22295164684925,52.1588826039748,2.9645489558177));
#5321=CARTESIAN_POINT('Ctrl Pts',(4.26997054103461,61.0823742901068,2.42117151297174));
#5322=CARTESIAN_POINT('Ctrl Pts',(4.20676336175397,73.1416285276011,1.81379658076943));
#5323=CARTESIAN_POINT('Ctrl Pts',(3.45634891994358,94.3252318845074,1.14592351338198));
#5324=CARTESIAN_POINT('Ctrl Pts',(1.60179351846794,118.212543417208,0.977344346325594));
#5325=CARTESIAN_POINT('Ctrl Pts',(-0.429271178202904,144.330472929847,0.932018559910402));
#5326=CARTESIAN_POINT('Ctrl Pts',(-1.70671474121754,164.920674786109,0.826240592108073));
#5327=CARTESIAN_POINT('Ctrl Pts',(-2.55340135784497,186.427735645564,0.574570952676447));
#5328=CARTESIAN_POINT('Ctrl Pts',(-2.81911391238722,201.342764754491,0.304607284382281));
#5329=CARTESIAN_POINT('Ctrl Pts',(-2.92632979071181,208.94321489271,0.163378220093949));
#5330=CARTESIAN_POINT('Ctrl Pts',(-4.86857624120587,14.4317469602973,9.63795870631811));
#5331=CARTESIAN_POINT('Ctrl Pts',(-4.46204083556096,15.8694235834952,9.31473089043646));
#5332=CARTESIAN_POINT('Ctrl Pts',(-3.5374001466536,18.8500711477485,8.62864248889455));
#5333=CARTESIAN_POINT('Ctrl Pts',(-1.28231261085301,25.2283455453764,7.11434301582995));
#5334=CARTESIAN_POINT('Ctrl Pts',(1.27166171511381,32.2078549875286,5.51187627627158));
#5335=CARTESIAN_POINT('Ctrl Pts',(3.22476961255282,39.7940237102749,4.17616278650129));
#5336=CARTESIAN_POINT('Ctrl Pts',(4.2134947555553,45.8063353987575,3.37536371209727));
#5337=CARTESIAN_POINT('Ctrl Pts',(4.66990475356875,52.1611210546475,2.79612906533426));
#5338=CARTESIAN_POINT('Ctrl Pts',(4.71885377361312,61.0815809389096,2.25971424337126));
#5339=CARTESIAN_POINT('Ctrl Pts',(4.65282003683352,73.1377657720924,1.66246486418336));
#5340=CARTESIAN_POINT('Ctrl Pts',(3.87893898242206,94.3180490765067,1.01613155742888));
#5341=CARTESIAN_POINT('Ctrl Pts',(1.97041130531463,118.204721719479,0.877751040364129));
#5342=CARTESIAN_POINT('Ctrl Pts',(-0.124671087840545,144.324127592799,0.865405165166588));
#5343=CARTESIAN_POINT('Ctrl Pts',(-1.4479815624878,164.916112243528,0.783697400854088));
#5344=CARTESIAN_POINT('Ctrl Pts',(-2.33436435081195,186.425346701349,0.554284935355406));
#5345=CARTESIAN_POINT('Ctrl Pts',(-2.62210539709321,201.341943205281,0.297866626209381));
#5346=CARTESIAN_POINT('Ctrl Pts',(-2.74023138093481,208.943214892886,0.163378407449505));
#5347=CARTESIAN_POINT('Ctrl Pts',(-4.64983759730778,14.4344576110382,9.49606516318336));
#5348=CARTESIAN_POINT('Ctrl Pts',(-4.23217755652825,15.8727671054694,9.17140928392767));
#5349=CARTESIAN_POINT('Ctrl Pts',(-3.2833540312416,18.8546530728087,8.48192436193155));
#5350=CARTESIAN_POINT('Ctrl Pts',(-0.972993549540228,25.2350525678261,6.9589240170176));
#5351=CARTESIAN_POINT('Ctrl Pts',(1.64030164311768,32.2153291653562,5.34677314012328));
#5352=CARTESIAN_POINT('Ctrl Pts',(3.63843036332944,39.8002391113612,4.00567468327548));
#5353=CARTESIAN_POINT('Ctrl Pts',(4.6501823015844,45.8108195572743,3.20398449717864));
#5354=CARTESIAN_POINT('Ctrl Pts',(5.11772333709223,52.1633743252061,2.62730664648686));
#5355=CARTESIAN_POINT('Ctrl Pts',(5.16869128891025,61.0807825983319,2.09794047986815));
#5356=CARTESIAN_POINT('Ctrl Pts',(5.0999115149709,73.1338749981221,1.51091137376211));
#5357=CARTESIAN_POINT('Ctrl Pts',(4.30258418174752,94.3108142469518,0.886223400918642));
#5358=CARTESIAN_POINT('Ctrl Pts',(2.3399314607302,118.196851643547,0.778073300663959));
#5359=CARTESIAN_POINT('Ctrl Pts',(0.180622228642439,144.317752397166,0.798714550850353));
#5360=CARTESIAN_POINT('Ctrl Pts',(-1.18869974365796,164.911534071323,0.741087459442857));
#5361=CARTESIAN_POINT('Ctrl Pts',(-2.11488832746933,186.422952544839,0.533957433666968));
#5362=CARTESIAN_POINT('Ctrl Pts',(-2.42470590284811,201.341119927232,0.291111990035482));
#5363=CARTESIAN_POINT('Ctrl Pts',(-2.55376543096772,208.943214893077,0.163378611346441));
#5364=CARTESIAN_POINT('Ctrl Pts',(-4.43200012635351,14.4372198746375,9.3528169161198));
#5365=CARTESIAN_POINT('Ctrl Pts',(-4.00313689455718,15.8761717455465,9.02678134771713));
#5366=CARTESIAN_POINT('Ctrl Pts',(-3.02996350429633,18.8593104008892,8.3340018541244));
#5367=CARTESIAN_POINT('Ctrl Pts',(-0.663961099765426,25.2418462150949,6.80252300838424));
#5368=CARTESIAN_POINT('Ctrl Pts',(2.00904269332257,32.2228773528935,5.18092153742129));
#5369=CARTESIAN_POINT('Ctrl Pts',(4.05250322348589,39.8065046002734,3.83463507052582));
#5370=CARTESIAN_POINT('Ctrl Pts',(5.08745853389384,45.8153346774492,3.03217384570347));
#5371=CARTESIAN_POINT('Ctrl Pts',(5.56624483058569,52.1656413616747,2.45814215985177));
#5372=CARTESIAN_POINT('Ctrl Pts',(5.61931681613652,61.0799796358585,1.93591032405641));
#5373=CARTESIAN_POINT('Ctrl Pts',(5.54786948046309,73.1299580809492,1.35919474714352));
#5374=CARTESIAN_POINT('Ctrl Pts',(4.72712225613857,94.3035308819909,0.756251609208911));
#5375=CARTESIAN_POINT('Ctrl Pts',(2.71021277136024,118.188936796835,0.678351605364819));
#5376=CARTESIAN_POINT('Ctrl Pts',(0.486493538338817,144.311350054415,0.73197315326203));
#5377=CARTESIAN_POINT('Ctrl Pts',(-0.928966088091577,164.90694208525,0.698427116274545));
#5378=CARTESIAN_POINT('Ctrl Pts',(-1.89505469382514,186.420554058543,0.513595947258629));
#5379=CARTESIAN_POINT('Ctrl Pts',(-2.22698874937337,201.340295222342,0.28434586292945));
#5380=CARTESIAN_POINT('Ctrl Pts',(-2.36700126836147,208.943214893286,0.163378833677526));
#5381=CARTESIAN_POINT('Ctrl Pts',(-4.21509977849551,14.4400316779719,9.20823213375092));
#5382=CARTESIAN_POINT('Ctrl Pts',(-3.77496093538919,15.8796350046878,8.88086736316967));
#5383=CARTESIAN_POINT('Ctrl Pts',(-2.77728387484787,18.8640398983844,8.18489984158045));
#5384=CARTESIAN_POINT('Ctrl Pts',(-0.355300406332951,25.2487222983603,6.64517536741398));
#5385=CARTESIAN_POINT('Ctrl Pts',(2.37776791249006,32.2304953996639,5.01436803871039));
#5386=CARTESIAN_POINT('Ctrl Pts',(4.46684645351116,39.8128169891257,3.66309876495266));
#5387=CARTESIAN_POINT('Ctrl Pts',(5.52516838748502,45.8198785784462,2.8599905900014));
#5388=CARTESIAN_POINT('Ctrl Pts',(6.01530667101886,52.1679211094197,2.28869607134021));
#5389=CARTESIAN_POINT('Ctrl Pts',(6.07056408334644,61.0791724191743,1.77368387624916));
#5390=CARTESIAN_POINT('Ctrl Pts',(5.9965256113198,73.1260168970976,1.20737361365654));
#5391=CARTESIAN_POINT('Ctrl Pts',(5.15239093336493,94.2962024701268,0.626268733629454));
#5392=CARTESIAN_POINT('Ctrl Pts',(3.08111401549925,118.180980788805,0.578626421259964));
#5393=CARTESIAN_POINT('Ctrl Pts',(0.792827604134385,144.304923277073,0.665207402893049));
#5394=CARTESIAN_POINT('Ctrl Pts',(-0.668877400687708,164.902338101453,0.655732717534791));
#5395=CARTESIAN_POINT('Ctrl Pts',(-1.67494485601774,186.418152124984,0.49320797546429));
#5396=CARTESIAN_POINT('Ctrl Pts',(-2.02902725648691,201.339469392609,0.277570731696533));
#5397=CARTESIAN_POINT('Ctrl Pts',(-2.18000822076348,208.943214893514,0.163379076071909));
#5398=CARTESIAN_POINT('Ctrl Pts',(-3.99917242700568,14.4428909448508,9.0623290817531));
#5399=CARTESIAN_POINT('Ctrl Pts',(-3.54769169150577,15.8831543802356,8.7336877042215));
#5400=CARTESIAN_POINT('Ctrl Pts',(-2.52537038626877,18.8688383272728,8.03464328359115));
#5401=CARTESIAN_POINT('Ctrl Pts',(-0.047096565004287,25.2556766238904,6.48691653396988));
#5402=CARTESIAN_POINT('Ctrl Pts',(2.74636037917077,32.2381791511951,4.84715925514565));
#5403=CARTESIAN_POINT('Ctrl Pts',(4.88131833156642,39.8191730874613,3.49112060587404));
#5404=CARTESIAN_POINT('Ctrl Pts',(5.96315680673418,45.8244490779163,2.68749357436903));
#5405=CARTESIAN_POINT('Ctrl Pts',(6.4647462989779,52.1702125131665,2.11902885143776));
#5406=CARTESIAN_POINT('Ctrl Pts',(6.52226681723621,61.0783613161802,1.61132123490648));
#5407=CARTESIAN_POINT('Ctrl Pts',(6.44571157913309,73.1220533243636,1.05550659423934));
#5408=CARTESIAN_POINT('Ctrl Pts',(5.57822793064449,94.2888325022199,0.496327311694038));
#5409=CARTESIAN_POINT('Ctrl Pts',(3.45249396307505,118.172987230957,0.478938204163521));
#5410=CARTESIAN_POINT('Ctrl Pts',(1.09950918476077,144.298474778716,0.598443724794075));
#5411=CARTESIAN_POINT('Ctrl Pts',(-0.408530487794689,164.897723936461,0.613020607531947));
#5412=CARTESIAN_POINT('Ctrl Pts',(-1.45464022020456,186.415747626697,0.472801017628544));
#5413=CARTESIAN_POINT('Ctrl Pts',(-1.83089474398281,201.338642740031,0.27078908320724));
#5414=CARTESIAN_POINT('Ctrl Pts',(-1.99285561579728,208.943214893762,0.163379340223999));
#5415=CARTESIAN_POINT('Ctrl Pts',(-3.78425386702798,14.445795595974,8.915126123473));
#5416=CARTESIAN_POINT('Ctrl Pts',(-3.32137110091965,15.8867273658669,8.58526283802923));
#5417=CARTESIAN_POINT('Ctrl Pts',(-2.27427821520554,18.873702445066,7.88325722318936));
#5418=CARTESIAN_POINT('Ctrl Pts',(0.260565378351395,25.2627049929893,6.32778201089051));
#5419=CARTESIAN_POINT('Ctrl Pts',(3.11470320425242,32.2459244489741,4.67934183893358));
#5420=CARTESIAN_POINT('Ctrl Pts',(5.29577715381765,39.8255697022202,3.31875545562582));
#5421=CARTESIAN_POINT('Ctrl Pts',(6.4012687456206,45.8290439919726,2.51474165550734));
#5422=CARTESIAN_POINT('Ctrl Pts',(6.91440115879843,52.1725145169848,1.94920097560324));
#5423=CARTESIAN_POINT('Ctrl Pts',(6.97425874320684,61.0775466949887,1.44888249703417));
#5424=CARTESIAN_POINT('Ctrl Pts',(6.89525904905595,73.1180692418258,0.90365230178601));
#5425=CARTESIAN_POINT('Ctrl Pts',(6.00447095456446,94.2814244715119,0.366479867439239));
#5426=CARTESIAN_POINT('Ctrl Pts',(3.82421137565641,118.164959736851,0.37932739935388));
#5427=CARTESIAN_POINT('Ctrl Pts',(1.40642303490226,144.29200727399,0.531708539092704));
#5428=CARTESIAN_POINT('Ctrl Pts',(-0.148022157046466,164.893101407194,0.570307129249661));
#5429=CARTESIAN_POINT('Ctrl Pts',(-1.23422219233289,186.413341446232,0.452382573756296));
#5430=CARTESIAN_POINT('Ctrl Pts',(-1.63266453135993,201.337815566607,0.264003405138373));
#5431=CARTESIAN_POINT('Ctrl Pts',(-1.80561278079122,208.943214894032,0.163379628634501));
#5432=CARTESIAN_POINT('Ctrl Pts',(-3.57037981496372,14.4487435489229,8.76664171871768));
#5433=CARTESIAN_POINT('Ctrl Pts',(-3.09604102659884,15.8903514515813,8.43561332379147));
#5434=CARTESIAN_POINT('Ctrl Pts',(-2.0240624710413,18.8786290047918,7.73076678606935));
#5435=CARTESIAN_POINT('Ctrl Pts',(0.567600428144617,25.2698032019772,6.16780736307925));
#5436=CARTESIAN_POINT('Ctrl Pts',(3.48267953123735,32.2537271304327,4.51096248262426));
#5437=CARTESIAN_POINT('Ctrl Pts',(5.71008123459652,39.8320036377326,3.14605819899754));
#5438=CARTESIAN_POINT('Ctrl Pts',(6.83934916780099,45.8336611351897,2.34179370202687));
#5439=CARTESIAN_POINT('Ctrl Pts',(7.36410869858427,52.1748260642909,1.77927292380415));
#5440=CARTESIAN_POINT('Ctrl Pts',(7.42637358532608,61.0767289239278,1.28642775774049));
#5441=CARTESIAN_POINT('Ctrl Pts',(7.34499967965526,73.1140665298501,0.751869340577514));
#5442=CARTESIAN_POINT('Ctrl Pts',(6.43095770084347,94.2739818736318,0.236778910765515));
#5443=CARTESIAN_POINT('Ctrl Pts',(4.19612500601553,118.15690192211,0.279834440405449));
#5444=CARTESIAN_POINT('Ctrl Pts',(1.71345390465004,144.285523478604,0.465028259458272));
#5445=CARTESIAN_POINT('Ctrl Pts',(0.112550782050642,164.888472330958,0.52760862263923));
#5446=CARTESIAN_POINT('Ctrl Pts',(-1.01377217884815,186.410934466147,0.431960142504968));
#5447=CARTESIAN_POINT('Ctrl Pts',(-1.4344099386468,201.336988174335,0.257216183719989));
#5448=CARTESIAN_POINT('Ctrl Pts',(-1.61834904360332,208.943214894327,0.163379942357371));
#5449=CARTESIAN_POINT('Ctrl Pts',(-3.35758590744662,14.4517327181335,8.6168944231651));
#5450=CARTESIAN_POINT('Ctrl Pts',(-2.87174325547964,15.8940241236703,8.28475981219153));
#5451=CARTESIAN_POINT('Ctrl Pts',(-1.77477819504634,18.8836147549563,7.57719718017599));
#5452=CARTESIAN_POINT('Ctrl Pts',(0.873923639696901,25.2769670421482,6.00702821728656));
#5453=CARTESIAN_POINT('Ctrl Pts',(3.85017253658836,32.2615830289093,4.34206791923057));
#5454=CARTESIAN_POINT('Ctrl Pts',(6.12408890654893,39.8384716956905,2.97308374360008));
#5455=CARTESIAN_POINT('Ctrl Pts',(7.27724304666687,45.8382983205843,2.16870859493896));
#5456=CARTESIAN_POINT('Ctrl Pts',(7.81370637021167,52.1771460978369,1.60930518121144));
#5457=CARTESIAN_POINT('Ctrl Pts',(7.87844506629691,61.0759083715406,1.12401711108569));
#5458=CARTESIAN_POINT('Ctrl Pts',(7.79476512299559,73.1100470701062,0.600216307748342));
#5459=CARTESIAN_POINT('Ctrl Pts',(6.85752585450062,94.2665082066292,0.107276939337938));
#5460=CARTESIAN_POINT('Ctrl Pts',(4.56809359886675,118.148817404456,0.180499752280204));
#5461=CARTESIAN_POINT('Ctrl Pts',(2.02048654065805,144.279026109363,0.398429296937161));
#5462=CARTESIAN_POINT('Ctrl Pts',(0.373091519471427,164.883838525468,0.484941428772795));
#5463=CARTESIAN_POINT('Ctrl Pts',(-0.793371584999969,186.40852756902,0.411541225994535));
#5464=CARTESIAN_POINT('Ctrl Pts',(-1.23620428443095,201.336160865215,0.250429909118261));
#5465=CARTESIAN_POINT('Ctrl Pts',(-1.43113373065056,208.94321489465,0.163380286382683));
#5466=CARTESIAN_POINT('Ctrl Pts',(-3.14590770081367,14.4547610148855,8.46590288790491));
#5467=CARTESIAN_POINT('Ctrl Pts',(-2.64851949797584,15.8977428647031,8.13272304497027));
#5468=CARTESIAN_POINT('Ctrl Pts',(-1.52648035985835,18.8886564395293,7.42257369510767));
#5469=CARTESIAN_POINT('Ctrl Pts',(1.17945011966247,25.2841922997563,5.8454802615191));
#5470=CARTESIAN_POINT('Ctrl Pts',(4.21706543015075,32.2694879736449,4.17270492126292));
#5471=CARTESIAN_POINT('Ctrl Pts',(6.53765852098278,39.8449706751522,2.79988701868891));
#5472=CARTESIAN_POINT('Ctrl Pts',(7.7147953655988,45.8429533596228,1.99554522642862));
#5473=CARTESIAN_POINT('Ctrl Pts',(8.26303162948597,52.1794735597177,1.43935823664418));
#5474=CARTESIAN_POINT('Ctrl Pts',(8.33030690751081,61.0750854065897,0.961710648303773));
#5475=CARTESIAN_POINT('Ctrl Pts',(8.24438702423148,73.1060127455565,0.44875179020607));
#5476=CARTESIAN_POINT('Ctrl Pts',(7.28401308909507,94.2590069709507,-0.0219735653833764));
#5477=CARTESIAN_POINT('Ctrl Pts',(4.93997588889514,118.140709803672,0.081363744596558));
#5478=CARTESIAN_POINT('Ctrl Pts',(2.32740568338396,144.272517884119,0.33193805142231));
#5479=CARTESIAN_POINT('Ctrl Pts',(0.633503241566401,164.879201808805,0.44232188052018));
#5480=CARTESIAN_POINT('Ctrl Pts',(-0.573101818661139,186.406121637424,0.391133318968115));
#5481=CARTESIAN_POINT('Ctrl Pts',(-1.03812089029838,201.33533394124,0.243647063308938));
#5482=CARTESIAN_POINT('Ctrl Pts',(-1.24403617134843,208.943214894998,0.163380657510088));
#5483=CARTESIAN_POINT('Ctrl Pts',(-2.9353806696813,14.4578263472672,8.31368585797838));
#5484=CARTESIAN_POINT('Ctrl Pts',(-2.42641138659193,15.9015051534876,7.97952385349923));
#5485=CARTESIAN_POINT('Ctrl Pts',(-1.27922386841237,18.8937507978905,7.26692170132435));
#5486=CARTESIAN_POINT('Ctrl Pts',(1.4840950267514,25.2914747559487,5.68319924473899));
#5487=CARTESIAN_POINT('Ctrl Pts',(4.58324145528996,32.2774377897135,4.00292030183759));
#5488=CARTESIAN_POINT('Ctrl Pts',(6.95064844768623,39.8514973724823,2.62652297719741));
#5489=CARTESIAN_POINT('Ctrl Pts',(8.15185111770502,45.8476240621745,1.82236250225388));
#5490=CARTESIAN_POINT('Ctrl Pts',(8.71192193590154,52.1818073913443,1.2694925858983));
#5491=CARTESIAN_POINT('Ctrl Pts',(8.78179282886669,61.0742603980516,0.799568461791282));
#5492=CARTESIAN_POINT('Ctrl Pts',(8.69369702229108,73.1019654405079,0.297534371733126));
#5493=CARTESIAN_POINT('Ctrl Pts',(7.71025706805885,94.2514816695409,-0.150920128898331));
#5494=CARTESIAN_POINT('Ctrl Pts',(5.31163060489207,118.132582741728,-0.0175331729707742));
#5495=CARTESIAN_POINT('Ctrl Pts',(2.63409607314662,144.266001521892,0.265580930972961));
#5496=CARTESIAN_POINT('Ctrl Pts',(0.893689137994831,164.874563999514,0.399766323567853));
#5497=CARTESIAN_POINT('Ctrl Pts',(-0.353044281739136,186.403717553989,0.370743933174806));
#5498=CARTESIAN_POINT('Ctrl Pts',(-0.840233070848616,201.334507704423,0.236870147351499));
#5499=CARTESIAN_POINT('Ctrl Pts',(-1.05712568812594,208.943214895387,0.163381071622966));
#5500=CARTESIAN_POINT('Ctrl Pts',(-2.72604020745617,14.4609266201912,8.1602621734439));
#5501=CARTESIAN_POINT('Ctrl Pts',(-2.20546047647236,15.9053084650832,7.82518315987816));
#5502=CARTESIAN_POINT('Ctrl Pts',(-1.03306355404244,18.8988945648593,7.11026665003799));
#5503=CARTESIAN_POINT('Ctrl Pts',(1.78777357183602,25.2988101868142,5.52022097613739));
#5504=CARTESIAN_POINT('Ctrl Pts',(4.94858388970576,32.2854282980951,3.83276091128878));
#5505=CARTESIAN_POINT('Ctrl Pts',(7.36291707596306,39.8580485814317,2.45304659068808));
#5506=CARTESIAN_POINT('Ctrl Pts',(8.5882553067456,45.8523082365847,1.64921933612288));
#5507=CARTESIAN_POINT('Ctrl Pts',(9.1602147533145,52.1841465334892,1.09976872421002));
#5508=CARTESIAN_POINT('Ctrl Pts',(9.23273654913599,61.0734337151341,0.637650636239772));
#5509=CARTESIAN_POINT('Ctrl Pts',(9.14252674812399,73.0979070405212,0.146622617297337));
#5510=CARTESIAN_POINT('Ctrl Pts',(8.13609544134286,94.2439358076642,-0.279510304030814));
#5511=CARTESIAN_POINT('Ctrl Pts',(5.68291646020545,118.124439842545,-0.116150624891977));
#5512=CARTESIAN_POINT('Ctrl Pts',(2.94044243642537,144.259479742634,0.1993843087166));
#5513=CARTESIAN_POINT('Ctrl Pts',(1.15355238616121,164.8699269164,0.357291069437926));
#5514=CARTESIAN_POINT('Ctrl Pts',(-0.133280389392085,186.40131620126,0.350380542820533));
#5515=CARTESIAN_POINT('Ctrl Pts',(-0.642614156033216,201.333682456735,0.230101620371031));
#5516=CARTESIAN_POINT('Ctrl Pts',(-0.870471618764123,208.943214895791,0.163381502670306));
#5517=CARTESIAN_POINT('Ctrl Pts',(-2.51792162257364,14.464059735298,8.00565076467464));
#5518=CARTESIAN_POINT('Ctrl Pts',(-1.98570824167513,15.9091502707006,7.66972197226786));
#5519=CARTESIAN_POINT('Ctrl Pts',(-0.788054178008566,18.9040844705392,6.95263407146944));
#5520=CARTESIAN_POINT('Ctrl Pts',(2.09040101939742,25.3061943631772,5.35658132526245));
#5521=CARTESIAN_POINT('Ctrl Pts',(5.31297604471025,32.2934553154326,3.66227364376012));
#5522=CARTESIAN_POINT('Ctrl Pts',(7.77432281293165,39.864621092909,2.27951286007836));
#5523=CARTESIAN_POINT('Ctrl Pts',(9.02385294539281,45.8570036894811,1.47617466195066));
#5524=CARTESIAN_POINT('Ctrl Pts',(9.60774754856519,52.1864899261723,0.930247162960913));
#5525=CARTESIAN_POINT('Ctrl Pts',(9.682971785099,61.0726057272415,0.47601726846369));
#5526=CARTESIAN_POINT('Ctrl Pts',(9.59070782838771,73.0938394326396,-0.00392489173223012));
#5527=CARTESIAN_POINT('Ctrl Pts',(8.56136585253364,94.2363728933509,-0.40769162514793));
#5528=CARTESIAN_POINT('Ctrl Pts',(6.05369217376348,118.116284732559,-0.214448193174883));
#5529=CARTESIAN_POINT('Ctrl Pts',(3.24632951629853,144.252955267774,0.133374619189401));
#5530=CARTESIAN_POINT('Ctrl Pts',(1.4129961859075,164.865292378988,0.314912500414038));
#5531=CARTESIAN_POINT('Ctrl Pts',(0.0861084728674411,186.39891846201,0.330050706344832));
#5532=CARTESIAN_POINT('Ctrl Pts',(-0.445337441287425,201.332858500236,0.223344035774663));
#5533=CARTESIAN_POINT('Ctrl Pts',(-0.684143266527691,208.943214896276,0.163382018883136));
#5534=CARTESIAN_POINT('Ctrl Pts',(-2.31106014425862,14.4672235911169,7.84987065944203));
#5535=CARTESIAN_POINT('Ctrl Pts',(-1.76719608097319,15.9130280378594,7.51316139200371));
#5536=CARTESIAN_POINT('Ctrl Pts',(-0.544250432827301,18.9093172405809,6.79404957601351));
#5537=CARTESIAN_POINT('Ctrl Pts',(2.3918926858754,25.3136230509584,5.19231621972357));
#5538=CARTESIAN_POINT('Ctrl Pts',(5.67630126771631,32.3015146544868,3.49150542175306));
#5539=CARTESIAN_POINT('Ctrl Pts',(8.18472408767659,39.8712116954281,2.10597679184886));
#5540=CARTESIAN_POINT('Ctrl Pts',(9.4584890591979,45.8617082261679,1.30328740705608));
#5541=CARTESIAN_POINT('Ctrl Pts',(10.0543577944958,52.1888365088987,0.760988393575318));
#5542=CARTESIAN_POINT('Ctrl Pts',(10.132332253305,61.0717768040571,0.314728424786814));
#5543=CARTESIAN_POINT('Ctrl Pts',(10.0380718773148,73.0897645049224,-0.154049632927228));
#5544=CARTESIAN_POINT('Ctrl Pts',(8.98590592324455,94.2287964364825,-0.535411705963365));
#5545=CARTESIAN_POINT('Ctrl Pts',(6.42381642473846,118.108121039549,-0.312385581279097));
#5546=CARTESIAN_POINT('Ctrl Pts',(3.55164200706951,144.246430819059,0.0675781519984037));
#5547=CARTESIAN_POINT('Ctrl Pts',(1.67192368511167,164.86066220654,0.272646844713666));
#5548=CARTESIAN_POINT('Ctrl Pts',(0.305040857232842,186.396525218572,0.309761805422929));
#5549=CARTESIAN_POINT('Ctrl Pts',(-0.248476294413937,201.332036136801,0.216599749296259));
#5550=CARTESIAN_POINT('Ctrl Pts',(-0.498210007048824,208.943214896719,0.16338249081922));
#5551=CARTESIAN_POINT('Ctrl Pts',(-2.10549090817831,14.4704160825072,7.69294099315069));
#5552=CARTESIAN_POINT('Ctrl Pts',(-1.5499653035372,15.9169392298269,7.35552262387073));
#5553=CARTESIAN_POINT('Ctrl Pts',(-0.301706931702251,18.9145895954941,6.63453886868884));
#5554=CARTESIAN_POINT('Ctrl Pts',(2.69216394746146,25.3210920103682,5.02746166211164));
#5555=CARTESIAN_POINT('Ctrl Pts',(6.03844294341819,32.3096021233051,3.32050322292839));
#5556=CARTESIAN_POINT('Ctrl Pts',(8.59397934937989,39.8778171743568,1.93249343161422));
#5557=CARTESIAN_POINT('Ctrl Pts',(9.8920086845407,45.8664196499679,1.13061652859703));
#5558=CARTESIAN_POINT('Ctrl Pts',(10.4998829682925,52.1911852202404,0.592052932723026));
#5559=CARTESIAN_POINT('Ctrl Pts',(10.5806516694183,61.0709473153468,0.153844192680897));
#5560=CARTESIAN_POINT('Ctrl Pts',(10.4844505061054,73.0856841469915,-0.303693057344896));
#5561=CARTESIAN_POINT('Ctrl Pts',(9.40955327025765,94.2212099499366,-0.66261813053638));
#5562=CARTESIAN_POINT('Ctrl Pts',(6.79314790260585,118.099952394073,-0.409922432249859));
#5563=CARTESIAN_POINT('Ctrl Pts',(3.85626462673284,144.239909119943,0.00202128087719026));
#5564=CARTESIAN_POINT('Ctrl Pts',(1.93023806231435,164.856038219215,0.230510426248348));
#5565=CARTESIAN_POINT('Ctrl Pts',(0.523435355859086,186.394137353608,0.289521335220437));
#5566=CARTESIAN_POINT('Ctrl Pts',(-0.0521040366370528,201.331215668424,
0.209871243899586));
#5567=CARTESIAN_POINT('Ctrl Pts',(-0.312741169381295,208.943214897118,0.16338291626623));
#5568=CARTESIAN_POINT('Ctrl Pts',(-1.90124897951292,14.4736351018805,7.53488094247343));
#5569=CARTESIAN_POINT('Ctrl Pts',(-1.33405715205142,15.9208813068354,7.1968269097643));
#5570=CARTESIAN_POINT('Ctrl Pts',(-0.0604782280355367,18.9198982518888,
6.47412769005888));
#5571=CARTESIAN_POINT('Ctrl Pts',(2.99113022288117,25.3285969971877,4.86205367591653));
#5572=CARTESIAN_POINT('Ctrl Pts',(6.39928448338564,32.3177135262951,3.14931403988148));
#5573=CARTESIAN_POINT('Ctrl Pts',(9.00194706041496,39.8844343128083,1.75911783118198));
#5574=CARTESIAN_POINT('Ctrl Pts',(10.3242568623215,45.8711357630287,0.958220982050471));
#5575=CARTESIAN_POINT('Ctrl Pts',(10.9441605467313,52.1935349984108,0.423501293949058));
#5576=CARTESIAN_POINT('Ctrl Pts',(11.0277637440517,61.0701176313587,-0.00657534635491933));
#5577=CARTESIAN_POINT('Ctrl Pts',(10.9296753187653,73.0816002498595,-0.452796616958522));
#5578=CARTESIAN_POINT('Ctrl Pts',(9.83214550078365,94.2136169489878,-0.789258482028709));
#5579=CARTESIAN_POINT('Ctrl Pts',(7.16154529434771,118.091782428758,-0.507018374812073));
#5580=CARTESIAN_POINT('Ctrl Pts',(4.16008209821778,144.233392894963,-0.063269595245274));
#5581=CARTESIAN_POINT('Ctrl Pts',(2.18784250511747,164.851422237572,0.188519599554093));
#5582=CARTESIAN_POINT('Ctrl Pts',(0.741210573790397,186.391755749824,0.269336827643147));
#5583=CARTESIAN_POINT('Ctrl Pts',(0.143706025685653,201.330397397139,0.203161043157189));
#5584=CARTESIAN_POINT('Ctrl Pts',(-0.12780606771216,208.94321489751,0.16338333362061));
#5585=CARTESIAN_POINT('Ctrl Pts',(-1.69836931626127,14.4768785373791,7.37570981377314));
#5586=CARTESIAN_POINT('Ctrl Pts',(-1.1195127660449,15.9248517242591,7.0370956171567));
#5587=CARTESIAN_POINT('Ctrl Pts',(0.179381215160332,18.9252399205723,6.31284189661872));
#5588=CARTESIAN_POINT('Ctrl Pts',(3.28870699974171,25.336133760771,4.69612838043923));
#5589=CARTESIAN_POINT('Ctrl Pts',(6.75870934099024,32.3258446625055,2.97798494026583));
#5590=CARTESIAN_POINT('Ctrl Pts',(9.40848570539132,39.8910598902053,1.58590510147623));
#5591=CARTESIAN_POINT('Ctrl Pts',(10.7550786459719,45.8758543650402,0.786159773303106));
#5592=CARTESIAN_POINT('Ctrl Pts',(11.3870280121055,52.1958847803719,0.255394038420327));
#5593=CARTESIAN_POINT('Ctrl Pts',(11.4735021880982,61.069288122239,-0.166470065631509));
#5594=CARTESIAN_POINT('Ctrl Pts',(11.3735779203002,73.0775147063362,-0.60130170271594));
#5595=CARTESIAN_POINT('Ctrl Pts',(10.253520223634,94.2060209524728,-0.91528027179426));
#5596=CARTESIAN_POINT('Ctrl Pts',(7.52886731618767,118.083614779698,-0.603632907695498));
#5597=CARTESIAN_POINT('Ctrl Pts',(4.46297919581684,144.226884870993,-0.128267905529386));
#5598=CARTESIAN_POINT('Ctrl Pts',(2.44464026348355,164.84681608358,0.146690910770819));
#5599=CARTESIAN_POINT('Ctrl Pts',(0.958285195414425,186.389381290578,0.249216039862721));
#5600=CARTESIAN_POINT('Ctrl Pts',(0.338880678659725,201.329581625214,0.196471923206646));
#5601=CARTESIAN_POINT('Ctrl Pts',(0.0565260762346535,208.943214898167,0.163384033843838));
#5602=CARTESIAN_POINT('Ctrl Pts',(-1.49688680936296,14.4801442746399,7.21544698435426));
#5603=CARTESIAN_POINT('Ctrl Pts',(-0.906373222060885,15.9288479343737,6.8763501803719));
#5604=CARTESIAN_POINT('Ctrl Pts',(0.417816994422728,18.9306113085628,6.1507073980158));
#5605=CARTESIAN_POINT('Ctrl Pts',(3.58480981013572,25.3436980463092,4.52972192629749));
#5606=CARTESIAN_POINT('Ctrl Pts',(7.11660100364588,32.3339913278299,2.8065629908531));
#5607=CARTESIAN_POINT('Ctrl Pts',(9.81345379113917,39.8976906842383,1.41291032759508));
#5608=CARTESIAN_POINT('Ctrl Pts',(11.1843191019616,45.8805732549754,0.614491869041174));
#5609=CARTESIAN_POINT('Ctrl Pts',(11.8283228527509,52.1982335029796,0.087791669877685));
#5610=CARTESIAN_POINT('Ctrl Pts',(11.9177007115174,61.0684591586506,-0.325779910217423));
#5611=CARTESIAN_POINT('Ctrl Pts',(11.8159898956507,73.0734294098714,-0.749149828334369));
#5612=CARTESIAN_POINT('Ctrl Pts',(10.6735150124921,94.1984254802216,-1.04063117031513));
#5613=CARTESIAN_POINT('Ctrl Pts',(7.89497260746642,118.075453083238,-0.699725784138441));
#5614=CARTESIAN_POINT('Ctrl Pts',(4.76484059160433,144.220387774163,-0.192947392143093));
#5615=CARTESIAN_POINT('Ctrl Pts',(2.70053447456886,164.842221578052,0.105040568365757));
#5616=CARTESIAN_POINT('Ctrl Pts',(1.17457776752184,186.3870148582,0.229166338560056));
#5617=CARTESIAN_POINT('Ctrl Pts',(0.533346548374172,201.328768654509,0.189806223096866));
#5618=CARTESIAN_POINT('Ctrl Pts',(0.240185880718671,208.943214898952,0.163384870808725));
#5619=CARTESIAN_POINT('Ctrl Pts',(-1.29683626233368,14.4834301957604,7.05411195597012));
#5620=CARTESIAN_POINT('Ctrl Pts',(-0.694679513314293,15.9328673853202,6.71461215414106));
#5621=CARTESIAN_POINT('Ctrl Pts',(0.654774783242933,18.9360091180381,5.98775020423768));
#5622=CARTESIAN_POINT('Ctrl Pts',(3.87935424599948,25.3512855937515,4.36287053850187));
#5623=CARTESIAN_POINT('Ctrl Pts',(7.47284300250416,32.3421493141196,2.63509528833458));
#5624=CARTESIAN_POINT('Ctrl Pts',(10.216709853359,39.9043234701427,1.24018859311817));
#5625=CARTESIAN_POINT('Ctrl Pts',(11.611823315781,45.8852902304413,0.4432762197612));
#5626=CARTESIAN_POINT('Ctrl Pts',(12.2678825675012,52.200580102521,-0.07924534571514));
#5627=CARTESIAN_POINT('Ctrl Pts',(12.3601930270711,61.0676311114475,-0.484444878844638));
#5628=CARTESIAN_POINT('Ctrl Pts',(12.2567428122727,73.0693462546612,-0.896282615006835));
#5629=CARTESIAN_POINT('Ctrl Pts',(11.0919674081135,94.1908340534867,-1.16525899290642));
#5630=CARTESIAN_POINT('Ctrl Pts',(8.25971973657276,118.067300976471,-0.795256989822924));
#5631=CARTESIAN_POINT('Ctrl Pts',(5.06555086438198,144.213904330267,-0.257282081865747));
#5632=CARTESIAN_POINT('Ctrl Pts',(2.95542817317769,164.837640540959,0.0635844747166862));
#5633=CARTESIAN_POINT('Ctrl Pts',(1.39000671257993,186.38465733416,0.209194737548924));
#5634=CARTESIAN_POINT('Ctrl Pts',(0.72703011653844,201.327958786513,0.183165887500878));
#5635=CARTESIAN_POINT('Ctrl Pts',(0.423103819619868,208.943214899359,0.163385304012201));
#5636=CARTESIAN_POINT('Ctrl Pts',(-1.09825235870818,14.4867341787449,6.89172426087063));
#5637=CARTESIAN_POINT('Ctrl Pts',(-0.484472517182317,15.9369075205471,6.55190311967349));
#5638=CARTESIAN_POINT('Ctrl Pts',(0.890200348408563,18.9414300449734,5.82399637949444));
#5639=CARTESIAN_POINT('Ctrl Pts',(4.17225596334228,25.3588921357301,4.19561049935645));
#5640=CARTESIAN_POINT('Ctrl Pts',(7.82731888973854,32.3503144063398,2.46362904674804));
#5641=CARTESIAN_POINT('Ctrl Pts',(10.6181124229744,39.9109550178745,1.06779513315124));
#5642=CARTESIAN_POINT('Ctrl Pts',(12.0374363593282,45.8900030852391,0.272571936024391));
#5643=CARTESIAN_POINT('Ctrl Pts',(12.7055446405955,52.2029235133165,-0.245656334200647));
#5644=CARTESIAN_POINT('Ctrl Pts',(12.8008128343892,61.0668043513468,-0.642404729607591));
#5645=CARTESIAN_POINT('Ctrl Pts',(12.6956682760426,73.0652671390043,-1.04264125917009));
#5646=CARTESIAN_POINT('Ctrl Pts',(11.5087150280771,94.1832502013503,-1.28911100477943));
#5647=CARTESIAN_POINT('Ctrl Pts',(8.62296752240401,118.059162105431,-0.890185577595907));
#5648=CARTESIAN_POINT('Ctrl Pts',(5.36499496371646,144.207437272915,-0.321244820141698));
#5649=CARTESIAN_POINT('Ctrl Pts',(3.20922481999423,164.833074798325,0.0223398227359639));
#5650=CARTESIAN_POINT('Ctrl Pts',(1.60449098137074,186.382309603769,0.189309750468949));
#5651=CARTESIAN_POINT('Ctrl Pts',(0.919858479035921,201.327152324289,0.176554538721158));
#5652=CARTESIAN_POINT('Ctrl Pts',(0.605210980992154,208.943214900454,0.163386470580643));
#5653=CARTESIAN_POINT('Ctrl Pts',(-0.901169738289637,14.4900540995164,6.72830356916485));
#5654=CARTESIAN_POINT('Ctrl Pts',(-0.275793071479409,15.94096578082,6.38824479206377));
#5655=CARTESIAN_POINT('Ctrl Pts',(1.12403950546414,18.9468707825936,5.65947207106661));
#5656=CARTESIAN_POINT('Ctrl Pts',(4.46343066091539,25.3665134023101,4.02797813035686));
#5657=CARTESIAN_POINT('Ctrl Pts',(8.17991227069948,32.3584823885178,2.29221140586537));
#5658=CARTESIAN_POINT('Ctrl Pts',(11.0175200804726,39.9175820978818,0.895785032601385));
#5659=CARTESIAN_POINT('Ctrl Pts',(12.4610033437526,45.894709614391,0.102437946824451));
#5660=CARTESIAN_POINT('Ctrl Pts',(13.1411465823473,52.2052626707,-0.411380876057456));
#5661=CARTESIAN_POINT('Ctrl Pts',(13.239393844733,61.0659792498632,-0.799599527617167));
#5662=CARTESIAN_POINT('Ctrl Pts',(13.1325978280002,73.0611939591936,-1.1881675037928));
#5663=CARTESIAN_POINT('Ctrl Pts',(11.9235953670632,94.1756774488248,-1.41213518299362));
#5664=CARTESIAN_POINT('Ctrl Pts',(8.98457445078686,118.05104010991,-0.984471781819498));
#5665=CARTESIAN_POINT('Ctrl Pts',(5.6630573674471,144.200989328495,-0.38480993192622));
#5666=CARTESIAN_POINT('Ctrl Pts',(3.46182734239461,164.82852616953,-0.0186778030046922));
#5667=CARTESIAN_POINT('Ctrl Pts',(1.81794886760838,186.379972547568,0.169518025857343));
#5668=CARTESIAN_POINT('Ctrl Pts',(1.11175796795778,201.326349568942,0.169973712745125));
#5669=CARTESIAN_POINT('Ctrl Pts',(0.786437689097214,208.943214901346,0.163387421325371));
#5670=CARTESIAN_POINT('Ctrl Pts',(-0.705622919444565,14.4933878296948,6.56386960841809));
#5671=CARTESIAN_POINT('Ctrl Pts',(-0.0686818967911999,15.9450396019965,
6.22365893992038));
#5672=CARTESIAN_POINT('Ctrl Pts',(1.35623816619206,18.952328017812,5.49420349882296));
#5673=CARTESIAN_POINT('Ctrl Pts',(4.75279410547888,25.3741451162242,3.86000982355047));
#5674=CARTESIAN_POINT('Ctrl Pts',(8.53050677800782,32.3666490379505,2.12088961756782));
#5675=CARTESIAN_POINT('Ctrl Pts',(11.4147914084382,39.9242014755423,0.724213511443521));
#5676=CARTESIAN_POINT('Ctrl Pts',(12.882369373017,45.899407609295,-0.0670666788753513));
#5677=CARTESIAN_POINT('Ctrl Pts',(13.5745258933012,52.2075965081224,-0.576358374803249));
#5678=CARTESIAN_POINT('Ctrl Pts',(13.6757697594402,61.0651561783433,-0.9559691360723));
#5679=CARTESIAN_POINT('Ctrl Pts',(13.5673630398419,73.0571286151684,-1.33280274175399));
#5680=CARTESIAN_POINT('Ctrl Pts',(12.3364459806952,94.1681193279373,-1.53427905348763));
#5681=CARTESIAN_POINT('Ctrl Pts',(9.34439921185486,118.042938637576,-1.07807507068781));
#5682=CARTESIAN_POINT('Ctrl Pts',(5.9596228577282,144.194563230119,-0.447950770459343));
#5683=CARTESIAN_POINT('Ctrl Pts',(3.71313901811975,164.823996479071,-0.0594517555862332));
#5684=CARTESIAN_POINT('Ctrl Pts',(2.0302991001399,186.377647049285,0.149827447524444));
#5685=CARTESIAN_POINT('Ctrl Pts',(1.30265542131502,201.325550822877,0.163426327491271));
#5686=CARTESIAN_POINT('Ctrl Pts',(0.966714774116588,208.943214902442,0.163388588988779));
#5687=CARTESIAN_POINT('Ctrl Pts',(-0.511646343868807,14.4967332379186,6.3984422045899));
#5688=CARTESIAN_POINT('Ctrl Pts',(0.136820358727506,15.9491264163449,6.0581674263421));
#5689=CARTESIAN_POINT('Ctrl Pts',(1.58674231123524,18.9577984333113,5.32821695663916));
#5690=CARTESIAN_POINT('Ctrl Pts',(5.04026211706359,25.3817829956426,3.69174201949537));
#5691=CARTESIAN_POINT('Ctrl Pts',(8.87898608632115,32.3748101285597,1.9497109359369));
#5692=CARTESIAN_POINT('Ctrl Pts',(11.8097850186826,39.9308099143874,0.553135758710373));
#5693=CARTESIAN_POINT('Ctrl Pts',(13.3013795703468,45.9040948605412,-0.235882918756011));
#5694=CARTESIAN_POINT('Ctrl Pts',(14.0055200845996,52.2099239588422,-0.740528306499311));
#5695=CARTESIAN_POINT('Ctrl Pts',(14.1097742820473,61.0643355085455,-1.11145350999728));
#5696=CARTESIAN_POINT('Ctrl Pts',(13.9997954587697,73.05307300727,-1.47648853204496));
#5697=CARTESIAN_POINT('Ctrl Pts',(12.7471043795728,94.1605793713512,-1.65549036017236));
#5698=CARTESIAN_POINT('Ctrl Pts',(9.70230039070083,118.034861335843,-1.17095526681078));
#5699=CARTESIAN_POINT('Ctrl Pts',(6.2545760743963,144.18816170959,-0.510641127715277));
#5700=CARTESIAN_POINT('Ctrl Pts',(3.96306296673472,164.819487549785,-0.0999658625721545));
#5701=CARTESIAN_POINT('Ctrl Pts',(2.24146021440629,186.37533399125,0.130245350363066));
#5702=CARTESIAN_POINT('Ctrl Pts',(1.49247745233288,201.324756387918,0.156914686870818));
#5703=CARTESIAN_POINT('Ctrl Pts',(1.14597284144603,208.943214903571,0.163389792305986));
#5704=CARTESIAN_POINT('Ctrl Pts',(-0.31927435566462,14.5000881892377,6.2320412622995));
#5705=CARTESIAN_POINT('Ctrl Pts',(0.340673140240348,15.9532236519344,5.8917921892188));
#5706=CARTESIAN_POINT('Ctrl Pts',(1.81549800312758,18.9632787065873,5.16153881049541));
#5707=CARTESIAN_POINT('Ctrl Pts',(5.32575057614497,25.3894227529059,3.52321121609159));
#5708=CARTESIAN_POINT('Ctrl Pts',(9.22523390613927,32.3829614293694,1.7787226656125));
#5709=CARTESIAN_POINT('Ctrl Pts',(12.2023595403534,39.9374041746482,0.382607006125275));
#5710=CARTESIAN_POINT('Ctrl Pts',(13.7178790665289,45.9087691566474,-0.403951714188115));
#5711=CARTESIAN_POINT('Ctrl Pts',(14.4339666689221,52.2122439551697,-0.90383010863546));
#5712=CARTESIAN_POINT('Ctrl Pts',(14.5412411128392,61.0635176123845,-1.26599256531186));
#5713=CARTESIAN_POINT('Ctrl Pts',(14.4297266319829,73.0490290376986,-1.61916636951213));
#5714=CARTESIAN_POINT('Ctrl Pts',(13.1554080763724,94.1530611152268,-1.77571676640548));
#5715=CARTESIAN_POINT('Ctrl Pts',(10.0581366052056,118.026811855512,-1.26307204737714));
#5716=CARTESIAN_POINT('Ctrl Pts',(6.54780171407864,144.181787500992,-0.572854605370785));
#5717=CARTESIAN_POINT('Ctrl Pts',(4.21150237638191,164.815001205874,-0.140203740664408));
#5718=CARTESIAN_POINT('Ctrl Pts',(2.45135083272532,186.37303425644,0.110779315970947));
#5719=CARTESIAN_POINT('Ctrl Pts',(1.68115077529195,201.32396656615,0.150441370829919));
#5720=CARTESIAN_POINT('Ctrl Pts',(1.32414259753664,208.943214904823,0.163391126047056));
#5721=CARTESIAN_POINT('Ctrl Pts',(-0.128541209435124,14.503450545349,6.06468677347412));
#5722=CARTESIAN_POINT('Ctrl Pts',(0.542835978103813,15.9573287328678,5.72455524991854));
#5723=CARTESIAN_POINT('Ctrl Pts',(2.04245138157141,18.9687655103322,4.9941954991278));
#5724=CARTESIAN_POINT('Ctrl Pts',(5.6091754213153,25.3970600950454,3.35445396456176));
#5725=CARTESIAN_POINT('Ctrl Pts',(9.56913398719433,32.3910987051511,1.60797213996488));
#5726=CARTESIAN_POINT('Ctrl Pts',(12.592373625659,39.9439810138826,0.212682494956759));
#5727=CARTESIAN_POINT('Ctrl Pts',(14.1317130054274,45.9134282846091,-0.571214007486011));
#5728=CARTESIAN_POINT('Ctrl Pts',(14.8597031647049,52.2145554287959,-1.06620323007976));
#5729=CARTESIAN_POINT('Ctrl Pts',(14.9700039513573,61.0627028620431,-1.4195262376864));
#5730=CARTESIAN_POINT('Ctrl Pts',(14.8569880955649,73.0449986098655,-1.76077778857319));
#5731=CARTESIAN_POINT('Ctrl Pts',(13.5611945644519,94.1455680979529,-1.89490598951491));
#5732=CARTESIAN_POINT('Ctrl Pts',(10.4117664437274,118.018793849146,-1.35438516956786));
#5733=CARTESIAN_POINT('Ctrl Pts',(6.83918444029398,144.175443339082,-0.63456489857026));
#5734=CARTESIAN_POINT('Ctrl Pts',(4.45836040144946,164.810539271544,-0.180149104908853));
#5735=CARTESIAN_POINT('Ctrl Pts',(2.65988953783281,186.370748727559,0.0914368136812632));
#5736=CARTESIAN_POINT('Ctrl Pts',(1.8686020585185,201.323181659543,0.144008833789503));
#5737=CARTESIAN_POINT('Ctrl Pts',(1.50115470288523,208.943214906168,0.163392559456798));
#5738=CARTESIAN_POINT('Ctrl Pts',(0.0605189351412892,14.5068181644513,5.89639881081111));
#5739=CARTESIAN_POINT('Ctrl Pts',(0.743268493255781,15.9614390791329,5.5564787067839));
#5740=CARTESIAN_POINT('Ctrl Pts',(2.26754866685946,18.9742555121964,4.82621353216252));
#5741=CARTESIAN_POINT('Ctrl Pts',(5.89045265114829,25.4046907234638,3.18550687047501));
#5742=CARTESIAN_POINT('Ctrl Pts',(9.91057011694674,32.3992177160412,1.43750673238679));
#5743=CARTESIAN_POINT('Ctrl Pts',(12.9796859468875,39.9505371866133,0.0434174938735174));
#5744=CARTESIAN_POINT('Ctrl Pts',(14.5427265409972,45.9180700295888,-0.737610721630582));
#5745=CARTESIAN_POINT('Ctrl Pts',(15.2825670938015,52.21685731061,-1.22758710363666));
#5746=CARTESIAN_POINT('Ctrl Pts',(15.3958964949404,61.0618916299158,-1.57199445006727));
#5747=CARTESIAN_POINT('Ctrl Pts',(15.2814113805145,73.0409836287621,-1.90126430575821));
#5748=CARTESIAN_POINT('Ctrl Pts',(13.9643013295243,94.1381038608661,-2.01300572618037));
#5749=CARTESIAN_POINT('Ctrl Pts',(10.7630484994616,118.010810971985,-1.444854345652));
#5750=CARTESIAN_POINT('Ctrl Pts',(7.12860893314637,144.169131960184,-0.695745638796831));
#5751=CARTESIAN_POINT('Ctrl Pts',(4.70354021918641,164.806103571761,-0.219785597535204));
#5752=CARTESIAN_POINT('Ctrl Pts',(2.86699494287016,186.368478287547,0.0722253992329675));
#5753=CARTESIAN_POINT('Ctrl Pts',(2.05475800574386,201.322401970153,0.137619626880181));
#5754=CARTESIAN_POINT('Ctrl Pts',(1.67693985339365,208.943214907669,0.163394158489764));
#5755=CARTESIAN_POINT('Ctrl Pts',(0.247871980653637,14.5101889024748,5.72719751539854));
#5756=CARTESIAN_POINT('Ctrl Pts',(0.941930364531905,15.9655521078307,5.38758472279507));
#5757=CARTESIAN_POINT('Ctrl Pts',(2.4907361374734,18.9797453764075,4.65761946174054));
#5758=CARTESIAN_POINT('Ctrl Pts',(6.16949830914533,25.4123103359186,3.01640655623538));
#5759=CARTESIAN_POINT('Ctrl Pts',(10.249426123268,32.4073142197155,1.26737378204937));
#5760=CARTESIAN_POINT('Ctrl Pts',(13.3641552068237,39.9570694463481,-0.125132799506782));
#5761=CARTESIAN_POINT('Ctrl Pts',(14.9507648476469,45.9226921766916,-0.903082868213773));
#5762=CARTESIAN_POINT('Ctrl Pts',(15.7023959895179,52.2191485318061,-1.38792128361104));
#5763=CARTESIAN_POINT('Ctrl Pts',(15.8187524429265,61.0610842890806,-1.72333727154218));
#5764=CARTESIAN_POINT('Ctrl Pts',(15.7028279834721,73.0369859992653,-2.0405676889934));
#5765=CARTESIAN_POINT('Ctrl Pts',(14.3645657948422,94.1306719447974,-2.12996399814574));
#5766=CARTESIAN_POINT('Ctrl Pts',(11.1118412108217,118.002866877571,-1.53443982099774));
#5767=CARTESIAN_POINT('Ctrl Pts',(7.41595965872689,144.16285609791,-0.756371121867001));
#5768=CARTESIAN_POINT('Ctrl Pts',(4.94694476702502,164.80169592865,-0.259097581611629));
#5769=CARTESIAN_POINT('Ctrl Pts',(3.07258536655529,186.366223817167,0.0531517927780671));
#5770=CARTESIAN_POINT('Ctrl Pts',(2.23954497837096,201.321627799162,0.131275366155063));
#5771=CARTESIAN_POINT('Ctrl Pts',(1.85142840263534,208.943214908509,0.163395054022892));
#5772=CARTESIAN_POINT('Ctrl Pts',(0.433484025669002,14.5135606079593,5.55710316544845));
#5773=CARTESIAN_POINT('Ctrl Pts',(1.13878146233594,15.9696652280494,5.21789559433495));
#5774=CARTESIAN_POINT('Ctrl Pts',(2.71196022383814,18.9852317571634,4.48844000825341));
#5775=CARTESIAN_POINT('Ctrl Pts',(6.44622854858516,25.4199146185395,2.84718981960297));
#5776=CARTESIAN_POINT('Ctrl Pts',(10.5855858700063,32.4153839628002,1.0976208840342));
#5777=CARTESIAN_POINT('Ctrl Pts',(13.7456401035965,39.9635745376678,-0.292912880840368));
#5778=CARTESIAN_POINT('Ctrl Pts',(15.3556730846779,45.927292504018,-1.06757113454691));
#5779=CARTESIAN_POINT('Ctrl Pts',(16.1190273688222,52.2214280195299,-1.54714492396648));
#5780=CARTESIAN_POINT('Ctrl Pts',(16.2384054826348,61.0602812113933,-1.8734943166831));
#5781=CARTESIAN_POINT('Ctrl Pts',(16.1210694767299,73.0330076325245,-2.17862894679401));
#5782=CARTESIAN_POINT('Ctrl Pts',(14.7618255260573,94.1232759031814,-2.24572785702579));
#5783=CARTESIAN_POINT('Ctrl Pts',(11.4580034585922,117.994965234308,-1.62310020992309));
#5784=CARTESIAN_POINT('Ctrl Pts',(7.70112173227943,144.156618499325,-0.816413582232268));
#5785=CARTESIAN_POINT('Ctrl Pts',(5.1884777260676,164.797318175059,-0.298067169349258));
#5786=CARTESIAN_POINT('Ctrl Pts',(3.27658004959238,186.363986204064,0.0342253314929164));
#5787=CARTESIAN_POINT('Ctrl Pts',(2.42289041009155,201.320859450499,0.124980596647628));
#5788=CARTESIAN_POINT('Ctrl Pts',(2.02455177647259,208.943214910623,0.163397305913698));
#5789=CARTESIAN_POINT('Ctrl Pts',(0.617321136408123,14.516931130887,5.38613604711975));
#5790=CARTESIAN_POINT('Ctrl Pts',(1.33378162028943,15.9737758496954,5.04743362205489));
#5791=CARTESIAN_POINT('Ctrl Pts',(2.93116734801916,18.9907113099681,4.31870183597471));
#5792=CARTESIAN_POINT('Ctrl Pts',(6.72055952117536,25.4274992594953,2.67789335496579));
#5793=CARTESIAN_POINT('Ctrl Pts',(10.9189332637277,32.4234226955474,0.928295390127259));
#5794=CARTESIAN_POINT('Ctrl Pts',(14.1239993896869,39.9700492097455,-0.459867585331081));
#5795=CARTESIAN_POINT('Ctrl Pts',(15.7572964558675,45.9318687945484,-1.23101658902752));
#5796=CARTESIAN_POINT('Ctrl Pts',(16.5322987788415,52.223694704341,-1.70519766776208));
#5797=CARTESIAN_POINT('Ctrl Pts',(16.6546893124718,61.0594827707838,-2.02240576828452));
#5798=CARTESIAN_POINT('Ctrl Pts',(16.5359673208934,73.0290504351226,-2.31539004633259));
#5799=CARTESIAN_POINT('Ctrl Pts',(15.1559178828496,94.1159192797684,-2.3602455846571));
#5800=CARTESIAN_POINT('Ctrl Pts',(11.801393551176,117.987109697302,-1.7107961722104));
#5801=CARTESIAN_POINT('Ctrl Pts',(7.98397945157061,144.150421897452,-0.875847823778006));
#5802=CARTESIAN_POINT('Ctrl Pts',(5.42804185006497,164.792972131491,-0.336679271048998));
#5803=CARTESIAN_POINT('Ctrl Pts',(3.47889708788792,186.361766327368,0.0154521033206779));
#5804=CARTESIAN_POINT('Ctrl Pts',(2.60472040329762,201.32009722468,0.118736226916709));
#5805=CARTESIAN_POINT('Ctrl Pts',(2.19624006946787,208.943214912529,0.163399337544659));
#5806=CARTESIAN_POINT('Ctrl Pts',(0.799349535817699,14.5202983154008,5.21431655739609));
#5807=CARTESIAN_POINT('Ctrl Pts',(1.52689082426964,15.9778813762087,4.87622121378892));
#5808=CARTESIAN_POINT('Ctrl Pts',(3.14830405648437,18.9961806822683,4.14843173523689));
#5809=CARTESIAN_POINT('Ctrl Pts',(6.99240746914521,25.4350599376984,2.50855398103357));
#5810=CARTESIAN_POINT('Ctrl Pts',(11.2493522481092,32.4314261597019,0.759444819897899));
#5811=CARTESIAN_POINT('Ctrl Pts',(14.4990918230021,39.9764902051732,-0.625941554347617));
#5812=CARTESIAN_POINT('Ctrl Pts',(16.1554801599685,45.9364188263281,-1.39336009861836));
#5813=CARTESIAN_POINT('Ctrl Pts',(16.9420477581839,52.2259475140557,-1.86201891201967));
#5814=CARTESIAN_POINT('Ctrl Pts',(17.0674376225724,61.0586893405469,-2.17001153173329));
#5815=CARTESIAN_POINT('Ctrl Pts',(16.9473530196844,73.0251163180518,-2.45079249211315));
#5816=CARTESIAN_POINT('Ctrl Pts',(15.5466803069663,94.1086056270678,-2.47346487249578));
#5817=CARTESIAN_POINT('Ctrl Pts',(12.141870064009,117.97930393166,-1.79748737121831));
#5818=CARTESIAN_POINT('Ctrl Pts',(8.26441751021476,144.144269034014,-0.934647388538473));
#5819=CARTESIAN_POINT('Ctrl Pts',(5.66554034787249,164.788659625183,-0.374917417955268));
#5820=CARTESIAN_POINT('Ctrl Pts',(3.67945514243593,186.359565070423,-0.00316019977455907));
#5821=CARTESIAN_POINT('Ctrl Pts',(2.78496171759987,201.319341423908,0.112544960729384));
#5822=CARTESIAN_POINT('Ctrl Pts',(2.36642403340253,208.943214914434,0.16340136750724));
#5823=CARTESIAN_POINT('Ctrl Pts',(0.979535579235411,14.5236600006437,5.04166520834006));
#5824=CARTESIAN_POINT('Ctrl Pts',(1.71806918804316,15.9819792053998,4.70428088884669));
#5825=CARTESIAN_POINT('Ctrl Pts',(3.36331700450233,19.0016365146538,3.97765660972811));
#5826=CARTESIAN_POINT('Ctrl Pts',(7.26168871592633,25.4425923243388,2.33920861825943));
#5827=CARTESIAN_POINT('Ctrl Pts',(11.5767268095496,32.4393900902759,0.591116799867356));
#5828=CARTESIAN_POINT('Ctrl Pts',(14.8707761788156,39.9828942616432,-0.791079321012462));
#5829=CARTESIAN_POINT('Ctrl Pts',(16.5500694023878,45.9409403739412,-1.55454242379423));
#5830=CARTESIAN_POINT('Ctrl Pts',(17.3481118459366,52.2281853746475,-2.01754793157951));
#5831=CARTESIAN_POINT('Ctrl Pts',(17.4764840999526,61.057901293687,-2.3162513794086));
#5832=CARTESIAN_POINT('Ctrl Pts',(17.355058093153,73.0212071951496,-2.58477757523264));
#5833=CARTESIAN_POINT('Ctrl Pts',(15.9339502712204,94.1013385032267,-2.58533314319454));
#5834=CARTESIAN_POINT('Ctrl Pts',(12.4792916908957,117.971551608517,-1.88313301203076));
#5835=CARTESIAN_POINT('Ctrl Pts',(8.54232078301886,144.138162655529,-0.992785234283396));
#5836=CARTESIAN_POINT('Ctrl Pts',(5.90087663901631,164.784382486808,-0.412764500763586));
#5837=CARTESIAN_POINT('Ctrl Pts',(3.87817313715977,186.357383318577,-0.0216031394561895));
#5838=CARTESIAN_POINT('Ctrl Pts',(2.96354141852259,201.318592351168,0.106410337459781));
#5839=CARTESIAN_POINT('Ctrl Pts',(2.5350347259711,208.943214917327,0.163404449998561));
#5840=CARTESIAN_POINT('Ctrl Pts',(1.15784556063215,14.5270140285873,4.86820246164811));
#5841=CARTESIAN_POINT('Ctrl Pts',(1.90727675947755,15.986066737276,4.53163511260764));
#5842=CARTESIAN_POINT('Ctrl Pts',(3.57615281618106,19.0070754505435,3.80640324934534));
#5843=CARTESIAN_POINT('Ctrl Pts',(7.52831956469762,25.450092094319,2.16989402730186));
#5844=CARTESIAN_POINT('Ctrl Pts',(11.9009409698122,32.4473102274806,0.423358655852281));
#5845=CARTESIAN_POINT('Ctrl Pts',(15.2389112846871,39.9892581228224,-0.955225817451868));
#5846=CARTESIAN_POINT('Ctrl Pts',(16.9409094313049,45.9454312180904,-1.7145047674461));
#5847=CARTESIAN_POINT('Ctrl Pts',(17.7503286100868,52.2304072163378,-2.17172455902176));
#5848=CARTESIAN_POINT('Ctrl Pts',(17.8816624406065,61.0571190057671,-2.46106572659778));
#5849=CARTESIAN_POINT('Ctrl Pts',(17.7589139363846,73.0173249749914,-2.71728765729419));
#5850=CARTESIAN_POINT('Ctrl Pts',(16.3175650201643,94.0941214550842,-2.69579918805719));
#5851=CARTESIAN_POINT('Ctrl Pts',(12.8135164895184,117.963856383688,-1.96769457528725));
#5852=CARTESIAN_POINT('Ctrl Pts',(8.81757323511835,144.132105492542,-1.05023717884721));
#5853=CARTESIAN_POINT('Ctrl Pts',(6.13395311050371,164.780142533098,-0.450206525818881));
#5854=CARTESIAN_POINT('Ctrl Pts',(4.07496872085833,186.355221947625,-0.0398718964859747));
#5855=CARTESIAN_POINT('Ctrl Pts',(3.14038508854407,201.317850305644,0.100331845515703));
#5856=CARTESIAN_POINT('Ctrl Pts',(2.7020017218229,208.943214918395,0.163405588251943));
#5857=CARTESIAN_POINT('Ctrl Pts',(1.33424615014345,14.5303582265046,4.69394907942235));
#5858=CARTESIAN_POINT('Ctrl Pts',(2.09447395804273,15.990141356511,4.35830664733285));
#5859=CARTESIAN_POINT('Ctrl Pts',(3.78675839945735,19.0124941143743,3.6346988264512));
#5860=CARTESIAN_POINT('Ctrl Pts',(7.79221652535136,25.457554900427,2.00064738710492));
#5861=CARTESIAN_POINT('Ctrl Pts',(12.2218787989588,32.4551822896729,0.256218333856415));
#5862=CARTESIAN_POINT('Ctrl Pts',(15.603355937285,39.9955785136691,-1.11832522106368));
#5863=CARTESIAN_POINT('Ctrl Pts',(17.3278454518158,45.9498891238707,-1.87318752435997));
#5864=CARTESIAN_POINT('Ctrl Pts',(18.1485355799709,52.2326119598144,-2.32448763094502));
#5865=CARTESIAN_POINT('Ctrl Pts',(18.2828063197108,61.0563428485253,-2.60439385603743));
#5866=CARTESIAN_POINT('Ctrl Pts',(18.1587521429077,73.0134715795019,-2.84826322513799));
#5867=CARTESIAN_POINT('Ctrl Pts',(16.6973621650166,94.0869580569619,-2.80480940807495));
#5868=CARTESIAN_POINT('Ctrl Pts',(13.144403613305,117.956221946554,-2.05112954088524));
#5869=CARTESIAN_POINT('Ctrl Pts',(9.09006042603101,144.126100307186,-1.10697399325032));
#5870=CARTESIAN_POINT('Ctrl Pts',(6.36467397051165,164.77594160666,-0.487223992740137));
#5871=CARTESIAN_POINT('Ctrl Pts',(4.2697617976253,186.353081850285,-0.0579552502870583));
#5872=CARTESIAN_POINT('Ctrl Pts',(3.3154209333385,201.317115593245,0.0943161386076285));
#5873=CARTESIAN_POINT('Ctrl Pts',(2.86725721880176,208.943214921551,0.163408950798811));
#5874=CARTESIAN_POINT('Ctrl Pts',(1.50870384104926,14.5336904291598,4.51892567727793));
#5875=CARTESIAN_POINT('Ctrl Pts',(2.27962102175864,15.9942004546331,4.18431810530983));
#5876=CARTESIAN_POINT('Ctrl Pts',(3.99508054829499,19.0178891392147,3.46257026455554));
#5877=CARTESIAN_POINT('Ctrl Pts',(8.05329602802151,25.4649764060417,1.83150556010384));
#5878=CARTESIAN_POINT('Ctrl Pts',(12.5394243999958,32.4630020076319,0.0897432304978428));
#5879=CARTESIAN_POINT('Ctrl Pts',(15.9639690086293,40.0018521717201,-1.28032241932478));
#5880=CARTESIAN_POINT('Ctrl Pts',(17.7107227353807,45.9543118683157,-2.03053186868123));
#5881=CARTESIAN_POINT('Ctrl Pts',(18.5425703323012,52.2347985337062,-2.47577696016394));
#5882=CARTESIAN_POINT('Ctrl Pts',(18.6797494295899,61.0555731979716,-2.74617617144827));
#5883=CARTESIAN_POINT('Ctrl Pts',(18.5544040941172,73.0096489203457,-2.97764662914035));
#5884=CARTESIAN_POINT('Ctrl Pts',(17.0731789282963,94.0798518614588,-2.91231258496449));
#5885=CARTESIAN_POINT('Ctrl Pts',(13.4718111129423,117.948651958039,-2.13339935436807));
#5886=CARTESIAN_POINT('Ctrl Pts',(9.35966633111407,144.120149832832,-1.16297143790407));
#5887=CARTESIAN_POINT('Ctrl Pts',(6.59294162611312,164.77178152544,-0.523802838871779));
#5888=CARTESIAN_POINT('Ctrl Pts',(4.46247004563179,186.3509639026,-0.0758482980039156));
#5889=CARTESIAN_POINT('Ctrl Pts',(3.48857456966632,201.316388513241,0.0883627988035657));
#5890=CARTESIAN_POINT('Ctrl Pts',(3.03073082584039,208.94321492407,0.163411634537087));
#5891=CARTESIAN_POINT('Ctrl Pts',(1.63806504586411,14.5361789514039,4.38709626690696));
#5892=CARTESIAN_POINT('Ctrl Pts',(2.41691413408187,15.997231171182,4.05334879232569));
#5893=CARTESIAN_POINT('Ctrl Pts',(4.14956986281043,19.0219151412296,3.33317617266276));
#5894=CARTESIAN_POINT('Ctrl Pts',(8.24693001794448,25.470508293286,1.70475570634016));
#5895=CARTESIAN_POINT('Ctrl Pts',(12.7749525426819,32.4688243222154,-0.0345782592937225));
#5896=CARTESIAN_POINT('Ctrl Pts',(16.2314492657567,40.0065199071645,-1.40095187591779));
#5897=CARTESIAN_POINT('Ctrl Pts',(17.9947205754599,45.957600878819,-2.14749171395339));
#5898=CARTESIAN_POINT('Ctrl Pts',(18.834845393814,52.2364240275905,-2.58809291492872));
#5899=CARTESIAN_POINT('Ctrl Pts',(18.9741814417585,61.0550011198256,-2.85130817519185));
#5900=CARTESIAN_POINT('Ctrl Pts',(18.8478770189069,73.0068064201613,-3.07344570651795));
#5901=CARTESIAN_POINT('Ctrl Pts',(17.3519343475088,94.0745677980588,-2.99176985014766));
#5902=CARTESIAN_POINT('Ctrl Pts',(13.7146512080896,117.943025569185,-2.19419655427944));
#5903=CARTESIAN_POINT('Ctrl Pts',(9.55962372531957,144.115730079358,-1.20439381077889));
#5904=CARTESIAN_POINT('Ctrl Pts',(6.76223035364113,164.768693477385,-0.550894183072099));
#5905=CARTESIAN_POINT('Ctrl Pts',(4.60537721126888,186.349392721189,-0.089117866434905));
#5906=CARTESIAN_POINT('Ctrl Pts',(3.61697391473726,201.315849155993,0.0839485213320965));
#5907=CARTESIAN_POINT('Ctrl Pts',(3.15194838196416,208.94321492744,0.163415226395588));
#5908=CARTESIAN_POINT('Ctrl Pts',(1.72367785007009,14.5378328608805,4.29898232106943));
#5909=CARTESIAN_POINT('Ctrl Pts',(2.507777451428,15.9992451640786,3.9658438466956));
#5910=CARTESIAN_POINT('Ctrl Pts',(4.25181599560678,19.0245896459795,3.24679779451316));
#5911=CARTESIAN_POINT('Ctrl Pts',(8.375086720177,25.4741805956603,1.62031164902971));
#5912=CARTESIAN_POINT('Ctrl Pts',(12.9308388364247,32.4726868347515,-0.117221708249586));
#5913=CARTESIAN_POINT('Ctrl Pts',(16.4084838836168,40.0096150846504,-1.48099259876586));
#5914=CARTESIAN_POINT('Ctrl Pts',(18.1826874187143,45.9597811732963,-2.22500990016399));
#5915=CARTESIAN_POINT('Ctrl Pts',(19.0282901059946,52.2375013417047,-2.66247203428818));
#5916=CARTESIAN_POINT('Ctrl Pts',(19.1690527653198,61.0546220028922,-2.9208758428348));
#5917=CARTESIAN_POINT('Ctrl Pts',(19.0421120402367,73.0049222215419,-3.13677814607525));
#5918=CARTESIAN_POINT('Ctrl Pts',(17.5364256829431,94.0710651883581,-3.04423836205653));
#5919=CARTESIAN_POINT('Ctrl Pts',(13.8753685149075,117.939297074368,-2.23433974580129));
#5920=CARTESIAN_POINT('Ctrl Pts',(9.69195576299921,144.112802384316,-1.23176243085599));
#5921=CARTESIAN_POINT('Ctrl Pts',(6.87426191634935,164.766648679935,-0.568809117366615));
#5922=CARTESIAN_POINT('Ctrl Pts',(4.69994573786014,186.348352736546,-0.0979015883740516));
#5923=CARTESIAN_POINT('Ctrl Pts',(3.70193884848028,201.315492156791,0.0810250348802301));
#5924=CARTESIAN_POINT('Ctrl Pts',(3.23215930105755,208.943214927914,0.163415731089379));
#5925=CARTESIAN_POINT('Ctrl Pts',(1.78058491386844,14.5389340596641,4.24017942802616));
#5926=CARTESIAN_POINT('Ctrl Pts',(2.5681747466293,16.0005860413442,3.90745648900834));
#5927=CARTESIAN_POINT('Ctrl Pts',(4.31977986323332,19.0263700452843,3.18918195617495));
#5928=CARTESIAN_POINT('Ctrl Pts',(8.46027409468577,25.476624539402,1.56403129957181));
#5929=CARTESIAN_POINT('Ctrl Pts',(13.0344586293867,32.4752566778716,-0.172252965768459));
#5930=CARTESIAN_POINT('Ctrl Pts',(16.5261612054899,40.0116740280931,-1.53425083673628));
#5931=CARTESIAN_POINT('Ctrl Pts',(18.3076314075817,45.9612313544557,-2.27656606492574));
#5932=CARTESIAN_POINT('Ctrl Pts',(19.1568751065173,52.2382178352192,-2.71192394263638));
#5933=CARTESIAN_POINT('Ctrl Pts',(19.2985857322066,61.054369870778,-2.96711421273488));
#5934=CARTESIAN_POINT('Ctrl Pts',(19.1712215963942,73.0036690102711,-3.17885614640409));
#5935=CARTESIAN_POINT('Ctrl Pts',(17.6590577109313,94.0687355509126,-3.07908200635703));
#5936=CARTESIAN_POINT('Ctrl Pts',(13.9821968799072,117.936817471346,-2.26099725621493));
#5937=CARTESIAN_POINT('Ctrl Pts',(9.77991537566896,144.110855662,-1.24994164823752));
#5938=CARTESIAN_POINT('Ctrl Pts',(6.94872702597468,164.765289228281,-0.580712813679758));
#5939=CARTESIAN_POINT('Ctrl Pts',(4.76280241710375,186.34766142476,-0.103740153972638));
#5940=CARTESIAN_POINT('Ctrl Pts',(3.75841153308598,201.315254849965,0.0790816899353119));
#5941=CARTESIAN_POINT('Ctrl Pts',(3.28547175096772,208.943214928161,0.163415993761118));
#5942=CARTESIAN_POINT('Ctrl Pts',(1.85140222919156,14.5403078322595,4.1665636705116));
#5943=CARTESIAN_POINT('Ctrl Pts',(2.64333564888332,16.0022586875469,3.83437810689598));
#5944=CARTESIAN_POINT('Ctrl Pts',(4.40435724631705,19.0285905278961,3.11710654472094));
#5945=CARTESIAN_POINT('Ctrl Pts',(8.56628552785305,25.4796713130063,1.49371178453678));
#5946=CARTESIAN_POINT('Ctrl Pts',(13.1634080938861,32.47845912695,-0.240919385151462));
#5947=CARTESIAN_POINT('Ctrl Pts',(16.6726040454531,40.0142391242237,-1.60062965443471));
#5948=CARTESIAN_POINT('Ctrl Pts',(18.4631167675778,45.9630377132366,-2.34077892064479));
#5949=CARTESIAN_POINT('Ctrl Pts',(19.3168909922434,52.2391101914605,-2.77348474749697));
#5950=CARTESIAN_POINT('Ctrl Pts',(19.4597806000441,61.0540558681307,-3.02464702572699));
#5951=CARTESIAN_POINT('Ctrl Pts',(19.3318886282031,73.0021080500271,-3.23118179793179));
#5952=CARTESIAN_POINT('Ctrl Pts',(17.811662329704,94.0658338390058,-3.12238037404527));
#5953=CARTESIAN_POINT('Ctrl Pts',(14.1151335166583,117.933729478629,-2.29412084529918));
#5954=CARTESIAN_POINT('Ctrl Pts',(9.88936983931216,144.108431885294,-1.27253917916685));
#5955=CARTESIAN_POINT('Ctrl Pts',(7.04138751713363,164.763597013778,-0.595516773016198));
#5956=CARTESIAN_POINT('Ctrl Pts',(4.84101602379464,186.346801093146,-0.111004811059104));
#5957=CARTESIAN_POINT('Ctrl Pts',(3.82868001607661,201.314959527892,0.0766642164833422));
#5958=CARTESIAN_POINT('Ctrl Pts',(3.35180717481407,208.9432149293,0.163417208182102));
#5959=CARTESIAN_POINT('Ctrl Pts',(1.93587237200986,14.5419517284694,4.07804788718345));
#5960=CARTESIAN_POINT('Ctrl Pts',(2.73298658846356,16.0042600172231,3.746536152164));
#5961=CARTESIAN_POINT('Ctrl Pts',(4.5052395209256,19.0312466608745,3.03053038444787));
#5962=CARTESIAN_POINT('Ctrl Pts',(8.69273233757184,25.4833138510351,1.40938238082923));
#5963=CARTESIAN_POINT('Ctrl Pts',(13.3172125359974,32.4822857665846,-0.323117043834823));
#5964=CARTESIAN_POINT('Ctrl Pts',(16.8472717338442,40.0173031011326,-1.67996714206198));
#5965=CARTESIAN_POINT('Ctrl Pts',(18.6485684739543,45.9651948801397,-2.4174554143902));
#5966=CARTESIAN_POINT('Ctrl Pts',(19.5077451798194,52.2401756697327,-2.84694388791278));
#5967=CARTESIAN_POINT('Ctrl Pts',(19.6520395110452,61.0536809730094,-3.09325497416205));
#5968=CARTESIAN_POINT('Ctrl Pts',(19.5235160766253,73.0002440207233,-3.29353084965626));
#5969=CARTESIAN_POINT('Ctrl Pts',(17.9936707660751,94.0623687600563,-3.17392266803787));
#5970=CARTESIAN_POINT('Ctrl Pts',(14.2736813675447,117.930042756468,-2.33354797805574));
#5971=CARTESIAN_POINT('Ctrl Pts',(10.0199082398055,144.105539090333,-1.29945196224713));
#5972=CARTESIAN_POINT('Ctrl Pts',(7.15189405484437,164.761577938055,-0.61315997414817));
#5973=CARTESIAN_POINT('Ctrl Pts',(4.93428995623074,186.345774893821,-0.119669576936642));
#5974=CARTESIAN_POINT('Ctrl Pts',(3.91247649941732,201.314607275606,0.0737802829949403));
#5975=CARTESIAN_POINT('Ctrl Pts',(3.4309120609091,208.943214930115,0.163418074669654));
#5976=CARTESIAN_POINT('Ctrl Pts',(1.99184266554334,14.5430443884385,4.01892123234291));
#5977=CARTESIAN_POINT('Ctrl Pts',(2.79238921874756,16.0055901191248,3.68787820045564));
#5978=CARTESIAN_POINT('Ctrl Pts',(4.57208294262731,19.0330115007416,2.97275815511393));
#5979=CARTESIAN_POINT('Ctrl Pts',(8.7765120190343,25.4857327833939,1.35320194189101));
#5980=CARTESIAN_POINT('Ctrl Pts',(13.4191159103701,32.484825633182,-0.377776722333093));
#5981=CARTESIAN_POINT('Ctrl Pts',(16.962995950345,40.01933605114,-1.73264267607532));
#5982=CARTESIAN_POINT('Ctrl Pts',(18.7714362280476,45.9666258273661,-2.46831540838315));
#5983=CARTESIAN_POINT('Ctrl Pts',(19.634191180078,52.2408823313413,-2.8956355724514));
#5984=CARTESIAN_POINT('Ctrl Pts',(19.7794149687816,61.0534323456463,-3.13870082185404));
#5985=CARTESIAN_POINT('Ctrl Pts',(19.6504716982091,72.9990075783884,-3.3347972629867));
#5986=CARTESIAN_POINT('Ctrl Pts',(18.1142514845135,94.0600703256235,-3.20800234313321));
#5987=CARTESIAN_POINT('Ctrl Pts',(14.3787175557354,117.927597832456,-2.35961469793292));
#5988=CARTESIAN_POINT('Ctrl Pts',(10.1063864819548,144.103621285303,-1.31725473585551));
#5989=CARTESIAN_POINT('Ctrl Pts',(7.22509990128159,164.760239764839,-0.624838928175014));
#5990=CARTESIAN_POINT('Ctrl Pts',(4.9960778527777,186.345094969348,-0.125409330335745));
#5991=CARTESIAN_POINT('Ctrl Pts',(3.96798462264577,201.314373889679,0.0718702510080349));
#5992=CARTESIAN_POINT('Ctrl Pts',(3.4833115012159,208.943214931248,0.163419285519537));
#5993=CARTESIAN_POINT('Ctrl Pts',(2.02060600640941,14.5436067623075,3.98841212001194));
#5994=CARTESIAN_POINT('Ctrl Pts',(2.82291623521015,16.006274665684,3.65761576774912));
#5995=CARTESIAN_POINT('Ctrl Pts',(4.60643332703511,19.0339196739112,2.94296318396962));
#5996=CARTESIAN_POINT('Ctrl Pts',(8.81956482572059,25.4869772136559,1.32425195847685));
#5997=CARTESIAN_POINT('Ctrl Pts',(13.4714811684793,32.4861319422984,-0.405916878500846));
#5998=CARTESIAN_POINT('Ctrl Pts',(17.0224625925676,40.0203814610813,-1.7597399178876));
#5999=CARTESIAN_POINT('Ctrl Pts',(18.834573242227,45.9673615829625,-2.49446596263271));
#6000=CARTESIAN_POINT('Ctrl Pts',(19.6991665689827,52.2412456482094,-2.92066232270038));
#6001=CARTESIAN_POINT('Ctrl Pts',(19.8448675935451,61.0533045231826,-3.16205135954746));
#6002=CARTESIAN_POINT('Ctrl Pts',(19.7157081247981,72.9983718457541,-3.35599165227356));
#6003=CARTESIAN_POINT('Ctrl Pts',(18.1762115149607,94.0588885588863,-3.22549674950006));
#6004=CARTESIAN_POINT('Ctrl Pts',(14.4326895281718,117.926340880584,-2.37299529493616));
#6005=CARTESIAN_POINT('Ctrl Pts',(10.1508220556688,144.102635483466,-1.32639603199012));
#6006=CARTESIAN_POINT('Ctrl Pts',(7.26271515597846,164.759552008103,-0.630838077154424));
#6007=CARTESIAN_POINT('Ctrl Pts',(5.02782564348677,186.344745572581,-0.128359070617807));
#6008=CARTESIAN_POINT('Ctrl Pts',(3.99650528182267,201.314253959314,0.070888318478339));
#6009=CARTESIAN_POINT('Ctrl Pts',(3.51023463918035,208.943214931414,0.163419457032551));
#6010=CARTESIAN_POINT('Ctrl Pts',(2.02233521559777,14.5436405750451,3.98657777393408));
#6011=CARTESIAN_POINT('Ctrl Pts',(2.82475147345547,16.0063158248336,3.65579629535413));
#6012=CARTESIAN_POINT('Ctrl Pts',(4.60849841936844,19.0339742815115,2.94117194461263));
#6013=CARTESIAN_POINT('Ctrl Pts',(8.82215309103799,25.4870520477375,1.32251193057385));
#6014=CARTESIAN_POINT('Ctrl Pts',(13.4746292794268,32.4862105047817,-0.407607722301173));
#6015=CARTESIAN_POINT('Ctrl Pts',(17.0260376244868,40.0204443364265,-1.76136788632879));
#6016=CARTESIAN_POINT('Ctrl Pts',(18.8383689304092,45.9674058359357,-2.49603712515329));
#6017=CARTESIAN_POINT('Ctrl Pts',(19.7030727786671,52.2412675008151,-2.92216629764177));
#6018=CARTESIAN_POINT('Ctrl Pts',(19.8488024986396,61.0532968348798,-3.16345534309537));
#6019=CARTESIAN_POINT('Ctrl Pts',(19.7196300392817,72.9983336093593,-3.3572671044649));
#6020=CARTESIAN_POINT('Ctrl Pts',(18.1799364764965,94.0588174812143,-3.22655192911555));
#6021=CARTESIAN_POINT('Ctrl Pts',(14.4359342864992,117.926265278381,-2.37380601584147));
#6022=CARTESIAN_POINT('Ctrl Pts',(10.1534935336373,144.102576187201,-1.32695497078467));
#6023=CARTESIAN_POINT('Ctrl Pts',(7.26497663315766,164.759510637307,-0.631210372864977));
#6024=CARTESIAN_POINT('Ctrl Pts',(5.02973440206239,186.344724554013,-0.128550164014202));
#6025=CARTESIAN_POINT('Ctrl Pts',(3.99822004522699,201.314246744578,0.0708142089552244));
#6026=CARTESIAN_POINT('Ctrl Pts',(3.51185337071775,208.943214931413,0.163403736738748));
#6027=CARTESIAN_POINT('Ctrl Pts',(2.02579297267313,14.5437082026484,3.98290905649264));
#6028=CARTESIAN_POINT('Ctrl Pts',(2.82842124849621,16.0063981491787,3.65215749495723));
#6029=CARTESIAN_POINT('Ctrl Pts',(4.61262781749166,19.034083516254,2.93759012108973));
#6030=CARTESIAN_POINT('Ctrl Pts',(8.82732864809135,25.4872017763154,1.31903416558332));
#6031=CARTESIAN_POINT('Ctrl Pts',(13.4809243278657,32.4863677251698,-0.410985132640539));
#6032=CARTESIAN_POINT('Ctrl Pts',(17.0331863467761,40.0205701789908,-1.76461885687058));
#6033=CARTESIAN_POINT('Ctrl Pts',(18.8459588652975,45.967494413224,-2.49917493643979));
#6034=CARTESIAN_POINT('Ctrl Pts',(19.7108836875498,52.2413112431257,-2.9251712557545));
#6035=CARTESIAN_POINT('Ctrl Pts',(19.8566707407439,61.0532814445001,-3.16626348823404));
#6036=CARTESIAN_POINT('Ctrl Pts',(19.7274722512414,72.9982570773992,-3.35982259369042));
#6037=CARTESIAN_POINT('Ctrl Pts',(18.187384759609,94.0586752166838,-3.22867563852872));
#6038=CARTESIAN_POINT('Ctrl Pts',(14.4424222469578,117.926113947002,-2.37545229810457));
#6039=CARTESIAN_POINT('Ctrl Pts',(10.1588350513891,144.102457482143,-1.32811010454527));
#6040=CARTESIAN_POINT('Ctrl Pts',(7.26949823321665,164.759427808406,-0.632001347746846));
#6041=CARTESIAN_POINT('Ctrl Pts',(5.03355063852274,186.344682467211,-0.128987290977815));
#6042=CARTESIAN_POINT('Ctrl Pts',(4.00164833110176,201.314232297405,0.0706057511724565));
#6043=CARTESIAN_POINT('Ctrl Pts',(3.51508960958347,208.943214931415,0.163309406181743));
#6044=CARTESIAN_POINT('Ctrl Pts',(2.03184232043288,14.54382655813,3.97648873366925));
#6045=CARTESIAN_POINT('Ctrl Pts',(2.83484152829689,16.0065422351167,3.64578997024804));
#6046=CARTESIAN_POINT('Ctrl Pts',(4.61985223492452,19.0342747337806,2.93132364237158));
#6047=CARTESIAN_POINT('Ctrl Pts',(8.83638342058886,25.4874639731243,1.3129540624305));
#6048=CARTESIAN_POINT('Ctrl Pts',(13.4919377691066,32.4866431309625,-0.416884428742063));
#6049=CARTESIAN_POINT('Ctrl Pts',(17.0456933001813,40.0207906633054,-1.77029508615054));
#6050=CARTESIAN_POINT('Ctrl Pts',(18.859237652411,45.9676496252741,-2.50465432057975));
#6051=CARTESIAN_POINT('Ctrl Pts',(19.7245489204759,52.2413878972331,-2.93042213229617));
#6052=CARTESIAN_POINT('Ctrl Pts',(19.8704360029581,61.0532544728886,-3.17117822526713));
#6053=CARTESIAN_POINT('Ctrl Pts',(19.7411916015149,72.9981229788582,-3.36430676112449));
#6054=CARTESIAN_POINT('Ctrl Pts',(18.2004142488414,94.0584259441459,-3.23242712115459));
#6055=CARTESIAN_POINT('Ctrl Pts',(14.4537707988246,117.925848757013,-2.37839846834377));
#6056=CARTESIAN_POINT('Ctrl Pts',(10.1681770246894,144.102249429181,-1.33022929799871));
#6057=CARTESIAN_POINT('Ctrl Pts',(7.2774051312905,164.759282610311,-0.633507141259551));
#6058=CARTESIAN_POINT('Ctrl Pts',(5.04022291263165,186.344608674626,-0.129896295470532));
#6059=CARTESIAN_POINT('Ctrl Pts',(4.00764152054443,201.314206965086,0.0700829923874246));
#6060=CARTESIAN_POINT('Ctrl Pts',(3.52074663784752,208.943214931424,0.162979451224779));
#6061=CARTESIAN_POINT('Ctrl Pts',(2.04047936440591,14.5439956671679,3.96731665064667));
#6062=CARTESIAN_POINT('Ctrl Pts',(2.84400822963711,16.0067481400277,3.6366945809657));
#6063=CARTESIAN_POINT('Ctrl Pts',(4.63016724983127,19.0345480977467,2.92237642279374));
#6064=CARTESIAN_POINT('Ctrl Pts',(8.84931244698501,25.4878391176845,1.30428531307387));
#6065=CARTESIAN_POINT('Ctrl Pts',(13.5076641643931,32.4870374691881,-0.425280044558737));
#6066=CARTESIAN_POINT('Ctrl Pts',(17.0635522543258,40.021106505795,-1.77836688685105));
#6067=CARTESIAN_POINT('Ctrl Pts',(18.8781982457445,45.9678720276363,-2.51244829318016));
#6068=CARTESIAN_POINT('Ctrl Pts',(19.7440603803923,52.2414977520686,-2.93790104520065));
#6069=CARTESIAN_POINT('Ctrl Pts',(19.8900885488552,61.0532158135032,-3.17820062099591));
#6070=CARTESIAN_POINT('Ctrl Pts',(19.7607762485619,72.9979308515792,-3.37074706474918));
#6071=CARTESIAN_POINT('Ctrl Pts',(18.2190094138856,94.0580688098313,-3.23788626397549));
#6072=CARTESIAN_POINT('Ctrl Pts',(14.4699602535915,117.925468716824,-2.38279323735703));
#6073=CARTESIAN_POINT('Ctrl Pts',(10.1814954696446,144.101951151196,-1.33353557469371));
#6074=CARTESIAN_POINT('Ctrl Pts',(7.28867017814583,164.759074363624,-0.636005381905417));
#6075=CARTESIAN_POINT('Ctrl Pts',(5.04972105519494,186.344502790569,-0.131606040275365));
#6076=CARTESIAN_POINT('Ctrl Pts',(4.01616752784689,201.314170610626,0.0688853245214861));
#6077=CARTESIAN_POINT('Ctrl Pts',(3.5287914061821,208.943214931437,0.162037413599507));
#6078=CARTESIAN_POINT('Ctrl Pts',(2.05428844593433,14.544266342793,3.95264087703869));
#6079=CARTESIAN_POINT('Ctrl Pts',(2.85866439600768,16.0070777943638,3.62214419687044));
#6080=CARTESIAN_POINT('Ctrl Pts',(4.64666026428278,19.0349860342714,2.9080711772401));
#6081=CARTESIAN_POINT('Ctrl Pts',(8.86998796468357,25.488440924708,1.29045141666483));
#6082=CARTESIAN_POINT('Ctrl Pts',(13.5328160876623,32.4876708454096,-0.438645603826614));
#6083=CARTESIAN_POINT('Ctrl Pts',(17.0921147271805,40.0216141836867,-1.79120345424461));
#6084=CARTESIAN_POINT('Ctrl Pts',(18.9085205999358,45.9682296767239,-2.52484744390947));
#6085=CARTESIAN_POINT('Ctrl Pts',(19.7752596477892,52.2416744588584,-2.94982010131777));
#6086=CARTESIAN_POINT('Ctrl Pts',(19.9215057927864,61.0531536139049,-3.18943919568108));
#6087=CARTESIAN_POINT('Ctrl Pts',(19.7920744828525,72.9976219433064,-3.38112400463351));
#6088=CARTESIAN_POINT('Ctrl Pts',(18.2487053313746,94.057494613323,-3.24683164234294));
#6089=CARTESIAN_POINT('Ctrl Pts',(14.495783705334,117.924857424189,-2.39021746849723));
#6090=CARTESIAN_POINT('Ctrl Pts',(10.2027007239799,144.101471053935,-1.33941440185095));
#6091=CARTESIAN_POINT('Ctrl Pts',(7.30657193546687,164.758738961676,-0.640735425983697));
#6092=CARTESIAN_POINT('Ctrl Pts',(5.06477862537261,186.344332124594,-0.135209805394722));
#6093=CARTESIAN_POINT('Ctrl Pts',(4.02965890878123,201.314112000166,0.0660169801783974));
#6094=CARTESIAN_POINT('Ctrl Pts',(3.54150744795661,208.943214931457,0.159536293607354));
#6095=CARTESIAN_POINT('Ctrl Pts',(2.06808258287477,14.5445372260293,3.93796438730689));
#6096=CARTESIAN_POINT('Ctrl Pts',(2.87330530443911,16.0074078504993,3.60759707372567));
#6097=CARTESIAN_POINT('Ctrl Pts',(4.6631381167198,19.0354250048036,2.89378115335854));
#6098=CARTESIAN_POINT('Ctrl Pts',(8.89065109129787,25.4890456092197,1.27667097348668));
#6099=CARTESIAN_POINT('Ctrl Pts',(13.5579598216087,32.4883086410423,-0.451911280843635));
#6100=CARTESIAN_POINT('Ctrl Pts',(17.1206676828809,40.0221260821135,-1.80392395816937));
#6101=CARTESIAN_POINT('Ctrl Pts',(18.9388283474917,45.9685905934042,-2.53714101207981));
#6102=CARTESIAN_POINT('Ctrl Pts',(19.8064347193931,52.2418528648806,-2.96166906517035));
#6103=CARTESIAN_POINT('Ctrl Pts',(19.9528813306302,61.0530907906206,-3.20068158889097));
#6104=CARTESIAN_POINT('Ctrl Pts',(19.8233073102224,72.9973103081296,-3.3916078939553));
#6105=CARTESIAN_POINT('Ctrl Pts',(18.2782910391421,94.0569153738345,-3.25608869562241));
#6106=CARTESIAN_POINT('Ctrl Pts',(14.521440994075,117.924240282858,-2.39822252534125));
#6107=CARTESIAN_POINT('Ctrl Pts',(10.2236803392087,144.100985794341,-1.34616451724498));
#6108=CARTESIAN_POINT('Ctrl Pts',(7.32420434225261,164.75839956858,-0.646550109793875));
#6109=CARTESIAN_POINT('Ctrl Pts',(5.0795255230158,186.344159197763,-0.140098541423309));
#6110=CARTESIAN_POINT('Ctrl Pts',(4.04281377067863,201.314052588786,0.0617394703653211));
#6111=CARTESIAN_POINT('Ctrl Pts',(3.55387409341014,208.94321493151,0.155564115347964));
#6112=CARTESIAN_POINT('Ctrl Pts',(2.08186241977885,14.5448084199018,3.92328696775721));
#6113=CARTESIAN_POINT('Ctrl Pts',(2.88793205379884,16.0077384779605,3.59305284342098));
#6114=CARTESIAN_POINT('Ctrl Pts',(4.67960339735854,19.0358653826465,2.87950547826615));
#6115=CARTESIAN_POINT('Ctrl Pts',(8.91130948898689,25.4896541167408,1.26294141586375));
#6116=CARTESIAN_POINT('Ctrl Pts',(13.5831093204241,32.4889522671142,-0.4650817104813));
#6117=CARTESIAN_POINT('Ctrl Pts',(17.1492269729938,40.0226435367218,-1.81653362879015));
#6118=CARTESIAN_POINT('Ctrl Pts',(18.9691354630053,45.9689558080583,-2.54933358994884));
#6119=CARTESIAN_POINT('Ctrl Pts',(19.8375940375478,52.2420335055751,-2.97345070124494));
#6120=CARTESIAN_POINT('Ctrl Pts',(19.9842123362125,61.0530271478771,-3.21192687526564));
#6121=CARTESIAN_POINT('Ctrl Pts',(19.8544562273538,72.9969950804615,-3.40219271594213));
#6122=CARTESIAN_POINT('Ctrl Pts',(18.3077171251804,94.0563294873422,-3.26564142554685));
#6123=CARTESIAN_POINT('Ctrl Pts',(14.5468423458247,117.923615438366,-2.40677944390428));
#6124=CARTESIAN_POINT('Ctrl Pts',(10.2443010590901,144.100493743393,-1.35374302643309));
#6125=CARTESIAN_POINT('Ctrl Pts',(7.34140218933139,164.758054929965,-0.653396317652454));
#6126=CARTESIAN_POINT('Ctrl Pts',(5.09376648794483,186.343983302655,-0.146209536027221));
#6127=CARTESIAN_POINT('Ctrl Pts',(4.05541818817172,201.313992126386,0.0561214587096063));
#6128=CARTESIAN_POINT('Ctrl Pts',(3.56566811768064,208.943214931534,0.150192507153979));
#6129=CARTESIAN_POINT('Ctrl Pts',(2.09046898730811,14.5449780647965,3.91411312942348));
#6130=CARTESIAN_POINT('Ctrl Pts',(2.89706808971431,16.0079453899091,3.58396379468227));
#6131=CARTESIAN_POINT('Ctrl Pts',(4.68988947005128,19.0361412751578,2.87058889938912));
#6132=CARTESIAN_POINT('Ctrl Pts',(8.92422052584772,25.4900362040522,1.25438087436667));
#6133=CARTESIAN_POINT('Ctrl Pts',(13.5988329057458,32.4893572272664,-0.473274937954691));
#6134=CARTESIAN_POINT('Ctrl Pts',(17.1670822881519,40.0229695113849,-1.82437007153254));
#6135=CARTESIAN_POINT('Ctrl Pts',(18.9880798964729,45.9691860513228,-2.55691326161235));
#6136=CARTESIAN_POINT('Ctrl Pts',(19.8570637060349,52.2421474376227,-2.98078701447092));
#6137=CARTESIAN_POINT('Ctrl Pts',(20.003775097937,61.0529869931687,-3.21895611683782));
#6138=CARTESIAN_POINT('Ctrl Pts',(19.8738856790539,72.9967964038423,-3.40884850474689));
#6139=CARTESIAN_POINT('Ctrl Pts',(18.3260321660065,94.0559602375307,-3.27173028989266));
#6140=CARTESIAN_POINT('Ctrl Pts',(14.5625938206878,117.923221352601,-2.41234880505059));
#6141=CARTESIAN_POINT('Ctrl Pts',(10.2570131564658,144.100183075755,-1.35881191325227));
#6142=CARTESIAN_POINT('Ctrl Pts',(7.35193716113716,164.757837109492,-0.658089062041436));
#6143=CARTESIAN_POINT('Ctrl Pts',(5.10241773392592,186.343871998512,-0.150519364945025));
#6144=CARTESIAN_POINT('Ctrl Pts',(4.06302435516997,201.313953852628,0.0520722519458752));
#6145=CARTESIAN_POINT('Ctrl Pts',(3.57275671579722,208.94321493155,0.146273653987361));
#6146=CARTESIAN_POINT('Ctrl Pts',(2.09606047435195,14.5450884155294,3.90814988127158));
#6147=CARTESIAN_POINT('Ctrl Pts',(2.90300384620071,16.0080800291808,3.57805639060059));
#6148=CARTESIAN_POINT('Ctrl Pts',(4.69657335605375,19.0363209582931,2.86479577821216));
#6149=CARTESIAN_POINT('Ctrl Pts',(8.93261319623742,25.4902855077905,1.24882609675166));
#6150=CARTESIAN_POINT('Ctrl Pts',(13.6090570615593,32.4896218901743,-0.478582563957473));
#6151=CARTESIAN_POINT('Ctrl Pts',(17.1786925455902,40.0231827644511,-1.82944279958101));
#6152=CARTESIAN_POINT('Ctrl Pts',(19.0003963088388,45.9693367683191,-2.56182089923951));
#6153=CARTESIAN_POINT('Ctrl Pts',(19.8697173979322,52.2422220439118,-2.98554276035498));
#6154=CARTESIAN_POINT('Ctrl Pts',(20.0164813100812,61.0529606906672,-3.22352542995575));
#6155=CARTESIAN_POINT('Ctrl Pts',(19.8864942645198,72.9966663781954,-3.41319344559715));
#6156=CARTESIAN_POINT('Ctrl Pts',(18.3378951234114,94.0557185857178,-3.27574329236527));
#6157=CARTESIAN_POINT('Ctrl Pts',(14.5727632295917,117.922963297746,-2.4160722290937));
#6158=CARTESIAN_POINT('Ctrl Pts',(10.2651777855329,144.099979468592,-1.36226199162283));
#6159=CARTESIAN_POINT('Ctrl Pts',(7.35866520583856,164.75769423454,-0.6613328324897));
#6160=CARTESIAN_POINT('Ctrl Pts',(5.10790114485519,186.343798920338,-0.153550073620762));
#6161=CARTESIAN_POINT('Ctrl Pts',(4.06781587707891,201.313928715981,0.0491887438022371));
#6162=CARTESIAN_POINT('Ctrl Pts',(3.5772055401944,208.943214931564,0.143463793418151));
#6163=CARTESIAN_POINT('Ctrl Pts',(2.09864063091813,14.5451393631106,3.90539756004701));
#6164=CARTESIAN_POINT('Ctrl Pts',(2.9057429222052,16.0081421998107,3.57532998092392));
#6165=CARTESIAN_POINT('Ctrl Pts',(4.69965785141936,19.0364039596235,2.86212252326038));
#6166=CARTESIAN_POINT('Ctrl Pts',(8.93648689471495,25.4904007599663,1.24626414225509));
#6167=CARTESIAN_POINT('Ctrl Pts',(13.6137767521152,32.4897443290919,-0.481028877867956));
#6168=CARTESIAN_POINT('Ctrl Pts',(17.1840520821955,40.0232814619106,-1.83178013860643));
#6169=CARTESIAN_POINT('Ctrl Pts',(19.0060814068016,45.9694065410825,-2.56408237876927));
#6170=CARTESIAN_POINT('Ctrl Pts',(19.8755573238617,52.2422565873523,-2.98773531190181));
#6171=CARTESIAN_POINT('Ctrl Pts',(20.0223438468462,61.0529485109588,-3.22563439234254));
#6172=CARTESIAN_POINT('Ctrl Pts',(19.8923094953627,72.9966061896963,-3.41520230123661));
#6173=CARTESIAN_POINT('Ctrl Pts',(18.3433618721944,94.055606727069,-3.27760578052025));
#6174=CARTESIAN_POINT('Ctrl Pts',(14.5774427520367,117.922843816621,-2.41781009999958));
#6175=CARTESIAN_POINT('Ctrl Pts',(10.2689260436938,144.099885162208,-1.36388343716632));
#6176=CARTESIAN_POINT('Ctrl Pts',(7.36174603319182,164.75762803454,-0.662866199882797));
#6177=CARTESIAN_POINT('Ctrl Pts',(5.11040338105865,186.343765046223,-0.154991824788314));
#6178=CARTESIAN_POINT('Ctrl Pts',(4.06999619569742,201.31391706297,0.0478107589344748));
#6179=CARTESIAN_POINT('Ctrl Pts',(3.57922640805091,208.943214931565,0.142117732870667));
#6180=CARTESIAN_POINT('Ctrl Pts',(2.09971560814366,14.5451605940488,3.90425075064132));
#6181=CARTESIAN_POINT('Ctrl Pts',(2.90688412030727,16.0081681092166,3.57419399086469));
#6182=CARTESIAN_POINT('Ctrl Pts',(4.70094299660034,19.0364385554385,2.86100874939207));
#6183=CARTESIAN_POINT('Ctrl Pts',(8.93810096607566,25.4904488137328,1.24519696034968));
#6184=CARTESIAN_POINT('Ctrl Pts',(13.6157434395796,32.4897953939622,-0.48204761211212));
#6185=CARTESIAN_POINT('Ctrl Pts',(17.1862853913552,40.0233226321593,-1.83275337217407));
#6186=CARTESIAN_POINT('Ctrl Pts',(19.0084503059795,45.9694356488642,-2.56502406050621));
#6187=CARTESIAN_POINT('Ctrl Pts',(19.8779905924247,52.2422709990533,-2.98864846906874));
#6188=CARTESIAN_POINT('Ctrl Pts',(20.0247862586109,61.0529434292133,-3.22651313210744));
#6189=CARTESIAN_POINT('Ctrl Pts',(19.8947318183868,72.9965810812489,-3.41603989712084));
#6190=CARTESIAN_POINT('Ctrl Pts',(18.3456382545517,94.0555600639654,-3.27838353064312));
#6191=CARTESIAN_POINT('Ctrl Pts',(14.5793901825077,117.922793968741,-2.41853741361954));
#6192=CARTESIAN_POINT('Ctrl Pts',(10.2704844332045,144.099845811449,-1.36456385636618));
#6193=CARTESIAN_POINT('Ctrl Pts',(7.36302557856202,164.757600407648,-0.663511111705829));
#6194=CARTESIAN_POINT('Ctrl Pts',(5.11144114588067,186.343750907371,-0.155599675267627));
#6195=CARTESIAN_POINT('Ctrl Pts',(4.07089939342065,201.313912198772,0.0472287915264948));
#6196=CARTESIAN_POINT('Ctrl Pts',(3.58006294805264,208.943214931565,0.141548719470659));
#6197=CARTESIAN_POINT('Ctrl Pts',(2.10046804609812,14.5451754571814,3.9034479792729));
#6198=CARTESIAN_POINT('Ctrl Pts',(2.9076829155263,16.0081862484429,3.57339880523438));
#6199=CARTESIAN_POINT('Ctrl Pts',(4.70184256614674,19.0364627788508,2.86022915004001));
#6200=CARTESIAN_POINT('Ctrl Pts',(8.93923083230966,25.4904824681426,1.24445008766825));
#6201=CARTESIAN_POINT('Ctrl Pts',(13.617120197991,32.4898311647583,-0.482760437117459));
#6202=CARTESIAN_POINT('Ctrl Pts',(17.1878487945523,40.0233514754606,-1.83343429835584));
#6203=CARTESIAN_POINT('Ctrl Pts',(19.0101085910499,45.969456042947,-2.56568292856899));
#6204=CARTESIAN_POINT('Ctrl Pts',(19.8796938607714,52.242281096927,-2.98928747130232));
#6205=CARTESIAN_POINT('Ctrl Pts',(20.026495782595,61.0529398684507,-3.22712825263123));
#6206=CARTESIAN_POINT('Ctrl Pts',(19.8964270752133,72.9965634896484,-3.4166265170373));
#6207=CARTESIAN_POINT('Ctrl Pts',(18.3472309647339,94.055527370756,-3.27892884625584));
#6208=CARTESIAN_POINT('Ctrl Pts',(14.5807521170422,117.922759041593,-2.41904820847379));
#6209=CARTESIAN_POINT('Ctrl Pts',(10.2715735003935,144.09981823629,-1.36504266565064));
#6210=CARTESIAN_POINT('Ctrl Pts',(7.36391906238795,164.757581045967,-0.663965680033104));
#6211=CARTESIAN_POINT('Ctrl Pts',(5.11216500849005,186.343740997261,-0.156028882030866));
#6212=CARTESIAN_POINT('Ctrl Pts',(4.07152882340585,201.313908789316,0.0468173404553408));
#6213=CARTESIAN_POINT('Ctrl Pts',(3.58064560440904,208.943214931565,0.141146159532177));
#6214=CARTESIAN_POINT('Ctrl Pts',(2.1008979974884,14.5451839508241,3.90298925140943));
#6215=CARTESIAN_POINT('Ctrl Pts',(2.90813935708995,16.008196614445,3.57294441489369));
#6216=CARTESIAN_POINT('Ctrl Pts',(4.70235659716376,19.0364766225379,2.85978367683428));
#6217=CARTESIAN_POINT('Ctrl Pts',(8.93987647548574,25.4905017041219,1.24402334621007));
#6218=CARTESIAN_POINT('Ctrl Pts',(13.6179069432938,32.4898516127473,-0.483167682640429));
#6219=CARTESIAN_POINT('Ctrl Pts',(17.1887421975059,40.0233679645765,-1.83382330229733));
#6220=CARTESIAN_POINT('Ctrl Pts',(19.0110562018731,45.9694677023401,-2.56605933725948));
#6221=CARTESIAN_POINT('Ctrl Pts',(19.8806671542887,52.2422868700914,-2.98965255701407));
#6222=CARTESIAN_POINT('Ctrl Pts',(20.0274726054222,61.0529378326898,-3.22747975345704));
#6223=CARTESIAN_POINT('Ctrl Pts',(19.8973956907867,72.9965534327336,-3.41696181457761));
#6224=CARTESIAN_POINT('Ctrl Pts',(18.3481408642997,94.0555086804366,-3.27924071130472));
#6225=CARTESIAN_POINT('Ctrl Pts',(14.5815300071776,117.922739073369,-2.41934056622479));
#6226=CARTESIAN_POINT('Ctrl Pts',(10.272195309701,144.099802470353,-1.36531698552113));
#6227=CARTESIAN_POINT('Ctrl Pts',(7.3644289903906,164.757569975405,-0.664226325501635));
#6228=CARTESIAN_POINT('Ctrl Pts',(5.11257790372628,186.343735330513,-0.156275200022418));
#6229=CARTESIAN_POINT('Ctrl Pts',(4.0718876936145,201.31390683965,0.046581067187428));
#6230=CARTESIAN_POINT('Ctrl Pts',(3.58097770998907,208.943214931565,0.14091491466257));
#6231=CARTESIAN_POINT('Ctrl Pts',(2.10122045446113,14.545190321269,3.90264520480512));
#6232=CARTESIAN_POINT('Ctrl Pts',(2.90848168295751,16.0082043893943,3.57260362450231));
#6233=CARTESIAN_POINT('Ctrl Pts',(4.70274211538512,19.0364870063964,2.85944957822654));
#6234=CARTESIAN_POINT('Ctrl Pts',(8.94036071019129,25.4905161335284,1.24370331601025));
#6235=CARTESIAN_POINT('Ctrl Pts',(13.6184970082989,32.4898669521666,-0.483473072933427));
#6236=CARTESIAN_POINT('Ctrl Pts',(17.1894122562755,40.0233803345379,-1.83411500334774));
#6237=CARTESIAN_POINT('Ctrl Pts',(19.0117669144517,45.9694764491996,-2.56634159366178));
#6238=CARTESIAN_POINT('Ctrl Pts',(19.8813971185352,52.242291201109,-2.98992633589627));
#6239=CARTESIAN_POINT('Ctrl Pts',(20.0282052014387,61.0529363053238,-3.22774337291002));
#6240=CARTESIAN_POINT('Ctrl Pts',(19.8981220948213,72.9965458878098,-3.41721332647271));
#6241=CARTESIAN_POINT('Ctrl Pts',(18.3488231844758,94.0554946586216,-3.2794747328033));
#6242=CARTESIAN_POINT('Ctrl Pts',(14.5821132329112,117.922724092549,-2.41956007109544));
#6243=CARTESIAN_POINT('Ctrl Pts',(10.2726613991112,144.099790641865,-1.36552308300139));
#6244=CARTESIAN_POINT('Ctrl Pts',(7.36481112163788,164.75756166943,-0.664422255034126));
#6245=CARTESIAN_POINT('Ctrl Pts',(5.112887203884,186.343731078756,-0.156460466879565));
#6246=CARTESIAN_POINT('Ctrl Pts',(4.07215643449724,201.313905376887,0.0464032823793561));
#6247=CARTESIAN_POINT('Ctrl Pts',(3.58122636743678,208.943214931565,0.140740876224711));
#6248=CARTESIAN_POINT('Ctrl Pts',(2.10154290486085,14.5451966919265,3.90230115754912));
#6249=CARTESIAN_POINT('Ctrl Pts',(2.90882400047962,16.0082121645592,3.57226283190154));
#6250=CARTESIAN_POINT('Ctrl Pts',(4.70312763035293,19.0364973907246,2.85911548494215));
#6251=CARTESIAN_POINT('Ctrl Pts',(8.94084494781081,25.490530565332,1.24338329815449));
#6252=CARTESIAN_POINT('Ctrl Pts',(13.6190870977166,32.4898822958005,-0.483778428961277));
#6253=CARTESIAN_POINT('Ctrl Pts',(17.1900823430554,40.0233927088327,-1.83440666614604));
#6254=CARTESIAN_POINT('Ctrl Pts',(19.0124776446399,45.9694851996494,-2.56662382124383));
#6255=CARTESIAN_POINT('Ctrl Pts',(19.8821270882194,52.242295534136,-2.99020009957891));
#6256=CARTESIAN_POINT('Ctrl Pts',(20.0289377679471,61.0529347775356,-3.22800700871449));
#6257=CARTESIAN_POINT('Ctrl Pts',(19.898848456756,72.9965383405772,-3.41746489175653));
#6258=CARTESIAN_POINT('Ctrl Pts',(18.3495053835349,94.0554806323693,-3.27970889006929));
#6259=CARTESIAN_POINT('Ctrl Pts',(14.5826962977543,117.922709106421,-2.41977981748881));
#6260=CARTESIAN_POINT('Ctrl Pts',(10.2731272442974,144.099778808548,-1.3657295375468));
#6261=CARTESIAN_POINT('Ctrl Pts',(7.3651929282588,164.757553359583,-0.664618627507284));
#6262=CARTESIAN_POINT('Ctrl Pts',(5.11319613091268,186.343726824737,-0.156646258500441));
#6263=CARTESIAN_POINT('Ctrl Pts',(4.0724247840472,201.313903913137,0.0462249212852682));
#6264=CARTESIAN_POINT('Ctrl Pts',(3.5814746013467,208.943214931565,0.14056623595174));
#6265=CARTESIAN_POINT('Ctrl Pts',(2.10186534870892,14.5452030627992,3.9019571095021));
#6266=CARTESIAN_POINT('Ctrl Pts',(2.90916631614806,16.0082199404427,3.57192204682783));
#6267=CARTESIAN_POINT('Ctrl Pts',(4.70351313842125,19.0365077768664,2.85878139921104));
#6268=CARTESIAN_POINT('Ctrl Pts',(8.94132918762725,25.490544999678,1.24306332222404));
#6269=CARTESIAN_POINT('Ctrl Pts',(13.6196771737081,32.4898976421249,-0.484083728463749));
#6270=CARTESIAN_POINT('Ctrl Pts',(17.1907524137389,40.0234050850312,-1.8346982593115));
#6271=CARTESIAN_POINT('Ctrl Pts',(19.0131883658342,45.9694939510812,-2.56690597256157));
#6272=CARTESIAN_POINT('Ctrl Pts',(19.8828570403988,52.2422998673811,-2.99047380308874));
#6273=CARTESIAN_POINT('Ctrl Pts',(20.0296703230435,61.0529332490195,-3.22827061229478));
#6274=CARTESIAN_POINT('Ctrl Pts',(19.8995747441619,72.9965307911148,-3.41771647690772));
#6275=CARTESIAN_POINT('Ctrl Pts',(18.3501874955568,94.0554666023267,-3.27994315529113));
#6276=CARTESIAN_POINT('Ctrl Pts',(14.5832791353768,117.922694116246,-2.41999979086002));
#6277=CARTESIAN_POINT('Ctrl Pts',(10.2735927938585,144.099766971982,-1.36593634663996));
#6278=CARTESIAN_POINT('Ctrl Pts',(7.36557442753439,164.757545047523,-0.664815447023617));
#6279=CARTESIAN_POINT('Ctrl Pts',(5.11350468473233,186.343722569615,-0.156832580359028));
#6280=CARTESIAN_POINT('Ctrl Pts',(4.07269269523872,201.313902449365,0.0460459805671887));
#6281=CARTESIAN_POINT('Ctrl Pts',(3.58172241097327,208.943214931566,0.140390990164302));
#6282=CARTESIAN_POINT('Ctrl Pts',(2.10218778597015,14.5452094338833,3.90161306097259));
#6283=CARTESIAN_POINT('Ctrl Pts',(2.90950861690113,16.0082277160313,3.571581249699));
#6284=CARTESIAN_POINT('Ctrl Pts',(4.70389864692038,19.0365181621158,2.85844731642991));
#6285=CARTESIAN_POINT('Ctrl Pts',(8.94181343101988,25.4905594362494,1.2427433281075));
#6286=CARTESIAN_POINT('Ctrl Pts',(13.620267312233,32.4899129941663,-0.484389017671159));
#6287=CARTESIAN_POINT('Ctrl Pts',(17.1914225568226,40.0234174679857,-1.83498984773764));
#6288=CARTESIAN_POINT('Ctrl Pts',(19.0138991312973,45.9695027087185,-2.56718814462932));
#6289=CARTESIAN_POINT('Ctrl Pts',(19.883587020894,52.2423042044394,-2.99074753821341));
#6290=CARTESIAN_POINT('Ctrl Pts',(20.0304028300142,61.052931720409,-3.22853428152202));
#6291=CARTESIAN_POINT('Ctrl Pts',(19.9003010213987,72.9965232392791,-3.41796815015983));
#6292=CARTESIAN_POINT('Ctrl Pts',(18.3508694509557,94.0554525672134,-3.28017758289373));
#6293=CARTESIAN_POINT('Ctrl Pts',(14.5838618767881,117.92267911951,-2.42022002039887));
#6294=CARTESIAN_POINT('Ctrl Pts',(10.2740581480666,144.099755128997,-1.36614351388595));
#6295=CARTESIAN_POINT('Ctrl Pts',(7.36595558142024,164.757536729919,-0.665012701482025));
#6296=CARTESIAN_POINT('Ctrl Pts',(5.11381286151051,186.34371831106,-0.157019417432186));
#6297=CARTESIAN_POINT('Ctrl Pts',(4.07296025797956,201.313900983643,0.0458664701185011));
#6298=CARTESIAN_POINT('Ctrl Pts',(3.58196979324187,208.943214931565,0.140215150753419));
#6299=CARTESIAN_POINT('Ctrl Pts',(2.10240273982287,14.5452136814215,3.90138369443184));
#6300=CARTESIAN_POINT('Ctrl Pts',(2.90973682607586,16.0082329010021,3.57135407111639));
#6301=CARTESIAN_POINT('Ctrl Pts',(4.7041556424833,19.0365250888679,2.85822460302569));
#6302=CARTESIAN_POINT('Ctrl Pts',(8.94213626043322,25.4905690625694,1.242530071779));
#6303=CARTESIAN_POINT('Ctrl Pts',(13.6206606715477,32.4899232283794,-0.484592470550548));
#6304=CARTESIAN_POINT('Ctrl Pts',(17.1918692412448,40.0234257209073,-1.83518414386086));
#6305=CARTESIAN_POINT('Ctrl Pts',(19.0143729287137,45.9695085438672,-2.56737613506066));
#6306=CARTESIAN_POINT('Ctrl Pts',(19.8840736282554,52.2423070932519,-2.99092991883988));
#6307=CARTESIAN_POINT('Ctrl Pts',(20.0308911882274,61.0529307003755,-3.22870996677424));
#6308=CARTESIAN_POINT('Ctrl Pts',(19.9007851075594,72.9965182033382,-3.41813589386364));
#6309=CARTESIAN_POINT('Ctrl Pts',(18.351324082148,94.0554432088977,-3.28033390054684));
#6310=CARTESIAN_POINT('Ctrl Pts',(14.5842501192058,117.922669120867,-2.42036696836357));
#6311=CARTESIAN_POINT('Ctrl Pts',(10.2743681095482,144.099747233886,-1.36628185845577));
#6312=CARTESIAN_POINT('Ctrl Pts',(7.36620950609305,164.757531185873,-0.665144512955758));
#6313=CARTESIAN_POINT('Ctrl Pts',(5.11401806453604,186.343715473039,-0.157144341211361));
#6314=CARTESIAN_POINT('Ctrl Pts',(4.0731382701851,201.313900007935,0.0457464029592376));
#6315=CARTESIAN_POINT('Ctrl Pts',(3.58213443161359,208.943214931566,0.140097510903108));
#6316=CARTESIAN_POINT('Ctrl Pts',(2.13039613979888,14.5457668506587,3.8715131359894));
#6317=CARTESIAN_POINT('Ctrl Pts',(2.93945557731941,16.0089080997998,3.54176760679833));
#6318=CARTESIAN_POINT('Ctrl Pts',(4.73762486218063,19.0374270390234,2.82922041808963));
#6319=CARTESIAN_POINT('Ctrl Pts',(8.9841792233528,25.4918228435549,1.2147550158944));
#6320=CARTESIAN_POINT('Ctrl Pts',(13.6718949967717,32.49125647929,-0.511090528435691));
#6321=CARTESIAN_POINT('Ctrl Pts',(17.2500492790871,40.0245010511541,-1.86049065735715));
#6322=CARTESIAN_POINT('Ctrl Pts',(19.07608109239,45.9702689729363,-2.59186275206365));
#6323=CARTESIAN_POINT('Ctrl Pts',(19.9474489210423,52.2426836244052,-3.01468595916546));
#6324=CARTESIAN_POINT('Ctrl Pts',(20.0944870389598,61.0527978496145,-3.2515938608324));
#6325=CARTESIAN_POINT('Ctrl Pts',(19.9638311009657,72.9958622211537,-3.43998722439796));
#6326=CARTESIAN_POINT('Ctrl Pts',(18.4105208909426,94.0542241377145,-3.30069680214553));
#6327=CARTESIAN_POINT('Ctrl Pts',(14.6348135105952,117.921366547636,-2.43951613057608));
#6328=CARTESIAN_POINT('Ctrl Pts',(10.3147308231702,144.098718603539,-1.3843129072126));
#6329=CARTESIAN_POINT('Ctrl Pts',(7.39926088812843,164.756808782533,-0.682324379952029));
#6330=CARTESIAN_POINT('Ctrl Pts',(5.14072464245354,186.343345619774,-0.17343076352331));
#6331=CARTESIAN_POINT('Ctrl Pts',(4.09630969353239,201.313772761868,0.0300884467821169));
#6332=CARTESIAN_POINT('Ctrl Pts',(3.60355604399669,208.943214931158,0.124756653467308));
#6333=CARTESIAN_POINT('Ctrl Pts',(2.18493421226283,14.5466747946643,3.80884995602249));
#6334=CARTESIAN_POINT('Ctrl Pts',(2.99714289975753,16.010021525212,3.47885040795314));
#6335=CARTESIAN_POINT('Ctrl Pts',(4.80218284086569,19.0389317813561,2.76571777760824));
#6336=CARTESIAN_POINT('Ctrl Pts',(9.06452114902031,25.493965414224,1.14980782778032));
#6337=CARTESIAN_POINT('Ctrl Pts',(13.7692068770347,32.4935846236277,-0.577606823178621));
#6338=CARTESIAN_POINT('Ctrl Pts',(17.3600651322519,40.0264044470052,-1.92792438462551));
#6339=CARTESIAN_POINT('Ctrl Pts',(19.1924272159348,45.9716266513874,-2.65951601972734));
#6340=CARTESIAN_POINT('Ctrl Pts',(20.066585406659,52.2433597964789,-3.08204896305845));
#6341=CARTESIAN_POINT('Ctrl Pts',(20.2135332728923,61.0525587138094,-3.31803755797078));
#6342=CARTESIAN_POINT('Ctrl Pts',(20.0811956687683,72.9946911286471,-3.50508259181757));
#6343=CARTESIAN_POINT('Ctrl Pts',(18.5195322276367,94.0520476181797,-3.36288070599466));
#6344=CARTESIAN_POINT('Ctrl Pts',(14.7263520454329,117.919022209308,-2.49755685816828));
#6345=CARTESIAN_POINT('Ctrl Pts',(10.3857982395536,144.096845674787,-1.4378289424798));
#6346=CARTESIAN_POINT('Ctrl Pts',(7.45561662920141,164.755479363564,-0.732550698610794));
#6347=CARTESIAN_POINT('Ctrl Pts',(5.18421012973641,186.342657293483,-0.220632500489935));
#6348=CARTESIAN_POINT('Ctrl Pts',(4.13253885491854,201.31353551642,-0.0152849728214521));
#6349=CARTESIAN_POINT('Ctrl Pts',(3.63618916785822,208.94321492983,0.0802911895101454));
#6350=CARTESIAN_POINT('Ctrl Pts',(2.26033540739191,14.5472109590082,3.70692388252869));
#6351=CARTESIAN_POINT('Ctrl Pts',(3.07568734323128,16.0107049262434,3.37447014490306));
#6352=CARTESIAN_POINT('Ctrl Pts',(4.88770668463287,19.0399412175027,2.65598395504641));
#6353=CARTESIAN_POINT('Ctrl Pts',(9.16648802980576,25.4956500251448,1.02778906956658));
#6354=CARTESIAN_POINT('Ctrl Pts',(13.8890797825923,32.4956517926273,-0.712778852773404));
#6355=CARTESIAN_POINT('Ctrl Pts',(17.4926941140113,40.0282139343012,-2.07284610170178));
#6356=CARTESIAN_POINT('Ctrl Pts',(19.3307492530932,45.9729709208399,-2.80922866070792));
#6357=CARTESIAN_POINT('Ctrl Pts',(20.2063056090074,52.2440470082365,-3.2337763841844));
#6358=CARTESIAN_POINT('Ctrl Pts',(20.3504971735964,61.0523124156131,-3.46948145985432));
#6359=CARTESIAN_POINT('Ctrl Pts',(20.2128106532065,72.9935309980476,-3.65498949174699));
#6360=CARTESIAN_POINT('Ctrl Pts',(18.6356872128636,94.0498913043635,-3.5059692886727));
#6361=CARTESIAN_POINT('Ctrl Pts',(14.8159166283667,117.916614083525,-2.6267888495534));
#6362=CARTESIAN_POINT('Ctrl Pts',(10.4450845042926,144.094823554051,-1.55090989232154));
#6363=CARTESIAN_POINT('Ctrl Pts',(7.49296269141969,164.753980972269,-0.834034687316308));
#6364=CARTESIAN_POINT('Ctrl Pts',(5.20185440868021,186.341847427981,-0.311968101685392));
#6365=CARTESIAN_POINT('Ctrl Pts',(4.13865996222382,201.313254586969,-0.10089241557927));
#6366=CARTESIAN_POINT('Ctrl Pts',(3.63658494833694,208.943214928786,-0.00247681551554046));
#6367=CARTESIAN_POINT('Ctrl Pts',(2.32719115898502,14.5467545577321,3.59935306310904));
#6368=CARTESIAN_POINT('Ctrl Pts',(3.1435197002551,16.01019807502,3.2629541768666));
#6369=CARTESIAN_POINT('Ctrl Pts',(4.95791712183077,19.0394315278467,2.53583123594879));
#6370=CARTESIAN_POINT('Ctrl Pts',(9.24298921929008,25.4954295841648,0.887709180301844));
#6371=CARTESIAN_POINT('Ctrl Pts',(13.9728023857433,32.4958971717467,-0.874286297588205));
#6372=CARTESIAN_POINT('Ctrl Pts',(17.5804947951777,40.0286604522704,-2.25016694915468));
#6373=CARTESIAN_POINT('Ctrl Pts',(19.4192261514338,45.9734001057622,-2.99422707858104));
#6374=CARTESIAN_POINT('Ctrl Pts',(20.2928088043083,52.2442976895885,-3.42183503569611));
#6375=CARTESIAN_POINT('Ctrl Pts',(20.4315238376269,61.0522173174399,-3.65667008230314));
#6376=CARTESIAN_POINT('Ctrl Pts',(20.2858099547327,72.9931576626599,-3.83909694008863));
#6377=CARTESIAN_POINT('Ctrl Pts',(18.6915484507753,94.0491968423171,-3.67783660415438));
#6378=CARTESIAN_POINT('Ctrl Pts',(14.8476699479463,117.915689509933,-2.77460740638056));
#6379=CARTESIAN_POINT('Ctrl Pts',(10.4503931786471,144.093882148999,-1.67080505133259));
#6380=CARTESIAN_POINT('Ctrl Pts',(7.47890164980059,164.753182856225,-0.933834169081304));
#6381=CARTESIAN_POINT('Ctrl Pts',(5.16980352990443,186.341364508811,-0.394079251028679));
#6382=CARTESIAN_POINT('Ctrl Pts',(4.09561392483794,201.313084823541,-0.172939360109264));
#6383=CARTESIAN_POINT('Ctrl Pts',(3.58806485185683,208.943214927718,-0.0695327394009222));
#6384=CARTESIAN_POINT('Ctrl Pts',(2.36518845276906,14.5457438546138,3.5257914359389));
#6385=CARTESIAN_POINT('Ctrl Pts',(3.18046839707518,16.0090088603076,3.18626934791236));
#6386=CARTESIAN_POINT('Ctrl Pts',(4.9927979752383,19.0379908541415,2.45224866892345));
#6387=CARTESIAN_POINT('Ctrl Pts',(9.27386114386049,25.4938586008408,0.78801180720897));
#6388=CARTESIAN_POINT('Ctrl Pts',(13.9997727953027,32.4946528820937,-0.991428207742945));
#6389=CARTESIAN_POINT('Ctrl Pts',(17.6033514172182,40.0278793683592,-2.37989779126556));
#6390=CARTESIAN_POINT('Ctrl Pts',(19.4388141960442,45.9729497748946,-3.12977119630297));
#6391=CARTESIAN_POINT('Ctrl Pts',(20.3089133348444,52.2441094576292,-3.5591810810272));
#6392=CARTESIAN_POINT('Ctrl Pts',(20.4427581512689,61.0522777739939,-3.79211726988608));
#6393=CARTESIAN_POINT('Ctrl Pts',(20.2908544641705,72.9935402064327,-3.97042966378565));
#6394=CARTESIAN_POINT('Ctrl Pts',(18.686287536486,94.0499068870188,-3.79621172913728));
#6395=CARTESIAN_POINT('Ctrl Pts',(14.8314214955895,117.916284179727,-2.86971971643529));
#6396=CARTESIAN_POINT('Ctrl Pts',(10.4228841451273,144.094161950997,-1.73926208562404));
#6397=CARTESIAN_POINT('Ctrl Pts',(7.44296777087353,164.753256744709,-0.983030270204768));
#6398=CARTESIAN_POINT('Ctrl Pts',(5.12556011307654,186.341336478698,-0.426105113366136));
#6399=CARTESIAN_POINT('Ctrl Pts',(4.04591842346011,201.313072377387,-0.195020858511989));
#6400=CARTESIAN_POINT('Ctrl Pts',(3.53564207376527,208.943214926659,-0.0866777961630892));
#6401=CARTESIAN_POINT('Ctrl Pts',(2.38402716774478,14.5450078014079,3.48579049049993));
#6402=CARTESIAN_POINT('Ctrl Pts',(3.19824595365859,16.0081361211584,3.1445870328441));
#6403=CARTESIAN_POINT('Ctrl Pts',(5.00838626877527,19.0369107099655,2.40682904757113));
#6404=CARTESIAN_POINT('Ctrl Pts',(9.28482880821264,25.4926074414164,0.733784074283782));
#6405=CARTESIAN_POINT('Ctrl Pts',(14.0060052897263,32.4935705578505,-1.0552343640625));
#6406=CARTESIAN_POINT('Ctrl Pts',(17.6053705495122,40.0271367456482,-2.45050285533442));
#6407=CARTESIAN_POINT('Ctrl Pts',(19.4380507335518,45.9724846906207,-3.20339550346253));
#6408=CARTESIAN_POINT('Ctrl Pts',(20.3057804399682,52.2438998845104,-3.6335251037945));
#6409=CARTESIAN_POINT('Ctrl Pts',(20.436911923554,61.0523485968113,-3.86495317844067));
#6410=CARTESIAN_POINT('Ctrl Pts',(20.2817912361227,72.9939367218827,-4.04038659116906));
#6411=CARTESIAN_POINT('Ctrl Pts',(18.6727036320468,94.0506429444116,-3.85789349802988));
#6412=CARTESIAN_POINT('Ctrl Pts',(14.8142914213078,117.91697425357,-2.91721775961896));
#6413=CARTESIAN_POINT('Ctrl Pts',(10.4025074658467,144.094595371388,-1.77061742219257));
#6414=CARTESIAN_POINT('Ctrl Pts',(7.42007308966437,164.75348928876,-1.00269241542316));
#6415=CARTESIAN_POINT('Ctrl Pts',(5.09993011505536,186.341417261643,-0.435278477266912));
#6416=CARTESIAN_POINT('Ctrl Pts',(4.01831295951468,201.313098838257,-0.198065867990427));
#6417=CARTESIAN_POINT('Ctrl Pts',(3.50704709176965,208.943214926267,-0.0866744129111843));
#6418=CARTESIAN_POINT('Ctrl Pts',(2.38709385908186,14.5448842488195,3.47922289075686));
#6419=CARTESIAN_POINT('Ctrl Pts',(3.20113154102244,16.0079895850723,3.13774389552283));
#6420=CARTESIAN_POINT('Ctrl Pts',(5.01089675466389,19.0367291598427,2.39937346803836));
#6421=CARTESIAN_POINT('Ctrl Pts',(9.28654606421435,25.4923965245717,0.72488498600093));
#6422=CARTESIAN_POINT('Ctrl Pts',(14.006907221034,32.4933873492213,-1.06570312762542));
#6423=CARTESIAN_POINT('Ctrl Pts',(17.6055522898484,40.0270105419684,-2.46208592043196));
#6424=CARTESIAN_POINT('Ctrl Pts',(19.4377612876913,45.9724053692882,-3.21547351203493));
#6425=CARTESIAN_POINT('Ctrl Pts',(20.3050948173053,52.2438640202834,-3.64572098530699));
#6426=CARTESIAN_POINT('Ctrl Pts',(20.4357793704136,61.0523606695425,-3.87690206046145));
#6427=CARTESIAN_POINT('Ctrl Pts',(20.2801324260422,72.9940043271396,-4.05186234726748));
#6428=CARTESIAN_POINT('Ctrl Pts',(18.6703170230369,94.0507684749261,-3.86801269622225));
#6429=CARTESIAN_POINT('Ctrl Pts',(14.8113580098327,117.91709244158,-2.92500888210811));
#6430=CARTESIAN_POINT('Ctrl Pts',(10.3990817843562,144.094670259293,-1.77576095815182));
#6431=CARTESIAN_POINT('Ctrl Pts',(7.41626269545715,164.75353000057,-1.00591897722729));
#6432=CARTESIAN_POINT('Ctrl Pts',(5.09569636123979,186.341431773546,-0.436784150230718));
#6433=CARTESIAN_POINT('Ctrl Pts',(4.01376961148657,201.313103592064,-0.198565398530019));
#6434=CARTESIAN_POINT('Ctrl Pts',(3.50234785938001,208.943214926272,-0.0866745689730633));
#6435=CARTESIAN_POINT('Ctrl Pts',(2.39085975246618,14.544723179162,3.47101891918216));
#6436=CARTESIAN_POINT('Ctrl Pts',(3.20465319524015,16.0077983873705,3.12919746183297));
#6437=CARTESIAN_POINT('Ctrl Pts',(5.01391105855662,19.0364917403686,2.39006564188301));
#6438=CARTESIAN_POINT('Ctrl Pts',(9.28848021008664,25.4921190247452,0.713782006552413));
#6439=CARTESIAN_POINT('Ctrl Pts',(14.0077275636322,32.4931443490357,-1.07875875021476));
#6440=CARTESIAN_POINT('Ctrl Pts',(17.6054006878808,40.0268419209707,-2.47652736549396));
#6441=CARTESIAN_POINT('Ctrl Pts',(19.4369841507272,45.9722987398533,-3.23053001919845));
#6442=CARTESIAN_POINT('Ctrl Pts',(20.3038052197349,52.243815570061,-3.66092320829162));
#6443=CARTESIAN_POINT('Ctrl Pts',(20.433928792328,61.0523770663132,-3.89179511691362));
#6444=CARTESIAN_POINT('Ctrl Pts',(20.2776291268478,72.9940952547745,-4.06616518015781));
#6445=CARTESIAN_POINT('Ctrl Pts',(18.66694335799,94.0509372997,-3.88062322786856));
#6446=CARTESIAN_POINT('Ctrl Pts',(14.8073880208306,117.917252582613,-2.93471914498365));
#6447=CARTESIAN_POINT('Ctrl Pts',(10.3946005768663,144.094773294226,-1.78217180666439));
#6448=CARTESIAN_POINT('Ctrl Pts',(7.41137561926014,164.753587275721,-1.00994016735576));
#6449=CARTESIAN_POINT('Ctrl Pts',(5.09034441281553,186.341453067879,-0.438660713002162));
#6450=CARTESIAN_POINT('Ctrl Pts',(4.00806609570944,201.31311063396,-0.199188278282749));
#6451=CARTESIAN_POINT('Ctrl Pts',(3.49646760433418,208.943214926248,-0.0866744565789262));
#6452=CARTESIAN_POINT('Ctrl Pts',(2.39383211877279,14.544590391035,3.46446018783594));
#6453=CARTESIAN_POINT('Ctrl Pts',(3.20741958439177,16.0076406763314,3.12236626752599));
#6454=CARTESIAN_POINT('Ctrl Pts',(5.01624853334469,19.0362956077417,2.38262854227234));
#6455=CARTESIAN_POINT('Ctrl Pts',(9.28990093003041,25.4918888601309,0.704916081801505));
#6456=CARTESIAN_POINT('Ctrl Pts',(14.0082008050793,32.492941721434,-1.08917914021697));
#6457=CARTESIAN_POINT('Ctrl Pts',(17.6050536622049,40.0267006356818,-2.48805078776565));
#6458=CARTESIAN_POINT('Ctrl Pts',(19.4361149349697,45.9722090346096,-3.24254273281319));
#6459=CARTESIAN_POINT('Ctrl Pts',(20.3025156584292,52.2437746719005,-3.67305128880092));
#6460=CARTESIAN_POINT('Ctrl Pts',(20.4321888146229,61.0523909271279,-3.90367599221671));
#6461=CARTESIAN_POINT('Ctrl Pts',(20.2753701358714,72.9941717674618,-4.07757429498532));
#6462=CARTESIAN_POINT('Ctrl Pts',(18.6640110561071,94.0510793671343,-3.89068202204843));
#6463=CARTESIAN_POINT('Ctrl Pts',(14.8040312455706,117.917387998603,-2.94246424327768));
#6464=CARTESIAN_POINT('Ctrl Pts',(10.3908967816692,144.094861275242,-1.78728555191297));
#6465=CARTESIAN_POINT('Ctrl Pts',(7.40739140701804,164.753636859939,-1.01314825941007));
#6466=CARTESIAN_POINT('Ctrl Pts',(5.08602684079153,186.341471961696,-0.440157984197202));
#6467=CARTESIAN_POINT('Ctrl Pts',(4.00348878289667,201.313116904045,-0.19968512664482));
#6468=CARTESIAN_POINT('Ctrl Pts',(3.49175940765974,208.943214926245,-0.0866744705461538));
#6469=CARTESIAN_POINT('Ctrl Pts',(2.39677765620357,14.544454998528,3.45790479288878));
#6470=CARTESIAN_POINT('Ctrl Pts',(3.21015218046892,16.0074798218334,3.11553946476152));
#6471=CARTESIAN_POINT('Ctrl Pts',(5.01853683949877,19.0360953814351,2.37519820062885));
#6472=CARTESIAN_POINT('Ctrl Pts',(9.29123768236644,25.4916533008113,0.69606206105014));
#6473=CARTESIAN_POINT('Ctrl Pts',(14.0085524753367,32.4927336542692,-1.09958212977666));
#6474=CARTESIAN_POINT('Ctrl Pts',(17.6045567259876,40.0265551216512,-2.49955276417977));
#6475=CARTESIAN_POINT('Ctrl Pts',(19.4350814650412,45.9721164103382,-3.2545319955456));
#6476=CARTESIAN_POINT('Ctrl Pts',(20.3010549305185,52.2437323519246,-3.68515497322098));
#6477=CARTESIAN_POINT('Ctrl Pts',(20.4302766417304,61.0524052716628,-3.91553234572391));
#6478=CARTESIAN_POINT('Ctrl Pts',(20.2729409217857,72.9942507692315,-4.08895933981631));
#6479=CARTESIAN_POINT('Ctrl Pts',(18.6609238252161,94.0512260657255,-3.90071889314367));
#6480=CARTESIAN_POINT('Ctrl Pts',(14.8005543719818,117.917528244869,-2.95019269110167));
#6481=CARTESIAN_POINT('Ctrl Pts',(10.3871140285247,144.094952933079,-1.79238849701251));
#6482=CARTESIAN_POINT('Ctrl Pts',(7.40335768853252,164.753688939583,-1.016349585393));
#6483=CARTESIAN_POINT('Ctrl Pts',(5.08168538300832,186.341492088777,-0.441652187607102));
#6484=CARTESIAN_POINT('Ctrl Pts',(3.99890188651906,201.313123596247,-0.200181064990214));
#6485=CARTESIAN_POINT('Ctrl Pts',(3.48704864338645,208.943214926239,-0.0866744568780255));
#6486=CARTESIAN_POINT('Ctrl Pts',(2.40476728956646,14.5440719772435,3.43989283753683));
#6487=CARTESIAN_POINT('Ctrl Pts',(3.21752684266631,16.0070245198103,3.0967862267192));
#6488=CARTESIAN_POINT('Ctrl Pts',(5.02462678046638,19.0355278407424,2.35479582187751));
#6489=CARTESIAN_POINT('Ctrl Pts',(9.29456538963254,25.490983171496,0.671769014813214));
#6490=CARTESIAN_POINT('Ctrl Pts',(14.0090163717251,32.4921389287945,-1.12810954801354));
#6491=CARTESIAN_POINT('Ctrl Pts',(17.6025693675959,40.0261374623734,-2.53108349198997));
#6492=CARTESIAN_POINT('Ctrl Pts',(19.4315584595211,45.9718496628994,-3.28739323137394));
#6493=CARTESIAN_POINT('Ctrl Pts',(20.2963286618929,52.2436101526239,-3.71832669641768));
#6494=CARTESIAN_POINT('Ctrl Pts',(20.4243047522427,61.0524468252109,-3.94802380875683));
#6495=CARTESIAN_POINT('Ctrl Pts',(20.2655558880403,72.9944783771097,-4.12015653354816));
#6496=CARTESIAN_POINT('Ctrl Pts',(18.6517933177925,94.0516486896666,-3.92821965572201));
#6497=CARTESIAN_POINT('Ctrl Pts',(14.7904958795821,117.917933916678,-2.97136824909612));
#6498=CARTESIAN_POINT('Ctrl Pts',(10.3763849630663,144.095220176151,-1.80637133906151));
#6499=CARTESIAN_POINT('Ctrl Pts',(7.39206101965872,164.753842439554,-1.02512275787988));
#6500=CARTESIAN_POINT('Ctrl Pts',(5.0696479506291,186.341552513345,-0.445747438951978));
#6501=CARTESIAN_POINT('Ctrl Pts',(3.9862478137565,201.313143761921,-0.201540106418781));
#6502=CARTESIAN_POINT('Ctrl Pts',(3.47408333453069,208.94321492621,-0.0866744202015149));
#6503=CARTESIAN_POINT('Ctrl Pts',(2.4227865863968,14.5430836874754,3.39746391957899));
#6504=CARTESIAN_POINT('Ctrl Pts',(3.23386613324931,16.0058480880516,3.05265039094851));
#6505=CARTESIAN_POINT('Ctrl Pts',(5.03743504533008,19.0340556709831,2.30686019667854));
#6506=CARTESIAN_POINT('Ctrl Pts',(9.29971721547092,25.4892268976362,0.614857638642645));
#6507=CARTESIAN_POINT('Ctrl Pts',(14.0061875214121,32.4905594453728,-1.19479624035253));
#6508=CARTESIAN_POINT('Ctrl Pts',(17.5930306673961,40.0250152670216,-2.60469573479615));
#6509=CARTESIAN_POINT('Ctrl Pts',(19.4179243027823,45.9711261076341,-3.36406386440185));
#6510=CARTESIAN_POINT('Ctrl Pts',(20.2796278159239,52.2432760952346,-3.79569153842173));
#6511=CARTESIAN_POINT('Ctrl Pts',(20.4046259983244,61.052560745806,-4.0237779895449));
#6512=CARTESIAN_POINT('Ctrl Pts',(20.2426026471777,72.9950959871791,-4.19286756130057));
#6513=CARTESIAN_POINT('Ctrl Pts',(18.6252091452085,94.0527956255812,-3.99229128911413));
#6514=CARTESIAN_POINT('Ctrl Pts',(14.7628427657306,117.919047059097,-3.02070429638401));
#6515=CARTESIAN_POINT('Ctrl Pts',(10.3484761109536,144.095969185226,-1.83895788499446));
#6516=CARTESIAN_POINT('Ctrl Pts',(7.3637624847859,164.754284828807,-1.04557480528943));
#6517=CARTESIAN_POINT('Ctrl Pts',(5.04042483595027,186.341734639083,-0.455297973220475));
#6518=CARTESIAN_POINT('Ctrl Pts',(3.95602743216989,201.313204925752,-0.204709658638716));
#6519=CARTESIAN_POINT('Ctrl Pts',(3.4433542075233,208.943214925874,-0.0866739354367157));
#6520=CARTESIAN_POINT('Ctrl Pts',(2.44738802554222,14.5412744308742,3.33308277719677));
#6521=CARTESIAN_POINT('Ctrl Pts',(3.25506439985205,16.0036889670919,2.98590941087759));
#6522=CARTESIAN_POINT('Ctrl Pts',(5.05142127847021,19.0313352775606,2.23484849828045));
#6523=CARTESIAN_POINT('Ctrl Pts',(9.29785263012509,25.4859240341463,0.530341447305083));
#6524=CARTESIAN_POINT('Ctrl Pts',(13.9876774488134,32.4875233564925,-1.29296833853466));
#6525=CARTESIAN_POINT('Ctrl Pts',(17.5608914549962,40.0228179543676,-2.71248728372658));
#6526=CARTESIAN_POINT('Ctrl Pts',(19.377800102616,45.9696885123806,-3.47603933303419));
#6527=CARTESIAN_POINT('Ctrl Pts',(20.2339825665718,52.2426046537213,-3.90849393552965));
#6528=CARTESIAN_POINT('Ctrl Pts',(20.3542769417154,61.0527912216562,-4.13407959407036));
#6529=CARTESIAN_POINT('Ctrl Pts',(20.1874522901943,72.9963241574235,-4.29857702979713));
#6530=CARTESIAN_POINT('Ctrl Pts',(18.5662591327503,94.055076669695,-4.08528846330216));
#6531=CARTESIAN_POINT('Ctrl Pts',(14.7062997884247,117.921297935202,-3.09231183526053));
#6532=CARTESIAN_POINT('Ctrl Pts',(10.2963370893674,144.097530861015,-1.88630502290719));
#6533=CARTESIAN_POINT('Ctrl Pts',(7.31446258740408,164.755242942323,-1.07533222607781));
#6534=CARTESIAN_POINT('Ctrl Pts',(4.9926819760346,186.342151903621,-0.469216665300098));
#6535=CARTESIAN_POINT('Ctrl Pts',(3.9084069412876,201.313346223932,-0.209329178924299));
#6536=CARTESIAN_POINT('Ctrl Pts',(3.39577214639836,208.943214925317,-0.0866731408528237));
#6537=CARTESIAN_POINT('Ctrl Pts',(2.4723918660512,14.5387202034009,3.25832501467448));
#6538=CARTESIAN_POINT('Ctrl Pts',(3.27480530945454,16.0006347491569,2.90903707181466));
#6539=CARTESIAN_POINT('Ctrl Pts',(5.05994169335254,19.0274664248114,2.15320654096796));
#6540=CARTESIAN_POINT('Ctrl Pts',(9.28148228390658,25.4811629740094,0.437229582934566));
#6541=CARTESIAN_POINT('Ctrl Pts',(13.9450301634599,32.4830751309906,-1.39869923301158));
#6542=CARTESIAN_POINT('Ctrl Pts',(17.497114921025,40.0195556335354,-2.82692963127238));
#6543=CARTESIAN_POINT('Ctrl Pts',(19.3020076514525,45.9675322295248,-3.59407085310315));
#6544=CARTESIAN_POINT('Ctrl Pts',(20.1504004753534,52.2415895144195,-4.02684751826556));
#6545=CARTESIAN_POINT('Ctrl Pts',(20.2648663266434,61.053141083556,-4.24935449495142));
#6546=CARTESIAN_POINT('Ctrl Pts',(20.0926128570643,72.9981674985245,-4.40857174015146));
#6547=CARTESIAN_POINT('Ctrl Pts',(18.4694271303062,94.0585007289837,-4.18159592338658));
#6548=CARTESIAN_POINT('Ctrl Pts',(14.6182002828376,117.924715042662,-3.16645417207344));
#6549=CARTESIAN_POINT('Ctrl Pts',(10.2204461669948,144.099949528519,-1.93546801889758));
#6550=CARTESIAN_POINT('Ctrl Pts',(7.24694205353899,164.756762025587,-1.10634659070018));
#6551=CARTESIAN_POINT('Ctrl Pts',(4.9313327213199,186.342835096353,-0.483788301856567));
#6552=CARTESIAN_POINT('Ctrl Pts',(3.84959799706906,201.313578592691,-0.214167453755847));
#6553=CARTESIAN_POINT('Ctrl Pts',(3.33819465144387,208.943214924886,-0.0866725238405085));
#6554=CARTESIAN_POINT('Ctrl Pts',(2.49359016920264,14.5358831341552,3.18699308718687));
#6555=CARTESIAN_POINT('Ctrl Pts',(3.28975552796329,15.9972384077476,2.83656185019482));
#6556=CARTESIAN_POINT('Ctrl Pts',(5.06152916356837,19.0231510025449,2.07806685428345));
#6557=CARTESIAN_POINT('Ctrl Pts',(9.25327289704508,25.4758119884308,0.355417306118892));
#6558=CARTESIAN_POINT('Ctrl Pts',(13.885274615397,32.4780310337223,-1.48801138536345));
#6559=CARTESIAN_POINT('Ctrl Pts',(17.4122327194601,40.0158299454012,-2.92109726070303));
#6560=CARTESIAN_POINT('Ctrl Pts',(19.2030680623137,45.9650564494604,-3.68987376272805));
#6561=CARTESIAN_POINT('Ctrl Pts',(20.0426916068305,52.2404191720797,-4.12205429796268));
#6562=CARTESIAN_POINT('Ctrl Pts',(20.1511668398837,61.0535453731809,-4.3413681904091));
#6563=CARTESIAN_POINT('Ctrl Pts',(19.9737534704902,73.0002849338379,-4.4956103843896));
#6564=CARTESIAN_POINT('Ctrl Pts',(18.3507106374463,94.0624343398735,-4.25707304229622));
#6565=CARTESIAN_POINT('Ctrl Pts',(14.5130966211819,117.928663644653,-3.22453007032368));
#6566=CARTESIAN_POINT('Ctrl Pts',(10.1333414495304,144.102772641766,-1.97419529974238));
#6567=CARTESIAN_POINT('Ctrl Pts',(7.17236075240538,164.758555477141,-1.13095952012766));
#6568=CARTESIAN_POINT('Ctrl Pts',(4.86652203228447,186.343653895779,-0.495453249630928));
#6569=CARTESIAN_POINT('Ctrl Pts',(3.78932907351665,201.313857667401,-0.218042125005492));
#6570=CARTESIAN_POINT('Ctrl Pts',(3.2801497204926,208.94321492434,-0.086671742479495));
#6571=CARTESIAN_POINT('Ctrl Pts',(2.51188117566699,14.5328783023876,3.11983022125835));
#6572=CARTESIAN_POINT('Ctrl Pts',(3.30106007204903,15.9936390984812,2.76942919661178));
#6573=CARTESIAN_POINT('Ctrl Pts',(5.05786220202458,19.018570423895,2.01081794004067));
#6574=CARTESIAN_POINT('Ctrl Pts',(9.21612631175067,25.4701100425742,0.287302571637168));
#6575=CARTESIAN_POINT('Ctrl Pts',(13.8126185209941,32.4726317009837,-1.55741854470275));
#6576=CARTESIAN_POINT('Ctrl Pts',(17.3114384597527,40.011827554851,-2.990680066403));
#6577=CARTESIAN_POINT('Ctrl Pts',(19.0866756093029,45.9623896143393,-3.75871867193624));
#6578=CARTESIAN_POINT('Ctrl Pts',(19.9167846930372,52.2391558837534,-4.18918320847276));
#6579=CARTESIAN_POINT('Ctrl Pts',(20.0191360419016,61.0539821126107,-4.40515759271586));
#6580=CARTESIAN_POINT('Ctrl Pts',(19.8367518355842,73.002566441436,-4.55478732389325));
#6581=CARTESIAN_POINT('Ctrl Pts',(18.2154398502797,94.0666732821102,-4.30725840631985));
#6582=CARTESIAN_POINT('Ctrl Pts',(14.3951016425821,117.932931149768,-3.26309531372406));
#6583=CARTESIAN_POINT('Ctrl Pts',(10.0376972485502,144.105838765558,-2.0002468126775));
#6584=CARTESIAN_POINT('Ctrl Pts',(7.09236194121273,164.76051398824,-1.14779396215072));
#6585=CARTESIAN_POINT('Ctrl Pts',(4.7990021717093,186.344554369017,-0.503585747139111));
#6586=CARTESIAN_POINT('Ctrl Pts',(3.72785809936587,201.314164841994,-0.22074712588784));
#6587=CARTESIAN_POINT('Ctrl Pts',(3.22164876006254,208.943214923792,-0.0866709587173705));
#6588=CARTESIAN_POINT('Ctrl Pts',(2.52557556679123,14.5303385762747,3.06776246618042));
#6589=CARTESIAN_POINT('Ctrl Pts',(3.30855588027053,15.9905963256027,2.71848168923218));
#6590=CARTESIAN_POINT('Ctrl Pts',(5.05206185460445,19.0146962168153,1.96215186498203));
#6591=CARTESIAN_POINT('Ctrl Pts',(9.18054478824675,25.4652817814709,0.243338995722561));
#6592=CARTESIAN_POINT('Ctrl Pts',(13.7454167202217,32.4680535567799,-1.59665657531666));
#6593=CARTESIAN_POINT('Ctrl Pts',(17.219239238213,40.0084302986256,-3.02568574258581));
#6594=CARTESIAN_POINT('Ctrl Pts',(18.9806808601846,45.9601241906641,-3.79088673017319));
#6595=CARTESIAN_POINT('Ctrl Pts',(19.8024705713764,52.2380820765268,-4.21887012728518));
#6596=CARTESIAN_POINT('Ctrl Pts',(19.8996378149199,61.0543534656195,-4.43191952082432));
#6597=CARTESIAN_POINT('Ctrl Pts',(19.7131934443481,73.0045050858947,-4.57803954013529));
#6598=CARTESIAN_POINT('Ctrl Pts',(18.0941178372871,94.0702756339628,-4.32541592567337));
#6599=CARTESIAN_POINT('Ctrl Pts',(14.2900400763782,117.936560958637,-3.2769748557858));
#6600=CARTESIAN_POINT('Ctrl Pts',(9.95348590000297,144.108450347238,-2.01009290256176));
#6601=CARTESIAN_POINT('Ctrl Pts',(7.02278643485987,164.762184701135,-1.15454217708454));
#6602=CARTESIAN_POINT('Ctrl Pts',(4.74121188460023,186.345324002188,-0.507056231469485));
#6603=CARTESIAN_POINT('Ctrl Pts',(3.67587944369555,201.314427455707,-0.221906200579804));
#6604=CARTESIAN_POINT('Ctrl Pts',(3.17252745743507,208.943214923379,-0.0866703693975293));
#6605=CARTESIAN_POINT('Ctrl Pts',(2.53617036083736,14.5283489153109,3.02857380899114));
#6606=CARTESIAN_POINT('Ctrl Pts',(3.31412144704851,15.9882129214367,2.68088127634801));
#6607=CARTESIAN_POINT('Ctrl Pts',(5.04683673865662,19.0116627707609,1.92787823503095));
#6608=CARTESIAN_POINT('Ctrl Pts',(9.1511391012567,25.4615051460493,0.216256904396006));
#6609=CARTESIAN_POINT('Ctrl Pts',(13.6903260013152,32.4644767418248,-1.61628896865958));
#6610=CARTESIAN_POINT('Ctrl Pts',(17.1438470901078,40.0057784793051,-3.03916039606999));
#6611=CARTESIAN_POINT('Ctrl Pts',(18.8940919634156,45.9583570175545,-3.80068251906354));
#6612=CARTESIAN_POINT('Ctrl Pts',(19.7091420745337,52.237244827474,-4.22601408480869));
#6613=CARTESIAN_POINT('Ctrl Pts',(19.8021337347562,61.0546428827487,-4.43663091759547));
#6614=CARTESIAN_POINT('Ctrl Pts',(19.6124420950066,73.0060176175618,-4.580151872685));
#6615=CARTESIAN_POINT('Ctrl Pts',(17.9952877382044,94.0730865143219,-4.32496759044395));
#6616=CARTESIAN_POINT('Ctrl Pts',(14.204563727051,117.939391328511,-3.27652219757075));
#6617=CARTESIAN_POINT('Ctrl Pts',(9.88511111255297,144.110484165795,-2.01046052651399));
#6618=CARTESIAN_POINT('Ctrl Pts',(6.96642472316157,164.763483940854,-1.15533315675044));
#6619=CARTESIAN_POINT('Ctrl Pts',(4.69454288284607,186.345921395815,-0.507739972655902));
#6620=CARTESIAN_POINT('Ctrl Pts',(3.63400679464366,201.314631238614,-0.222139831036834));
#6621=CARTESIAN_POINT('Ctrl Pts',(3.13301376904347,208.943214923251,-0.0866701861048771));
#6622=CARTESIAN_POINT('Ctrl Pts',(2.54671889571887,14.5264079760653,2.99103142380545));
#6623=CARTESIAN_POINT('Ctrl Pts',(3.31964707027381,15.9858883369376,2.64538860543248));
#6624=CARTESIAN_POINT('Ctrl Pts',(5.04158475430315,19.0087057773565,1.8967157583658));
#6625=CARTESIAN_POINT('Ctrl Pts',(9.12173404927131,25.4578286434227,0.194575099683002));
#6626=CARTESIAN_POINT('Ctrl Pts',(13.6352601947175,32.4610001893799,-1.62806880273501));
#6627=CARTESIAN_POINT('Ctrl Pts',(17.0684918547223,40.0032041282373,-3.04293013095703));
#6628=CARTESIAN_POINT('Ctrl Pts',(18.8075420803888,45.95664301583,-3.79983217384436));
#6629=CARTESIAN_POINT('Ctrl Pts',(19.6158480911162,52.2364333075977,-4.22206514579494));
#6630=CARTESIAN_POINT('Ctrl Pts',(19.7046524133847,61.0549232927295,-4.43018625049157));
#6631=CARTESIAN_POINT('Ctrl Pts',(19.5116976938345,73.0074848305112,-4.57124615762084));
#6632=CARTESIAN_POINT('Ctrl Pts',(17.896435045908,94.0758133982708,-4.31451133872145));
#6633=CARTESIAN_POINT('Ctrl Pts',(14.119030632368,117.942134521985,-3.26834628453287));
#6634=CARTESIAN_POINT('Ctrl Pts',(9.81664776033698,144.112451998493,-2.00580897099147));
#6635=CARTESIAN_POINT('Ctrl Pts',(6.90995320445896,164.764738630874,-1.15304321355262));
#6636=CARTESIAN_POINT('Ctrl Pts',(4.64774624028246,186.346496876293,-0.507024274377063));
#6637=CARTESIAN_POINT('Ctrl Pts',(3.59199655896186,201.314827480564,-0.221910207128781));
#6638=CARTESIAN_POINT('Ctrl Pts',(3.09335761281404,208.943214923121,-0.0866699994288371));
#6639=CARTESIAN_POINT('Ctrl Pts',(2.55479693136119,14.5250300525757,2.9647197176532));
#6640=CARTESIAN_POINT('Ctrl Pts',(3.3240247650571,15.9842388365897,2.62113191962193));
#6641=CARTESIAN_POINT('Ctrl Pts',(5.03802418287819,19.0066102369929,1.87683156786324));
#6642=CARTESIAN_POINT('Ctrl Pts',(9.10038694761511,25.4552316057634,0.184369978817396));
#6643=CARTESIAN_POINT('Ctrl Pts',(13.5950140200644,32.4585536138362,-1.62809618276741));
#6644=CARTESIAN_POINT('Ctrl Pts',(17.0132832268071,40.0013978054152,-3.03487047553411));
#6645=CARTESIAN_POINT('Ctrl Pts',(18.7440622917082,45.955443009452,-3.78725008217947));
#6646=CARTESIAN_POINT('Ctrl Pts',(19.5473633135787,52.2358660731434,-4.20665707327087));
#6647=CARTESIAN_POINT('Ctrl Pts',(19.6330220254839,61.0551191039183,-4.41283451536013));
#6648=CARTESIAN_POINT('Ctrl Pts',(19.4375839269757,73.0085122690569,-4.55220252133449));
#6649=CARTESIAN_POINT('Ctrl Pts',(17.8235747903317,94.0777232188209,-4.29543763405924));
#6650=CARTESIAN_POINT('Ctrl Pts',(14.0558238482008,117.944051299319,-3.2535455653149));
#6651=CARTESIAN_POINT('Ctrl Pts',(9.76585564158367,144.113821316458,-1.99668640356701));
#6652=CARTESIAN_POINT('Ctrl Pts',(6.86787902608438,164.765607634973,-1.14786780985823));
#6653=CARTESIAN_POINT('Ctrl Pts',(4.61268944306237,186.34689302869,-0.504916504285965));
#6654=CARTESIAN_POINT('Ctrl Pts',(3.56039655613803,201.314962458384,-0.22121717105711));
#6655=CARTESIAN_POINT('Ctrl Pts',(3.06345750374927,208.943214922677,-0.0866693650305882));
#6656=CARTESIAN_POINT('Ctrl Pts',(2.5699256420249,14.5227123097021,2.91980858845126));
#6657=CARTESIAN_POINT('Ctrl Pts',(3.33276381259232,15.9814658945399,2.58047436212871));
#6658=CARTESIAN_POINT('Ctrl Pts',(5.03306093191077,19.0030929332362,1.84524969151164));
#6659=CARTESIAN_POINT('Ctrl Pts',(9.06474162571584,25.4508893958019,0.172970516927543));
#6660=CARTESIAN_POINT('Ctrl Pts',(13.5267709496172,32.4544814923902,-1.61821600825516));
#6661=CARTESIAN_POINT('Ctrl Pts',(16.9191831227841,39.9984020897592,-3.00819976976504));
#6662=CARTESIAN_POINT('Ctrl Pts',(18.6356251376356,45.9534581697841,-3.75130747777237));
#6663=CARTESIAN_POINT('Ctrl Pts',(19.4301865714054,52.23492971977,-4.16509934867808));
#6664=CARTESIAN_POINT('Ctrl Pts',(19.5102410903831,61.0554418778486,-4.3677221426017));
#6665=CARTESIAN_POINT('Ctrl Pts',(19.3102833461934,73.0102118785797,-4.50423997412263));
#6666=CARTESIAN_POINT('Ctrl Pts',(17.6980100194773,94.0808829166018,-4.24869764506854));
#6667=CARTESIAN_POINT('Ctrl Pts',(13.9464085642709,117.947213426195,-3.21732729255408));
#6668=CARTESIAN_POINT('Ctrl Pts',(9.6773328028427,144.116068816865,-1.97403456085572));
#6669=CARTESIAN_POINT('Ctrl Pts',(6.7940109473389,164.767025711296,-1.13472231703662));
#6670=CARTESIAN_POINT('Ctrl Pts',(4.55056186711568,186.347534551418,-0.499379604500215));
#6671=CARTESIAN_POINT('Ctrl Pts',(3.50400198582717,201.315180791002,-0.219391987054558));
#6672=CARTESIAN_POINT('Ctrl Pts',(3.00988043860536,208.943214922206,-0.0866686915473773));
#6673=CARTESIAN_POINT('Ctrl Pts',(2.58388423487304,14.5205251368921,2.87756125495354));
#6674=CARTESIAN_POINT('Ctrl Pts',(3.34068507936997,15.9788489662929,2.54224241689459));
#6675=CARTESIAN_POINT('Ctrl Pts',(5.02803524125581,18.9997729021793,1.81558713815802));
#6676=CARTESIAN_POINT('Ctrl Pts',(9.03072207466511,25.4467888632556,0.162363220536135));
#6677=CARTESIAN_POINT('Ctrl Pts',(13.4619464992726,32.4506339505624,-1.60872968790102));
#6678=CARTESIAN_POINT('Ctrl Pts',(16.8299275956675,39.9955703684497,-2.98286163735246));
#6679=CARTESIAN_POINT('Ctrl Pts',(18.5328269612388,45.9515813831975,-3.71721833409153));
#6680=CARTESIAN_POINT('Ctrl Pts',(19.3191391084243,52.2340441288976,-4.12571289456953));
#6681=CARTESIAN_POINT('Ctrl Pts',(19.3939141654547,61.0557472583807,-4.32498748440795));
#6682=CARTESIAN_POINT('Ctrl Pts',(19.1897074901943,73.0118190792285,-4.4588249125659));
#6683=CARTESIAN_POINT('Ctrl Pts',(17.5791156201242,94.0838707899356,-4.20445663453629));
#6684=CARTESIAN_POINT('Ctrl Pts',(13.842825174367,117.950204654412,-3.18304678178334));
#6685=CARTESIAN_POINT('Ctrl Pts',(9.59354591156496,144.118196164335,-1.95258973549145));
#6686=CARTESIAN_POINT('Ctrl Pts',(6.72411217870855,164.768368913328,-1.12227221608258));
#6687=CARTESIAN_POINT('Ctrl Pts',(4.49179501134249,186.348142754074,-0.494132573462838));
#6688=CARTESIAN_POINT('Ctrl Pts',(3.4506760723581,201.315387815922,-0.217662079868917));
#6689=CARTESIAN_POINT('Ctrl Pts',(2.95922892915072,208.943214920942,-0.0866668837768456));
#6690=CARTESIAN_POINT('Ctrl Pts',(2.60198026265068,14.5175930676339,2.82116755124928));
#6691=CARTESIAN_POINT('Ctrl Pts',(3.35067292627991,15.975340454483,2.4912369911232));
#6692=CARTESIAN_POINT('Ctrl Pts',(5.02063350040912,18.9953206033604,1.77608052910103));
#6693=CARTESIAN_POINT('Ctrl Pts',(8.98437343750811,25.4412863473105,0.148430177338454));
#6694=CARTESIAN_POINT('Ctrl Pts',(13.3742152077895,32.4454669546992,-1.59569597056512));
#6695=CARTESIAN_POINT('Ctrl Pts',(16.7093840773993,39.9917651575609,-2.94855756084536));
#6696=CARTESIAN_POINT('Ctrl Pts',(18.3941025614741,45.9490581652113,-3.67117547096235));
#6697=CARTESIAN_POINT('Ctrl Pts',(19.1693512539078,52.2328530418166,-4.07257050675952));
#6698=CARTESIAN_POINT('Ctrl Pts',(19.2370657128943,61.0561580062384,-4.26736809228565));
#6699=CARTESIAN_POINT('Ctrl Pts',(19.0271936191671,73.0139799625049,-4.39763032690956));
#6700=CARTESIAN_POINT('Ctrl Pts',(17.4189391855307,94.0878880183957,-4.14487826198359));
#6701=CARTESIAN_POINT('Ctrl Pts',(13.7033136781834,117.954228487324,-3.13688390670971));
#6702=CARTESIAN_POINT('Ctrl Pts',(9.48073063551354,144.121060488723,-1.92370445364393));
#6703=CARTESIAN_POINT('Ctrl Pts',(6.6300290959819,164.770179287795,-1.10549653271236));
#6704=CARTESIAN_POINT('Ctrl Pts',(4.41273822871264,186.348963569933,-0.487059268053835));
#6705=CARTESIAN_POINT('Ctrl Pts',(3.37897405329675,201.315667233652,-0.215330889095738));
#6706=CARTESIAN_POINT('Ctrl Pts',(2.89114214794175,208.943214920636,-0.0866664461378123));
#6707=CARTESIAN_POINT('Ctrl Pts',(2.61973625766429,14.5146507836294,2.76473033027926));
#6708=CARTESIAN_POINT('Ctrl Pts',(3.36028263910507,15.9718194860934,2.44021010167105));
#6709=CARTESIAN_POINT('Ctrl Pts',(5.01277119967512,18.990851726404,1.73660051730561));
#6710=CARTESIAN_POINT('Ctrl Pts',(8.93737631718506,25.4357609932317,0.13463125944759));
#6711=CARTESIAN_POINT('Ctrl Pts',(13.285634268065,32.4402758920859,-1.58241338489195));
#6712=CARTESIAN_POINT('Ctrl Pts',(16.5878364363965,39.9879406584773,-2.91391705627894));
#6713=CARTESIAN_POINT('Ctrl Pts',(18.2542933026051,45.9465213698572,-3.62475053369214));
#6714=CARTESIAN_POINT('Ctrl Pts',(19.0184368786525,52.2316552571358,-4.01902194958806));
#6715=CARTESIAN_POINT('Ctrl Pts',(19.0790772145169,61.0565711367466,-4.20933388246557));
#6716=CARTESIAN_POINT('Ctrl Pts',(18.8635400449383,73.0161525819288,-4.33601949962758));
#6717=CARTESIAN_POINT('Ctrl Pts',(17.2576860863562,94.0919270565868,-4.0849156146677));
#6718=CARTESIAN_POINT('Ctrl Pts',(13.5628889441158,117.958275525243,-3.09042471850251));
#6719=CARTESIAN_POINT('Ctrl Pts',(9.36719883233954,144.123943016292,-1.89462847240772));
#6720=CARTESIAN_POINT('Ctrl Pts',(6.53537000823131,164.77200236661,-1.08860512993362));
#6721=CARTESIAN_POINT('Ctrl Pts',(4.33322547240587,186.349790847876,-0.479934297531689));
#6722=CARTESIAN_POINT('Ctrl Pts',(3.30688139101841,201.315948878442,-0.212982790003482));
#6723=CARTESIAN_POINT('Ctrl Pts',(2.82269714848173,208.943214920304,-0.0866659708359297));
#6724=CARTESIAN_POINT('Ctrl Pts',(2.63483124019709,14.5120633361221,2.71528955080861));
#6725=CARTESIAN_POINT('Ctrl Pts',(3.36820106519077,15.9687228597003,2.39553215495846));
#6726=CARTESIAN_POINT('Ctrl Pts',(5.0052961703407,18.9869204553628,1.70208781267364));
#6727=CARTESIAN_POINT('Ctrl Pts',(8.89541846455122,25.4308973247168,0.122729224655931));
#6728=CARTESIAN_POINT('Ctrl Pts',(13.2070333297563,32.4357031057859,-1.57047121809079));
#6729=CARTESIAN_POINT('Ctrl Pts',(16.4801923416485,39.9845696439263,-2.88317337559702));
#6730=CARTESIAN_POINT('Ctrl Pts',(18.1305673751511,45.9442843371111,-3.58363604392599));
#6731=CARTESIAN_POINT('Ctrl Pts',(18.8849408542605,52.2305986208157,-3.97164325930023));
#6732=CARTESIAN_POINT('Ctrl Pts',(18.9393743261984,61.0569356249637,-4.15801910672862));
#6733=CARTESIAN_POINT('Ctrl Pts',(18.7188810355598,73.0180685753338,-4.28157329704862));
#6734=CARTESIAN_POINT('Ctrl Pts',(17.1152087008609,94.0954890248543,-4.03195312056697));
#6735=CARTESIAN_POINT('Ctrl Pts',(13.4388465151831,117.961846314545,-3.04939025731304));
#6736=CARTESIAN_POINT('Ctrl Pts',(9.26694018284405,144.126488519078,-1.86894048590421));
#6737=CARTESIAN_POINT('Ctrl Pts',(6.4518052293635,164.773613845981,-1.07367572518702));
#6738=CARTESIAN_POINT('Ctrl Pts',(4.26306805549919,186.350523012072,-0.47363257382128));
#6739=CARTESIAN_POINT('Ctrl Pts',(3.24330076727725,201.316198164924,-0.210904869401253));
#6740=CARTESIAN_POINT('Ctrl Pts',(2.76234981094958,208.943214919101,-0.086664250581576));
#6741=CARTESIAN_POINT('Ctrl Pts',(2.64746029992054,14.5098369587695,2.67286818588847));
#6742=CARTESIAN_POINT('Ctrl Pts',(3.37464594763468,15.9660581502111,2.35721289132446));
#6743=CARTESIAN_POINT('Ctrl Pts',(4.99847552493295,18.9835368257998,1.67252419413476));
#6744=CARTESIAN_POINT('Ctrl Pts',(8.85887888110518,25.4267090725717,0.112641882039935));
#6745=CARTESIAN_POINT('Ctrl Pts',(13.1389115849214,32.4317629853882,-1.56001890172639));
#6746=CARTESIAN_POINT('Ctrl Pts',(16.3870431963127,39.9816636181871,-2.85652762171573));
#6747=CARTESIAN_POINT('Ctrl Pts',(18.0235643436744,45.9423551653046,-3.5480602873301));
#6748=CARTESIAN_POINT('Ctrl Pts',(18.769527879799,52.2296871378509,-3.93067671795767));
#6749=CARTESIAN_POINT('Ctrl Pts',(18.8186302275861,61.0572500994355,-4.1136709076326));
#6750=CARTESIAN_POINT('Ctrl Pts',(18.5938901049998,73.019720982459,-4.23453959635988));
#6751=CARTESIAN_POINT('Ctrl Pts',(16.9921440009613,94.0985609639167,-3.98621918663125));
#6752=CARTESIAN_POINT('Ctrl Pts',(13.3317266755923,117.964927082375,-3.0139578613509));
#6753=CARTESIAN_POINT('Ctrl Pts',(9.18037877437008,144.128686213011,-1.84675546943381));
#6754=CARTESIAN_POINT('Ctrl Pts',(6.37967600237051,164.775006212723,-1.06077858524714));
#6755=CARTESIAN_POINT('Ctrl Pts',(4.20253625249782,186.351156251657,-0.468186998634342));
#6756=CARTESIAN_POINT('Ctrl Pts',(3.18846374484268,201.316413792248,-0.209110194525785));
#6757=CARTESIAN_POINT('Ctrl Pts',(2.71031270582547,208.943214918973,-0.0866640671965543));
#6758=CARTESIAN_POINT('Ctrl Pts',(2.65579762194704,14.5083504656933,2.64457556740584));
#6759=CARTESIAN_POINT('Ctrl Pts',(3.37885186598271,15.9642789417922,2.33166024384542));
#6760=CARTESIAN_POINT('Ctrl Pts',(4.99381904355946,18.9812774190462,1.6528198643497));
#6761=CARTESIAN_POINT('Ctrl Pts',(8.83436716064868,25.4239118270483,0.105947136318648));
#6762=CARTESIAN_POINT('Ctrl Pts',(13.09329938057,32.4291308414382,-1.55299366283644));
#6763=CARTESIAN_POINT('Ctrl Pts',(16.3247110372618,39.9797219152391,-2.83868614192046));
#6764=CARTESIAN_POINT('Ctrl Pts',(17.9519780299325,45.9410659722918,-3.52425464635203));
#6765=CARTESIAN_POINT('Ctrl Pts',(18.6923255972354,52.2290779572503,-3.90327155055918));
#6766=CARTESIAN_POINT('Ctrl Pts',(18.7378710103239,61.0574602841542,-4.08400922289147));
#6767=CARTESIAN_POINT('Ctrl Pts',(18.5103000414298,73.0208252442344,-4.20308718338194));
#6768=CARTESIAN_POINT('Ctrl Pts',(16.9098529482073,94.1006138649436,-3.95564071593586));
#6769=CARTESIAN_POINT('Ctrl Pts',(13.2601033876585,117.966986206613,-2.99026742513512));
#6770=CARTESIAN_POINT('Ctrl Pts',(9.12250652563942,144.130155507808,-1.8319212351255));
#6771=CARTESIAN_POINT('Ctrl Pts',(6.33145764969346,164.775937380083,-1.05215380267776));
#6772=CARTESIAN_POINT('Ctrl Pts',(4.16207732487642,186.351579905878,-0.464544750141377));
#6773=CARTESIAN_POINT('Ctrl Pts',(3.15181654194618,201.316558057126,-0.207909834276197));
#6774=CARTESIAN_POINT('Ctrl Pts',(2.67553962749573,208.943214918926,-0.0866640001234806));
#6775=CARTESIAN_POINT('Ctrl Pts',(2.67838898475986,14.5042535318002,2.5667222506089));
#6776=CARTESIAN_POINT('Ctrl Pts',(3.3900467990596,15.9593750352184,2.26136312729599));
#6777=CARTESIAN_POINT('Ctrl Pts',(4.98056626024443,18.975049234789,1.59865152209391));
#6778=CARTESIAN_POINT('Ctrl Pts',(8.76633905993548,25.416198781167,0.0876585502174032));
#6779=CARTESIAN_POINT('Ctrl Pts',(12.9670589703887,32.4218704974367,-1.53344250294283));
#6780=CARTESIAN_POINT('Ctrl Pts',(16.152348282674,39.9743645180791,-2.78930622956261));
#6781=CARTESIAN_POINT('Ctrl Pts',(17.7540922126082,45.9375081576258,-3.45842921186465));
#6782=CARTESIAN_POINT('Ctrl Pts',(18.4789579556226,52.2273964999194,-3.82752417115385));
#6783=CARTESIAN_POINT('Ctrl Pts',(18.5147103556045,61.0580404777618,-4.00204781347534));
#6784=CARTESIAN_POINT('Ctrl Pts',(18.2793562813769,73.02387278522,-4.1161994153651));
#6785=CARTESIAN_POINT('Ctrl Pts',(16.682542320123,94.10627946541,-3.87118621186974));
#6786=CARTESIAN_POINT('Ctrl Pts',(13.0622835582491,117.972670303245,-2.92483775176676));
#6787=CARTESIAN_POINT('Ctrl Pts',(8.96268734193232,144.134213047464,-1.7909461335447));
#6788=CARTESIAN_POINT('Ctrl Pts',(6.19831906483021,164.778510010749,-1.02832586870238));
#6789=CARTESIAN_POINT('Ctrl Pts',(4.05039062707091,186.352751053706,-0.454479091135457));
#6790=CARTESIAN_POINT('Ctrl Pts',(3.05067412920282,201.316956882399,-0.204591794018911));
#6791=CARTESIAN_POINT('Ctrl Pts',(2.57958175171666,208.943214918097,-0.0866628140605465));
#6792=CARTESIAN_POINT('Ctrl Pts',(2.71353958154735,14.497502011529,2.43905466362951));
#6793=CARTESIAN_POINT('Ctrl Pts',(3.40636311756522,15.9512924869564,2.14617420907039));
#6794=CARTESIAN_POINT('Ctrl Pts',(4.95647453284542,18.9647800293279,1.51010065902393));
#6795=CARTESIAN_POINT('Ctrl Pts',(8.65169702460349,25.403469018455,0.0583735567991753));
#6796=CARTESIAN_POINT('Ctrl Pts',(12.7561759634751,32.4098741809156,-1.50022058827645));
#6797=CARTESIAN_POINT('Ctrl Pts',(15.8652385103631,39.965504260457,-2.70682350318299));
#6798=CARTESIAN_POINT('Ctrl Pts',(17.4248254922766,45.9316199650546,-3.34879945230409));
#6799=CARTESIAN_POINT('Ctrl Pts',(18.1241576482587,52.2246121409262,-3.70153393166548));
#6800=CARTESIAN_POINT('Ctrl Pts',(18.1438262154463,61.0590014814955,-3.86584268038004));
#6801=CARTESIAN_POINT('Ctrl Pts',(17.8957475962789,73.0289169552556,-3.97192282805774));
#6802=CARTESIAN_POINT('Ctrl Pts',(16.305205137577,94.115656964678,-3.7310506213061));
#6803=CARTESIAN_POINT('Ctrl Pts',(12.7340268310958,117.982085523088,-2.8162757604354));
#6804=CARTESIAN_POINT('Ctrl Pts',(8.69759990906606,144.140942801469,-1.72293502212559));
#6805=CARTESIAN_POINT('Ctrl Pts',(5.97759570916048,164.782783159094,-0.988753866021506));
#6806=CARTESIAN_POINT('Ctrl Pts',(3.86537487656477,186.354699963978,-0.437749223966824));
#6807=CARTESIAN_POINT('Ctrl Pts',(2.88324348806656,201.317620678799,-0.199076605957535));
#6808=CARTESIAN_POINT('Ctrl Pts',(2.42079861314786,208.943214916689,-0.0866608001380882));
#6809=CARTESIAN_POINT('Ctrl Pts',(2.75669590127379,14.4884157660717,2.26820816035144));
#6810=CARTESIAN_POINT('Ctrl Pts',(3.42405958030097,15.9404125423221,1.99218995275527));
#6811=CARTESIAN_POINT('Ctrl Pts',(4.91953859595979,18.9509484969151,1.39211624164985));
#6812=CARTESIAN_POINT('Ctrl Pts',(8.49230417134288,25.3862984442717,0.0204975482850166));
#6813=CARTESIAN_POINT('Ctrl Pts',(12.4666119934372,32.393665113424,-1.45360051144764));
#6814=CARTESIAN_POINT('Ctrl Pts',(15.4726259487294,39.9535159280133,-2.59363692009559));
#6815=CARTESIAN_POINT('Ctrl Pts',(16.9752726830899,45.923644556912,-3.19895101182985));
#6816=CARTESIAN_POINT('Ctrl Pts',(17.6401932188225,52.2208376644509,-3.5296238852105));
#6817=CARTESIAN_POINT('Ctrl Pts',(17.638320527018,61.060304693121,-3.68021652189572));
#6818=CARTESIAN_POINT('Ctrl Pts',(17.3733166945656,73.0357501093716,-3.77550806546055));
#6819=CARTESIAN_POINT('Ctrl Pts',(15.791785560932,94.1283603827596,-3.54045795925506));
#6820=CARTESIAN_POINT('Ctrl Pts',(12.2876382859395,117.994854422716,-2.66863467984853));
#6821=CARTESIAN_POINT('Ctrl Pts',(8.33733778194482,144.150087442893,-1.63039584059053));
#6822=CARTESIAN_POINT('Ctrl Pts',(5.67784505022081,164.78860226087,-0.934868820720945));
#6823=CARTESIAN_POINT('Ctrl Pts',(3.61440346667591,186.35736127214,-0.414942027346503));
#6824=CARTESIAN_POINT('Ctrl Pts',(2.65636147045947,201.318527335022,-0.191555403579234));
#6825=CARTESIAN_POINT('Ctrl Pts',(2.2057646235073,208.943214912821,-0.0866552670477199));
#6826=CARTESIAN_POINT('Ctrl Pts',(2.79630163584048,14.4792624639038,2.09669246479664));
#6827=CARTESIAN_POINT('Ctrl Pts',(3.43790636577522,15.9294500071597,1.83774142801848));
#6828=CARTESIAN_POINT('Ctrl Pts',(4.87810272405127,18.9370042206125,1.2741088179285));
#6829=CARTESIAN_POINT('Ctrl Pts',(8.3269237861911,25.3689642065059,-0.0164076221042712));
#6830=CARTESIAN_POINT('Ctrl Pts',(12.1694623505912,32.3772751699111,-1.40495515434228));
#6831=CARTESIAN_POINT('Ctrl Pts',(15.071210778023,39.9413780996623,-2.47761430507461));
#6832=CARTESIAN_POINT('Ctrl Pts',(16.5162915543609,45.9155617584443,-3.04583872138629));
#6833=CARTESIAN_POINT('Ctrl Pts',(17.146493180941,52.2170094233009,-3.35422054479233));
#6834=CARTESIAN_POINT('Ctrl Pts',(17.1230127565652,61.0616269697095,-3.49100382632768));
#6835=CARTESIAN_POINT('Ctrl Pts',(16.8411414201128,73.0426762320279,-3.57547576921359));
#6836=CARTESIAN_POINT('Ctrl Pts',(15.2692241509196,94.141236673171,-3.34651008534191));
#6837=CARTESIAN_POINT('Ctrl Pts',(11.8335329993646,118.007810657036,-2.51840429148151));
#6838=CARTESIAN_POINT('Ctrl Pts',(7.97105547057306,144.159382988652,-1.53619709256909));
#6839=CARTESIAN_POINT('Ctrl Pts',(5.37328885421856,164.794529227692,-0.879984691090563));
#6840=CARTESIAN_POINT('Ctrl Pts',(3.3596746438299,186.360078778855,-0.391693278063585));
#6841=CARTESIAN_POINT('Ctrl Pts',(2.42630106512336,201.319453348363,-0.183890510948659));
#6842=CARTESIAN_POINT('Ctrl Pts',(1.98783902296122,208.943214911255,-0.0866530256827607));
#6843=CARTESIAN_POINT('Ctrl Pts',(2.83252308900698,14.4700590721313,1.92446366419033));
#6844=CARTESIAN_POINT('Ctrl Pts',(3.44811817686768,15.9184253104129,1.68276560766291));
#6845=CARTESIAN_POINT('Ctrl Pts',(4.83248556292742,18.9229735182108,1.15597396139939));
#6846=CARTESIAN_POINT('Ctrl Pts',(8.15610956941283,25.3514999958708,-0.0525400077516174));
#6847=CARTESIAN_POINT('Ctrl Pts',(11.8655308557618,32.3607372837764,-1.35458208602513));
#6848=CARTESIAN_POINT('Ctrl Pts',(14.6619919548368,39.9291157947411,-2.35912810486483));
#6849=CARTESIAN_POINT('Ctrl Pts',(16.0489861627479,45.9073885367953,-2.88987305045056));
#6850=CARTESIAN_POINT('Ctrl Pts',(16.644220684267,52.2131355581686,-3.17575252093181));
#6851=CARTESIAN_POINT('Ctrl Pts',(16.5990955103207,61.0629654369834,-3.29863612948767));
#6852=CARTESIAN_POINT('Ctrl Pts',(16.300430720489,73.0496807129097,-3.37225240597237));
#6853=CARTESIAN_POINT('Ctrl Pts',(14.7386828384806,94.1542586985596,-3.1495944283454));
#6854=CARTESIAN_POINT('Ctrl Pts',(11.3727081222472,118.020926374341,-2.3658821651039));
#6855=CARTESIAN_POINT('Ctrl Pts',(7.59954651434033,144.168808777286,-1.44053042605332));
#6856=CARTESIAN_POINT('Ctrl Pts',(5.06457622818039,164.800550405808,-0.824217533435857));
#6857=CARTESIAN_POINT('Ctrl Pts',(3.10171704778433,186.362845942199,-0.368053515726348));
#6858=CARTESIAN_POINT('Ctrl Pts',(2.19352778632024,201.320396475312,-0.176096082466757));
#6859=CARTESIAN_POINT('Ctrl Pts',(1.76745608321688,208.943214909438,-0.0866504261999487));
#6860=CARTESIAN_POINT('Ctrl Pts',(2.86552329211111,14.4608226674787,1.75147666306729));
#6861=CARTESIAN_POINT('Ctrl Pts',(3.45490640114388,15.9073589852693,1.52719827448145));
#6862=CARTESIAN_POINT('Ctrl Pts',(4.78300292538797,18.9088828053454,1.03760619456645));
#6863=CARTESIAN_POINT('Ctrl Pts',(7.98041257184765,25.3339395997031,-0.0880986379544805));
#6864=CARTESIAN_POINT('Ctrl Pts',(11.5556195909975,32.3440844681925,-1.30277960439218));
#6865=CARTESIAN_POINT('Ctrl Pts',(14.2459671327121,39.9167541045831,-2.2385513899699));
#6866=CARTESIAN_POINT('Ctrl Pts',(15.5744592973541,45.8991419318825,-2.73146509814275));
#6867=CARTESIAN_POINT('Ctrl Pts',(16.1345378846536,52.2092242669384,-2.9946490547402));
#6868=CARTESIAN_POINT('Ctrl Pts',(16.0677605142821,61.0643172682271,-3.10354563335217));
#6869=CARTESIAN_POINT('Ctrl Pts',(15.7523930548606,73.0567489450355,-3.16626538500457));
#6870=CARTESIAN_POINT('Ctrl Pts',(14.2013232458276,94.1673992948858,-2.95009959832124));
#6871=CARTESIAN_POINT('Ctrl Pts',(10.9061603309383,118.034173686996,-2.21136804874055));
#6872=CARTESIAN_POINT('Ctrl Pts',(7.22360378937754,144.178344113539,-1.34359036129908));
#6873=CARTESIAN_POINT('Ctrl Pts',(4.75235550542492,164.806652112947,-0.767686602047577));
#6874=CARTESIAN_POINT('Ctrl Pts',(2.84105831037036,186.365656207486,-0.344077090105877));
#6875=CARTESIAN_POINT('Ctrl Pts',(1.95850593534072,201.321354475116,-0.168190600532175));
#6876=CARTESIAN_POINT('Ctrl Pts',(1.54504886055062,208.943214907849,-0.0866481542706741));
#6877=CARTESIAN_POINT('Ctrl Pts',(2.89546808464028,14.4515702330916,1.5776874486504));
#6878=CARTESIAN_POINT('Ctrl Pts',(3.45848528515209,15.8962714775367,1.37097630018701));
#6879=CARTESIAN_POINT('Ctrl Pts',(4.72997306806616,18.8947584189344,0.91890098842755));
#6880=CARTESIAN_POINT('Ctrl Pts',(7.8003861764571,25.3163167298719,-0.123281667930704));
#6881=CARTESIAN_POINT('Ctrl Pts',(11.2405321927006,32.3273496756286,-1.24984539809533));
#6882=CARTESIAN_POINT('Ctrl Pts',(13.8241351628953,39.9043180639636,-2.11625675091302));
#6883=CARTESIAN_POINT('Ctrl Pts',(15.0938149351266,45.8908389235533,-2.57102549750112));
#6884=CARTESIAN_POINT('Ctrl Pts',(15.6186078783925,52.2052836987225,-2.81133898108551));
#6885=CARTESIAN_POINT('Ctrl Pts',(15.5302003333086,61.0656795936136,-2.90616415072393));
#6886=CARTESIAN_POINT('Ctrl Pts',(15.1982373000548,73.0638663130716,-2.95794173660549));
#6887=CARTESIAN_POINT('Ctrl Pts',(13.6583072030334,94.1806313118404,-2.74841380041984));
#6888=CARTESIAN_POINT('Ctrl Pts',(10.4348864576752,118.047524729077,-2.05516098406805));
#6889=CARTESIAN_POINT('Ctrl Pts',(6.84402035502782,144.187968324659,-1.24557048217685));
#6890=CARTESIAN_POINT('Ctrl Pts',(4.4372752349466,164.812820687629,-0.710510099776318));
#6891=CARTESIAN_POINT('Ctrl Pts',(2.57822637594584,186.368503030029,-0.319817086402994));
#6892=CARTESIAN_POINT('Ctrl Pts',(1.72170021809669,201.322325106156,-0.16019110357791));
#6893=CARTESIAN_POINT('Ctrl Pts',(1.32105081714696,208.943214905958,-0.0866454476677094));
#6894=CARTESIAN_POINT('Ctrl Pts',(2.92252099312158,14.4423188285715,1.4030511928153));
#6895=CARTESIAN_POINT('Ctrl Pts',(3.45906662974622,15.8851832929253,1.21403570645181));
#6896=CARTESIAN_POINT('Ctrl Pts',(4.67371221030047,18.8806267319893,0.799753093224053));
#6897=CARTESIAN_POINT('Ctrl Pts',(7.61658157184173,25.2986651221056,-0.158288001666776));
#6898=CARTESIAN_POINT('Ctrl Pts',(10.9210708116695,32.3105658763361,-1.19607768341719));
#6899=CARTESIAN_POINT('Ctrl Pts',(13.3974936227635,39.8918327415704,-1.99261723846446));
#6900=CARTESIAN_POINT('Ctrl Pts',(14.6081556408764,45.8824965464374,-2.40896538257762));
#6901=CARTESIAN_POINT('Ctrl Pts',(15.0975925745918,52.2013220562319,-2.62625158517697));
#6902=CARTESIAN_POINT('Ctrl Pts',(14.9876063920613,61.0670496030606,-2.70692394543478));
#6903=CARTESIAN_POINT('Ctrl Pts',(14.639171678247,73.0710182328763,-2.74770889278045));
#6904=CARTESIAN_POINT('Ctrl Pts',(13.1107961046197,94.1939276187921,-2.54492564826709));
#6905=CARTESIAN_POINT('Ctrl Pts',(9.95988306715624,118.060951639377,-1.89756061794808));
#6906=CARTESIAN_POINT('Ctrl Pts',(6.46158908604092,144.197660726375,-1.14666512122606));
#6907=CARTESIAN_POINT('Ctrl Pts',(4.11998380803033,164.819042448378,-0.65280704813479));
#6908=CARTESIAN_POINT('Ctrl Pts',(2.31374896453526,186.371379852754,-0.295327571195542));
#6909=CARTESIAN_POINT('Ctrl Pts',(1.48357502422585,201.32330612752,-0.152115758569934));
#6910=CARTESIAN_POINT('Ctrl Pts',(1.09589509820356,208.943214904019,-0.0866426748747682));
#6911=CARTESIAN_POINT('Ctrl Pts',(2.94684638458864,14.4330854860215,1.22752341255817));
#6912=CARTESIAN_POINT('Ctrl Pts',(3.4568633072328,15.8741149382329,1.05631291475884));
#6913=CARTESIAN_POINT('Ctrl Pts',(4.614537365832,18.8665141606781,0.680057563134948));
#6914=CARTESIAN_POINT('Ctrl Pts',(7.42955130307778,25.2810185788905,-0.193316118521833));
#6915=CARTESIAN_POINT('Ctrl Pts',(10.5980385681646,32.293766098278,-1.14177440186908));
#6916=CARTESIAN_POINT('Ctrl Pts',(12.9670411498393,39.8793232196766,-1.86800563824826));
#6917=CARTESIAN_POINT('Ctrl Pts',(14.1185853835097,45.8741318056542,-2.24569554720238));
#6918=CARTESIAN_POINT('Ctrl Pts',(14.5726551567918,52.1973474968536,-2.43981587943241));
#6919=CARTESIAN_POINT('Ctrl Pts',(14.4411714416894,61.0684244173639,-2.50625701886083));
#6920=CARTESIAN_POINT('Ctrl Pts',(14.0764052432452,73.0781900599565,-2.53599427184065));
#6921=CARTESIAN_POINT('Ctrl Pts',(12.5599519767927,94.207261014542,-2.34002387469484));
#6922=CARTESIAN_POINT('Ctrl Pts',(9.48214693432063,118.074426507497,-1.73886707250295));
#6923=CARTESIAN_POINT('Ctrl Pts',(6.07710275392916,144.207400621994,-1.04706932431069));
#6924=CARTESIAN_POINT('Ctrl Pts',(3.80112936428826,164.825303724615,-0.594697287427113));
#6925=CARTESIAN_POINT('Ctrl Pts',(2.04815347994356,186.374280130581,-0.270663581780472));
#6926=CARTESIAN_POINT('Ctrl Pts',(1.24459443934566,201.324295299099,-0.143983816737634));
#6927=CARTESIAN_POINT('Ctrl Pts',(0.87001454527952,208.94321490305,-0.0866412874725584));
#6928=CARTESIAN_POINT('Ctrl Pts',(2.96861029324067,14.4238871808846,1.05106027500016));
#6929=CARTESIAN_POINT('Ctrl Pts',(3.4520893947859,15.8630868061227,0.897744877226745));
#6930=CARTESIAN_POINT('Ctrl Pts',(4.55276686001348,18.8524469222762,0.559710011517152));
#6931=CARTESIAN_POINT('Ctrl Pts',(7.23984780490549,25.263410654505,-0.228564322612458));
#6932=CARTESIAN_POINT('Ctrl Pts',(10.2722383697679,32.2769831614624,-1.08723334408224));
#6933=CARTESIAN_POINT('Ctrl Pts',(12.5337755089703,39.8668144789759,-1.74279475229461));
#6934=CARTESIAN_POINT('Ctrl Pts',(13.6262064604694,45.8657616986503,-2.0816270053048));
#6935=CARTESIAN_POINT('Ctrl Pts',(14.04495711259,52.1933682204082,-2.25246104984241));
#6936=CARTESIAN_POINT('Ctrl Pts',(13.8920862835995,61.069801260778,-2.30459557085985));
#6937=CARTESIAN_POINT('Ctrl Pts',(13.5111456604794,73.0853672761023,-2.32322505334395));
#6938=CARTESIAN_POINT('Ctrl Pts',(12.0069356214094,94.2206044743989,-2.13409672715289));
#6939=CARTESIAN_POINT('Ctrl Pts',(9.00267442140821,118.087921560282,-1.57937904929537));
#6940=CARTESIAN_POINT('Ctrl Pts',(5.69135441002773,144.217167369192,-0.946976054540062));
#6941=CARTESIAN_POINT('Ctrl Pts',(3.48136067617475,164.831590845325,-0.536298268231259));
#6942=CARTESIAN_POINT('Ctrl Pts',(1.78196818030911,186.377197302958,-0.245877296954771));
#6943=CARTESIAN_POINT('Ctrl Pts',(1.00522345172551,201.325290378511,-0.135811309595392));
#6944=CARTESIAN_POINT('Ctrl Pts',(0.643842902393225,208.943214901813,-0.086639517915528));
#6945=CARTESIAN_POINT('Ctrl Pts',(2.98797710300848,14.4147409439771,0.873617395230333));
#6946=CARTESIAN_POINT('Ctrl Pts',(3.44495811999886,15.8521194439691,0.738268194225311));
#6947=CARTESIAN_POINT('Ctrl Pts',(4.48871781026494,18.8384515344292,0.438605593130025));
#6948=CARTESIAN_POINT('Ctrl Pts',(7.04802465123285,25.2458752875555,-0.264230774476966));
#6949=CARTESIAN_POINT('Ctrl Pts',(9.9444741047409,32.2602502081406,-1.03275221917136));
#6950=CARTESIAN_POINT('Ctrl Pts',(12.0986964085302,39.8543316450651,-1.61735706704077));
#6951=CARTESIAN_POINT('Ctrl Pts',(13.132124457352,45.8574032084494,-1.9171701152532));
#6952=CARTESIAN_POINT('Ctrl Pts',(13.5156631633462,52.1893923332822,-2.06461569814629));
#6953=CARTESIAN_POINT('Ctrl Pts',(13.3415453451317,61.0711771643296,-2.10237115925088));
#6954=CARTESIAN_POINT('Ctrl Pts',(12.9446031478764,73.0925351484105,-2.10982834738781));
#6955=CARTESIAN_POINT('Ctrl Pts',(11.4529100628337,94.2339306856539,-1.92753267469863));
#6956=CARTESIAN_POINT('Ctrl Pts',(8.52246285285933,118.101408806762,-1.41939651322091));
#6957=CARTESIAN_POINT('Ctrl Pts',(5.30513699663289,144.226940247351,-0.84658029180064));
#6958=CARTESIAN_POINT('Ctrl Pts',(3.16132586231217,164.837890151719,-0.477729811553607));
#6959=CARTESIAN_POINT('Ctrl Pts',(1.51572041134588,186.380124840551,-0.221023737714035));
#6960=CARTESIAN_POINT('Ctrl Pts',(0.765926158206701,201.326289125606,-0.1276174483849));
#6961=CARTESIAN_POINT('Ctrl Pts',(0.417813022232917,208.943214901296,-0.086638778086022));
#6962=CARTESIAN_POINT('Ctrl Pts',(3.00511616558596,14.405663641074,0.695152160931565));
#6963=CARTESIAN_POINT('Ctrl Pts',(3.43568614754301,15.8412330439839,0.577820848035161));
#6964=CARTESIAN_POINT('Ctrl Pts',(4.42271122458539,18.8245538817906,0.316640948668293));
#6965=CARTESIAN_POINT('Ctrl Pts',(6.85463466746942,25.2284456228992,-0.300513388455013));
#6966=CARTESIAN_POINT('Ctrl Pts',(9.61554875765778,32.2435997186281,-0.9786285868581));
#6967=CARTESIAN_POINT('Ctrl Pts',(11.6628005587423,39.8418995306063,-1.49206550510614));
#6968=CARTESIAN_POINT('Ctrl Pts',(12.6374393289444,45.8490733135568,-1.75273637387577));
#6969=CARTESIAN_POINT('Ctrl Pts',(12.9859323388342,52.1854280972635,-1.87670954015905));
#6970=CARTESIAN_POINT('Ctrl Pts',(12.7907365201739,61.0725495112997,-1.90001664292453));
#6971=CARTESIAN_POINT('Ctrl Pts',(12.3779831327024,73.0996793550698,-1.89623178547674));
#6972=CARTESIAN_POINT('Ctrl Pts',(10.8990339806509,94.2472128996044,-1.72072036393107));
#6973=CARTESIAN_POINT('Ctrl Pts',(8.04250738889463,118.114860686282,-1.25921815600744));
#6974=CARTESIAN_POINT('Ctrl Pts',(4.91924323328737,144.236698694903,-0.746074635252432));
#6975=CARTESIAN_POINT('Ctrl Pts',(2.8416738266879,164.844187968286,-0.419108821847909));
#6976=CARTESIAN_POINT('Ctrl Pts',(1.24993872557355,186.383056157138,-0.19615439266543));
#6977=CARTESIAN_POINT('Ctrl Pts',(0.527167757175756,201.327289297484,-0.119417515096857));
#6978=CARTESIAN_POINT('Ctrl Pts',(0.19235885897976,208.943214899739,-0.0866365507753332));
#6979=CARTESIAN_POINT('Ctrl Pts',(3.02018662668098,14.396672474998,0.515618446048298));
#6980=CARTESIAN_POINT('Ctrl Pts',(3.42448289246917,15.8304485024239,0.416338054847523));
#6981=CARTESIAN_POINT('Ctrl Pts',(4.35506005889714,18.8107810886257,0.193709778760033));
#6982=CARTESIAN_POINT('Ctrl Pts',(6.66023163482644,25.2111563549788,-0.337610631663419));
#6983=CARTESIAN_POINT('Ctrl Pts',(9.28626671641482,32.2270654637672,-0.925160314072564));
#6984=CARTESIAN_POINT('Ctrl Pts',(11.2270902021407,39.8295435619848,-1.36729213437479));
#6985=CARTESIAN_POINT('Ctrl Pts',(12.1432616692986,45.8407890099042,-1.58873506189696));
#6986=CARTESIAN_POINT('Ctrl Pts',(12.4569344855768,52.1814834805402,-1.689170069401));
#6987=CARTESIAN_POINT('Ctrl Pts',(12.2408601810351,61.0739150099843,-1.69796226201192));
#6988=CARTESIAN_POINT('Ctrl Pts',(11.8125002902251,73.1067847816717,-1.68286166962997));
#6989=CARTESIAN_POINT('Ctrl Pts',(10.3464745267857,94.2604232771326,-1.51404762930588));
#6990=CARTESIAN_POINT('Ctrl Pts',(7.56380761358841,118.128248806175,-1.09914419846448));
#6991=CARTESIAN_POINT('Ctrl Pts',(4.53446660672243,144.246421843031,-0.645655051631657));
#6992=CARTESIAN_POINT('Ctrl Pts',(2.52305233016239,164.850470651662,-0.360556473644506));
#6993=CARTESIAN_POINT('Ctrl Pts',(0.985149792884297,186.385984776127,-0.171325957674046));
#6994=CARTESIAN_POINT('Ctrl Pts',(0.289411832235511,201.328288655273,-0.111232551737247));
#6995=CARTESIAN_POINT('Ctrl Pts',(-0.0320872479401014,208.943214899409,
-0.0866360787023737));
#6996=CARTESIAN_POINT('Ctrl Pts',(3.03336348334846,14.3877841273268,0.334975448971523));
#6997=CARTESIAN_POINT('Ctrl Pts',(3.41156770280272,15.8197854594092,0.253758851655576));
#6998=CARTESIAN_POINT('Ctrl Pts',(4.2860894358039,18.7971579523612,0.0697101542708063));
#6999=CARTESIAN_POINT('Ctrl Pts',(6.46536388605907,25.1940392343876,-0.375721262001368));
#7000=CARTESIAN_POINT('Ctrl Pts',(8.95742724638423,32.2106787607824,-0.872645687842898));
#7001=CARTESIAN_POINT('Ctrl Pts',(10.7925548545317,39.8172880433682,-1.24341160266283));
#7002=CARTESIAN_POINT('Ctrl Pts',(11.6506792700368,45.8325673548541,-1.42558075783007));
#7003=CARTESIAN_POINT('Ctrl Pts',(11.9298166652841,52.1775671091627,-1.5024300672252));
#7004=CARTESIAN_POINT('Ctrl Pts',(11.6930907784959,61.0752717708245,-1.49664436037755));
#7005=CARTESIAN_POINT('Ctrl Pts',(11.2493503175524,73.1138378908352,-1.47014813798348));
#7006=CARTESIAN_POINT('Ctrl Pts',(9.79638167137719,94.2735361074547,-1.30790536381371));
#7007=CARTESIAN_POINT('Ctrl Pts',(7.0873537746527,118.141546377763,-0.939474464769483));
#7008=CARTESIAN_POINT('Ctrl Pts',(4.15159829756191,144.256089389024,-0.545514278434052));
#7009=CARTESIAN_POINT('Ctrl Pts',(2.2061104863939,164.856724458178,-0.30218929321006));
#7010=CARTESIAN_POINT('Ctrl Pts',(0.72188281510869,186.388903987211,-0.14658935982306));
#7011=CARTESIAN_POINT('Ctrl Pts',(0.0531237136879384,201.329284955744,-0.10307736974007));
#7012=CARTESIAN_POINT('Ctrl Pts',(-0.255091212417445,208.943214898217,-0.0866343740631629));
#7013=CARTESIAN_POINT('Ctrl Pts',(3.04098888109304,14.381938665428,0.213776104302193));
#7014=CARTESIAN_POINT('Ctrl Pts',(3.40195765709085,15.8127723575131,0.144599349903447));
#7015=CARTESIAN_POINT('Ctrl Pts',(4.23943674863223,18.7881952146309,-0.0137395565573629));
#7016=CARTESIAN_POINT('Ctrl Pts',(6.33552308121376,25.1827676905693,-0.401933060062931));
#7017=CARTESIAN_POINT('Ctrl Pts',(8.73904112473201,32.199876827701,-0.838467862057447));
#7018=CARTESIAN_POINT('Ctrl Pts',(10.5043295894481,39.8092022780982,-1.16166420826633));
#7019=CARTESIAN_POINT('Ctrl Pts',(11.324115939398,45.8271391063003,-1.31764306964563));
#7020=CARTESIAN_POINT('Ctrl Pts',(11.5804582601473,52.1749796823272,-1.37874922139201));
#7021=CARTESIAN_POINT('Ctrl Pts',(11.3301383086117,61.0761670597874,-1.3632041834636));
#7022=CARTESIAN_POINT('Ctrl Pts',(10.8762977233329,73.1184937925435,-1.32905665523841));
#7023=CARTESIAN_POINT('Ctrl Pts',(9.43208927218555,94.2821928434611,-1.17108546937874));
#7024=CARTESIAN_POINT('Ctrl Pts',(6.77188923151551,118.150330993292,-0.833495080985171));
#7025=CARTESIAN_POINT('Ctrl Pts',(3.8981564645719,144.26248308635,-0.479069019276013));
#7026=CARTESIAN_POINT('Ctrl Pts',(1.99636739807595,164.860865459764,-0.263481464441219));
#7027=CARTESIAN_POINT('Ctrl Pts',(0.547736580693968,186.390839747167,-0.130196731830378));
#7028=CARTESIAN_POINT('Ctrl Pts',(-0.103113839530883,201.329945624603,-0.0976735158085375));
#7029=CARTESIAN_POINT('Ctrl Pts',(-0.402510601678181,208.943214897697,-0.0866336295725168));
#7030=CARTESIAN_POINT('Ctrl Pts',(3.04937221464204,14.3751053643117,0.0705228509224378));
#7031=CARTESIAN_POINT('Ctrl Pts',(3.39013638233709,15.8045724203738,0.0155181795048229));
#7032=CARTESIAN_POINT('Ctrl Pts',(4.18421566582643,18.7777125021389,-0.112551920973688));
#7033=CARTESIAN_POINT('Ctrl Pts',(6.18279254043771,25.1695786734067,-0.433371258140398));
#7034=CARTESIAN_POINT('Ctrl Pts',(8.48255049451877,32.1872314653934,-0.798814273662517));
#7035=CARTESIAN_POINT('Ctrl Pts',(10.1659919821029,39.7997340524022,-1.06600602754317));
#7036=CARTESIAN_POINT('Ctrl Pts',(10.9408449562691,45.8207822774966,-1.19114564632071));
#7037=CARTESIAN_POINT('Ctrl Pts',(11.1704912973446,52.1719500278211,-1.23370007233595));
#7038=CARTESIAN_POINT('Ctrl Pts',(10.9042640988543,61.0772183033842,-1.20663624572707));
#7039=CARTESIAN_POINT('Ctrl Pts',(10.4386373289565,73.1239492355507,-1.16343658465606));
#7040=CARTESIAN_POINT('Ctrl Pts',(9.00476813827388,94.2923348148927,-1.01041702684569));
#7041=CARTESIAN_POINT('Ctrl Pts',(6.40188754771151,118.160625019807,-0.709037796810801));
#7042=CARTESIAN_POINT('Ctrl Pts',(3.60094152627632,144.269978220691,-0.401052687693083));
#7043=CARTESIAN_POINT('Ctrl Pts',(1.75043615319579,164.865721719242,-0.218045579223096));
#7044=CARTESIAN_POINT('Ctrl Pts',(0.343586833606513,186.393111075184,-0.110962642270072));
#7045=CARTESIAN_POINT('Ctrl Pts',(-0.286237771710617,201.330721004725,-0.0913333057965134));
#7046=CARTESIAN_POINT('Ctrl Pts',(-0.575280383842231,208.943214897059,-0.0866327182555144));
#7047=CARTESIAN_POINT('Ctrl Pts',(3.02810641918496,14.3701961383522,-0.0654715295783058));
#7048=CARTESIAN_POINT('Ctrl Pts',(3.35285345412556,15.7986621903729,-0.107718747482508));
#7049=CARTESIAN_POINT('Ctrl Pts',(4.1124639181731,18.7700911321961,-0.208552039262574));
#7050=CARTESIAN_POINT('Ctrl Pts',(6.03345108024798,25.159787951191,-0.468758000775023));
#7051=CARTESIAN_POINT('Ctrl Pts',(8.25050705379877,32.1776220884744,-0.770241581234642));
#7052=CARTESIAN_POINT('Ctrl Pts',(9.86891916953986,39.7924074149511,-0.986933702586278));
#7053=CARTESIAN_POINT('Ctrl Pts',(10.6082840200445,45.8157968578405,-1.0841675210423));
#7054=CARTESIAN_POINT('Ctrl Pts',(10.8171599814584,52.1695489535813,-1.10979722698281));
#7055=CARTESIAN_POINT('Ctrl Pts',(10.5391424463765,61.0780534169472,-1.07197842445461));
#7056=CARTESIAN_POINT('Ctrl Pts',(10.0653015697314,73.1282359786653,-1.02011870008488));
#7057=CARTESIAN_POINT('Ctrl Pts',(8.64189084303107,94.300306238002,-0.870614942077575));
#7058=CARTESIAN_POINT('Ctrl Pts',(6.08745075848239,118.168827120049,-0.600701236539084));
#7059=CARTESIAN_POINT('Ctrl Pts',(3.3474638687902,144.276085345211,-0.333331448643168));
#7060=CARTESIAN_POINT('Ctrl Pts',(1.54000753837313,164.869772370426,-0.178775513171443));
#7061=CARTESIAN_POINT('Ctrl Pts',(0.168525645020205,186.395058467103,-0.0944419447746781));
#7062=CARTESIAN_POINT('Ctrl Pts',(-0.443242636382777,201.331386991352,-0.0858898068190366));
#7063=CARTESIAN_POINT('Ctrl Pts',(-0.723386143747728,208.943214896458,-0.086631857729795));
#7064=CARTESIAN_POINT('Ctrl Pts',(2.93854689539612,14.3656016967271,-0.247794388221402));
#7065=CARTESIAN_POINT('Ctrl Pts',(3.24503238588651,15.7930847089026,-0.273110934757619));
#7066=CARTESIAN_POINT('Ctrl Pts',(3.96523859308074,18.7627440244525,-0.337781817834017));
#7067=CARTESIAN_POINT('Ctrl Pts',(5.79715215485602,25.1498835259654,-0.517477414410667));
#7068=CARTESIAN_POINT('Ctrl Pts',(7.91901810350556,32.1673988260055,-0.733957393119951));
#7069=CARTESIAN_POINT('Ctrl Pts',(9.46305694788169,39.784323124295,-0.883493996043591));
#7070=CARTESIAN_POINT('Ctrl Pts',(10.1623207575972,45.8101533894345,-0.94359167597564));
#7071=CARTESIAN_POINT('Ctrl Pts',(10.3484823080893,52.1667787133384,-0.946661192870005));
#7072=CARTESIAN_POINT('Ctrl Pts',(10.0589648547113,61.0790249891703,-0.894446399763607));
#7073=CARTESIAN_POINT('Ctrl Pts',(9.57844745432748,73.1331098247169,-0.830940108799042));
#7074=CARTESIAN_POINT('Ctrl Pts',(8.17225416331642,94.3093717523156,-0.685875873091757));
#7075=CARTESIAN_POINT('Ctrl Pts',(5.67998579386106,118.178391760003,-0.4575281622097));
#7076=CARTESIAN_POINT('Ctrl Pts',(3.01700703252512,144.28349137866,-0.243882026288728));
#7077=CARTESIAN_POINT('Ctrl Pts',(1.26414911453743,164.874877321513,-0.126949467014561));
#7078=CARTESIAN_POINT('Ctrl Pts',(-0.0618279725678611,186.397619138964,
-0.0726661649715746));
#7079=CARTESIAN_POINT('Ctrl Pts',(-0.649799392439268,201.332265245631,-0.07871603958861));
#7080=CARTESIAN_POINT('Ctrl Pts',(-0.918197467466708,208.943214896194,-0.0866314800488348));
#7081=CARTESIAN_POINT('Ctrl Pts',(2.84159738245812,14.3630666032764,-0.378996727352977));
#7082=CARTESIAN_POINT('Ctrl Pts',(3.13590971963755,15.7899766522536,-0.391938407317918));
#7083=CARTESIAN_POINT('Ctrl Pts',(3.82979217434816,18.7585484189442,-0.43016757901452));
#7084=CARTESIAN_POINT('Ctrl Pts',(5.60199060455282,25.1439286991324,-0.550953310190013));
#7085=CARTESIAN_POINT('Ctrl Pts',(7.65990955921992,32.1609452678057,-0.705208942148625));
#7086=CARTESIAN_POINT('Ctrl Pts',(9.15425688756187,39.7790514760209,-0.805607891251277));
#7087=CARTESIAN_POINT('Ctrl Pts',(9.82700479646573,45.8063935160893,-0.838558067191115));
#7088=CARTESIAN_POINT('Ctrl Pts',(9.99858376763736,52.1649045707449,-0.825176826253541));
#7089=CARTESIAN_POINT('Ctrl Pts',(9.70251356348266,61.079686711518,-0.762536135107979));
#7090=CARTESIAN_POINT('Ctrl Pts',(9.21908556363452,73.1363686112874,-0.690655489716101));
#7091=CARTESIAN_POINT('Ctrl Pts',(7.82739020158989,94.315434344326,-0.549123537115009));
#7092=CARTESIAN_POINT('Ctrl Pts',(5.38051304718562,118.184916970663,-0.351557692508991));
#7093=CARTESIAN_POINT('Ctrl Pts',(2.77313055130811,144.288694908331,-0.177616905390873));
#7094=CARTESIAN_POINT('Ctrl Pts',(1.05980102492661,164.878562507852,-0.0885035735798394));
#7095=CARTESIAN_POINT('Ctrl Pts',(-0.232898066627761,186.399519931347,-0.0564801771455712));
#7096=CARTESIAN_POINT('Ctrl Pts',(-0.803180429963576,201.332918373168,-0.0733828064535038));
#7097=CARTESIAN_POINT('Ctrl Pts',(-1.0628391935662,208.943214895864,-0.0866310080945286));
#7098=CARTESIAN_POINT('Ctrl Pts',(2.71647346070661,14.3613555925034,-0.498848729694247));
#7099=CARTESIAN_POINT('Ctrl Pts',(3.00007854194265,15.7878418818677,-0.500014550411952));
#7100=CARTESIAN_POINT('Ctrl Pts',(3.67074004918838,18.7555442741506,-0.513060519554708));
#7101=CARTESIAN_POINT('Ctrl Pts',(5.3900553169148,25.1393120070676,-0.577688020995788));
#7102=CARTESIAN_POINT('Ctrl Pts',(7.39120028816607,32.1555972640697,-0.672584808406138));
#7103=CARTESIAN_POINT('Ctrl Pts',(8.84172536131268,39.7745026904358,-0.726176588950943));
#7104=CARTESIAN_POINT('Ctrl Pts',(9.49138938219296,45.8030662629863,-0.733333306641623));
#7105=CARTESIAN_POINT('Ctrl Pts',(9.65074245626247,52.1632169523377,-0.704419247325655));
#7106=CARTESIAN_POINT('Ctrl Pts',(9.35010373519205,61.0802863503172,-0.632109434685387));
#7107=CARTESIAN_POINT('Ctrl Pts',(8.86576317642783,73.1392635286672,-0.552605649708395));
#7108=CARTESIAN_POINT('Ctrl Pts',(7.4900541962973,94.320821380573,-0.415121465004166));
#7109=CARTESIAN_POINT('Ctrl Pts',(5.08731858781397,118.19084535245,-0.247748609071673));
#7110=CARTESIAN_POINT('Ctrl Pts',(2.53338778626408,144.293572195397,-0.112562542447193));
#7111=CARTESIAN_POINT('Ctrl Pts',(0.858172085942275,164.882111429677,-0.0506339141830362));
#7112=CARTESIAN_POINT('Ctrl Pts',(-0.402109912146614,186.401399422697,-0.0404599862535089));
#7113=CARTESIAN_POINT('Ctrl Pts',(-0.954880188613208,201.333565238923,-0.0681025282780308));
#7114=CARTESIAN_POINT('Ctrl Pts',(-1.20587914610575,208.943214895621,-0.0866306599984726));
#7115=CARTESIAN_POINT('Ctrl Pts',(2.5160517542723,14.3600078815872,-0.636498987780486));
#7116=CARTESIAN_POINT('Ctrl Pts',(2.78716515969731,15.7860981788095,-0.623088860635885));
#7117=CARTESIAN_POINT('Ctrl Pts',(3.43066138245473,18.7528895141929,-0.604939374580187));
#7118=CARTESIAN_POINT('Ctrl Pts',(5.08781286061197,25.1346778572523,-0.599887298444358));
#7119=CARTESIAN_POINT('Ctrl Pts',(7.02205437300667,32.1497291212523,-0.621084584823731));
#7120=CARTESIAN_POINT('Ctrl Pts',(8.42133597993163,39.769267237672,-0.616702808907568));
#7121=CARTESIAN_POINT('Ctrl Pts',(9.04441259484187,45.7991291039241,-0.592049738247798));
#7122=CARTESIAN_POINT('Ctrl Pts',(9.19034084552164,52.1611833773066,-0.544193970189239));
#7123=CARTESIAN_POINT('Ctrl Pts',(8.88601489798897,61.0810148658243,-0.460464970884641));
#7124=CARTESIAN_POINT('Ctrl Pts',(8.40288029378407,73.1427043362191,-0.372281198225915));
#7125=CARTESIAN_POINT('Ctrl Pts',(7.05024551523148,94.3272252610984,-0.241261732262196));
#7126=CARTESIAN_POINT('Ctrl Pts',(4.70474748121072,118.198057478255,-0.113129030210107));
#7127=CARTESIAN_POINT('Ctrl Pts',(2.21935944107174,144.299690898309,-0.0279123043494396));
#7128=CARTESIAN_POINT('Ctrl Pts',(0.593155175460654,164.886677346898,-0.00109895663430991));
#7129=CARTESIAN_POINT('Ctrl Pts',(-0.625029615120441,186.403874760326,-0.0193481056206796));
#7130=CARTESIAN_POINT('Ctrl Pts',(-1.15471173906695,201.334418445855,-0.0611402594794391));
#7131=CARTESIAN_POINT('Ctrl Pts',(-1.3942832854806,208.943214895478,-0.0866304563426971));
#7132=CARTESIAN_POINT('Ctrl Pts',(2.2116298047096,14.3597219268527,-0.754749189295538));
#7133=CARTESIAN_POINT('Ctrl Pts',(2.47010046337678,15.7855722432569,-0.725815886309698));
#7134=CARTESIAN_POINT('Ctrl Pts',(3.08594449033915,18.7516013446057,-0.674359946780341));
#7135=CARTESIAN_POINT('Ctrl Pts',(4.67931671478656,25.1311834048052,-0.594676367261095));
#7136=CARTESIAN_POINT('Ctrl Pts',(6.54459726591638,32.1443143076239,-0.536796385340695));
#7137=CARTESIAN_POINT('Ctrl Pts',(7.89181622623019,39.7639931006518,-0.470608622887449));
#7138=CARTESIAN_POINT('Ctrl Pts',(8.48864939571748,45.794976158618,-0.412419297904969));
#7139=CARTESIAN_POINT('Ctrl Pts',(8.62256322279394,52.1589762279641,-0.345153894822319));
#7140=CARTESIAN_POINT('Ctrl Pts',(8.31758418889879,61.0818135972351,-0.250731626446352));
#7141=CARTESIAN_POINT('Ctrl Pts',(7.83990792851662,73.1463572729483,-0.155301932191898));
#7142=CARTESIAN_POINT('Ctrl Pts',(6.51889146609913,94.33402623966,-0.0350219074258493));
#7143=CARTESIAN_POINT('Ctrl Pts',(4.24201835679299,118.205993059892,0.0463997182795178));
#7144=CARTESIAN_POINT('Ctrl Pts',(1.83751630029564,144.306727161896,0.0731361350905285));
#7145=CARTESIAN_POINT('Ctrl Pts',(0.269384060338861,164.892108818808,0.0586879923697158));
#7146=CARTESIAN_POINT('Ctrl Pts',(-0.898218989910377,186.406908077861,0.00653002432991335));
#7147=CARTESIAN_POINT('Ctrl Pts',(-1.39957343926876,201.335465805047,-0.0525962923663506));
#7148=CARTESIAN_POINT('Ctrl Pts',(-1.62510819755177,208.943214894629,-0.0866292423010339));
#7149=CARTESIAN_POINT('Ctrl Pts',(1.8003075572915,14.360246008474,-0.782958724814005));
#7150=CARTESIAN_POINT('Ctrl Pts',(2.04661941226223,15.7859711828321,-0.741015244866034));
#7151=CARTESIAN_POINT('Ctrl Pts',(2.63571116950596,18.7513363812313,-0.661476765555869));
#7152=CARTESIAN_POINT('Ctrl Pts',(4.16683466504581,25.1284903975031,-0.518300195274045));
#7153=CARTESIAN_POINT('Ctrl Pts',(5.96452163448696,32.1391306190649,-0.392881330647594));
#7154=CARTESIAN_POINT('Ctrl Pts',(7.26161499109867,39.7585739055812,-0.274899626679885));
#7155=CARTESIAN_POINT('Ctrl Pts',(7.83409356182715,45.7905661956048,-0.189542563375782));
#7156=CARTESIAN_POINT('Ctrl Pts',(7.95837055373221,52.156587213388,-0.107978840049725));
#7157=CARTESIAN_POINT('Ctrl Pts',(7.65642208613775,61.0826845556115,-0.00829451448496817));
#7158=CARTESIAN_POINT('Ctrl Pts',(7.1890209328448,73.1502532067587,0.0881754781948538));
#7159=CARTESIAN_POINT('Ctrl Pts',(5.90810948520566,94.341279852348,0.189846850399263));
#7160=CARTESIAN_POINT('Ctrl Pts',(3.70963174432345,118.214658366574,0.219964495967644));
#7161=CARTESIAN_POINT('Ctrl Pts',(1.39621258650236,144.314625391452,0.184721887587232));
#7162=CARTESIAN_POINT('Ctrl Pts',(-0.106289914624649,164.898328209735,0.126169929357022));
#7163=CARTESIAN_POINT('Ctrl Pts',(-1.21601437570053,186.410439649768,0.0366120159092309));
#7164=CARTESIAN_POINT('Ctrl Pts',(-1.68436498160006,201.336686407752,-0.0426441865516805));
#7165=CARTESIAN_POINT('Ctrl Pts',(-1.89352949516504,208.94321489398,-0.0866283138354565));
#7166=CARTESIAN_POINT('Ctrl Pts',(1.39110013291393,14.3601681118387,-0.687900054294545));
#7167=CARTESIAN_POINT('Ctrl Pts',(1.62617217182143,15.7856683602315,-0.63904582071806));
#7168=CARTESIAN_POINT('Ctrl Pts',(2.19052041587456,18.7502432894574,-0.544324071736835));
#7169=CARTESIAN_POINT('Ctrl Pts',(3.66402414969233,25.1249631316877,-0.366015258226311));
#7170=CARTESIAN_POINT('Ctrl Pts',(5.39918272581173,32.1333735243745,-0.202838479111863));
#7171=CARTESIAN_POINT('Ctrl Pts',(6.65019806757789,39.7528583632096,-0.0574403349584512));
#7172=CARTESIAN_POINT('Ctrl Pts',(7.2005536147219,45.7860239126706,0.0408311981882481));
#7173=CARTESIAN_POINT('Ctrl Pts',(7.31651862410835,52.154160000722,0.126904827621789));
#7174=CARTESIAN_POINT('Ctrl Pts',(7.01837502720147,61.0835656816036,0.223618884648041));
#7175=CARTESIAN_POINT('Ctrl Pts',(6.56182403977606,73.1542519035483,0.312822634990483));
#7176=CARTESIAN_POINT('Ctrl Pts',(5.320449489129,94.348721425977,0.389705913046889));
#7177=CARTESIAN_POINT('Ctrl Pts',(3.19735255042683,118.223403061598,0.373781518813647));
#7178=CARTESIAN_POINT('Ctrl Pts',(0.971169143630712,144.322447218114,0.285588331057477));
#7179=CARTESIAN_POINT('Ctrl Pts',(-0.468420949078291,164.904405241721,0.188896130476636));
#7180=CARTESIAN_POINT('Ctrl Pts',(-1.52248785585977,186.413852310265,0.0655838345756904));
#7181=CARTESIAN_POINT('Ctrl Pts',(-1.958955331849,201.337865191522,-0.0330371423215271));
#7182=CARTESIAN_POINT('Ctrl Pts',(-2.15230144162467,208.943214893705,-0.0866279196526978));
#7183=CARTESIAN_POINT('Ctrl Pts',(1.09211687466423,14.358491674919,-0.513324528839653));
#7184=CARTESIAN_POINT('Ctrl Pts',(1.31684571742408,15.7835234885871,-0.463472990217365));
#7185=CARTESIAN_POINT('Ctrl Pts',(1.85856097781446,18.7470504647731,-0.366208024321881));
#7186=CARTESIAN_POINT('Ctrl Pts',(3.27984341309112,25.1195670084866,-0.180847977682927));
#7187=CARTESIAN_POINT('Ctrl Pts',(4.95866754361519,32.1266746177599,-0.00961360014438408));
#7188=CARTESIAN_POINT('Ctrl Pts',(6.16770193728681,39.7469389837652,0.139494526177049));
#7189=CARTESIAN_POINT('Ctrl Pts',(6.69736926396471,45.7815958296885,0.237363693681063));
#7190=CARTESIAN_POINT('Ctrl Pts',(6.80461192807502,52.1518804157564,0.319539255800566));
#7191=CARTESIAN_POINT('Ctrl Pts',(6.50773280938215,61.0843807665408,0.407382402974765));
#7192=CARTESIAN_POINT('Ctrl Pts',(6.05805426823296,73.1581138386549,0.484082233827776));
#7193=CARTESIAN_POINT('Ctrl Pts',(4.84685565316599,94.3559043338433,0.535627302883359));
#7194=CARTESIAN_POINT('Ctrl Pts',(2.78485286346303,118.231461380254,0.485689948820896));
#7195=CARTESIAN_POINT('Ctrl Pts',(0.629956330061471,144.329253581839,0.360707093028714));
#7196=CARTESIAN_POINT('Ctrl Pts',(-0.758342200349281,164.909466899838,0.237096984207413));
#7197=CARTESIAN_POINT('Ctrl Pts',(-1.76737261543146,186.416588130959,0.0886930905766786));
#7198=CARTESIAN_POINT('Ctrl Pts',(-2.17831374751176,201.338808002618,-0.0253547435953307));
#7199=CARTESIAN_POINT('Ctrl Pts',(-2.35900267147864,208.943214893031,-0.0866269557436147));
#7200=CARTESIAN_POINT('Ctrl Pts',(0.898554135571128,14.3557018310577,-0.330067098963235));
#7201=CARTESIAN_POINT('Ctrl Pts',(1.11355050537339,15.78010365234,-0.281672294814286));
#7202=CARTESIAN_POINT('Ctrl Pts',(1.63411660854837,18.7424343924686,-0.18714984778012));
#7203=CARTESIAN_POINT('Ctrl Pts',(3.00706183922037,25.113010198243,-0.00671031791598103));
#7204=CARTESIAN_POINT('Ctrl Pts',(4.63405700417919,32.1195573035476,0.159847699330663));
#7205=CARTESIAN_POINT('Ctrl Pts',(5.80386436284415,39.7411169506751,0.302836996284771));
#7206=CARTESIAN_POINT('Ctrl Pts',(6.31355635392515,45.7774393595679,0.395094817802936));
#7207=CARTESIAN_POINT('Ctrl Pts',(6.41128333427917,52.1498072493229,0.470562128749004));
#7208=CARTESIAN_POINT('Ctrl Pts',(6.11297912923249,61.0851139881444,0.548351201589508));
#7209=CARTESIAN_POINT('Ctrl Pts',(5.66615852949996,73.1617136440252,0.612106882008227));
#7210=CARTESIAN_POINT('Ctrl Pts',(4.47625915976011,94.3625962464867,0.641374724567801));
#7211=CARTESIAN_POINT('Ctrl Pts',(2.46247221234573,118.238673676886,0.566577401933635));
#7212=CARTESIAN_POINT('Ctrl Pts',(0.364640844650632,144.335020275334,0.41594741908838));
#7213=CARTESIAN_POINT('Ctrl Pts',(-0.982755021527454,164.913561125054,0.273332889910572));
#7214=CARTESIAN_POINT('Ctrl Pts',(-1.95632718071723,186.418705518663,0.106501337264591));
#7215=CARTESIAN_POINT('Ctrl Pts',(-2.3475412895069,201.339535751668,-0.0194261178260885));
#7216=CARTESIAN_POINT('Ctrl Pts',(-2.51845832518111,208.943214892931,-0.0866268132120768));
#7217=CARTESIAN_POINT('Ctrl Pts',(0.819464680437198,14.3537789785782,-0.227160562651809));
#7218=CARTESIAN_POINT('Ctrl Pts',(1.02901031603678,15.7777731834737,-0.180095343244551));
#7219=CARTESIAN_POINT('Ctrl Pts',(1.53776976694714,18.7393757771462,-0.088229999863936));
#7220=CARTESIAN_POINT('Ctrl Pts',(2.88389492884777,25.1089157839863,0.0869144753909329));
#7221=CARTESIAN_POINT('Ctrl Pts',(4.48222085638229,32.1153571631827,0.248131319274893));
#7222=CARTESIAN_POINT('Ctrl Pts',(5.63012366391843,39.7378084622654,0.38561833082646));
#7223=CARTESIAN_POINT('Ctrl Pts',(6.12844580239095,45.7751355294367,0.473657742724204));
#7224=CARTESIAN_POINT('Ctrl Pts',(6.22039358722529,52.1486783111774,0.544815744807179));
#7225=CARTESIAN_POINT('Ctrl Pts',(5.92041007407592,61.0855094157294,0.616805882148605));
#7226=CARTESIAN_POINT('Ctrl Pts',(5.47397045513812,73.1636998988114,0.673323504231606));
#7227=CARTESIAN_POINT('Ctrl Pts',(4.29362483418995,94.366288236471,0.690970561770567));
#7228=CARTESIAN_POINT('Ctrl Pts',(2.30375756925523,118.24256102509,0.604448275082744));
#7229=CARTESIAN_POINT('Ctrl Pts',(0.23456320499872,144.338023173158,0.442092171696333));
#7230=CARTESIAN_POINT('Ctrl Pts',(-1.09236745628122,164.915626682092,0.290715059940695));
#7231=CARTESIAN_POINT('Ctrl Pts',(-2.04837894842597,186.419739465255,0.115169221561489));
#7232=CARTESIAN_POINT('Ctrl Pts',(-2.42997202593784,201.339890326833,-0.0165376516687694));
#7233=CARTESIAN_POINT('Ctrl Pts',(-2.59612756590801,208.943214892829,-0.0866266670545163));
#7234=CARTESIAN_POINT('Ctrl Pts',(0.721498921445002,14.3506618653262,-0.0759711229670224));
#7235=CARTESIAN_POINT('Ctrl Pts',(0.922853050073528,15.7740090559585,-0.031107087592331));
#7236=CARTESIAN_POINT('Ctrl Pts',(1.41390864374486,18.7344825604979,0.0563236521386241));
#7237=CARTESIAN_POINT('Ctrl Pts',(2.71991145618594,25.1025066629706,0.222465008835023));
#7238=CARTESIAN_POINT('Ctrl Pts',(4.27542502835747,32.1089292988321,0.374533520467046));
#7239=CARTESIAN_POINT('Ctrl Pts',(5.39045992955232,39.7328266070395,0.502939346063515));
#7240=CARTESIAN_POINT('Ctrl Pts',(5.8715615718198,45.7717055885005,0.58426091785616));
#7241=CARTESIAN_POINT('Ctrl Pts',(5.95450613297612,52.1470117890593,0.648827010954618));
#7242=CARTESIAN_POINT('Ctrl Pts',(5.65136872109951,61.0860921578937,0.712221012697028));
#7243=CARTESIAN_POINT('Ctrl Pts',(5.20463761044563,73.1666526337902,0.758123625574488));
#7244=CARTESIAN_POINT('Ctrl Pts',(4.03695354499214,94.3717756523443,0.759124544226182));
#7245=CARTESIAN_POINT('Ctrl Pts',(2.08083303108536,118.248275969213,0.656454483219339));
#7246=CARTESIAN_POINT('Ctrl Pts',(0.0523034259992281,144.342364082731,0.478160574451306));
#7247=CARTESIAN_POINT('Ctrl Pts',(-1.2456160405689,164.918564362611,0.314829069811817));
#7248=CARTESIAN_POINT('Ctrl Pts',(-2.1768797908291,186.421184350634,0.127265300148257));
#7249=CARTESIAN_POINT('Ctrl Pts',(-2.54503569963078,201.34038530087,-0.0125055521314206));
#7250=CARTESIAN_POINT('Ctrl Pts',(-2.70454423017818,208.943214892714,-0.0866265033018571));
#7251=CARTESIAN_POINT('Ctrl Pts',(0.594866633330331,14.3467971348719,0.118566041973181));
#7252=CARTESIAN_POINT('Ctrl Pts',(0.786042013591381,15.7693406184001,0.160472704757864));
#7253=CARTESIAN_POINT('Ctrl Pts',(1.25508755863031,18.7284080886827,0.241923199357469));
#7254=CARTESIAN_POINT('Ctrl Pts',(2.51119740372861,25.0945322480234,0.395869737634372));
#7255=CARTESIAN_POINT('Ctrl Pts',(4.01345697100284,32.1009121167894,0.535514534692512));
#7256=CARTESIAN_POINT('Ctrl Pts',(5.08765044411605,39.7266017276139,0.651743028663899));
#7257=CARTESIAN_POINT('Ctrl Pts',(5.54739470536266,45.7674141981912,0.724168523037989));
#7258=CARTESIAN_POINT('Ctrl Pts',(5.61923204527456,52.1449245259287,0.780124393851345));
#7259=CARTESIAN_POINT('Ctrl Pts',(5.31232928909148,61.0868216289866,0.832423596599414));
#7260=CARTESIAN_POINT('Ctrl Pts',(4.8654432498854,73.1703469806148,0.864676295313132));
#7261=CARTESIAN_POINT('Ctrl Pts',(3.71389558064436,94.3786416264855,0.844474468153755));
#7262=CARTESIAN_POINT('Ctrl Pts',(1.8002195491377,118.255435612482,0.721562107309875));
#7263=CARTESIAN_POINT('Ctrl Pts',(-0.177233328339,144.347813042112,0.523400767150773));
#7264=CARTESIAN_POINT('Ctrl Pts',(-1.43870069935932,164.922259045957,0.345144369531235));
#7265=CARTESIAN_POINT('Ctrl Pts',(-2.33883136296501,186.423005396456,0.142508944734272));
#7266=CARTESIAN_POINT('Ctrl Pts',(-2.6900512131129,201.341009188644,-0.00742325053411555));
#7267=CARTESIAN_POINT('Ctrl Pts',(-2.84118122502458,208.943214892439,-0.0866261090173383));
#7268=CARTESIAN_POINT('Ctrl Pts',(0.405552239381701,14.3415334869688,0.407116853597273));
#7269=CARTESIAN_POINT('Ctrl Pts',(0.582793532918179,15.7629764642734,0.444218212239005));
#7270=CARTESIAN_POINT('Ctrl Pts',(1.02169363923918,18.720107762886,0.515900215787049));
#7271=CARTESIAN_POINT('Ctrl Pts',(2.20939991892632,25.0835778011276,0.649728800714956));
#7272=CARTESIAN_POINT('Ctrl Pts',(3.63862402981955,32.0898373321411,0.768800825537307));
#7273=CARTESIAN_POINT('Ctrl Pts',(4.65693342226561,39.7179680729038,0.865337719394787));
#7274=CARTESIAN_POINT('Ctrl Pts',(5.08757781669777,45.7614455258685,0.923725731918292));
#7275=CARTESIAN_POINT('Ctrl Pts',(5.14448079194378,52.142015505051,0.966488758080137));
#7276=CARTESIAN_POINT('Ctrl Pts',(4.8329226787215,61.0878397008796,1.00221616682177));
#7277=CARTESIAN_POINT('Ctrl Pts',(4.38650923043778,73.1754879679621,1.01426054328234));
#7278=CARTESIAN_POINT('Ctrl Pts',(3.2583522049489,94.3881959389595,0.963324301807566));
#7279=CARTESIAN_POINT('Ctrl Pts',(1.40441611234529,118.265426262981,0.812159951269367));
#7280=CARTESIAN_POINT('Ctrl Pts',(-0.501371553869761,144.355449654575,0.586646482499031));
#7281=CARTESIAN_POINT('Ctrl Pts',(-1.71165410388173,164.927459019376,0.387762317336325));
#7282=CARTESIAN_POINT('Ctrl Pts',(-2.56794950229909,186.425580254631,0.164063950670412));
#7283=CARTESIAN_POINT('Ctrl Pts',(-2.89522308294269,201.341891628487,-0.000234320393317881));
#7284=CARTESIAN_POINT('Ctrl Pts',(-3.03450354133251,208.94321489209,-0.0866256099453192));
#7285=CARTESIAN_POINT('Ctrl Pts',(0.217228824338014,14.3368353624844,0.692230145602609));
#7286=CARTESIAN_POINT('Ctrl Pts',(0.381962593691082,15.75728967728,0.724126495349374));
#7287=CARTESIAN_POINT('Ctrl Pts',(0.793780964009177,18.7126691950878,0.785171051961707));
#7288=CARTESIAN_POINT('Ctrl Pts',(1.91996571377645,25.073695145292,0.896902155334417));
#7289=CARTESIAN_POINT('Ctrl Pts',(3.28346871723498,32.0797766973554,0.993294560798793));
#7290=CARTESIAN_POINT('Ctrl Pts',(4.25163981920288,39.7100858837144,1.06859050227959));
#7291=CARTESIAN_POINT('Ctrl Pts',(4.65632005091825,45.7559774262,1.11218814541654));
#7292=CARTESIAN_POINT('Ctrl Pts',(4.70012483432248,52.1393435739928,1.14145305967625));
#7293=CARTESIAN_POINT('Ctrl Pts',(4.38495844210727,61.0887756648862,1.1606804890207));
#7294=CARTESIAN_POINT('Ctrl Pts',(3.93974851485241,73.1802001256535,1.15279631917249));
#7295=CARTESIAN_POINT('Ctrl Pts',(2.8340750332834,94.3969533381426,1.07227426670821));
#7296=CARTESIAN_POINT('Ctrl Pts',(1.03563513201534,118.274614596242,0.895134699091776));
#7297=CARTESIAN_POINT('Ctrl Pts',(-0.803826850743664,144.362509886511,0.644912332812528));
#7298=CARTESIAN_POINT('Ctrl Pts',(-1.9666939760417,164.932290914362,0.427299626637697));
#7299=CARTESIAN_POINT('Ctrl Pts',(-2.78224877650746,186.427985966851,0.184205183360373));
#7300=CARTESIAN_POINT('Ctrl Pts',(-3.08715464664702,201.342716387498,0.00648584496935502));
#7301=CARTESIAN_POINT('Ctrl Pts',(-3.21536357171149,208.94321489193,-0.0866253811703985));
#7302=CARTESIAN_POINT('Ctrl Pts',(0.0302626463948288,14.3327344988127,0.973730745756595));
#7303=CARTESIAN_POINT('Ctrl Pts',(0.184004975874989,15.7523183582263,0.999989323120568));
#7304=CARTESIAN_POINT('Ctrl Pts',(0.572000320572368,18.7061413780496,1.04945766350415));
#7305=CARTESIAN_POINT('Ctrl Pts',(1.64398270483106,25.0649471568004,1.13695013916063));
#7306=CARTESIAN_POINT('Ctrl Pts',(2.94954759266055,32.0707919280263,1.20838650175382));
#7307=CARTESIAN_POINT('Ctrl Pts',(3.87368992975223,39.7030022926796,1.26076490109516));
#7308=CARTESIAN_POINT('Ctrl Pts',(4.25573609516644,45.7510420777846,1.28875520715995));
#7309=CARTESIAN_POINT('Ctrl Pts',(4.28838846444429,52.1369243177664,1.30418893307661));
#7310=CARTESIAN_POINT('Ctrl Pts',(3.97071365288881,61.0896243505689,1.30698815121021));
#7311=CARTESIAN_POINT('Ctrl Pts',(3.52746738171854,73.1844560689424,1.27947145134872));
#7312=CARTESIAN_POINT('Ctrl Pts',(2.44327796231238,94.404862795693,1.17059180831188));
#7313=CARTESIAN_POINT('Ctrl Pts',(0.695777249735215,118.282948041344,0.969922548690962));
#7314=CARTESIAN_POINT('Ctrl Pts',(-1.08308482973382,144.368954513151,0.697831879102607));
#7315=CARTESIAN_POINT('Ctrl Pts',(-2.20258021737885,164.936728647267,0.463531167560605));
#7316=CARTESIAN_POINT('Ctrl Pts',(-2.9807188944577,186.430209963246,0.202830334187679));
#7317=CARTESIAN_POINT('Ctrl Pts',(-3.26495682852275,201.34347917624,0.0127036093279757));
#7318=CARTESIAN_POINT('Ctrl Pts',(-3.38293203622316,208.94321489166,-0.0866249943378784));
#7319=CARTESIAN_POINT('Ctrl Pts',(-0.154985512540855,14.3292628344694,1.2514388405854));
#7320=CARTESIAN_POINT('Ctrl Pts',(-0.0106276922463534,15.7481009973381,
1.27159498897277));
#7321=CARTESIAN_POINT('Ctrl Pts',(0.356998114080095,18.700573967748,1.30847824567566));
#7322=CARTESIAN_POINT('Ctrl Pts',(1.38253852357925,25.0573975332819,1.36943294817448));
#7323=CARTESIAN_POINT('Ctrl Pts',(2.6384173567019,32.0629454210816,1.41346757305135));
#7324=CARTESIAN_POINT('Ctrl Pts',(3.52500614512097,39.6967647618919,1.44112634988025));
#7325=CARTESIAN_POINT('Ctrl Pts',(3.887945028874,45.746671681377,1.45263035641467));
#7326=CARTESIAN_POINT('Ctrl Pts',(3.91150052730696,52.1347731804799,1.45387213813337));
#7327=CARTESIAN_POINT('Ctrl Pts',(3.59247072066572,61.0903802488874,1.44031557485812));
#7328=CARTESIAN_POINT('Ctrl Pts',(3.15197618686618,73.1882280077452,1.39347739746963));
#7329=CARTESIAN_POINT('Ctrl Pts',(2.08817872617729,94.411872721142,1.25754775788536));
#7330=CARTESIAN_POINT('Ctrl Pts',(0.386745330586254,118.290373598154,1.03596150533884));
#7331=CARTESIAN_POINT('Ctrl Pts',(-1.33763039565518,144.374744151092,0.745039020092458));
#7332=CARTESIAN_POINT('Ctrl Pts',(-2.41807282939015,164.940746149995,0.496231370472605));
#7333=CARTESIAN_POINT('Ctrl Pts',(-3.16234991640947,186.432239729549,0.219836368325008));
#7334=CARTESIAN_POINT('Ctrl Pts',(-3.4277407211173,201.344175705694,0.0183847362967915));
#7335=CARTESIAN_POINT('Ctrl Pts',(-3.5363798231797,208.9432148914,-0.0866246212528861));
#7336=CARTESIAN_POINT('Ctrl Pts',(-0.338153574169179,14.3264522622205,1.52517548394472));
#7337=CARTESIAN_POINT('Ctrl Pts',(-0.20148320407746,15.744675937591,1.53873204183259));
#7338=CARTESIAN_POINT('Ctrl Pts',(0.149421676521918,18.6960163253175,1.56195160412763));
#7339=CARTESIAN_POINT('Ctrl Pts',(1.1367196546074,25.0511095931767,1.59390962510194));
#7340=CARTESIAN_POINT('Ctrl Pts',(2.35163376869458,32.0562992571992,1.60792778786319));
#7341=CARTESIAN_POINT('Ctrl Pts',(3.2075090933611,39.691420616958,1.60893867284088));
#7342=CARTESIAN_POINT('Ctrl Pts',(3.55506297843778,45.7428984628867,1.60301437766094));
#7343=CARTESIAN_POINT('Ctrl Pts',(3.5716869701215,52.1329057091807,1.58967583955963));
#7344=CARTESIAN_POINT('Ctrl Pts',(3.25250880811832,61.0910380531144,1.55983628125832));
#7345=CARTESIAN_POINT('Ctrl Pts',(2.81558294065835,73.1914883679976,1.49400352938717));
#7346=CARTESIAN_POINT('Ctrl Pts',(1.77099296537942,94.4179318082913,1.33241108726743));
#7347=CARTESIAN_POINT('Ctrl Pts',(0.110441051512573,118.296838477213,1.0926885170877));
#7348=CARTESIAN_POINT('Ctrl Pts',(-1.56594884060433,144.379839486677,0.786167311709044));
#7349=CARTESIAN_POINT('Ctrl Pts',(-2.61193178659323,164.944317334557,0.525174693464476));
#7350=CARTESIAN_POINT('Ctrl Pts',(-3.32613177661042,186.434062716883,0.235120362492154));
#7351=CARTESIAN_POINT('Ctrl Pts',(-3.5746174194428,201.344801686848,0.0234949806982731));
#7352=CARTESIAN_POINT('Ctrl Pts',(-3.67487782335803,208.943214891275,-0.0866244425123263));
#7353=CARTESIAN_POINT('Ctrl Pts',(-0.518874683453793,14.3243345033717,1.79476526450096));
#7354=CARTESIAN_POINT('Ctrl Pts',(-0.38810424915116,15.7420813972548,1.80119286207571));
#7355=CARTESIAN_POINT('Ctrl Pts',(-0.0500774279259586,18.6925177553523,
1.80959968601475));
#7356=CARTESIAN_POINT('Ctrl Pts',(0.907617286745878,25.046146634599,1.80994286546635));
#7357=CARTESIAN_POINT('Ctrl Pts',(2.0907558005294,32.0509155064493,1.79115967749532));
#7358=CARTESIAN_POINT('Ctrl Pts',(2.92312222450921,39.6870171205833,1.76346799491812));
#7359=CARTESIAN_POINT('Ctrl Pts',(3.2592092556341,45.7397545231397,1.7391107339665));
#7360=CARTESIAN_POINT('Ctrl Pts',(3.27117644066058,52.1313373209348,1.71077552291974));
#7361=CARTESIAN_POINT('Ctrl Pts',(2.95310969233081,61.0915923027179,1.66472608680585));
#7362=CARTESIAN_POINT('Ctrl Pts',(2.52059713952748,73.1942094833649,1.58024063208006));
#7363=CARTESIAN_POINT('Ctrl Pts',(1.49393728893957,94.4229886767475,1.39445180315612));
#7364=CARTESIAN_POINT('Ctrl Pts',(-0.131233491592233,118.302289854532,1.13954118057763));
#7365=CARTESIAN_POINT('Ctrl Pts',(-1.76652535737612,144.384201221529,0.820850714652431));
#7366=CARTESIAN_POINT('Ctrl Pts',(-2.78291709102677,164.947416156712,0.550135896475682));
#7367=CARTESIAN_POINT('Ctrl Pts',(-3.47105438532289,186.435666406274,0.248579786077999));
#7368=CARTESIAN_POINT('Ctrl Pts',(-3.70469786257421,201.345352830302,0.0280006535920843));
#7369=CARTESIAN_POINT('Ctrl Pts',(-3.79759677159788,208.943214891023,-0.0866240824759097));
#7370=CARTESIAN_POINT('Ctrl Pts',(-0.637481528079045,14.3234057598397,1.97160860365842));
#7371=CARTESIAN_POINT('Ctrl Pts',(-0.509392571938366,15.7409309111715,1.97290903766196));
#7372=CARTESIAN_POINT('Ctrl Pts',(-0.177259325573523,18.6909243081534,1.97062804152921));
#7373=CARTESIAN_POINT('Ctrl Pts',(0.766752125620505,25.0437635116408,1.94804281593815));
#7374=CARTESIAN_POINT('Ctrl Pts',(1.9351454825935,32.0482093223281,1.90542255779009));
#7375=CARTESIAN_POINT('Ctrl Pts',(2.75688546654169,39.6847400866118,1.85714187846545));
#7376=CARTESIAN_POINT('Ctrl Pts',(3.08807039715768,45.7380995379718,1.8197842472266));
#7377=CARTESIAN_POINT('Ctrl Pts',(3.09852260943123,52.1305014551228,1.78115520042097));
#7378=CARTESIAN_POINT('Ctrl Pts',(2.78207209124288,61.0918891988282,1.72434815609044));
#7379=CARTESIAN_POINT('Ctrl Pts',(2.35308383933408,73.1956456663781,1.62766586613809));
#7380=CARTESIAN_POINT('Ctrl Pts',(1.33746413434685,94.4256575642684,1.42677671047219));
#7381=CARTESIAN_POINT('Ctrl Pts',(-0.267995535262244,118.305213243934,1.16381812153882));
#7382=CARTESIAN_POINT('Ctrl Pts',(-1.88073861758945,144.386593774209,0.839432134475464));
#7383=CARTESIAN_POINT('Ctrl Pts',(-2.88083153086381,164.949149747358,0.56397160497546));
#7384=CARTESIAN_POINT('Ctrl Pts',(-3.55442325605059,186.436580973814,0.256267762992565));
#7385=CARTESIAN_POINT('Ctrl Pts',(-3.7796280374575,201.345667508094,0.030578606777124));
#7386=CARTESIAN_POINT('Ctrl Pts',(-3.86833728256705,208.943214890821,-0.0866237929396977));
#7387=CARTESIAN_POINT('Ctrl Pts',(-0.696256829850275,14.3230675035522,2.05927901198678));
#7388=CARTESIAN_POINT('Ctrl Pts',(-0.569180596486333,15.7405068926835,2.05791685792647));
#7389=CARTESIAN_POINT('Ctrl Pts',(-0.239288604092779,18.6903205856593,2.05007721434105));
#7390=CARTESIAN_POINT('Ctrl Pts',(0.699467644691401,25.0428139287145,2.01553836963521));
#7391=CARTESIAN_POINT('Ctrl Pts',(1.8621764308912,32.0470873608173,1.96047916140121));
#7392=CARTESIAN_POINT('Ctrl Pts',(2.67992568311791,39.6837741383148,1.90151959327601));
#7393=CARTESIAN_POINT('Ctrl Pts',(3.00937785351059,45.737387672353,1.85747342886086));
#7394=CARTESIAN_POINT('Ctrl Pts',(3.01948832403048,52.1301385488526,1.81361889055412));
#7395=CARTESIAN_POINT('Ctrl Pts',(2.70407366053763,61.0920186067446,1.75144539133623));
#7396=CARTESIAN_POINT('Ctrl Pts',(2.27699791896482,73.1962646748305,1.64872691139756));
#7397=CARTESIAN_POINT('Ctrl Pts',(1.26665460483931,94.4268078434001,1.44055852892624));
#7398=CARTESIAN_POINT('Ctrl Pts',(-0.329970955986047,118.306488404483,1.17412323657926));
#7399=CARTESIAN_POINT('Ctrl Pts',(-1.93271667158924,144.387654670563,0.847526515271321));
#7400=CARTESIAN_POINT('Ctrl Pts',(-2.92556315137155,164.949929118888,0.570150512684436));
#7401=CARTESIAN_POINT('Ctrl Pts',(-3.59262782878388,186.436997526772,0.25977324020196));
#7402=CARTESIAN_POINT('Ctrl Pts',(-3.81399747955004,201.345810944449,0.031755291607409));
#7403=CARTESIAN_POINT('Ctrl Pts',(-3.90080135850006,208.943214890821,-0.0866237929396974));
#7404=UNCERTAINTY_MEASURE_WITH_UNIT(LENGTH_MEASURE(0.01),#7408,
'DISTANCE_ACCURACY_VALUE',
'Maximum model space distance between geometric entities at asserted c
onnectivities');
#7405=UNCERTAINTY_MEASURE_WITH_UNIT(LENGTH_MEASURE(0.01),#7408,
'DISTANCE_ACCURACY_VALUE',
'Maximum model space distance between geometric entities at asserted c
onnectivities');
#7406=(
GEOMETRIC_REPRESENTATION_CONTEXT(3)
GLOBAL_UNCERTAINTY_ASSIGNED_CONTEXT((#7404))
GLOBAL_UNIT_ASSIGNED_CONTEXT((#7408,#7410,#7411))
REPRESENTATION_CONTEXT('','3D')
);
#7407=(
GEOMETRIC_REPRESENTATION_CONTEXT(3)
GLOBAL_UNCERTAINTY_ASSIGNED_CONTEXT((#7405))
GLOBAL_UNIT_ASSIGNED_CONTEXT((#7408,#7410,#7411))
REPRESENTATION_CONTEXT('','3D')
);
#7408=(
LENGTH_UNIT()
NAMED_UNIT(*)
SI_UNIT(.MILLI.,.METRE.)
);
#7409=(
LENGTH_UNIT()
NAMED_UNIT(*)
SI_UNIT($,.METRE.)
);
#7410=(
NAMED_UNIT(*)
PLANE_ANGLE_UNIT()
SI_UNIT($,.RADIAN.)
);
#7411=(
NAMED_UNIT(*)
SI_UNIT($,.STERADIAN.)
SOLID_ANGLE_UNIT()
);
#7412=SHAPE_DEFINITION_REPRESENTATION(#7413,#7414);
#7413=PRODUCT_DEFINITION_SHAPE('',$,#7416);
#7414=SHAPE_REPRESENTATION('',(#236),#7406);
#7415=PRODUCT_DEFINITION_CONTEXT('part definition',#7420,'design');
#7416=PRODUCT_DEFINITION('Propeller','Propeller v3',#7417,#7415);
#7417=PRODUCT_DEFINITION_FORMATION('',$,#7422);
#7418=PRODUCT_RELATED_PRODUCT_CATEGORY('Propeller v3','Propeller v3',(#7422));
#7419=APPLICATION_PROTOCOL_DEFINITION('international standard',
'automotive_design',2009,#7420);
#7420=APPLICATION_CONTEXT(
'Core Data for Automotive Mechanical Design Process');
#7421=PRODUCT_CONTEXT('part definition',#7420,'mechanical');
#7422=PRODUCT('Propeller','Propeller v3',$,(#7421));
#7423=PRESENTATION_STYLE_ASSIGNMENT((#7425));
#7424=PRESENTATION_STYLE_ASSIGNMENT((#7426));
#7425=SURFACE_STYLE_USAGE(.BOTH.,#7427);
#7426=SURFACE_STYLE_USAGE(.BOTH.,#7428);
#7427=SURFACE_SIDE_STYLE('',(#7429));
#7428=SURFACE_SIDE_STYLE('',(#7430));
#7429=SURFACE_STYLE_FILL_AREA(#7431);
#7430=SURFACE_STYLE_FILL_AREA(#7432);
#7431=FILL_AREA_STYLE('Steel - Satin',(#7433));
#7432=FILL_AREA_STYLE('Carbon Fiber - Plain',(#7434));
#7433=FILL_AREA_STYLE_COLOUR('Steel - Satin',#7435);
#7434=FILL_AREA_STYLE_COLOUR('Carbon Fiber - Plain',#7436);
#7435=COLOUR_RGB('Steel - Satin',0.627450980392157,0.627450980392157,0.627450980392157);
#7436=COLOUR_RGB('Carbon Fiber - Plain',0.0980392156862745,0.0980392156862745,
0.0980392156862745);
ENDSEC;
END-ISO-10303-21;
